ISO-10303-21;
HEADER;
/* Generated by software containing ST-Developer
 * from STEP Tools, Inc. (www.steptools.com) 
 */

FILE_DESCRIPTION(
/* description */ (''),
/* implementation_level */ '2;1');

FILE_NAME(
/* name */ 'lidar_holder.stp',
/* time_stamp */ '2026-05-04T11:40:11+02:00',
/* author */ ('owozn'),
/* organization */ (''),
/* preprocessor_version */ 'ST-DEVELOPER v20',
/* originating_system */ 'Autodesk Inventor 2024',
/* authorisation */ '');

FILE_SCHEMA (('AUTOMOTIVE_DESIGN { 1 0 10303 214 3 1 1 }'));
ENDSEC;

DATA;
#10=MECHANICAL_DESIGN_GEOMETRIC_PRESENTATION_REPRESENTATION('',(#70,#71,
#72,#73,#74,#75,#76,#77,#78,#79,#80,#81,#82,#83,#84,#85,#86,#87,#88,#89,
#90,#91,#92,#93,#94,#95,#96,#97,#98,#99,#100,#101,#102,#103,#104,#105,#106,
#107,#108,#109,#110,#111,#112,#113,#114,#115,#116,#117,#118,#119,#120,#121,
#122,#123,#124,#125,#126,#127,#128,#129,#130,#131,#132,#133),#3220);
#11=GEOMETRICALLY_BOUNDED_WIREFRAME_SHAPE_REPRESENTATION('',(#12,#13),#3219);
#12=GEOMETRIC_CURVE_SET('Sketch1',(#18,#19,#658,#659,#660,#20,#21,#22,#23,
#24,#25,#26,#27,#661,#28,#29,#30,#31,#32,#33,#34,#35,#662,#36,#37,#38,#39,
#663,#40,#41,#42,#43,#44,#45,#46,#47,#664,#665,#48,#49,#50,#51,#666,#667,
#52,#53,#54,#55,#56,#57,#58,#59,#60,#61,#62,#63,#17,#3155,#3156,#3157,#3158,
#3159,#3160,#3161,#3162,#3163,#3164,#3165,#3166,#3167,#3168,#3169,#3170,
#3171,#3172,#3173,#3174,#3175,#3176,#3177,#3178,#3179,#3180,#3181,#3182,
#3183,#3184,#3185,#3186,#3187,#3188,#3189,#3190,#3191,#3192,#3193,#3194,
#3195,#3196,#3197,#3198,#3199,#3200,#3201,#3202,#3203,#3204));
#13=GEOMETRIC_CURVE_SET('Sketch2',(#64,#65,#66,#67,#68,#69));
#14=SHAPE_REPRESENTATION_RELATIONSHIP('SRR','None',#3227,#16);
#15=SHAPE_REPRESENTATION_RELATIONSHIP('SRR','None',#3227,#11);
#16=ADVANCED_BREP_SHAPE_REPRESENTATION('',(#134),#3219);
#17=TRIMMED_CURVE('',#668,(#3153,PARAMETER_VALUE(0.101242287220854)),(#3154,
PARAMETER_VALUE(3.03500798397252)),.T.,.PARAMETER.);
#18=POLYLINE('',(#3050,#3051));
#19=POLYLINE('',(#3052,#3053));
#20=POLYLINE('',(#3057,#3058));
#21=POLYLINE('',(#3059,#3060));
#22=POLYLINE('',(#3061,#3062));
#23=POLYLINE('',(#3063,#3064));
#24=POLYLINE('',(#3065,#3066));
#25=POLYLINE('',(#3067,#3068));
#26=POLYLINE('',(#3069,#3070));
#27=POLYLINE('',(#3071,#3072));
#28=POLYLINE('',(#3074,#3075));
#29=POLYLINE('',(#3076,#3077));
#30=POLYLINE('',(#3078,#3079));
#31=POLYLINE('',(#3080,#3081));
#32=POLYLINE('',(#3082,#3083));
#33=POLYLINE('',(#3084,#3085));
#34=POLYLINE('',(#3086,#3087));
#35=POLYLINE('',(#3088,#3089));
#36=POLYLINE('',(#3091,#3092));
#37=POLYLINE('',(#3093,#3094));
#38=POLYLINE('',(#3095,#3096));
#39=POLYLINE('',(#3097,#3098));
#40=POLYLINE('',(#3100,#3101));
#41=POLYLINE('',(#3102,#3103));
#42=POLYLINE('',(#3104,#3105));
#43=POLYLINE('',(#3106,#3107));
#44=POLYLINE('',(#3108,#3109));
#45=POLYLINE('',(#3110,#3111));
#46=POLYLINE('',(#3112,#3113));
#47=POLYLINE('',(#3114,#3115));
#48=POLYLINE('',(#3118,#3119));
#49=POLYLINE('',(#3120,#3121));
#50=POLYLINE('',(#3122,#3123));
#51=POLYLINE('',(#3124,#3125));
#52=POLYLINE('',(#3128,#3129));
#53=POLYLINE('',(#3130,#3131));
#54=POLYLINE('',(#3132,#3133));
#55=POLYLINE('',(#3134,#3135));
#56=POLYLINE('',(#3136,#3137));
#57=POLYLINE('',(#3138,#3139));
#58=POLYLINE('',(#3140,#3141));
#59=POLYLINE('',(#3142,#3143));
#60=POLYLINE('',(#3144,#3145));
#61=POLYLINE('',(#3146,#3147));
#62=POLYLINE('',(#3148,#3149));
#63=POLYLINE('',(#3150,#3151));
#64=POLYLINE('',(#3205,#3206));
#65=POLYLINE('',(#3207,#3208));
#66=POLYLINE('',(#3209,#3210));
#67=POLYLINE('',(#3211,#3212));
#68=POLYLINE('',(#3213,#3214));
#69=POLYLINE('',(#3215,#3216));
#70=STYLED_ITEM('',(#3236),#134);
#71=STYLED_ITEM('',(#3238),#18);
#72=STYLED_ITEM('',(#3238),#19);
#73=STYLED_ITEM('',(#3237),#658);
#74=STYLED_ITEM('',(#3237),#659);
#75=STYLED_ITEM('',(#3237),#660);
#76=STYLED_ITEM('',(#3237),#20);
#77=STYLED_ITEM('',(#3237),#21);
#78=STYLED_ITEM('',(#3237),#22);
#79=STYLED_ITEM('',(#3237),#23);
#80=STYLED_ITEM('',(#3237),#24);
#81=STYLED_ITEM('',(#3237),#25);
#82=STYLED_ITEM('',(#3237),#26);
#83=STYLED_ITEM('',(#3237),#27);
#84=STYLED_ITEM('',(#3237),#661);
#85=STYLED_ITEM('',(#3237),#28);
#86=STYLED_ITEM('',(#3237),#29);
#87=STYLED_ITEM('',(#3237),#30);
#88=STYLED_ITEM('',(#3237),#31);
#89=STYLED_ITEM('',(#3237),#32);
#90=STYLED_ITEM('',(#3237),#33);
#91=STYLED_ITEM('',(#3237),#34);
#92=STYLED_ITEM('',(#3237),#35);
#93=STYLED_ITEM('',(#3237),#662);
#94=STYLED_ITEM('',(#3237),#36);
#95=STYLED_ITEM('',(#3237),#37);
#96=STYLED_ITEM('',(#3237),#38);
#97=STYLED_ITEM('',(#3237),#39);
#98=STYLED_ITEM('',(#3237),#663);
#99=STYLED_ITEM('',(#3237),#40);
#100=STYLED_ITEM('',(#3237),#41);
#101=STYLED_ITEM('',(#3237),#42);
#102=STYLED_ITEM('',(#3237),#43);
#103=STYLED_ITEM('',(#3237),#44);
#104=STYLED_ITEM('',(#3237),#45);
#105=STYLED_ITEM('',(#3237),#46);
#106=STYLED_ITEM('',(#3237),#47);
#107=STYLED_ITEM('',(#3237),#664);
#108=STYLED_ITEM('',(#3237),#665);
#109=STYLED_ITEM('',(#3237),#48);
#110=STYLED_ITEM('',(#3237),#49);
#111=STYLED_ITEM('',(#3237),#50);
#112=STYLED_ITEM('',(#3237),#51);
#113=STYLED_ITEM('',(#3237),#666);
#114=STYLED_ITEM('',(#3237),#667);
#115=STYLED_ITEM('',(#3237),#52);
#116=STYLED_ITEM('',(#3237),#53);
#117=STYLED_ITEM('',(#3237),#54);
#118=STYLED_ITEM('',(#3237),#55);
#119=STYLED_ITEM('',(#3237),#56);
#120=STYLED_ITEM('',(#3237),#57);
#121=STYLED_ITEM('',(#3237),#58);
#122=STYLED_ITEM('',(#3237),#59);
#123=STYLED_ITEM('',(#3237),#60);
#124=STYLED_ITEM('',(#3237),#61);
#125=STYLED_ITEM('',(#3237),#62);
#126=STYLED_ITEM('',(#3237),#63);
#127=STYLED_ITEM('',(#3237),#17);
#128=STYLED_ITEM('',(#3238),#64);
#129=STYLED_ITEM('',(#3238),#65);
#130=STYLED_ITEM('',(#3237),#66);
#131=STYLED_ITEM('',(#3237),#67);
#132=STYLED_ITEM('',(#3237),#68);
#133=STYLED_ITEM('',(#3237),#69);
#134=MANIFOLD_SOLID_BREP('Solid1',#1617);
#135=FACE_BOUND('',#321,.T.);
#136=FACE_BOUND('',#322,.T.);
#137=FACE_BOUND('',#323,.T.);
#138=FACE_BOUND('',#324,.T.);
#139=FACE_BOUND('',#325,.T.);
#140=FACE_BOUND('',#326,.T.);
#141=FACE_BOUND('',#375,.T.);
#142=FACE_BOUND('',#376,.T.);
#143=FACE_BOUND('',#377,.T.);
#144=FACE_BOUND('',#378,.T.);
#145=FACE_BOUND('',#379,.T.);
#146=FACE_BOUND('',#380,.T.);
#147=FACE_BOUND('',#381,.T.);
#148=FACE_BOUND('',#382,.T.);
#149=FACE_BOUND('',#383,.T.);
#150=FACE_BOUND('',#385,.T.);
#151=FACE_BOUND('',#386,.T.);
#152=FACE_BOUND('',#387,.T.);
#153=FACE_BOUND('',#388,.T.);
#154=FACE_BOUND('',#389,.T.);
#155=FACE_BOUND('',#390,.T.);
#156=FACE_BOUND('',#391,.T.);
#157=FACE_BOUND('',#392,.T.);
#158=FACE_BOUND('',#393,.T.);
#159=(
BOUNDED_CURVE()
B_SPLINE_CURVE(2,(#2603,#2604,#2605),.UNSPECIFIED.,.F.,.F.)
B_SPLINE_CURVE_WITH_KNOTS((3,3),(0.800524834320289,5.47161100260981),
 .UNSPECIFIED.)
CURVE()
GEOMETRIC_REPRESENTATION_ITEM()
RATIONAL_B_SPLINE_CURVE((1.04949718504227,1.16915736443421,1.))
REPRESENTATION_ITEM('')
);
#160=(
BOUNDED_CURVE()
B_SPLINE_CURVE(2,(#2607,#2608,#2609),.UNSPECIFIED.,.F.,.F.)
B_SPLINE_CURVE_WITH_KNOTS((3,3),(0.,4.67108616828952),.UNSPECIFIED.)
CURVE()
GEOMETRIC_REPRESENTATION_ITEM()
RATIONAL_B_SPLINE_CURVE((1.,1.16915736443422,1.04949718504227))
REPRESENTATION_ITEM('')
);
#161=(
BOUNDED_CURVE()
B_SPLINE_CURVE(2,(#2639,#2640,#2641),.UNSPECIFIED.,.F.,.F.)
B_SPLINE_CURVE_WITH_KNOTS((3,3),(0.800524834320281,5.4716110026098),
 .UNSPECIFIED.)
CURVE()
GEOMETRIC_REPRESENTATION_ITEM()
RATIONAL_B_SPLINE_CURVE((1.04949718504227,1.1691573644342,1.))
REPRESENTATION_ITEM('')
);
#162=(
BOUNDED_CURVE()
B_SPLINE_CURVE(2,(#2643,#2644,#2645),.UNSPECIFIED.,.F.,.F.)
B_SPLINE_CURVE_WITH_KNOTS((3,3),(0.,4.67108616828952),.UNSPECIFIED.)
CURVE()
GEOMETRIC_REPRESENTATION_ITEM()
RATIONAL_B_SPLINE_CURVE((1.,1.16915736443418,1.04949718504226))
REPRESENTATION_ITEM('')
);
#163=(
BOUNDED_CURVE()
B_SPLINE_CURVE(2,(#2649,#2650,#2651),.UNSPECIFIED.,.F.,.F.)
B_SPLINE_CURVE_WITH_KNOTS((3,3),(0.800524834320252,5.4716110026098),
 .UNSPECIFIED.)
CURVE()
GEOMETRIC_REPRESENTATION_ITEM()
RATIONAL_B_SPLINE_CURVE((1.04949718504226,1.16915736443417,1.))
REPRESENTATION_ITEM('')
);
#164=(
BOUNDED_CURVE()
B_SPLINE_CURVE(2,(#2653,#2654,#2655),.UNSPECIFIED.,.F.,.F.)
B_SPLINE_CURVE_WITH_KNOTS((3,3),(0.,4.67108616828953),.UNSPECIFIED.)
CURVE()
GEOMETRIC_REPRESENTATION_ITEM()
RATIONAL_B_SPLINE_CURVE((1.,1.16915736443422,1.04949718504227))
REPRESENTATION_ITEM('')
);
#165=(
BOUNDED_CURVE()
B_SPLINE_CURVE(2,(#2659,#2660,#2661),.UNSPECIFIED.,.F.,.F.)
B_SPLINE_CURVE_WITH_KNOTS((3,3),(0.800524834320274,5.4716110026098),
 .UNSPECIFIED.)
CURVE()
GEOMETRIC_REPRESENTATION_ITEM()
RATIONAL_B_SPLINE_CURVE((1.04949718504227,1.16915736443421,1.))
REPRESENTATION_ITEM('')
);
#166=(
BOUNDED_CURVE()
B_SPLINE_CURVE(2,(#2663,#2664,#2665),.UNSPECIFIED.,.F.,.F.)
B_SPLINE_CURVE_WITH_KNOTS((3,3),(0.,4.67108616828955),.UNSPECIFIED.)
CURVE()
GEOMETRIC_REPRESENTATION_ITEM()
RATIONAL_B_SPLINE_CURVE((1.,1.16915736443418,1.04949718504226))
REPRESENTATION_ITEM('')
);
#167=(
BOUNDED_CURVE()
B_SPLINE_CURVE(2,(#2719,#2720,#2721),.UNSPECIFIED.,.F.,.F.)
B_SPLINE_CURVE_WITH_KNOTS((3,3),(0.,5.53942820387066),.UNSPECIFIED.)
CURVE()
GEOMETRIC_REPRESENTATION_ITEM()
RATIONAL_B_SPLINE_CURVE((1.,1.165789230433,1.04883283804551))
REPRESENTATION_ITEM('')
);
#168=(
BOUNDED_CURVE()
B_SPLINE_CURVE(2,(#2729,#2730,#2731),.UNSPECIFIED.,.F.,.F.)
B_SPLINE_CURVE_WITH_KNOTS((3,3),(0.,5.53942820387066),.UNSPECIFIED.)
CURVE()
GEOMETRIC_REPRESENTATION_ITEM()
RATIONAL_B_SPLINE_CURVE((1.,1.16578923043301,1.04883283804552))
REPRESENTATION_ITEM('')
);
#169=(
BOUNDED_CURVE()
B_SPLINE_CURVE(2,(#2753,#2754,#2755),.UNSPECIFIED.,.F.,.F.)
B_SPLINE_CURVE_WITH_KNOTS((3,3),(0.956711540380289,6.49613974425093),
 .UNSPECIFIED.)
CURVE()
GEOMETRIC_REPRESENTATION_ITEM()
RATIONAL_B_SPLINE_CURVE((1.04883283804551,1.16578923043299,1.))
REPRESENTATION_ITEM('')
);
#170=(
BOUNDED_CURVE()
B_SPLINE_CURVE(2,(#2761,#2762,#2763),.UNSPECIFIED.,.F.,.F.)
B_SPLINE_CURVE_WITH_KNOTS((3,3),(0.,5.53942820387066),.UNSPECIFIED.)
CURVE()
GEOMETRIC_REPRESENTATION_ITEM()
RATIONAL_B_SPLINE_CURVE((1.,1.165789230433,1.04883283804552))
REPRESENTATION_ITEM('')
);
#171=(
BOUNDED_CURVE()
B_SPLINE_CURVE(2,(#2802,#2803,#2804),.UNSPECIFIED.,.F.,.F.)
B_SPLINE_CURVE_WITH_KNOTS((3,3),(0.956711540380178,6.49613974425093),
 .UNSPECIFIED.)
CURVE()
GEOMETRIC_REPRESENTATION_ITEM()
RATIONAL_B_SPLINE_CURVE((1.04883283804554,1.1657892304331,1.))
REPRESENTATION_ITEM('')
);
#172=(
BOUNDED_CURVE()
B_SPLINE_CURVE(2,(#2825,#2826,#2827),.UNSPECIFIED.,.F.,.F.)
B_SPLINE_CURVE_WITH_KNOTS((3,3),(0.956711540380272,6.49613974425093),
 .UNSPECIFIED.)
CURVE()
GEOMETRIC_REPRESENTATION_ITEM()
RATIONAL_B_SPLINE_CURVE((1.04883283804551,1.165789230433,1.))
REPRESENTATION_ITEM('')
);
#173=(
BOUNDED_CURVE()
B_SPLINE_CURVE(2,(#2835,#2836,#2837),.UNSPECIFIED.,.F.,.F.)
B_SPLINE_CURVE_WITH_KNOTS((3,3),(0.956711540380279,6.49613974425094),
 .UNSPECIFIED.)
CURVE()
GEOMETRIC_REPRESENTATION_ITEM()
RATIONAL_B_SPLINE_CURVE((1.04883283804551,1.165789230433,1.))
REPRESENTATION_ITEM('')
);
#174=(
BOUNDED_CURVE()
B_SPLINE_CURVE(2,(#2839,#2840,#2841),.UNSPECIFIED.,.F.,.F.)
B_SPLINE_CURVE_WITH_KNOTS((3,3),(0.,5.53942820387065),.UNSPECIFIED.)
CURVE()
GEOMETRIC_REPRESENTATION_ITEM()
RATIONAL_B_SPLINE_CURVE((1.,1.16578923043299,1.04883283804551))
REPRESENTATION_ITEM('')
);
#175=CONICAL_SURFACE('',#1668,47.75,1.25234609044874);
#176=CONICAL_SURFACE('',#1670,47.75,1.25234609044874);
#177=CONICAL_SURFACE('',#1672,47.75,1.25234609044874);
#178=CONICAL_SURFACE('',#1674,47.75,1.25234609044874);
#179=CONICAL_SURFACE('',#1676,47.75,1.25234609044874);
#180=CONICAL_SURFACE('',#1678,47.75,1.25234609044874);
#181=CONICAL_SURFACE('',#1680,47.75,1.25234609044874);
#182=CONICAL_SURFACE('',#1687,47.75,1.25234609044874);
#183=CONICAL_SURFACE('',#1689,47.75,1.25234609044874);
#184=CONICAL_SURFACE('',#1706,49.5,1.22777238637419);
#185=CONICAL_SURFACE('',#1714,49.5,1.22777238637419);
#186=CONICAL_SURFACE('',#1716,49.5,1.22777238637419);
#187=CONICAL_SURFACE('',#1720,49.5,1.22777238637419);
#188=PLANE('',#1661);
#189=PLANE('',#1695);
#190=PLANE('',#1696);
#191=PLANE('',#1701);
#192=PLANE('',#1702);
#193=PLANE('',#1709);
#194=PLANE('',#1713);
#195=PLANE('',#1719);
#196=PLANE('',#1722);
#197=PLANE('',#1723);
#198=PLANE('',#1841);
#199=PLANE('',#1842);
#200=B_SPLINE_CURVE_WITH_KNOTS('',3,(#2366,#2367,#2368,#2369,#2370,#2371),
 .UNSPECIFIED.,.F.,.F.,(4,2,4),(0.0155277899748278,0.0654714262658414,0.0664729650419083),
 .UNSPECIFIED.);
#201=B_SPLINE_CURVE_WITH_KNOTS('',3,(#2374,#2375,#2376,#2377,#2378,#2379,
#2380,#2381,#2382,#2383,#2384,#2385,#2386,#2387,#2388,#2389),
 .UNSPECIFIED.,.F.,.F.,(4,2,2,2,2,2,2,4),(0.0664729650419083,0.130942852531683,
0.194486462725723,0.258030072919764,0.321573683113804,0.385117293307845,
0.450588719573686,0.5005323558647),.UNSPECIFIED.);
#202=B_SPLINE_CURVE_WITH_KNOTS('',3,(#2398,#2399,#2400,#2401,#2402,#2403,
#2404,#2405,#2406,#2407,#2408,#2409,#2410,#2411,#2412,#2413,#2414,#2415),
 .UNSPECIFIED.,.F.,.F.,(4,2,2,2,2,2,2,2,4),(0.0155277899748271,0.065471426265841,
0.130942852531682,0.194486462725723,0.258030072919763,0.321573683113804,
0.385117293307844,0.450588719573686,0.500532355864699),.UNSPECIFIED.);
#203=B_SPLINE_CURVE_WITH_KNOTS('',3,(#2433,#2434,#2435,#2436,#2437,#2438,
#2439,#2440,#2441,#2442,#2443,#2444,#2445,#2446,#2447,#2448,#2449,#2450),
 .UNSPECIFIED.,.F.,.F.,(4,2,2,2,2,2,2,2,4),(0.0155277899748277,0.0654714262658414,
0.130942852531683,0.194486462725723,0.258030072919764,0.321573683113804,
0.385117293307845,0.450588719573686,0.5005323558647),.UNSPECIFIED.);
#204=B_SPLINE_CURVE_WITH_KNOTS('',3,(#2458,#2459,#2460,#2461,#2462,#2463,
#2464,#2465,#2466,#2467,#2468,#2469,#2470,#2471,#2472,#2473),
 .UNSPECIFIED.,.F.,.F.,(4,2,2,2,2,2,2,4),(0.0155277899748272,0.065471426265841,
0.130942852531682,0.194486462725723,0.258030072919763,0.321573683113804,
0.385117293307844,0.449587180797619),.UNSPECIFIED.);
#205=B_SPLINE_CURVE_WITH_KNOTS('',3,(#2476,#2477,#2478,#2479,#2480,#2481),
 .UNSPECIFIED.,.F.,.F.,(4,2,4),(0.449587180797619,0.450588719573686,0.500532355864699),
 .UNSPECIFIED.);
#206=B_SPLINE_CURVE_WITH_KNOTS('',3,(#2492,#2493,#2494,#2495,#2496,#2497,
#2498,#2499,#2500,#2501,#2502,#2503,#2504,#2505),.UNSPECIFIED.,.F.,.F.,
(4,2,2,2,2,2,4),(0.241871928195299,0.306918143048637,0.451664731196703,
0.596411319344769,0.741157907492835,0.8859044956409,0.950950710494239),
 .UNSPECIFIED.);
#207=B_SPLINE_CURVE_WITH_KNOTS('',3,(#2510,#2511,#2512,#2513,#2514,#2515,
#2516,#2517,#2518,#2519,#2520,#2521,#2522,#2523),.UNSPECIFIED.,.F.,.F.,
(4,2,2,2,2,2,4),(0.241871928195295,0.306918143048637,0.451664731196703,
0.596411319344768,0.741157907492835,0.885904495640901,0.950950710494242),
 .UNSPECIFIED.);
#208=B_SPLINE_CURVE_WITH_KNOTS('',3,(#2528,#2529,#2530,#2531,#2532,#2533,
#2534,#2535,#2536,#2537,#2538,#2539,#2540,#2541),.UNSPECIFIED.,.F.,.F.,
(4,2,2,2,2,2,4),(0.241871928195299,0.306918143048637,0.451664731196703,
0.59641131934477,0.741157907492835,0.8859044956409,0.950950710494239),
 .UNSPECIFIED.);
#209=B_SPLINE_CURVE_WITH_KNOTS('',3,(#2546,#2547,#2548,#2549,#2550,#2551,
#2552,#2553,#2554,#2555,#2556,#2557,#2558,#2559),.UNSPECIFIED.,.F.,.F.,
(4,2,2,2,2,2,4),(0.241871928195304,0.306918143048637,0.451664731196703,
0.596411319344768,0.741157907492835,0.885904495640901,0.950950710494235),
 .UNSPECIFIED.);
#210=B_SPLINE_CURVE_WITH_KNOTS('',3,(#2564,#2565,#2566,#2567,#2568,#2569,
#2570,#2571,#2572,#2573,#2574,#2575,#2576,#2577),.UNSPECIFIED.,.F.,.F.,
(4,2,2,2,2,2,4),(0.241871928195307,0.306918143048637,0.451664731196704,
0.59641131934477,0.741157907492835,0.885904495640901,0.950950710494234),
 .UNSPECIFIED.);
#211=B_SPLINE_CURVE_WITH_KNOTS('',3,(#2582,#2583,#2584,#2585,#2586,#2587,
#2588,#2589,#2590,#2591,#2592,#2593,#2594,#2595),.UNSPECIFIED.,.F.,.F.,
(4,2,2,2,2,2,4),(0.241871928195309,0.306918143048638,0.451664731196705,
0.596411319344771,0.741157907492836,0.885904495640902,0.950950710494231),
 .UNSPECIFIED.);
#212=B_SPLINE_CURVE_WITH_KNOTS('',3,(#2613,#2614,#2615,#2616,#2617,#2618,
#2619,#2620,#2621,#2622,#2623,#2624,#2625,#2626,#2627,#2628,#2629,#2630,
#2631,#2632,#2633,#2634,#2635),.UNSPECIFIED.,.F.,.F.,(4,2,2,2,2,2,2,2,2,
3,4),(-4.15816991886294,-3.99028017894844,-3.47563125555034,-2.96098233215225,
-2.47806121081323,-1.99514008947422,-1.5122189681352,-1.02929784679619,
-0.514648923398095,0.,0.167889739910226),.UNSPECIFIED.);
#213=B_SPLINE_CURVE_WITH_KNOTS('',3,(#2670,#2671,#2672,#2673,#2674,#2675,
#2676,#2677,#2678,#2679,#2680,#2681,#2682,#2683),.UNSPECIFIED.,.F.,.F.,
(4,2,2,2,2,2,4),(0.241871928195311,0.306918143048637,0.451664731196702,
0.596411319344768,0.741157907492833,0.885904495640899,0.950950710494226),
 .UNSPECIFIED.);
#214=B_SPLINE_CURVE_WITH_KNOTS('',3,(#2688,#2689,#2690,#2691,#2692,#2693,
#2694,#2695,#2696,#2697,#2698,#2699,#2700,#2701),.UNSPECIFIED.,.F.,.F.,
(4,2,2,2,2,2,4),(0.241871928195312,0.306918143048637,0.451664731196703,
0.59641131934477,0.741157907492836,0.885904495640901,0.950950710494226),
 .UNSPECIFIED.);
#215=B_SPLINE_CURVE_WITH_KNOTS('',3,(#2775,#2776,#2777,#2778,#2779,#2780,
#2781,#2782,#2783,#2784,#2785,#2786,#2787,#2788,#2789,#2790,#2791,#2792,
#2793,#2794,#2795,#2796,#2797),.UNSPECIFIED.,.F.,.F.,(4,2,2,2,2,2,2,2,2,
3,4),(-4.17822331801603,-4.00894879349304,-3.48931012322243,-2.96967145295181,
-2.48707292484917,-2.00447439674652,-1.52187586864388,-1.03927734054123,
-0.519638670270616,0.,0.16927452451817),.UNSPECIFIED.);
#216=FACE_OUTER_BOUND('',#293,.T.);
#217=FACE_OUTER_BOUND('',#294,.T.);
#218=FACE_OUTER_BOUND('',#295,.T.);
#219=FACE_OUTER_BOUND('',#296,.T.);
#220=FACE_OUTER_BOUND('',#297,.T.);
#221=FACE_OUTER_BOUND('',#298,.T.);
#222=FACE_OUTER_BOUND('',#299,.T.);
#223=FACE_OUTER_BOUND('',#300,.T.);
#224=FACE_OUTER_BOUND('',#301,.T.);
#225=FACE_OUTER_BOUND('',#302,.T.);
#226=FACE_OUTER_BOUND('',#303,.T.);
#227=FACE_OUTER_BOUND('',#304,.T.);
#228=FACE_OUTER_BOUND('',#305,.T.);
#229=FACE_OUTER_BOUND('',#306,.T.);
#230=FACE_OUTER_BOUND('',#307,.T.);
#231=FACE_OUTER_BOUND('',#308,.T.);
#232=FACE_OUTER_BOUND('',#309,.T.);
#233=FACE_OUTER_BOUND('',#310,.T.);
#234=FACE_OUTER_BOUND('',#311,.T.);
#235=FACE_OUTER_BOUND('',#312,.T.);
#236=FACE_OUTER_BOUND('',#313,.T.);
#237=FACE_OUTER_BOUND('',#314,.T.);
#238=FACE_OUTER_BOUND('',#315,.T.);
#239=FACE_OUTER_BOUND('',#316,.T.);
#240=FACE_OUTER_BOUND('',#317,.T.);
#241=FACE_OUTER_BOUND('',#318,.T.);
#242=FACE_OUTER_BOUND('',#319,.T.);
#243=FACE_OUTER_BOUND('',#320,.T.);
#244=FACE_OUTER_BOUND('',#327,.T.);
#245=FACE_OUTER_BOUND('',#328,.T.);
#246=FACE_OUTER_BOUND('',#329,.T.);
#247=FACE_OUTER_BOUND('',#330,.T.);
#248=FACE_OUTER_BOUND('',#331,.T.);
#249=FACE_OUTER_BOUND('',#332,.T.);
#250=FACE_OUTER_BOUND('',#333,.T.);
#251=FACE_OUTER_BOUND('',#334,.T.);
#252=FACE_OUTER_BOUND('',#335,.T.);
#253=FACE_OUTER_BOUND('',#336,.T.);
#254=FACE_OUTER_BOUND('',#337,.T.);
#255=FACE_OUTER_BOUND('',#338,.T.);
#256=FACE_OUTER_BOUND('',#339,.T.);
#257=FACE_OUTER_BOUND('',#340,.T.);
#258=FACE_OUTER_BOUND('',#341,.T.);
#259=FACE_OUTER_BOUND('',#342,.T.);
#260=FACE_OUTER_BOUND('',#343,.T.);
#261=FACE_OUTER_BOUND('',#344,.T.);
#262=FACE_OUTER_BOUND('',#345,.T.);
#263=FACE_OUTER_BOUND('',#346,.T.);
#264=FACE_OUTER_BOUND('',#347,.T.);
#265=FACE_OUTER_BOUND('',#348,.T.);
#266=FACE_OUTER_BOUND('',#349,.T.);
#267=FACE_OUTER_BOUND('',#350,.T.);
#268=FACE_OUTER_BOUND('',#351,.T.);
#269=FACE_OUTER_BOUND('',#352,.T.);
#270=FACE_OUTER_BOUND('',#353,.T.);
#271=FACE_OUTER_BOUND('',#354,.T.);
#272=FACE_OUTER_BOUND('',#355,.T.);
#273=FACE_OUTER_BOUND('',#356,.T.);
#274=FACE_OUTER_BOUND('',#357,.T.);
#275=FACE_OUTER_BOUND('',#358,.T.);
#276=FACE_OUTER_BOUND('',#359,.T.);
#277=FACE_OUTER_BOUND('',#360,.T.);
#278=FACE_OUTER_BOUND('',#361,.T.);
#279=FACE_OUTER_BOUND('',#362,.T.);
#280=FACE_OUTER_BOUND('',#363,.T.);
#281=FACE_OUTER_BOUND('',#364,.T.);
#282=FACE_OUTER_BOUND('',#365,.T.);
#283=FACE_OUTER_BOUND('',#366,.T.);
#284=FACE_OUTER_BOUND('',#367,.T.);
#285=FACE_OUTER_BOUND('',#368,.T.);
#286=FACE_OUTER_BOUND('',#369,.T.);
#287=FACE_OUTER_BOUND('',#370,.T.);
#288=FACE_OUTER_BOUND('',#371,.T.);
#289=FACE_OUTER_BOUND('',#372,.T.);
#290=FACE_OUTER_BOUND('',#373,.T.);
#291=FACE_OUTER_BOUND('',#374,.T.);
#292=FACE_OUTER_BOUND('',#384,.T.);
#293=EDGE_LOOP('',(#1034,#1035,#1036,#1037));
#294=EDGE_LOOP('',(#1038,#1039,#1040,#1041,#1042,#1043));
#295=EDGE_LOOP('',(#1044,#1045,#1046,#1047,#1048,#1049));
#296=EDGE_LOOP('',(#1050,#1051,#1052,#1053,#1054));
#297=EDGE_LOOP('',(#1055,#1056,#1057,#1058,#1059,#1060));
#298=EDGE_LOOP('',(#1061,#1062,#1063,#1064,#1065,#1066));
#299=EDGE_LOOP('',(#1067,#1068,#1069,#1070,#1071,#1072,#1073,#1074,#1075,
#1076,#1077,#1078,#1079,#1080,#1081));
#300=EDGE_LOOP('',(#1082,#1083));
#301=EDGE_LOOP('',(#1084,#1085));
#302=EDGE_LOOP('',(#1086,#1087));
#303=EDGE_LOOP('',(#1088,#1089));
#304=EDGE_LOOP('',(#1090,#1091));
#305=EDGE_LOOP('',(#1092,#1093));
#306=EDGE_LOOP('',(#1094,#1095,#1096,#1097,#1098,#1099,#1100,#1101,#1102,
#1103,#1104,#1105,#1106,#1107,#1108,#1109,#1110,#1111,#1112,#1113,#1114,
#1115,#1116,#1117,#1118,#1119,#1120,#1121,#1122));
#307=EDGE_LOOP('',(#1123,#1124));
#308=EDGE_LOOP('',(#1125,#1126));
#309=EDGE_LOOP('',(#1127,#1128,#1129,#1130));
#310=EDGE_LOOP('',(#1131,#1132,#1133,#1134));
#311=EDGE_LOOP('',(#1135,#1136,#1137,#1138,#1139));
#312=EDGE_LOOP('',(#1140,#1141,#1142,#1143,#1144));
#313=EDGE_LOOP('',(#1145,#1146,#1147,#1148));
#314=EDGE_LOOP('',(#1149,#1150,#1151,#1152));
#315=EDGE_LOOP('',(#1153,#1154,#1155,#1156,#1157));
#316=EDGE_LOOP('',(#1158,#1159,#1160,#1161,#1162));
#317=EDGE_LOOP('',(#1163,#1164,#1165,#1166));
#318=EDGE_LOOP('',(#1167,#1168,#1169,#1170));
#319=EDGE_LOOP('',(#1171,#1172,#1173,#1174));
#320=EDGE_LOOP('',(#1175,#1176,#1177,#1178,#1179,#1180,#1181,#1182,#1183,
#1184,#1185,#1186));
#321=EDGE_LOOP('',(#1187));
#322=EDGE_LOOP('',(#1188));
#323=EDGE_LOOP('',(#1189));
#324=EDGE_LOOP('',(#1190));
#325=EDGE_LOOP('',(#1191));
#326=EDGE_LOOP('',(#1192));
#327=EDGE_LOOP('',(#1193,#1194,#1195,#1196,#1197));
#328=EDGE_LOOP('',(#1198,#1199,#1200,#1201));
#329=EDGE_LOOP('',(#1202,#1203,#1204,#1205,#1206,#1207));
#330=EDGE_LOOP('',(#1208,#1209,#1210,#1211,#1212));
#331=EDGE_LOOP('',(#1213,#1214,#1215,#1216));
#332=EDGE_LOOP('',(#1217,#1218,#1219,#1220,#1221));
#333=EDGE_LOOP('',(#1222,#1223,#1224,#1225,#1226));
#334=EDGE_LOOP('',(#1227,#1228,#1229,#1230));
#335=EDGE_LOOP('',(#1231,#1232,#1233,#1234));
#336=EDGE_LOOP('',(#1235,#1236,#1237,#1238));
#337=EDGE_LOOP('',(#1239,#1240,#1241,#1242));
#338=EDGE_LOOP('',(#1243,#1244,#1245,#1246));
#339=EDGE_LOOP('',(#1247,#1248,#1249,#1250));
#340=EDGE_LOOP('',(#1251,#1252,#1253,#1254));
#341=EDGE_LOOP('',(#1255,#1256,#1257,#1258));
#342=EDGE_LOOP('',(#1259,#1260,#1261,#1262));
#343=EDGE_LOOP('',(#1263,#1264,#1265,#1266));
#344=EDGE_LOOP('',(#1267,#1268,#1269,#1270));
#345=EDGE_LOOP('',(#1271,#1272,#1273,#1274));
#346=EDGE_LOOP('',(#1275,#1276,#1277,#1278));
#347=EDGE_LOOP('',(#1279,#1280,#1281,#1282));
#348=EDGE_LOOP('',(#1283,#1284,#1285,#1286));
#349=EDGE_LOOP('',(#1287,#1288,#1289,#1290));
#350=EDGE_LOOP('',(#1291,#1292,#1293,#1294));
#351=EDGE_LOOP('',(#1295,#1296,#1297,#1298));
#352=EDGE_LOOP('',(#1299,#1300,#1301,#1302));
#353=EDGE_LOOP('',(#1303,#1304,#1305,#1306));
#354=EDGE_LOOP('',(#1307,#1308,#1309,#1310));
#355=EDGE_LOOP('',(#1311,#1312,#1313,#1314));
#356=EDGE_LOOP('',(#1315,#1316,#1317,#1318));
#357=EDGE_LOOP('',(#1319,#1320,#1321,#1322));
#358=EDGE_LOOP('',(#1323,#1324,#1325,#1326));
#359=EDGE_LOOP('',(#1327,#1328,#1329,#1330));
#360=EDGE_LOOP('',(#1331,#1332,#1333,#1334));
#361=EDGE_LOOP('',(#1335,#1336,#1337,#1338));
#362=EDGE_LOOP('',(#1339,#1340,#1341,#1342));
#363=EDGE_LOOP('',(#1343,#1344,#1345,#1346));
#364=EDGE_LOOP('',(#1347,#1348,#1349,#1350));
#365=EDGE_LOOP('',(#1351,#1352,#1353,#1354));
#366=EDGE_LOOP('',(#1355,#1356,#1357,#1358));
#367=EDGE_LOOP('',(#1359,#1360,#1361,#1362));
#368=EDGE_LOOP('',(#1363,#1364,#1365,#1366));
#369=EDGE_LOOP('',(#1367,#1368,#1369,#1370));
#370=EDGE_LOOP('',(#1371,#1372,#1373,#1374));
#371=EDGE_LOOP('',(#1375,#1376,#1377,#1378));
#372=EDGE_LOOP('',(#1379,#1380,#1381,#1382));
#373=EDGE_LOOP('',(#1383,#1384,#1385,#1386));
#374=EDGE_LOOP('',(#1387,#1388,#1389,#1390,#1391,#1392,#1393,#1394,#1395,
#1396,#1397,#1398,#1399,#1400,#1401,#1402));
#375=EDGE_LOOP('',(#1403));
#376=EDGE_LOOP('',(#1404));
#377=EDGE_LOOP('',(#1405));
#378=EDGE_LOOP('',(#1406));
#379=EDGE_LOOP('',(#1407));
#380=EDGE_LOOP('',(#1408));
#381=EDGE_LOOP('',(#1409));
#382=EDGE_LOOP('',(#1410));
#383=EDGE_LOOP('',(#1411,#1412,#1413,#1414,#1415,#1416,#1417,#1418,#1419,
#1420,#1421,#1422,#1423,#1424,#1425,#1426,#1427,#1428,#1429,#1430,#1431,
#1432,#1433,#1434,#1435,#1436));
#384=EDGE_LOOP('',(#1437,#1438,#1439,#1440,#1441,#1442,#1443,#1444,#1445,
#1446,#1447,#1448,#1449,#1450,#1451,#1452));
#385=EDGE_LOOP('',(#1453,#1454,#1455,#1456,#1457,#1458,#1459,#1460,#1461,
#1462,#1463,#1464,#1465,#1466,#1467,#1468,#1469,#1470,#1471,#1472,#1473,
#1474,#1475,#1476,#1477,#1478,#1479));
#386=EDGE_LOOP('',(#1480));
#387=EDGE_LOOP('',(#1481));
#388=EDGE_LOOP('',(#1482));
#389=EDGE_LOOP('',(#1483));
#390=EDGE_LOOP('',(#1484));
#391=EDGE_LOOP('',(#1485));
#392=EDGE_LOOP('',(#1486));
#393=EDGE_LOOP('',(#1487));
#394=LINE('',#2358,#463);
#395=LINE('',#2364,#464);
#396=LINE('',#2394,#465);
#397=LINE('',#2421,#466);
#398=LINE('',#2429,#467);
#399=LINE('',#2456,#468);
#400=LINE('',#2599,#469);
#401=LINE('',#2705,#470);
#402=LINE('',#2708,#471);
#403=LINE('',#2711,#472);
#404=LINE('',#2714,#473);
#405=LINE('',#2717,#474);
#406=LINE('',#2723,#475);
#407=LINE('',#2724,#476);
#408=LINE('',#2727,#477);
#409=LINE('',#2733,#478);
#410=LINE('',#2734,#479);
#411=LINE('',#2737,#480);
#412=LINE('',#2740,#481);
#413=LINE('',#2743,#482);
#414=LINE('',#2746,#483);
#415=LINE('',#2749,#484);
#416=LINE('',#2751,#485);
#417=LINE('',#2756,#486);
#418=LINE('',#2759,#487);
#419=LINE('',#2764,#488);
#420=LINE('',#2767,#489);
#421=LINE('',#2770,#490);
#422=LINE('',#2773,#491);
#423=LINE('',#2798,#492);
#424=LINE('',#2808,#493);
#425=LINE('',#2813,#494);
#426=LINE('',#2815,#495);
#427=LINE('',#2818,#496);
#428=LINE('',#2820,#497);
#429=LINE('',#2831,#498);
#430=LINE('',#2832,#499);
#431=LINE('',#2844,#500);
#432=LINE('',#2846,#501);
#433=LINE('',#2856,#502);
#434=LINE('',#2867,#503);
#435=LINE('',#2872,#504);
#436=LINE('',#2884,#505);
#437=LINE('',#2890,#506);
#438=LINE('',#2896,#507);
#439=LINE('',#2902,#508);
#440=LINE('',#2908,#509);
#441=LINE('',#2914,#510);
#442=LINE('',#2920,#511);
#443=LINE('',#2926,#512);
#444=LINE('',#2938,#513);
#445=LINE('',#2944,#514);
#446=LINE('',#2949,#515);
#447=LINE('',#2957,#516);
#448=LINE('',#2960,#517);
#449=LINE('',#2966,#518);
#450=LINE('',#2972,#519);
#451=LINE('',#2978,#520);
#452=LINE('',#2984,#521);
#453=LINE('',#2990,#522);
#454=LINE('',#2996,#523);
#455=LINE('',#3002,#524);
#456=LINE('',#3008,#525);
#457=LINE('',#3014,#526);
#458=LINE('',#3020,#527);
#459=LINE('',#3026,#528);
#460=LINE('',#3032,#529);
#461=LINE('',#3038,#530);
#462=LINE('',#3044,#531);
#463=VECTOR('',#1860,1.6);
#464=VECTOR('',#1867,1.6);
#465=VECTOR('',#1874,1.6);
#466=VECTOR('',#1883,1.6);
#467=VECTOR('',#1892,1.6);
#468=VECTOR('',#1901,1.6);
#469=VECTOR('',#1944,47.75);
#470=VECTOR('',#1967,10.);
#471=VECTOR('',#1970,10.);
#472=VECTOR('',#1973,10.);
#473=VECTOR('',#1976,10.);
#474=VECTOR('',#1979,10.);
#475=VECTOR('',#1980,10.);
#476=VECTOR('',#1981,10.);
#477=VECTOR('',#1984,10.);
#478=VECTOR('',#1985,10.);
#479=VECTOR('',#1986,10.);
#480=VECTOR('',#1989,10.);
#481=VECTOR('',#1992,10.);
#482=VECTOR('',#1995,10.);
#483=VECTOR('',#1998,10.);
#484=VECTOR('',#2001,10.);
#485=VECTOR('',#2002,10.);
#486=VECTOR('',#2003,10.);
#487=VECTOR('',#2006,10.);
#488=VECTOR('',#2007,10.);
#489=VECTOR('',#2010,10.);
#490=VECTOR('',#2013,10.);
#491=VECTOR('',#2016,10.);
#492=VECTOR('',#2017,10.);
#493=VECTOR('',#2026,10.);
#494=VECTOR('',#2031,10.);
#495=VECTOR('',#2032,10.);
#496=VECTOR('',#2035,10.);
#497=VECTOR('',#2038,10.);
#498=VECTOR('',#2051,10.);
#499=VECTOR('',#2052,10.);
#500=VECTOR('',#2059,10.);
#501=VECTOR('',#2062,10.);
#502=VECTOR('',#2079,10.);
#503=VECTOR('',#2098,10.);
#504=VECTOR('',#2105,10.);
#505=VECTOR('',#2124,1.6);
#506=VECTOR('',#2131,1.6);
#507=VECTOR('',#2138,1.6);
#508=VECTOR('',#2145,1.6);
#509=VECTOR('',#2152,1.6);
#510=VECTOR('',#2159,1.6);
#511=VECTOR('',#2166,1.6);
#512=VECTOR('',#2173,1.6);
#513=VECTOR('',#2194,10.);
#514=VECTOR('',#2203,10.);
#515=VECTOR('',#2210,10.);
#516=VECTOR('',#2219,10.);
#517=VECTOR('',#2222,10.);
#518=VECTOR('',#2229,10.);
#519=VECTOR('',#2236,10.);
#520=VECTOR('',#2243,10.);
#521=VECTOR('',#2250,10.);
#522=VECTOR('',#2257,10.);
#523=VECTOR('',#2264,10.);
#524=VECTOR('',#2271,10.);
#525=VECTOR('',#2278,10.);
#526=VECTOR('',#2285,10.);
#527=VECTOR('',#2292,10.);
#528=VECTOR('',#2299,10.);
#529=VECTOR('',#2306,10.);
#530=VECTOR('',#2313,10.);
#531=VECTOR('',#2320,10.);
#532=CIRCLE('',#1641,1.6);
#533=CIRCLE('',#1642,1.6);
#534=CIRCLE('',#1644,1.6);
#535=CIRCLE('',#1645,1.6);
#536=CIRCLE('',#1647,1.6);
#537=CIRCLE('',#1648,1.6);
#538=CIRCLE('',#1649,1.6);
#539=CIRCLE('',#1651,1.6);
#540=CIRCLE('',#1652,1.6);
#541=CIRCLE('',#1653,1.6);
#542=CIRCLE('',#1655,1.6);
#543=CIRCLE('',#1656,1.6);
#544=CIRCLE('',#1657,1.6);
#545=CIRCLE('',#1659,1.6);
#546=CIRCLE('',#1660,1.6);
#547=CIRCLE('',#1662,25.);
#548=CIRCLE('',#1663,25.);
#549=CIRCLE('',#1664,25.);
#550=CIRCLE('',#1665,25.);
#551=CIRCLE('',#1666,25.);
#552=CIRCLE('',#1667,25.);
#553=CIRCLE('',#1669,70.5);
#554=CIRCLE('',#1671,70.5);
#555=CIRCLE('',#1673,70.5);
#556=CIRCLE('',#1675,70.5);
#557=CIRCLE('',#1677,70.5);
#558=CIRCLE('',#1679,70.5);
#559=CIRCLE('',#1681,70.5);
#560=CIRCLE('',#1682,70.5);
#561=CIRCLE('',#1683,70.5);
#562=CIRCLE('',#1684,70.5);
#563=CIRCLE('',#1685,70.5);
#564=CIRCLE('',#1686,70.5);
#565=CIRCLE('',#1688,70.5);
#566=CIRCLE('',#1690,70.5);
#567=CIRCLE('',#1692,4.);
#568=CIRCLE('',#1694,4.);
#569=CIRCLE('',#1698,4.);
#570=CIRCLE('',#1700,4.);
#571=CIRCLE('',#1704,4.);
#572=CIRCLE('',#1707,28.5);
#573=CIRCLE('',#1708,70.5);
#574=CIRCLE('',#1710,28.5);
#575=CIRCLE('',#1711,28.5);
#576=CIRCLE('',#1712,28.5);
#577=CIRCLE('',#1715,70.5);
#578=CIRCLE('',#1717,70.5);
#579=CIRCLE('',#1718,70.5);
#580=CIRCLE('',#1721,70.5);
#581=CIRCLE('',#1725,70.5);
#582=CIRCLE('',#1726,70.5);
#583=CIRCLE('',#1728,70.5);
#584=CIRCLE('',#1729,70.5);
#585=CIRCLE('',#1731,70.5);
#586=CIRCLE('',#1732,70.5);
#587=CIRCLE('',#1734,70.5);
#588=CIRCLE('',#1735,70.5);
#589=CIRCLE('',#1737,70.5);
#590=CIRCLE('',#1738,70.5);
#591=CIRCLE('',#1740,70.5);
#592=CIRCLE('',#1741,70.5);
#593=CIRCLE('',#1743,70.5);
#594=CIRCLE('',#1744,70.5);
#595=CIRCLE('',#1746,70.5);
#596=CIRCLE('',#1747,70.5);
#597=CIRCLE('',#1749,70.5);
#598=CIRCLE('',#1750,70.5);
#599=CIRCLE('',#1752,1.6);
#600=CIRCLE('',#1753,1.6);
#601=CIRCLE('',#1755,1.6);
#602=CIRCLE('',#1756,1.6);
#603=CIRCLE('',#1758,1.6);
#604=CIRCLE('',#1759,1.6);
#605=CIRCLE('',#1761,1.6);
#606=CIRCLE('',#1762,1.6);
#607=CIRCLE('',#1764,1.6);
#608=CIRCLE('',#1765,1.6);
#609=CIRCLE('',#1767,1.6);
#610=CIRCLE('',#1768,1.6);
#611=CIRCLE('',#1770,1.6);
#612=CIRCLE('',#1771,1.6);
#613=CIRCLE('',#1773,1.6);
#614=CIRCLE('',#1774,1.6);
#615=CIRCLE('',#1776,70.5);
#616=CIRCLE('',#1777,70.5);
#617=CIRCLE('',#1779,70.5);
#618=CIRCLE('',#1780,70.5);
#619=CIRCLE('',#1782,70.5);
#620=CIRCLE('',#1783,70.5);
#621=CIRCLE('',#1785,4.);
#622=CIRCLE('',#1787,4.);
#623=CIRCLE('',#1789,70.5);
#624=CIRCLE('',#1790,70.5);
#625=CIRCLE('',#1792,4.);
#626=CIRCLE('',#1794,75.);
#627=CIRCLE('',#1795,75.);
#628=CIRCLE('',#1797,4.);
#629=CIRCLE('',#1798,4.);
#630=CIRCLE('',#1800,75.);
#631=CIRCLE('',#1801,75.);
#632=CIRCLE('',#1803,4.);
#633=CIRCLE('',#1804,4.);
#634=CIRCLE('',#1806,75.);
#635=CIRCLE('',#1807,75.);
#636=CIRCLE('',#1809,4.);
#637=CIRCLE('',#1810,4.);
#638=CIRCLE('',#1812,75.);
#639=CIRCLE('',#1813,75.);
#640=CIRCLE('',#1815,4.);
#641=CIRCLE('',#1816,4.);
#642=CIRCLE('',#1818,75.);
#643=CIRCLE('',#1819,75.);
#644=CIRCLE('',#1821,4.);
#645=CIRCLE('',#1822,4.);
#646=CIRCLE('',#1824,75.);
#647=CIRCLE('',#1825,75.);
#648=CIRCLE('',#1827,4.);
#649=CIRCLE('',#1828,4.);
#650=CIRCLE('',#1830,75.);
#651=CIRCLE('',#1831,75.);
#652=CIRCLE('',#1833,4.);
#653=CIRCLE('',#1834,4.);
#654=CIRCLE('',#1836,75.);
#655=CIRCLE('',#1837,75.);
#656=CIRCLE('',#1839,4.);
#657=CIRCLE('',#1840,4.);
#658=CIRCLE('',#1843,4.);
#659=CIRCLE('',#1844,70.5);
#660=CIRCLE('',#1845,75.);
#661=CIRCLE('',#1846,4.);
#662=CIRCLE('',#1847,4.);
#663=CIRCLE('',#1848,4.);
#664=CIRCLE('',#1849,4.);
#665=CIRCLE('',#1850,4.);
#666=CIRCLE('',#1851,4.);
#667=CIRCLE('',#1852,4.);
#668=CIRCLE('',#1853,15.0000000000001);
#669=VERTEX_POINT('',#2355);
#670=VERTEX_POINT('',#2357);
#671=VERTEX_POINT('',#2361);
#672=VERTEX_POINT('',#2363);
#673=VERTEX_POINT('',#2365);
#674=VERTEX_POINT('',#2372);
#675=VERTEX_POINT('',#2391);
#676=VERTEX_POINT('',#2393);
#677=VERTEX_POINT('',#2395);
#678=VERTEX_POINT('',#2397);
#679=VERTEX_POINT('',#2418);
#680=VERTEX_POINT('',#2420);
#681=VERTEX_POINT('',#2422);
#682=VERTEX_POINT('',#2426);
#683=VERTEX_POINT('',#2428);
#684=VERTEX_POINT('',#2430);
#685=VERTEX_POINT('',#2432);
#686=VERTEX_POINT('',#2453);
#687=VERTEX_POINT('',#2455);
#688=VERTEX_POINT('',#2457);
#689=VERTEX_POINT('',#2474);
#690=VERTEX_POINT('',#2490);
#691=VERTEX_POINT('',#2491);
#692=VERTEX_POINT('',#2508);
#693=VERTEX_POINT('',#2509);
#694=VERTEX_POINT('',#2526);
#695=VERTEX_POINT('',#2527);
#696=VERTEX_POINT('',#2544);
#697=VERTEX_POINT('',#2545);
#698=VERTEX_POINT('',#2562);
#699=VERTEX_POINT('',#2563);
#700=VERTEX_POINT('',#2580);
#701=VERTEX_POINT('',#2581);
#702=VERTEX_POINT('',#2598);
#703=VERTEX_POINT('',#2600);
#704=VERTEX_POINT('',#2602);
#705=VERTEX_POINT('',#2606);
#706=VERTEX_POINT('',#2610);
#707=VERTEX_POINT('',#2612);
#708=VERTEX_POINT('',#2636);
#709=VERTEX_POINT('',#2638);
#710=VERTEX_POINT('',#2642);
#711=VERTEX_POINT('',#2646);
#712=VERTEX_POINT('',#2648);
#713=VERTEX_POINT('',#2652);
#714=VERTEX_POINT('',#2656);
#715=VERTEX_POINT('',#2658);
#716=VERTEX_POINT('',#2662);
#717=VERTEX_POINT('',#2668);
#718=VERTEX_POINT('',#2669);
#719=VERTEX_POINT('',#2686);
#720=VERTEX_POINT('',#2687);
#721=VERTEX_POINT('',#2704);
#722=VERTEX_POINT('',#2706);
#723=VERTEX_POINT('',#2710);
#724=VERTEX_POINT('',#2712);
#725=VERTEX_POINT('',#2716);
#726=VERTEX_POINT('',#2718);
#727=VERTEX_POINT('',#2722);
#728=VERTEX_POINT('',#2726);
#729=VERTEX_POINT('',#2728);
#730=VERTEX_POINT('',#2732);
#731=VERTEX_POINT('',#2736);
#732=VERTEX_POINT('',#2738);
#733=VERTEX_POINT('',#2742);
#734=VERTEX_POINT('',#2744);
#735=VERTEX_POINT('',#2748);
#736=VERTEX_POINT('',#2750);
#737=VERTEX_POINT('',#2752);
#738=VERTEX_POINT('',#2758);
#739=VERTEX_POINT('',#2760);
#740=VERTEX_POINT('',#2766);
#741=VERTEX_POINT('',#2768);
#742=VERTEX_POINT('',#2772);
#743=VERTEX_POINT('',#2774);
#744=VERTEX_POINT('',#2800);
#745=VERTEX_POINT('',#2801);
#746=VERTEX_POINT('',#2810);
#747=VERTEX_POINT('',#2812);
#748=VERTEX_POINT('',#2814);
#749=VERTEX_POINT('',#2816);
#750=VERTEX_POINT('',#2824);
#751=VERTEX_POINT('',#2834);
#752=VERTEX_POINT('',#2838);
#753=VERTEX_POINT('',#2855);
#754=VERTEX_POINT('',#2865);
#755=VERTEX_POINT('',#2871);
#756=VERTEX_POINT('',#2881);
#757=VERTEX_POINT('',#2883);
#758=VERTEX_POINT('',#2887);
#759=VERTEX_POINT('',#2889);
#760=VERTEX_POINT('',#2893);
#761=VERTEX_POINT('',#2895);
#762=VERTEX_POINT('',#2899);
#763=VERTEX_POINT('',#2901);
#764=VERTEX_POINT('',#2905);
#765=VERTEX_POINT('',#2907);
#766=VERTEX_POINT('',#2911);
#767=VERTEX_POINT('',#2913);
#768=VERTEX_POINT('',#2917);
#769=VERTEX_POINT('',#2919);
#770=VERTEX_POINT('',#2923);
#771=VERTEX_POINT('',#2925);
#772=VERTEX_POINT('',#2936);
#773=VERTEX_POINT('',#2942);
#774=VERTEX_POINT('',#2947);
#775=VERTEX_POINT('',#2953);
#776=VERTEX_POINT('',#2954);
#777=VERTEX_POINT('',#2956);
#778=VERTEX_POINT('',#2958);
#779=VERTEX_POINT('',#2962);
#780=VERTEX_POINT('',#2964);
#781=VERTEX_POINT('',#2968);
#782=VERTEX_POINT('',#2970);
#783=VERTEX_POINT('',#2974);
#784=VERTEX_POINT('',#2976);
#785=VERTEX_POINT('',#2980);
#786=VERTEX_POINT('',#2982);
#787=VERTEX_POINT('',#2986);
#788=VERTEX_POINT('',#2988);
#789=VERTEX_POINT('',#2992);
#790=VERTEX_POINT('',#2994);
#791=VERTEX_POINT('',#2998);
#792=VERTEX_POINT('',#3000);
#793=VERTEX_POINT('',#3004);
#794=VERTEX_POINT('',#3006);
#795=VERTEX_POINT('',#3010);
#796=VERTEX_POINT('',#3012);
#797=VERTEX_POINT('',#3016);
#798=VERTEX_POINT('',#3018);
#799=VERTEX_POINT('',#3022);
#800=VERTEX_POINT('',#3024);
#801=VERTEX_POINT('',#3028);
#802=VERTEX_POINT('',#3030);
#803=VERTEX_POINT('',#3034);
#804=VERTEX_POINT('',#3036);
#805=VERTEX_POINT('',#3040);
#806=VERTEX_POINT('',#3042);
#807=EDGE_CURVE('',#669,#669,#532,.T.);
#808=EDGE_CURVE('',#669,#670,#394,.T.);
#809=EDGE_CURVE('',#670,#670,#533,.T.);
#810=EDGE_CURVE('',#671,#671,#534,.T.);
#811=EDGE_CURVE('',#671,#672,#395,.T.);
#812=EDGE_CURVE('',#673,#672,#200,.T.);
#813=EDGE_CURVE('',#674,#673,#535,.T.);
#814=EDGE_CURVE('',#672,#674,#201,.T.);
#815=EDGE_CURVE('',#675,#675,#536,.T.);
#816=EDGE_CURVE('',#675,#676,#396,.T.);
#817=EDGE_CURVE('',#677,#676,#537,.T.);
#818=EDGE_CURVE('',#678,#677,#202,.T.);
#819=EDGE_CURVE('',#676,#678,#538,.T.);
#820=EDGE_CURVE('',#679,#679,#539,.T.);
#821=EDGE_CURVE('',#679,#680,#397,.T.);
#822=EDGE_CURVE('',#681,#680,#540,.T.);
#823=EDGE_CURVE('',#680,#681,#541,.T.);
#824=EDGE_CURVE('',#682,#682,#542,.T.);
#825=EDGE_CURVE('',#682,#683,#398,.T.);
#826=EDGE_CURVE('',#684,#683,#543,.T.);
#827=EDGE_CURVE('',#685,#684,#203,.T.);
#828=EDGE_CURVE('',#683,#685,#544,.T.);
#829=EDGE_CURVE('',#686,#686,#545,.T.);
#830=EDGE_CURVE('',#686,#687,#399,.T.);
#831=EDGE_CURVE('',#688,#687,#204,.T.);
#832=EDGE_CURVE('',#689,#688,#546,.T.);
#833=EDGE_CURVE('',#687,#689,#205,.T.);
#834=EDGE_CURVE('',#673,#670,#547,.T.);
#835=EDGE_CURVE('',#670,#689,#548,.T.);
#836=EDGE_CURVE('',#688,#684,#549,.T.);
#837=EDGE_CURVE('',#685,#681,#550,.T.);
#838=EDGE_CURVE('',#681,#677,#551,.T.);
#839=EDGE_CURVE('',#678,#674,#552,.T.);
#840=EDGE_CURVE('',#690,#691,#206,.T.);
#841=EDGE_CURVE('',#690,#691,#553,.T.);
#842=EDGE_CURVE('',#692,#693,#207,.T.);
#843=EDGE_CURVE('',#692,#693,#554,.T.);
#844=EDGE_CURVE('',#694,#695,#208,.T.);
#845=EDGE_CURVE('',#694,#695,#555,.T.);
#846=EDGE_CURVE('',#696,#697,#209,.T.);
#847=EDGE_CURVE('',#696,#697,#556,.T.);
#848=EDGE_CURVE('',#698,#699,#210,.T.);
#849=EDGE_CURVE('',#698,#699,#557,.T.);
#850=EDGE_CURVE('',#700,#701,#211,.T.);
#851=EDGE_CURVE('',#700,#701,#558,.T.);
#852=EDGE_CURVE('',#681,#702,#400,.T.);
#853=EDGE_CURVE('',#703,#702,#559,.T.);
#854=EDGE_CURVE('',#704,#703,#159,.T.);
#855=EDGE_CURVE('',#705,#704,#160,.T.);
#856=EDGE_CURVE('',#706,#705,#560,.T.);
#857=EDGE_CURVE('',#706,#707,#212,.T.);
#858=EDGE_CURVE('',#708,#707,#561,.T.);
#859=EDGE_CURVE('',#709,#708,#161,.T.);
#860=EDGE_CURVE('',#710,#709,#162,.T.);
#861=EDGE_CURVE('',#711,#710,#562,.T.);
#862=EDGE_CURVE('',#712,#711,#163,.T.);
#863=EDGE_CURVE('',#713,#712,#164,.T.);
#864=EDGE_CURVE('',#714,#713,#563,.T.);
#865=EDGE_CURVE('',#715,#714,#165,.T.);
#866=EDGE_CURVE('',#716,#715,#166,.T.);
#867=EDGE_CURVE('',#702,#716,#564,.T.);
#868=EDGE_CURVE('',#717,#718,#213,.T.);
#869=EDGE_CURVE('',#717,#718,#565,.T.);
#870=EDGE_CURVE('',#719,#720,#214,.T.);
#871=EDGE_CURVE('',#719,#720,#566,.T.);
#872=EDGE_CURVE('',#719,#721,#401,.T.);
#873=EDGE_CURVE('',#722,#721,#567,.T.);
#874=EDGE_CURVE('',#720,#722,#402,.T.);
#875=EDGE_CURVE('',#700,#723,#403,.T.);
#876=EDGE_CURVE('',#724,#723,#568,.T.);
#877=EDGE_CURVE('',#701,#724,#404,.T.);
#878=EDGE_CURVE('',#725,#711,#405,.T.);
#879=EDGE_CURVE('',#726,#725,#167,.T.);
#880=EDGE_CURVE('',#727,#726,#406,.T.);
#881=EDGE_CURVE('',#712,#727,#407,.T.);
#882=EDGE_CURVE('',#728,#714,#408,.T.);
#883=EDGE_CURVE('',#729,#728,#168,.T.);
#884=EDGE_CURVE('',#730,#729,#409,.T.);
#885=EDGE_CURVE('',#715,#730,#410,.T.);
#886=EDGE_CURVE('',#698,#731,#411,.T.);
#887=EDGE_CURVE('',#732,#731,#569,.T.);
#888=EDGE_CURVE('',#699,#732,#412,.T.);
#889=EDGE_CURVE('',#694,#733,#413,.T.);
#890=EDGE_CURVE('',#734,#733,#570,.T.);
#891=EDGE_CURVE('',#695,#734,#414,.T.);
#892=EDGE_CURVE('',#709,#735,#415,.T.);
#893=EDGE_CURVE('',#736,#735,#416,.T.);
#894=EDGE_CURVE('',#737,#736,#169,.T.);
#895=EDGE_CURVE('',#710,#737,#417,.T.);
#896=EDGE_CURVE('',#738,#708,#418,.T.);
#897=EDGE_CURVE('',#739,#738,#170,.T.);
#898=EDGE_CURVE('',#735,#739,#419,.T.);
#899=EDGE_CURVE('',#692,#740,#420,.T.);
#900=EDGE_CURVE('',#741,#740,#571,.T.);
#901=EDGE_CURVE('',#693,#741,#421,.T.);
#902=EDGE_CURVE('',#742,#706,#422,.T.);
#903=EDGE_CURVE('',#742,#743,#215,.T.);
#904=EDGE_CURVE('',#707,#743,#423,.T.);
#905=EDGE_CURVE('',#744,#745,#171,.T.);
#906=EDGE_CURVE('',#745,#729,#572,.T.);
#907=EDGE_CURVE('',#744,#728,#573,.T.);
#908=EDGE_CURVE('',#745,#727,#424,.T.);
#909=EDGE_CURVE('',#736,#726,#574,.T.);
#910=EDGE_CURVE('',#746,#739,#575,.T.);
#911=EDGE_CURVE('',#746,#747,#425,.T.);
#912=EDGE_CURVE('',#747,#748,#426,.T.);
#913=EDGE_CURVE('',#749,#748,#576,.T.);
#914=EDGE_CURVE('',#749,#730,#427,.T.);
#915=EDGE_CURVE('',#713,#744,#428,.T.);
#916=EDGE_CURVE('',#737,#725,#577,.T.);
#917=EDGE_CURVE('',#750,#746,#172,.T.);
#918=EDGE_CURVE('',#743,#738,#578,.T.);
#919=EDGE_CURVE('',#750,#742,#579,.T.);
#920=EDGE_CURVE('',#704,#747,#429,.T.);
#921=EDGE_CURVE('',#705,#750,#430,.T.);
#922=EDGE_CURVE('',#751,#749,#173,.T.);
#923=EDGE_CURVE('',#748,#752,#174,.T.);
#924=EDGE_CURVE('',#751,#752,#580,.T.);
#925=EDGE_CURVE('',#716,#751,#431,.T.);
#926=EDGE_CURVE('',#752,#703,#432,.T.);
#927=EDGE_CURVE('',#740,#750,#581,.T.);
#928=EDGE_CURVE('',#692,#705,#582,.T.);
#929=EDGE_CURVE('',#742,#743,#583,.T.);
#930=EDGE_CURVE('',#706,#707,#584,.T.);
#931=EDGE_CURVE('',#708,#691,#585,.T.);
#932=EDGE_CURVE('',#691,#753,#433,.T.);
#933=EDGE_CURVE('',#738,#753,#586,.T.);
#934=EDGE_CURVE('',#721,#744,#587,.T.);
#935=EDGE_CURVE('',#719,#713,#588,.T.);
#936=EDGE_CURVE('',#714,#701,#589,.T.);
#937=EDGE_CURVE('',#728,#724,#590,.T.);
#938=EDGE_CURVE('',#754,#737,#591,.T.);
#939=EDGE_CURVE('',#696,#754,#434,.T.);
#940=EDGE_CURVE('',#696,#710,#592,.T.);
#941=EDGE_CURVE('',#711,#718,#593,.T.);
#942=EDGE_CURVE('',#718,#755,#435,.T.);
#943=EDGE_CURVE('',#725,#755,#594,.T.);
#944=EDGE_CURVE('',#731,#751,#595,.T.);
#945=EDGE_CURVE('',#698,#716,#596,.T.);
#946=EDGE_CURVE('',#703,#695,#597,.T.);
#947=EDGE_CURVE('',#752,#734,#598,.T.);
#948=EDGE_CURVE('',#756,#756,#599,.T.);
#949=EDGE_CURVE('',#756,#757,#436,.T.);
#950=EDGE_CURVE('',#757,#757,#600,.T.);
#951=EDGE_CURVE('',#758,#758,#601,.T.);
#952=EDGE_CURVE('',#758,#759,#437,.T.);
#953=EDGE_CURVE('',#759,#759,#602,.T.);
#954=EDGE_CURVE('',#760,#760,#603,.T.);
#955=EDGE_CURVE('',#760,#761,#438,.T.);
#956=EDGE_CURVE('',#761,#761,#604,.T.);
#957=EDGE_CURVE('',#762,#762,#605,.T.);
#958=EDGE_CURVE('',#762,#763,#439,.T.);
#959=EDGE_CURVE('',#763,#763,#606,.T.);
#960=EDGE_CURVE('',#764,#764,#607,.T.);
#961=EDGE_CURVE('',#764,#765,#440,.T.);
#962=EDGE_CURVE('',#765,#765,#608,.T.);
#963=EDGE_CURVE('',#766,#766,#609,.T.);
#964=EDGE_CURVE('',#766,#767,#441,.T.);
#965=EDGE_CURVE('',#767,#767,#610,.T.);
#966=EDGE_CURVE('',#768,#768,#611,.T.);
#967=EDGE_CURVE('',#768,#769,#442,.T.);
#968=EDGE_CURVE('',#769,#769,#612,.T.);
#969=EDGE_CURVE('',#770,#770,#613,.T.);
#970=EDGE_CURVE('',#770,#771,#443,.T.);
#971=EDGE_CURVE('',#771,#771,#614,.T.);
#972=EDGE_CURVE('',#694,#693,#615,.T.);
#973=EDGE_CURVE('',#733,#741,#616,.T.);
#974=EDGE_CURVE('',#700,#699,#617,.T.);
#975=EDGE_CURVE('',#723,#732,#618,.T.);
#976=EDGE_CURVE('',#717,#720,#619,.T.);
#977=EDGE_CURVE('',#772,#722,#620,.T.);
#978=EDGE_CURVE('',#717,#772,#444,.T.);
#979=EDGE_CURVE('',#755,#772,#621,.T.);
#980=EDGE_CURVE('',#773,#754,#622,.T.);
#981=EDGE_CURVE('',#697,#773,#445,.T.);
#982=EDGE_CURVE('',#690,#697,#623,.T.);
#983=EDGE_CURVE('',#774,#773,#624,.T.);
#984=EDGE_CURVE('',#690,#774,#446,.T.);
#985=EDGE_CURVE('',#753,#774,#625,.T.);
#986=EDGE_CURVE('',#775,#776,#626,.T.);
#987=EDGE_CURVE('',#776,#777,#447,.T.);
#988=EDGE_CURVE('',#778,#777,#627,.T.);
#989=EDGE_CURVE('',#775,#778,#448,.T.);
#990=EDGE_CURVE('',#779,#775,#628,.T.);
#991=EDGE_CURVE('',#780,#778,#629,.T.);
#992=EDGE_CURVE('',#779,#780,#449,.T.);
#993=EDGE_CURVE('',#781,#779,#630,.T.);
#994=EDGE_CURVE('',#782,#780,#631,.T.);
#995=EDGE_CURVE('',#781,#782,#450,.T.);
#996=EDGE_CURVE('',#783,#781,#632,.T.);
#997=EDGE_CURVE('',#784,#782,#633,.T.);
#998=EDGE_CURVE('',#783,#784,#451,.T.);
#999=EDGE_CURVE('',#785,#783,#634,.T.);
#1000=EDGE_CURVE('',#786,#784,#635,.T.);
#1001=EDGE_CURVE('',#785,#786,#452,.T.);
#1002=EDGE_CURVE('',#787,#785,#636,.T.);
#1003=EDGE_CURVE('',#788,#786,#637,.T.);
#1004=EDGE_CURVE('',#787,#788,#453,.T.);
#1005=EDGE_CURVE('',#789,#787,#638,.T.);
#1006=EDGE_CURVE('',#790,#788,#639,.T.);
#1007=EDGE_CURVE('',#789,#790,#454,.T.);
#1008=EDGE_CURVE('',#791,#789,#640,.T.);
#1009=EDGE_CURVE('',#792,#790,#641,.T.);
#1010=EDGE_CURVE('',#791,#792,#455,.T.);
#1011=EDGE_CURVE('',#793,#791,#642,.T.);
#1012=EDGE_CURVE('',#794,#792,#643,.T.);
#1013=EDGE_CURVE('',#793,#794,#456,.T.);
#1014=EDGE_CURVE('',#795,#793,#644,.T.);
#1015=EDGE_CURVE('',#796,#794,#645,.T.);
#1016=EDGE_CURVE('',#795,#796,#457,.T.);
#1017=EDGE_CURVE('',#797,#795,#646,.T.);
#1018=EDGE_CURVE('',#798,#796,#647,.T.);
#1019=EDGE_CURVE('',#797,#798,#458,.T.);
#1020=EDGE_CURVE('',#799,#797,#648,.T.);
#1021=EDGE_CURVE('',#800,#798,#649,.T.);
#1022=EDGE_CURVE('',#799,#800,#459,.T.);
#1023=EDGE_CURVE('',#801,#799,#650,.T.);
#1024=EDGE_CURVE('',#802,#800,#651,.T.);
#1025=EDGE_CURVE('',#801,#802,#460,.T.);
#1026=EDGE_CURVE('',#803,#801,#652,.T.);
#1027=EDGE_CURVE('',#804,#802,#653,.T.);
#1028=EDGE_CURVE('',#803,#804,#461,.T.);
#1029=EDGE_CURVE('',#805,#803,#654,.T.);
#1030=EDGE_CURVE('',#806,#804,#655,.T.);
#1031=EDGE_CURVE('',#805,#806,#462,.T.);
#1032=EDGE_CURVE('',#776,#805,#656,.T.);
#1033=EDGE_CURVE('',#777,#806,#657,.T.);
#1034=ORIENTED_EDGE('',*,*,#807,.F.);
#1035=ORIENTED_EDGE('',*,*,#808,.T.);
#1036=ORIENTED_EDGE('',*,*,#809,.F.);
#1037=ORIENTED_EDGE('',*,*,#808,.F.);
#1038=ORIENTED_EDGE('',*,*,#810,.F.);
#1039=ORIENTED_EDGE('',*,*,#811,.T.);
#1040=ORIENTED_EDGE('',*,*,#812,.F.);
#1041=ORIENTED_EDGE('',*,*,#813,.F.);
#1042=ORIENTED_EDGE('',*,*,#814,.F.);
#1043=ORIENTED_EDGE('',*,*,#811,.F.);
#1044=ORIENTED_EDGE('',*,*,#815,.F.);
#1045=ORIENTED_EDGE('',*,*,#816,.T.);
#1046=ORIENTED_EDGE('',*,*,#817,.F.);
#1047=ORIENTED_EDGE('',*,*,#818,.F.);
#1048=ORIENTED_EDGE('',*,*,#819,.F.);
#1049=ORIENTED_EDGE('',*,*,#816,.F.);
#1050=ORIENTED_EDGE('',*,*,#820,.F.);
#1051=ORIENTED_EDGE('',*,*,#821,.T.);
#1052=ORIENTED_EDGE('',*,*,#822,.F.);
#1053=ORIENTED_EDGE('',*,*,#823,.F.);
#1054=ORIENTED_EDGE('',*,*,#821,.F.);
#1055=ORIENTED_EDGE('',*,*,#824,.F.);
#1056=ORIENTED_EDGE('',*,*,#825,.T.);
#1057=ORIENTED_EDGE('',*,*,#826,.F.);
#1058=ORIENTED_EDGE('',*,*,#827,.F.);
#1059=ORIENTED_EDGE('',*,*,#828,.F.);
#1060=ORIENTED_EDGE('',*,*,#825,.F.);
#1061=ORIENTED_EDGE('',*,*,#829,.F.);
#1062=ORIENTED_EDGE('',*,*,#830,.T.);
#1063=ORIENTED_EDGE('',*,*,#831,.F.);
#1064=ORIENTED_EDGE('',*,*,#832,.F.);
#1065=ORIENTED_EDGE('',*,*,#833,.F.);
#1066=ORIENTED_EDGE('',*,*,#830,.F.);
#1067=ORIENTED_EDGE('',*,*,#813,.T.);
#1068=ORIENTED_EDGE('',*,*,#834,.T.);
#1069=ORIENTED_EDGE('',*,*,#809,.T.);
#1070=ORIENTED_EDGE('',*,*,#835,.T.);
#1071=ORIENTED_EDGE('',*,*,#832,.T.);
#1072=ORIENTED_EDGE('',*,*,#836,.T.);
#1073=ORIENTED_EDGE('',*,*,#826,.T.);
#1074=ORIENTED_EDGE('',*,*,#828,.T.);
#1075=ORIENTED_EDGE('',*,*,#837,.T.);
#1076=ORIENTED_EDGE('',*,*,#822,.T.);
#1077=ORIENTED_EDGE('',*,*,#823,.T.);
#1078=ORIENTED_EDGE('',*,*,#838,.T.);
#1079=ORIENTED_EDGE('',*,*,#817,.T.);
#1080=ORIENTED_EDGE('',*,*,#819,.T.);
#1081=ORIENTED_EDGE('',*,*,#839,.T.);
#1082=ORIENTED_EDGE('',*,*,#840,.T.);
#1083=ORIENTED_EDGE('',*,*,#841,.F.);
#1084=ORIENTED_EDGE('',*,*,#842,.T.);
#1085=ORIENTED_EDGE('',*,*,#843,.F.);
#1086=ORIENTED_EDGE('',*,*,#844,.T.);
#1087=ORIENTED_EDGE('',*,*,#845,.F.);
#1088=ORIENTED_EDGE('',*,*,#846,.T.);
#1089=ORIENTED_EDGE('',*,*,#847,.F.);
#1090=ORIENTED_EDGE('',*,*,#848,.T.);
#1091=ORIENTED_EDGE('',*,*,#849,.F.);
#1092=ORIENTED_EDGE('',*,*,#850,.T.);
#1093=ORIENTED_EDGE('',*,*,#851,.F.);
#1094=ORIENTED_EDGE('',*,*,#812,.T.);
#1095=ORIENTED_EDGE('',*,*,#814,.T.);
#1096=ORIENTED_EDGE('',*,*,#839,.F.);
#1097=ORIENTED_EDGE('',*,*,#818,.T.);
#1098=ORIENTED_EDGE('',*,*,#838,.F.);
#1099=ORIENTED_EDGE('',*,*,#852,.T.);
#1100=ORIENTED_EDGE('',*,*,#853,.F.);
#1101=ORIENTED_EDGE('',*,*,#854,.F.);
#1102=ORIENTED_EDGE('',*,*,#855,.F.);
#1103=ORIENTED_EDGE('',*,*,#856,.F.);
#1104=ORIENTED_EDGE('',*,*,#857,.T.);
#1105=ORIENTED_EDGE('',*,*,#858,.F.);
#1106=ORIENTED_EDGE('',*,*,#859,.F.);
#1107=ORIENTED_EDGE('',*,*,#860,.F.);
#1108=ORIENTED_EDGE('',*,*,#861,.F.);
#1109=ORIENTED_EDGE('',*,*,#862,.F.);
#1110=ORIENTED_EDGE('',*,*,#863,.F.);
#1111=ORIENTED_EDGE('',*,*,#864,.F.);
#1112=ORIENTED_EDGE('',*,*,#865,.F.);
#1113=ORIENTED_EDGE('',*,*,#866,.F.);
#1114=ORIENTED_EDGE('',*,*,#867,.F.);
#1115=ORIENTED_EDGE('',*,*,#852,.F.);
#1116=ORIENTED_EDGE('',*,*,#837,.F.);
#1117=ORIENTED_EDGE('',*,*,#827,.T.);
#1118=ORIENTED_EDGE('',*,*,#836,.F.);
#1119=ORIENTED_EDGE('',*,*,#831,.T.);
#1120=ORIENTED_EDGE('',*,*,#833,.T.);
#1121=ORIENTED_EDGE('',*,*,#835,.F.);
#1122=ORIENTED_EDGE('',*,*,#834,.F.);
#1123=ORIENTED_EDGE('',*,*,#868,.T.);
#1124=ORIENTED_EDGE('',*,*,#869,.F.);
#1125=ORIENTED_EDGE('',*,*,#870,.T.);
#1126=ORIENTED_EDGE('',*,*,#871,.F.);
#1127=ORIENTED_EDGE('',*,*,#870,.F.);
#1128=ORIENTED_EDGE('',*,*,#872,.T.);
#1129=ORIENTED_EDGE('',*,*,#873,.F.);
#1130=ORIENTED_EDGE('',*,*,#874,.F.);
#1131=ORIENTED_EDGE('',*,*,#850,.F.);
#1132=ORIENTED_EDGE('',*,*,#875,.T.);
#1133=ORIENTED_EDGE('',*,*,#876,.F.);
#1134=ORIENTED_EDGE('',*,*,#877,.F.);
#1135=ORIENTED_EDGE('',*,*,#862,.T.);
#1136=ORIENTED_EDGE('',*,*,#878,.F.);
#1137=ORIENTED_EDGE('',*,*,#879,.F.);
#1138=ORIENTED_EDGE('',*,*,#880,.F.);
#1139=ORIENTED_EDGE('',*,*,#881,.F.);
#1140=ORIENTED_EDGE('',*,*,#865,.T.);
#1141=ORIENTED_EDGE('',*,*,#882,.F.);
#1142=ORIENTED_EDGE('',*,*,#883,.F.);
#1143=ORIENTED_EDGE('',*,*,#884,.F.);
#1144=ORIENTED_EDGE('',*,*,#885,.F.);
#1145=ORIENTED_EDGE('',*,*,#848,.F.);
#1146=ORIENTED_EDGE('',*,*,#886,.T.);
#1147=ORIENTED_EDGE('',*,*,#887,.F.);
#1148=ORIENTED_EDGE('',*,*,#888,.F.);
#1149=ORIENTED_EDGE('',*,*,#844,.F.);
#1150=ORIENTED_EDGE('',*,*,#889,.T.);
#1151=ORIENTED_EDGE('',*,*,#890,.F.);
#1152=ORIENTED_EDGE('',*,*,#891,.F.);
#1153=ORIENTED_EDGE('',*,*,#860,.T.);
#1154=ORIENTED_EDGE('',*,*,#892,.T.);
#1155=ORIENTED_EDGE('',*,*,#893,.F.);
#1156=ORIENTED_EDGE('',*,*,#894,.F.);
#1157=ORIENTED_EDGE('',*,*,#895,.F.);
#1158=ORIENTED_EDGE('',*,*,#859,.T.);
#1159=ORIENTED_EDGE('',*,*,#896,.F.);
#1160=ORIENTED_EDGE('',*,*,#897,.F.);
#1161=ORIENTED_EDGE('',*,*,#898,.F.);
#1162=ORIENTED_EDGE('',*,*,#892,.F.);
#1163=ORIENTED_EDGE('',*,*,#842,.F.);
#1164=ORIENTED_EDGE('',*,*,#899,.T.);
#1165=ORIENTED_EDGE('',*,*,#900,.F.);
#1166=ORIENTED_EDGE('',*,*,#901,.F.);
#1167=ORIENTED_EDGE('',*,*,#857,.F.);
#1168=ORIENTED_EDGE('',*,*,#902,.F.);
#1169=ORIENTED_EDGE('',*,*,#903,.T.);
#1170=ORIENTED_EDGE('',*,*,#904,.F.);
#1171=ORIENTED_EDGE('',*,*,#905,.T.);
#1172=ORIENTED_EDGE('',*,*,#906,.T.);
#1173=ORIENTED_EDGE('',*,*,#883,.T.);
#1174=ORIENTED_EDGE('',*,*,#907,.F.);
#1175=ORIENTED_EDGE('',*,*,#906,.F.);
#1176=ORIENTED_EDGE('',*,*,#908,.T.);
#1177=ORIENTED_EDGE('',*,*,#880,.T.);
#1178=ORIENTED_EDGE('',*,*,#909,.F.);
#1179=ORIENTED_EDGE('',*,*,#893,.T.);
#1180=ORIENTED_EDGE('',*,*,#898,.T.);
#1181=ORIENTED_EDGE('',*,*,#910,.F.);
#1182=ORIENTED_EDGE('',*,*,#911,.T.);
#1183=ORIENTED_EDGE('',*,*,#912,.T.);
#1184=ORIENTED_EDGE('',*,*,#913,.F.);
#1185=ORIENTED_EDGE('',*,*,#914,.T.);
#1186=ORIENTED_EDGE('',*,*,#884,.T.);
#1187=ORIENTED_EDGE('',*,*,#807,.T.);
#1188=ORIENTED_EDGE('',*,*,#810,.T.);
#1189=ORIENTED_EDGE('',*,*,#815,.T.);
#1190=ORIENTED_EDGE('',*,*,#820,.T.);
#1191=ORIENTED_EDGE('',*,*,#824,.T.);
#1192=ORIENTED_EDGE('',*,*,#829,.T.);
#1193=ORIENTED_EDGE('',*,*,#863,.T.);
#1194=ORIENTED_EDGE('',*,*,#881,.T.);
#1195=ORIENTED_EDGE('',*,*,#908,.F.);
#1196=ORIENTED_EDGE('',*,*,#905,.F.);
#1197=ORIENTED_EDGE('',*,*,#915,.F.);
#1198=ORIENTED_EDGE('',*,*,#894,.T.);
#1199=ORIENTED_EDGE('',*,*,#909,.T.);
#1200=ORIENTED_EDGE('',*,*,#879,.T.);
#1201=ORIENTED_EDGE('',*,*,#916,.F.);
#1202=ORIENTED_EDGE('',*,*,#917,.T.);
#1203=ORIENTED_EDGE('',*,*,#910,.T.);
#1204=ORIENTED_EDGE('',*,*,#897,.T.);
#1205=ORIENTED_EDGE('',*,*,#918,.F.);
#1206=ORIENTED_EDGE('',*,*,#903,.F.);
#1207=ORIENTED_EDGE('',*,*,#919,.F.);
#1208=ORIENTED_EDGE('',*,*,#855,.T.);
#1209=ORIENTED_EDGE('',*,*,#920,.T.);
#1210=ORIENTED_EDGE('',*,*,#911,.F.);
#1211=ORIENTED_EDGE('',*,*,#917,.F.);
#1212=ORIENTED_EDGE('',*,*,#921,.F.);
#1213=ORIENTED_EDGE('',*,*,#922,.T.);
#1214=ORIENTED_EDGE('',*,*,#913,.T.);
#1215=ORIENTED_EDGE('',*,*,#923,.T.);
#1216=ORIENTED_EDGE('',*,*,#924,.F.);
#1217=ORIENTED_EDGE('',*,*,#866,.T.);
#1218=ORIENTED_EDGE('',*,*,#885,.T.);
#1219=ORIENTED_EDGE('',*,*,#914,.F.);
#1220=ORIENTED_EDGE('',*,*,#922,.F.);
#1221=ORIENTED_EDGE('',*,*,#925,.F.);
#1222=ORIENTED_EDGE('',*,*,#854,.T.);
#1223=ORIENTED_EDGE('',*,*,#926,.F.);
#1224=ORIENTED_EDGE('',*,*,#923,.F.);
#1225=ORIENTED_EDGE('',*,*,#912,.F.);
#1226=ORIENTED_EDGE('',*,*,#920,.F.);
#1227=ORIENTED_EDGE('',*,*,#921,.T.);
#1228=ORIENTED_EDGE('',*,*,#927,.F.);
#1229=ORIENTED_EDGE('',*,*,#899,.F.);
#1230=ORIENTED_EDGE('',*,*,#928,.T.);
#1231=ORIENTED_EDGE('',*,*,#904,.T.);
#1232=ORIENTED_EDGE('',*,*,#929,.F.);
#1233=ORIENTED_EDGE('',*,*,#902,.T.);
#1234=ORIENTED_EDGE('',*,*,#930,.T.);
#1235=ORIENTED_EDGE('',*,*,#896,.T.);
#1236=ORIENTED_EDGE('',*,*,#931,.T.);
#1237=ORIENTED_EDGE('',*,*,#932,.T.);
#1238=ORIENTED_EDGE('',*,*,#933,.F.);
#1239=ORIENTED_EDGE('',*,*,#915,.T.);
#1240=ORIENTED_EDGE('',*,*,#934,.F.);
#1241=ORIENTED_EDGE('',*,*,#872,.F.);
#1242=ORIENTED_EDGE('',*,*,#935,.T.);
#1243=ORIENTED_EDGE('',*,*,#882,.T.);
#1244=ORIENTED_EDGE('',*,*,#936,.T.);
#1245=ORIENTED_EDGE('',*,*,#877,.T.);
#1246=ORIENTED_EDGE('',*,*,#937,.F.);
#1247=ORIENTED_EDGE('',*,*,#895,.T.);
#1248=ORIENTED_EDGE('',*,*,#938,.F.);
#1249=ORIENTED_EDGE('',*,*,#939,.F.);
#1250=ORIENTED_EDGE('',*,*,#940,.T.);
#1251=ORIENTED_EDGE('',*,*,#878,.T.);
#1252=ORIENTED_EDGE('',*,*,#941,.T.);
#1253=ORIENTED_EDGE('',*,*,#942,.T.);
#1254=ORIENTED_EDGE('',*,*,#943,.F.);
#1255=ORIENTED_EDGE('',*,*,#925,.T.);
#1256=ORIENTED_EDGE('',*,*,#944,.F.);
#1257=ORIENTED_EDGE('',*,*,#886,.F.);
#1258=ORIENTED_EDGE('',*,*,#945,.T.);
#1259=ORIENTED_EDGE('',*,*,#926,.T.);
#1260=ORIENTED_EDGE('',*,*,#946,.T.);
#1261=ORIENTED_EDGE('',*,*,#891,.T.);
#1262=ORIENTED_EDGE('',*,*,#947,.F.);
#1263=ORIENTED_EDGE('',*,*,#948,.F.);
#1264=ORIENTED_EDGE('',*,*,#949,.T.);
#1265=ORIENTED_EDGE('',*,*,#950,.F.);
#1266=ORIENTED_EDGE('',*,*,#949,.F.);
#1267=ORIENTED_EDGE('',*,*,#951,.F.);
#1268=ORIENTED_EDGE('',*,*,#952,.T.);
#1269=ORIENTED_EDGE('',*,*,#953,.F.);
#1270=ORIENTED_EDGE('',*,*,#952,.F.);
#1271=ORIENTED_EDGE('',*,*,#954,.F.);
#1272=ORIENTED_EDGE('',*,*,#955,.T.);
#1273=ORIENTED_EDGE('',*,*,#956,.F.);
#1274=ORIENTED_EDGE('',*,*,#955,.F.);
#1275=ORIENTED_EDGE('',*,*,#957,.F.);
#1276=ORIENTED_EDGE('',*,*,#958,.T.);
#1277=ORIENTED_EDGE('',*,*,#959,.F.);
#1278=ORIENTED_EDGE('',*,*,#958,.F.);
#1279=ORIENTED_EDGE('',*,*,#960,.F.);
#1280=ORIENTED_EDGE('',*,*,#961,.T.);
#1281=ORIENTED_EDGE('',*,*,#962,.F.);
#1282=ORIENTED_EDGE('',*,*,#961,.F.);
#1283=ORIENTED_EDGE('',*,*,#963,.F.);
#1284=ORIENTED_EDGE('',*,*,#964,.T.);
#1285=ORIENTED_EDGE('',*,*,#965,.F.);
#1286=ORIENTED_EDGE('',*,*,#964,.F.);
#1287=ORIENTED_EDGE('',*,*,#966,.F.);
#1288=ORIENTED_EDGE('',*,*,#967,.T.);
#1289=ORIENTED_EDGE('',*,*,#968,.F.);
#1290=ORIENTED_EDGE('',*,*,#967,.F.);
#1291=ORIENTED_EDGE('',*,*,#969,.F.);
#1292=ORIENTED_EDGE('',*,*,#970,.T.);
#1293=ORIENTED_EDGE('',*,*,#971,.F.);
#1294=ORIENTED_EDGE('',*,*,#970,.F.);
#1295=ORIENTED_EDGE('',*,*,#972,.T.);
#1296=ORIENTED_EDGE('',*,*,#901,.T.);
#1297=ORIENTED_EDGE('',*,*,#973,.F.);
#1298=ORIENTED_EDGE('',*,*,#889,.F.);
#1299=ORIENTED_EDGE('',*,*,#974,.T.);
#1300=ORIENTED_EDGE('',*,*,#888,.T.);
#1301=ORIENTED_EDGE('',*,*,#975,.F.);
#1302=ORIENTED_EDGE('',*,*,#875,.F.);
#1303=ORIENTED_EDGE('',*,*,#976,.T.);
#1304=ORIENTED_EDGE('',*,*,#874,.T.);
#1305=ORIENTED_EDGE('',*,*,#977,.F.);
#1306=ORIENTED_EDGE('',*,*,#978,.F.);
#1307=ORIENTED_EDGE('',*,*,#868,.F.);
#1308=ORIENTED_EDGE('',*,*,#978,.T.);
#1309=ORIENTED_EDGE('',*,*,#979,.F.);
#1310=ORIENTED_EDGE('',*,*,#942,.F.);
#1311=ORIENTED_EDGE('',*,*,#846,.F.);
#1312=ORIENTED_EDGE('',*,*,#939,.T.);
#1313=ORIENTED_EDGE('',*,*,#980,.F.);
#1314=ORIENTED_EDGE('',*,*,#981,.F.);
#1315=ORIENTED_EDGE('',*,*,#982,.T.);
#1316=ORIENTED_EDGE('',*,*,#981,.T.);
#1317=ORIENTED_EDGE('',*,*,#983,.F.);
#1318=ORIENTED_EDGE('',*,*,#984,.F.);
#1319=ORIENTED_EDGE('',*,*,#840,.F.);
#1320=ORIENTED_EDGE('',*,*,#984,.T.);
#1321=ORIENTED_EDGE('',*,*,#985,.F.);
#1322=ORIENTED_EDGE('',*,*,#932,.F.);
#1323=ORIENTED_EDGE('',*,*,#986,.T.);
#1324=ORIENTED_EDGE('',*,*,#987,.T.);
#1325=ORIENTED_EDGE('',*,*,#988,.F.);
#1326=ORIENTED_EDGE('',*,*,#989,.F.);
#1327=ORIENTED_EDGE('',*,*,#990,.T.);
#1328=ORIENTED_EDGE('',*,*,#989,.T.);
#1329=ORIENTED_EDGE('',*,*,#991,.F.);
#1330=ORIENTED_EDGE('',*,*,#992,.F.);
#1331=ORIENTED_EDGE('',*,*,#993,.T.);
#1332=ORIENTED_EDGE('',*,*,#992,.T.);
#1333=ORIENTED_EDGE('',*,*,#994,.F.);
#1334=ORIENTED_EDGE('',*,*,#995,.F.);
#1335=ORIENTED_EDGE('',*,*,#996,.T.);
#1336=ORIENTED_EDGE('',*,*,#995,.T.);
#1337=ORIENTED_EDGE('',*,*,#997,.F.);
#1338=ORIENTED_EDGE('',*,*,#998,.F.);
#1339=ORIENTED_EDGE('',*,*,#999,.T.);
#1340=ORIENTED_EDGE('',*,*,#998,.T.);
#1341=ORIENTED_EDGE('',*,*,#1000,.F.);
#1342=ORIENTED_EDGE('',*,*,#1001,.F.);
#1343=ORIENTED_EDGE('',*,*,#1002,.T.);
#1344=ORIENTED_EDGE('',*,*,#1001,.T.);
#1345=ORIENTED_EDGE('',*,*,#1003,.F.);
#1346=ORIENTED_EDGE('',*,*,#1004,.F.);
#1347=ORIENTED_EDGE('',*,*,#1005,.T.);
#1348=ORIENTED_EDGE('',*,*,#1004,.T.);
#1349=ORIENTED_EDGE('',*,*,#1006,.F.);
#1350=ORIENTED_EDGE('',*,*,#1007,.F.);
#1351=ORIENTED_EDGE('',*,*,#1008,.T.);
#1352=ORIENTED_EDGE('',*,*,#1007,.T.);
#1353=ORIENTED_EDGE('',*,*,#1009,.F.);
#1354=ORIENTED_EDGE('',*,*,#1010,.F.);
#1355=ORIENTED_EDGE('',*,*,#1011,.T.);
#1356=ORIENTED_EDGE('',*,*,#1010,.T.);
#1357=ORIENTED_EDGE('',*,*,#1012,.F.);
#1358=ORIENTED_EDGE('',*,*,#1013,.F.);
#1359=ORIENTED_EDGE('',*,*,#1014,.T.);
#1360=ORIENTED_EDGE('',*,*,#1013,.T.);
#1361=ORIENTED_EDGE('',*,*,#1015,.F.);
#1362=ORIENTED_EDGE('',*,*,#1016,.F.);
#1363=ORIENTED_EDGE('',*,*,#1017,.T.);
#1364=ORIENTED_EDGE('',*,*,#1016,.T.);
#1365=ORIENTED_EDGE('',*,*,#1018,.F.);
#1366=ORIENTED_EDGE('',*,*,#1019,.F.);
#1367=ORIENTED_EDGE('',*,*,#1020,.T.);
#1368=ORIENTED_EDGE('',*,*,#1019,.T.);
#1369=ORIENTED_EDGE('',*,*,#1021,.F.);
#1370=ORIENTED_EDGE('',*,*,#1022,.F.);
#1371=ORIENTED_EDGE('',*,*,#1023,.T.);
#1372=ORIENTED_EDGE('',*,*,#1022,.T.);
#1373=ORIENTED_EDGE('',*,*,#1024,.F.);
#1374=ORIENTED_EDGE('',*,*,#1025,.F.);
#1375=ORIENTED_EDGE('',*,*,#1026,.T.);
#1376=ORIENTED_EDGE('',*,*,#1025,.T.);
#1377=ORIENTED_EDGE('',*,*,#1027,.F.);
#1378=ORIENTED_EDGE('',*,*,#1028,.F.);
#1379=ORIENTED_EDGE('',*,*,#1029,.T.);
#1380=ORIENTED_EDGE('',*,*,#1028,.T.);
#1381=ORIENTED_EDGE('',*,*,#1030,.F.);
#1382=ORIENTED_EDGE('',*,*,#1031,.F.);
#1383=ORIENTED_EDGE('',*,*,#1032,.T.);
#1384=ORIENTED_EDGE('',*,*,#1031,.T.);
#1385=ORIENTED_EDGE('',*,*,#1033,.F.);
#1386=ORIENTED_EDGE('',*,*,#987,.F.);
#1387=ORIENTED_EDGE('',*,*,#1033,.T.);
#1388=ORIENTED_EDGE('',*,*,#1030,.T.);
#1389=ORIENTED_EDGE('',*,*,#1027,.T.);
#1390=ORIENTED_EDGE('',*,*,#1024,.T.);
#1391=ORIENTED_EDGE('',*,*,#1021,.T.);
#1392=ORIENTED_EDGE('',*,*,#1018,.T.);
#1393=ORIENTED_EDGE('',*,*,#1015,.T.);
#1394=ORIENTED_EDGE('',*,*,#1012,.T.);
#1395=ORIENTED_EDGE('',*,*,#1009,.T.);
#1396=ORIENTED_EDGE('',*,*,#1006,.T.);
#1397=ORIENTED_EDGE('',*,*,#1003,.T.);
#1398=ORIENTED_EDGE('',*,*,#1000,.T.);
#1399=ORIENTED_EDGE('',*,*,#997,.T.);
#1400=ORIENTED_EDGE('',*,*,#994,.T.);
#1401=ORIENTED_EDGE('',*,*,#991,.T.);
#1402=ORIENTED_EDGE('',*,*,#988,.T.);
#1403=ORIENTED_EDGE('',*,*,#950,.T.);
#1404=ORIENTED_EDGE('',*,*,#953,.T.);
#1405=ORIENTED_EDGE('',*,*,#956,.T.);
#1406=ORIENTED_EDGE('',*,*,#959,.T.);
#1407=ORIENTED_EDGE('',*,*,#962,.T.);
#1408=ORIENTED_EDGE('',*,*,#965,.T.);
#1409=ORIENTED_EDGE('',*,*,#968,.T.);
#1410=ORIENTED_EDGE('',*,*,#971,.T.);
#1411=ORIENTED_EDGE('',*,*,#927,.T.);
#1412=ORIENTED_EDGE('',*,*,#919,.T.);
#1413=ORIENTED_EDGE('',*,*,#929,.T.);
#1414=ORIENTED_EDGE('',*,*,#918,.T.);
#1415=ORIENTED_EDGE('',*,*,#933,.T.);
#1416=ORIENTED_EDGE('',*,*,#985,.T.);
#1417=ORIENTED_EDGE('',*,*,#983,.T.);
#1418=ORIENTED_EDGE('',*,*,#980,.T.);
#1419=ORIENTED_EDGE('',*,*,#938,.T.);
#1420=ORIENTED_EDGE('',*,*,#916,.T.);
#1421=ORIENTED_EDGE('',*,*,#943,.T.);
#1422=ORIENTED_EDGE('',*,*,#979,.T.);
#1423=ORIENTED_EDGE('',*,*,#977,.T.);
#1424=ORIENTED_EDGE('',*,*,#873,.T.);
#1425=ORIENTED_EDGE('',*,*,#934,.T.);
#1426=ORIENTED_EDGE('',*,*,#907,.T.);
#1427=ORIENTED_EDGE('',*,*,#937,.T.);
#1428=ORIENTED_EDGE('',*,*,#876,.T.);
#1429=ORIENTED_EDGE('',*,*,#975,.T.);
#1430=ORIENTED_EDGE('',*,*,#887,.T.);
#1431=ORIENTED_EDGE('',*,*,#944,.T.);
#1432=ORIENTED_EDGE('',*,*,#924,.T.);
#1433=ORIENTED_EDGE('',*,*,#947,.T.);
#1434=ORIENTED_EDGE('',*,*,#890,.T.);
#1435=ORIENTED_EDGE('',*,*,#973,.T.);
#1436=ORIENTED_EDGE('',*,*,#900,.T.);
#1437=ORIENTED_EDGE('',*,*,#1032,.F.);
#1438=ORIENTED_EDGE('',*,*,#986,.F.);
#1439=ORIENTED_EDGE('',*,*,#990,.F.);
#1440=ORIENTED_EDGE('',*,*,#993,.F.);
#1441=ORIENTED_EDGE('',*,*,#996,.F.);
#1442=ORIENTED_EDGE('',*,*,#999,.F.);
#1443=ORIENTED_EDGE('',*,*,#1002,.F.);
#1444=ORIENTED_EDGE('',*,*,#1005,.F.);
#1445=ORIENTED_EDGE('',*,*,#1008,.F.);
#1446=ORIENTED_EDGE('',*,*,#1011,.F.);
#1447=ORIENTED_EDGE('',*,*,#1014,.F.);
#1448=ORIENTED_EDGE('',*,*,#1017,.F.);
#1449=ORIENTED_EDGE('',*,*,#1020,.F.);
#1450=ORIENTED_EDGE('',*,*,#1023,.F.);
#1451=ORIENTED_EDGE('',*,*,#1026,.F.);
#1452=ORIENTED_EDGE('',*,*,#1029,.F.);
#1453=ORIENTED_EDGE('',*,*,#871,.T.);
#1454=ORIENTED_EDGE('',*,*,#976,.F.);
#1455=ORIENTED_EDGE('',*,*,#869,.T.);
#1456=ORIENTED_EDGE('',*,*,#941,.F.);
#1457=ORIENTED_EDGE('',*,*,#861,.T.);
#1458=ORIENTED_EDGE('',*,*,#940,.F.);
#1459=ORIENTED_EDGE('',*,*,#847,.T.);
#1460=ORIENTED_EDGE('',*,*,#982,.F.);
#1461=ORIENTED_EDGE('',*,*,#841,.T.);
#1462=ORIENTED_EDGE('',*,*,#931,.F.);
#1463=ORIENTED_EDGE('',*,*,#858,.T.);
#1464=ORIENTED_EDGE('',*,*,#930,.F.);
#1465=ORIENTED_EDGE('',*,*,#856,.T.);
#1466=ORIENTED_EDGE('',*,*,#928,.F.);
#1467=ORIENTED_EDGE('',*,*,#843,.T.);
#1468=ORIENTED_EDGE('',*,*,#972,.F.);
#1469=ORIENTED_EDGE('',*,*,#845,.T.);
#1470=ORIENTED_EDGE('',*,*,#946,.F.);
#1471=ORIENTED_EDGE('',*,*,#853,.T.);
#1472=ORIENTED_EDGE('',*,*,#867,.T.);
#1473=ORIENTED_EDGE('',*,*,#945,.F.);
#1474=ORIENTED_EDGE('',*,*,#849,.T.);
#1475=ORIENTED_EDGE('',*,*,#974,.F.);
#1476=ORIENTED_EDGE('',*,*,#851,.T.);
#1477=ORIENTED_EDGE('',*,*,#936,.F.);
#1478=ORIENTED_EDGE('',*,*,#864,.T.);
#1479=ORIENTED_EDGE('',*,*,#935,.F.);
#1480=ORIENTED_EDGE('',*,*,#948,.T.);
#1481=ORIENTED_EDGE('',*,*,#951,.T.);
#1482=ORIENTED_EDGE('',*,*,#954,.T.);
#1483=ORIENTED_EDGE('',*,*,#957,.T.);
#1484=ORIENTED_EDGE('',*,*,#960,.T.);
#1485=ORIENTED_EDGE('',*,*,#963,.T.);
#1486=ORIENTED_EDGE('',*,*,#966,.T.);
#1487=ORIENTED_EDGE('',*,*,#969,.T.);
#1488=CYLINDRICAL_SURFACE('',#1640,1.6);
#1489=CYLINDRICAL_SURFACE('',#1643,1.6);
#1490=CYLINDRICAL_SURFACE('',#1646,1.6);
#1491=CYLINDRICAL_SURFACE('',#1650,1.6);
#1492=CYLINDRICAL_SURFACE('',#1654,1.6);
#1493=CYLINDRICAL_SURFACE('',#1658,1.6);
#1494=CYLINDRICAL_SURFACE('',#1691,4.);
#1495=CYLINDRICAL_SURFACE('',#1693,4.);
#1496=CYLINDRICAL_SURFACE('',#1697,4.);
#1497=CYLINDRICAL_SURFACE('',#1699,4.);
#1498=CYLINDRICAL_SURFACE('',#1703,4.);
#1499=CYLINDRICAL_SURFACE('',#1705,15.0000000000001);
#1500=CYLINDRICAL_SURFACE('',#1724,70.5);
#1501=CYLINDRICAL_SURFACE('',#1727,70.5);
#1502=CYLINDRICAL_SURFACE('',#1730,70.5);
#1503=CYLINDRICAL_SURFACE('',#1733,70.5);
#1504=CYLINDRICAL_SURFACE('',#1736,70.5);
#1505=CYLINDRICAL_SURFACE('',#1739,70.5);
#1506=CYLINDRICAL_SURFACE('',#1742,70.5);
#1507=CYLINDRICAL_SURFACE('',#1745,70.5);
#1508=CYLINDRICAL_SURFACE('',#1748,70.5);
#1509=CYLINDRICAL_SURFACE('',#1751,1.6);
#1510=CYLINDRICAL_SURFACE('',#1754,1.6);
#1511=CYLINDRICAL_SURFACE('',#1757,1.6);
#1512=CYLINDRICAL_SURFACE('',#1760,1.6);
#1513=CYLINDRICAL_SURFACE('',#1763,1.6);
#1514=CYLINDRICAL_SURFACE('',#1766,1.6);
#1515=CYLINDRICAL_SURFACE('',#1769,1.6);
#1516=CYLINDRICAL_SURFACE('',#1772,1.6);
#1517=CYLINDRICAL_SURFACE('',#1775,70.5);
#1518=CYLINDRICAL_SURFACE('',#1778,70.5);
#1519=CYLINDRICAL_SURFACE('',#1781,70.5);
#1520=CYLINDRICAL_SURFACE('',#1784,4.);
#1521=CYLINDRICAL_SURFACE('',#1786,4.);
#1522=CYLINDRICAL_SURFACE('',#1788,70.5);
#1523=CYLINDRICAL_SURFACE('',#1791,4.);
#1524=CYLINDRICAL_SURFACE('',#1793,75.);
#1525=CYLINDRICAL_SURFACE('',#1796,4.);
#1526=CYLINDRICAL_SURFACE('',#1799,75.);
#1527=CYLINDRICAL_SURFACE('',#1802,4.);
#1528=CYLINDRICAL_SURFACE('',#1805,75.);
#1529=CYLINDRICAL_SURFACE('',#1808,4.);
#1530=CYLINDRICAL_SURFACE('',#1811,75.);
#1531=CYLINDRICAL_SURFACE('',#1814,4.);
#1532=CYLINDRICAL_SURFACE('',#1817,75.);
#1533=CYLINDRICAL_SURFACE('',#1820,4.);
#1534=CYLINDRICAL_SURFACE('',#1823,75.);
#1535=CYLINDRICAL_SURFACE('',#1826,4.);
#1536=CYLINDRICAL_SURFACE('',#1829,75.);
#1537=CYLINDRICAL_SURFACE('',#1832,4.);
#1538=CYLINDRICAL_SURFACE('',#1835,75.);
#1539=CYLINDRICAL_SURFACE('',#1838,4.);
#1540=ADVANCED_FACE('',(#216),#1488,.F.);
#1541=ADVANCED_FACE('',(#217),#1489,.F.);
#1542=ADVANCED_FACE('',(#218),#1490,.F.);
#1543=ADVANCED_FACE('',(#219),#1491,.F.);
#1544=ADVANCED_FACE('',(#220),#1492,.F.);
#1545=ADVANCED_FACE('',(#221),#1493,.F.);
#1546=ADVANCED_FACE('',(#222),#188,.F.);
#1547=ADVANCED_FACE('',(#223),#175,.F.);
#1548=ADVANCED_FACE('',(#224),#176,.F.);
#1549=ADVANCED_FACE('',(#225),#177,.F.);
#1550=ADVANCED_FACE('',(#226),#178,.F.);
#1551=ADVANCED_FACE('',(#227),#179,.F.);
#1552=ADVANCED_FACE('',(#228),#180,.F.);
#1553=ADVANCED_FACE('',(#229),#181,.F.);
#1554=ADVANCED_FACE('',(#230),#182,.F.);
#1555=ADVANCED_FACE('',(#231),#183,.F.);
#1556=ADVANCED_FACE('',(#232),#1494,.T.);
#1557=ADVANCED_FACE('',(#233),#1495,.T.);
#1558=ADVANCED_FACE('',(#234),#189,.T.);
#1559=ADVANCED_FACE('',(#235),#190,.T.);
#1560=ADVANCED_FACE('',(#236),#1496,.T.);
#1561=ADVANCED_FACE('',(#237),#1497,.T.);
#1562=ADVANCED_FACE('',(#238),#191,.T.);
#1563=ADVANCED_FACE('',(#239),#192,.T.);
#1564=ADVANCED_FACE('',(#240),#1498,.T.);
#1565=ADVANCED_FACE('',(#241),#1499,.F.);
#1566=ADVANCED_FACE('',(#242),#184,.T.);
#1567=ADVANCED_FACE('',(#243,#135,#136,#137,#138,#139,#140),#193,.T.);
#1568=ADVANCED_FACE('',(#244),#194,.T.);
#1569=ADVANCED_FACE('',(#245),#185,.T.);
#1570=ADVANCED_FACE('',(#246),#186,.T.);
#1571=ADVANCED_FACE('',(#247),#195,.T.);
#1572=ADVANCED_FACE('',(#248),#187,.T.);
#1573=ADVANCED_FACE('',(#249),#196,.T.);
#1574=ADVANCED_FACE('',(#250),#197,.T.);
#1575=ADVANCED_FACE('',(#251),#1500,.F.);
#1576=ADVANCED_FACE('',(#252),#1501,.F.);
#1577=ADVANCED_FACE('',(#253),#1502,.F.);
#1578=ADVANCED_FACE('',(#254),#1503,.F.);
#1579=ADVANCED_FACE('',(#255),#1504,.F.);
#1580=ADVANCED_FACE('',(#256),#1505,.F.);
#1581=ADVANCED_FACE('',(#257),#1506,.F.);
#1582=ADVANCED_FACE('',(#258),#1507,.F.);
#1583=ADVANCED_FACE('',(#259),#1508,.F.);
#1584=ADVANCED_FACE('',(#260),#1509,.F.);
#1585=ADVANCED_FACE('',(#261),#1510,.F.);
#1586=ADVANCED_FACE('',(#262),#1511,.F.);
#1587=ADVANCED_FACE('',(#263),#1512,.F.);
#1588=ADVANCED_FACE('',(#264),#1513,.F.);
#1589=ADVANCED_FACE('',(#265),#1514,.F.);
#1590=ADVANCED_FACE('',(#266),#1515,.F.);
#1591=ADVANCED_FACE('',(#267),#1516,.F.);
#1592=ADVANCED_FACE('',(#268),#1517,.F.);
#1593=ADVANCED_FACE('',(#269),#1518,.F.);
#1594=ADVANCED_FACE('',(#270),#1519,.F.);
#1595=ADVANCED_FACE('',(#271),#1520,.T.);
#1596=ADVANCED_FACE('',(#272),#1521,.T.);
#1597=ADVANCED_FACE('',(#273),#1522,.F.);
#1598=ADVANCED_FACE('',(#274),#1523,.T.);
#1599=ADVANCED_FACE('',(#275),#1524,.T.);
#1600=ADVANCED_FACE('',(#276),#1525,.T.);
#1601=ADVANCED_FACE('',(#277),#1526,.T.);
#1602=ADVANCED_FACE('',(#278),#1527,.T.);
#1603=ADVANCED_FACE('',(#279),#1528,.T.);
#1604=ADVANCED_FACE('',(#280),#1529,.T.);
#1605=ADVANCED_FACE('',(#281),#1530,.T.);
#1606=ADVANCED_FACE('',(#282),#1531,.T.);
#1607=ADVANCED_FACE('',(#283),#1532,.T.);
#1608=ADVANCED_FACE('',(#284),#1533,.T.);
#1609=ADVANCED_FACE('',(#285),#1534,.T.);
#1610=ADVANCED_FACE('',(#286),#1535,.T.);
#1611=ADVANCED_FACE('',(#287),#1536,.T.);
#1612=ADVANCED_FACE('',(#288),#1537,.T.);
#1613=ADVANCED_FACE('',(#289),#1538,.T.);
#1614=ADVANCED_FACE('',(#290),#1539,.T.);
#1615=ADVANCED_FACE('',(#291,#141,#142,#143,#144,#145,#146,#147,#148,#149),
#198,.T.);
#1616=ADVANCED_FACE('',(#292,#150,#151,#152,#153,#154,#155,#156,#157,#158),
#199,.F.);
#1617=CLOSED_SHELL('',(#1540,#1541,#1542,#1543,#1544,#1545,#1546,#1547,
#1548,#1549,#1550,#1551,#1552,#1553,#1554,#1555,#1556,#1557,#1558,#1559,
#1560,#1561,#1562,#1563,#1564,#1565,#1566,#1567,#1568,#1569,#1570,#1571,
#1572,#1573,#1574,#1575,#1576,#1577,#1578,#1579,#1580,#1581,#1582,#1583,
#1584,#1585,#1586,#1587,#1588,#1589,#1590,#1591,#1592,#1593,#1594,#1595,
#1596,#1597,#1598,#1599,#1600,#1601,#1602,#1603,#1604,#1605,#1606,#1607,
#1608,#1609,#1610,#1611,#1612,#1613,#1614,#1615,#1616));
#1618=DERIVED_UNIT_ELEMENT(#1621,1.);
#1619=DERIVED_UNIT_ELEMENT(#3222,-3.);
#1620=DIMENSIONAL_EXPONENTS(0.,1.,0.,0.,0.,0.,0.);
#1621=(
CONVERSION_BASED_UNIT('gram',#1623)
MASS_UNIT()
NAMED_UNIT(#1620)
);
#1622=(
MASS_UNIT()
NAMED_UNIT(*)
SI_UNIT(.KILO.,.GRAM.)
);
#1623=MASS_MEASURE_WITH_UNIT(MASS_MEASURE(0.001),#1622);
#1624=DERIVED_UNIT((#1618,#1619));
#1625=MEASURE_REPRESENTATION_ITEM('density measure',
POSITIVE_RATIO_MEASURE(1.),#1624);
#1626=PROPERTY_DEFINITION_REPRESENTATION(#1631,#1628);
#1627=PROPERTY_DEFINITION_REPRESENTATION(#1632,#1629);
#1628=REPRESENTATION('material name',(#1630),#3219);
#1629=REPRESENTATION('density',(#1625),#3219);
#1630=DESCRIPTIVE_REPRESENTATION_ITEM('Generic','Generic');
#1631=PROPERTY_DEFINITION('material property','material name',#3229);
#1632=PROPERTY_DEFINITION('material property','density of part',#3229);
#1633=DATE_TIME_ROLE('creation_date');
#1634=APPLIED_DATE_AND_TIME_ASSIGNMENT(#1635,#1633,(#3229));
#1635=DATE_AND_TIME(#1636,#1637);
#1636=CALENDAR_DATE(2026,3,5);
#1637=LOCAL_TIME(0,0,0.,#1638);
#1638=COORDINATED_UNIVERSAL_TIME_OFFSET(0,0,.BEHIND.);
#1639=AXIS2_PLACEMENT_3D('',#2353,#1854,#1855);
#1640=AXIS2_PLACEMENT_3D('',#2354,#1856,#1857);
#1641=AXIS2_PLACEMENT_3D('',#2356,#1858,#1859);
#1642=AXIS2_PLACEMENT_3D('',#2359,#1861,#1862);
#1643=AXIS2_PLACEMENT_3D('',#2360,#1863,#1864);
#1644=AXIS2_PLACEMENT_3D('',#2362,#1865,#1866);
#1645=AXIS2_PLACEMENT_3D('',#2373,#1868,#1869);
#1646=AXIS2_PLACEMENT_3D('',#2390,#1870,#1871);
#1647=AXIS2_PLACEMENT_3D('',#2392,#1872,#1873);
#1648=AXIS2_PLACEMENT_3D('',#2396,#1875,#1876);
#1649=AXIS2_PLACEMENT_3D('',#2416,#1877,#1878);
#1650=AXIS2_PLACEMENT_3D('',#2417,#1879,#1880);
#1651=AXIS2_PLACEMENT_3D('',#2419,#1881,#1882);
#1652=AXIS2_PLACEMENT_3D('',#2423,#1884,#1885);
#1653=AXIS2_PLACEMENT_3D('',#2424,#1886,#1887);
#1654=AXIS2_PLACEMENT_3D('',#2425,#1888,#1889);
#1655=AXIS2_PLACEMENT_3D('',#2427,#1890,#1891);
#1656=AXIS2_PLACEMENT_3D('',#2431,#1893,#1894);
#1657=AXIS2_PLACEMENT_3D('',#2451,#1895,#1896);
#1658=AXIS2_PLACEMENT_3D('',#2452,#1897,#1898);
#1659=AXIS2_PLACEMENT_3D('',#2454,#1899,#1900);
#1660=AXIS2_PLACEMENT_3D('',#2475,#1902,#1903);
#1661=AXIS2_PLACEMENT_3D('',#2482,#1904,#1905);
#1662=AXIS2_PLACEMENT_3D('',#2483,#1906,#1907);
#1663=AXIS2_PLACEMENT_3D('',#2484,#1908,#1909);
#1664=AXIS2_PLACEMENT_3D('',#2485,#1910,#1911);
#1665=AXIS2_PLACEMENT_3D('',#2486,#1912,#1913);
#1666=AXIS2_PLACEMENT_3D('',#2487,#1914,#1915);
#1667=AXIS2_PLACEMENT_3D('',#2488,#1916,#1917);
#1668=AXIS2_PLACEMENT_3D('',#2489,#1918,#1919);
#1669=AXIS2_PLACEMENT_3D('',#2506,#1920,#1921);
#1670=AXIS2_PLACEMENT_3D('',#2507,#1922,#1923);
#1671=AXIS2_PLACEMENT_3D('',#2524,#1924,#1925);
#1672=AXIS2_PLACEMENT_3D('',#2525,#1926,#1927);
#1673=AXIS2_PLACEMENT_3D('',#2542,#1928,#1929);
#1674=AXIS2_PLACEMENT_3D('',#2543,#1930,#1931);
#1675=AXIS2_PLACEMENT_3D('',#2560,#1932,#1933);
#1676=AXIS2_PLACEMENT_3D('',#2561,#1934,#1935);
#1677=AXIS2_PLACEMENT_3D('',#2578,#1936,#1937);
#1678=AXIS2_PLACEMENT_3D('',#2579,#1938,#1939);
#1679=AXIS2_PLACEMENT_3D('',#2596,#1940,#1941);
#1680=AXIS2_PLACEMENT_3D('',#2597,#1942,#1943);
#1681=AXIS2_PLACEMENT_3D('',#2601,#1945,#1946);
#1682=AXIS2_PLACEMENT_3D('',#2611,#1947,#1948);
#1683=AXIS2_PLACEMENT_3D('',#2637,#1949,#1950);
#1684=AXIS2_PLACEMENT_3D('',#2647,#1951,#1952);
#1685=AXIS2_PLACEMENT_3D('',#2657,#1953,#1954);
#1686=AXIS2_PLACEMENT_3D('',#2666,#1955,#1956);
#1687=AXIS2_PLACEMENT_3D('',#2667,#1957,#1958);
#1688=AXIS2_PLACEMENT_3D('',#2684,#1959,#1960);
#1689=AXIS2_PLACEMENT_3D('',#2685,#1961,#1962);
#1690=AXIS2_PLACEMENT_3D('',#2702,#1963,#1964);
#1691=AXIS2_PLACEMENT_3D('',#2703,#1965,#1966);
#1692=AXIS2_PLACEMENT_3D('',#2707,#1968,#1969);
#1693=AXIS2_PLACEMENT_3D('',#2709,#1971,#1972);
#1694=AXIS2_PLACEMENT_3D('',#2713,#1974,#1975);
#1695=AXIS2_PLACEMENT_3D('',#2715,#1977,#1978);
#1696=AXIS2_PLACEMENT_3D('',#2725,#1982,#1983);
#1697=AXIS2_PLACEMENT_3D('',#2735,#1987,#1988);
#1698=AXIS2_PLACEMENT_3D('',#2739,#1990,#1991);
#1699=AXIS2_PLACEMENT_3D('',#2741,#1993,#1994);
#1700=AXIS2_PLACEMENT_3D('',#2745,#1996,#1997);
#1701=AXIS2_PLACEMENT_3D('',#2747,#1999,#2000);
#1702=AXIS2_PLACEMENT_3D('',#2757,#2004,#2005);
#1703=AXIS2_PLACEMENT_3D('',#2765,#2008,#2009);
#1704=AXIS2_PLACEMENT_3D('',#2769,#2011,#2012);
#1705=AXIS2_PLACEMENT_3D('',#2771,#2014,#2015);
#1706=AXIS2_PLACEMENT_3D('',#2799,#2018,#2019);
#1707=AXIS2_PLACEMENT_3D('',#2805,#2020,#2021);
#1708=AXIS2_PLACEMENT_3D('',#2806,#2022,#2023);
#1709=AXIS2_PLACEMENT_3D('',#2807,#2024,#2025);
#1710=AXIS2_PLACEMENT_3D('',#2809,#2027,#2028);
#1711=AXIS2_PLACEMENT_3D('',#2811,#2029,#2030);
#1712=AXIS2_PLACEMENT_3D('',#2817,#2033,#2034);
#1713=AXIS2_PLACEMENT_3D('',#2819,#2036,#2037);
#1714=AXIS2_PLACEMENT_3D('',#2821,#2039,#2040);
#1715=AXIS2_PLACEMENT_3D('',#2822,#2041,#2042);
#1716=AXIS2_PLACEMENT_3D('',#2823,#2043,#2044);
#1717=AXIS2_PLACEMENT_3D('',#2828,#2045,#2046);
#1718=AXIS2_PLACEMENT_3D('',#2829,#2047,#2048);
#1719=AXIS2_PLACEMENT_3D('',#2830,#2049,#2050);
#1720=AXIS2_PLACEMENT_3D('',#2833,#2053,#2054);
#1721=AXIS2_PLACEMENT_3D('',#2842,#2055,#2056);
#1722=AXIS2_PLACEMENT_3D('',#2843,#2057,#2058);
#1723=AXIS2_PLACEMENT_3D('',#2845,#2060,#2061);
#1724=AXIS2_PLACEMENT_3D('',#2847,#2063,#2064);
#1725=AXIS2_PLACEMENT_3D('',#2848,#2065,#2066);
#1726=AXIS2_PLACEMENT_3D('',#2849,#2067,#2068);
#1727=AXIS2_PLACEMENT_3D('',#2850,#2069,#2070);
#1728=AXIS2_PLACEMENT_3D('',#2851,#2071,#2072);
#1729=AXIS2_PLACEMENT_3D('',#2852,#2073,#2074);
#1730=AXIS2_PLACEMENT_3D('',#2853,#2075,#2076);
#1731=AXIS2_PLACEMENT_3D('',#2854,#2077,#2078);
#1732=AXIS2_PLACEMENT_3D('',#2857,#2080,#2081);
#1733=AXIS2_PLACEMENT_3D('',#2858,#2082,#2083);
#1734=AXIS2_PLACEMENT_3D('',#2859,#2084,#2085);
#1735=AXIS2_PLACEMENT_3D('',#2860,#2086,#2087);
#1736=AXIS2_PLACEMENT_3D('',#2861,#2088,#2089);
#1737=AXIS2_PLACEMENT_3D('',#2862,#2090,#2091);
#1738=AXIS2_PLACEMENT_3D('',#2863,#2092,#2093);
#1739=AXIS2_PLACEMENT_3D('',#2864,#2094,#2095);
#1740=AXIS2_PLACEMENT_3D('',#2866,#2096,#2097);
#1741=AXIS2_PLACEMENT_3D('',#2868,#2099,#2100);
#1742=AXIS2_PLACEMENT_3D('',#2869,#2101,#2102);
#1743=AXIS2_PLACEMENT_3D('',#2870,#2103,#2104);
#1744=AXIS2_PLACEMENT_3D('',#2873,#2106,#2107);
#1745=AXIS2_PLACEMENT_3D('',#2874,#2108,#2109);
#1746=AXIS2_PLACEMENT_3D('',#2875,#2110,#2111);
#1747=AXIS2_PLACEMENT_3D('',#2876,#2112,#2113);
#1748=AXIS2_PLACEMENT_3D('',#2877,#2114,#2115);
#1749=AXIS2_PLACEMENT_3D('',#2878,#2116,#2117);
#1750=AXIS2_PLACEMENT_3D('',#2879,#2118,#2119);
#1751=AXIS2_PLACEMENT_3D('',#2880,#2120,#2121);
#1752=AXIS2_PLACEMENT_3D('',#2882,#2122,#2123);
#1753=AXIS2_PLACEMENT_3D('',#2885,#2125,#2126);
#1754=AXIS2_PLACEMENT_3D('',#2886,#2127,#2128);
#1755=AXIS2_PLACEMENT_3D('',#2888,#2129,#2130);
#1756=AXIS2_PLACEMENT_3D('',#2891,#2132,#2133);
#1757=AXIS2_PLACEMENT_3D('',#2892,#2134,#2135);
#1758=AXIS2_PLACEMENT_3D('',#2894,#2136,#2137);
#1759=AXIS2_PLACEMENT_3D('',#2897,#2139,#2140);
#1760=AXIS2_PLACEMENT_3D('',#2898,#2141,#2142);
#1761=AXIS2_PLACEMENT_3D('',#2900,#2143,#2144);
#1762=AXIS2_PLACEMENT_3D('',#2903,#2146,#2147);
#1763=AXIS2_PLACEMENT_3D('',#2904,#2148,#2149);
#1764=AXIS2_PLACEMENT_3D('',#2906,#2150,#2151);
#1765=AXIS2_PLACEMENT_3D('',#2909,#2153,#2154);
#1766=AXIS2_PLACEMENT_3D('',#2910,#2155,#2156);
#1767=AXIS2_PLACEMENT_3D('',#2912,#2157,#2158);
#1768=AXIS2_PLACEMENT_3D('',#2915,#2160,#2161);
#1769=AXIS2_PLACEMENT_3D('',#2916,#2162,#2163);
#1770=AXIS2_PLACEMENT_3D('',#2918,#2164,#2165);
#1771=AXIS2_PLACEMENT_3D('',#2921,#2167,#2168);
#1772=AXIS2_PLACEMENT_3D('',#2922,#2169,#2170);
#1773=AXIS2_PLACEMENT_3D('',#2924,#2171,#2172);
#1774=AXIS2_PLACEMENT_3D('',#2927,#2174,#2175);
#1775=AXIS2_PLACEMENT_3D('',#2928,#2176,#2177);
#1776=AXIS2_PLACEMENT_3D('',#2929,#2178,#2179);
#1777=AXIS2_PLACEMENT_3D('',#2930,#2180,#2181);
#1778=AXIS2_PLACEMENT_3D('',#2931,#2182,#2183);
#1779=AXIS2_PLACEMENT_3D('',#2932,#2184,#2185);
#1780=AXIS2_PLACEMENT_3D('',#2933,#2186,#2187);
#1781=AXIS2_PLACEMENT_3D('',#2934,#2188,#2189);
#1782=AXIS2_PLACEMENT_3D('',#2935,#2190,#2191);
#1783=AXIS2_PLACEMENT_3D('',#2937,#2192,#2193);
#1784=AXIS2_PLACEMENT_3D('',#2939,#2195,#2196);
#1785=AXIS2_PLACEMENT_3D('',#2940,#2197,#2198);
#1786=AXIS2_PLACEMENT_3D('',#2941,#2199,#2200);
#1787=AXIS2_PLACEMENT_3D('',#2943,#2201,#2202);
#1788=AXIS2_PLACEMENT_3D('',#2945,#2204,#2205);
#1789=AXIS2_PLACEMENT_3D('',#2946,#2206,#2207);
#1790=AXIS2_PLACEMENT_3D('',#2948,#2208,#2209);
#1791=AXIS2_PLACEMENT_3D('',#2950,#2211,#2212);
#1792=AXIS2_PLACEMENT_3D('',#2951,#2213,#2214);
#1793=AXIS2_PLACEMENT_3D('',#2952,#2215,#2216);
#1794=AXIS2_PLACEMENT_3D('',#2955,#2217,#2218);
#1795=AXIS2_PLACEMENT_3D('',#2959,#2220,#2221);
#1796=AXIS2_PLACEMENT_3D('',#2961,#2223,#2224);
#1797=AXIS2_PLACEMENT_3D('',#2963,#2225,#2226);
#1798=AXIS2_PLACEMENT_3D('',#2965,#2227,#2228);
#1799=AXIS2_PLACEMENT_3D('',#2967,#2230,#2231);
#1800=AXIS2_PLACEMENT_3D('',#2969,#2232,#2233);
#1801=AXIS2_PLACEMENT_3D('',#2971,#2234,#2235);
#1802=AXIS2_PLACEMENT_3D('',#2973,#2237,#2238);
#1803=AXIS2_PLACEMENT_3D('',#2975,#2239,#2240);
#1804=AXIS2_PLACEMENT_3D('',#2977,#2241,#2242);
#1805=AXIS2_PLACEMENT_3D('',#2979,#2244,#2245);
#1806=AXIS2_PLACEMENT_3D('',#2981,#2246,#2247);
#1807=AXIS2_PLACEMENT_3D('',#2983,#2248,#2249);
#1808=AXIS2_PLACEMENT_3D('',#2985,#2251,#2252);
#1809=AXIS2_PLACEMENT_3D('',#2987,#2253,#2254);
#1810=AXIS2_PLACEMENT_3D('',#2989,#2255,#2256);
#1811=AXIS2_PLACEMENT_3D('',#2991,#2258,#2259);
#1812=AXIS2_PLACEMENT_3D('',#2993,#2260,#2261);
#1813=AXIS2_PLACEMENT_3D('',#2995,#2262,#2263);
#1814=AXIS2_PLACEMENT_3D('',#2997,#2265,#2266);
#1815=AXIS2_PLACEMENT_3D('',#2999,#2267,#2268);
#1816=AXIS2_PLACEMENT_3D('',#3001,#2269,#2270);
#1817=AXIS2_PLACEMENT_3D('',#3003,#2272,#2273);
#1818=AXIS2_PLACEMENT_3D('',#3005,#2274,#2275);
#1819=AXIS2_PLACEMENT_3D('',#3007,#2276,#2277);
#1820=AXIS2_PLACEMENT_3D('',#3009,#2279,#2280);
#1821=AXIS2_PLACEMENT_3D('',#3011,#2281,#2282);
#1822=AXIS2_PLACEMENT_3D('',#3013,#2283,#2284);
#1823=AXIS2_PLACEMENT_3D('',#3015,#2286,#2287);
#1824=AXIS2_PLACEMENT_3D('',#3017,#2288,#2289);
#1825=AXIS2_PLACEMENT_3D('',#3019,#2290,#2291);
#1826=AXIS2_PLACEMENT_3D('',#3021,#2293,#2294);
#1827=AXIS2_PLACEMENT_3D('',#3023,#2295,#2296);
#1828=AXIS2_PLACEMENT_3D('',#3025,#2297,#2298);
#1829=AXIS2_PLACEMENT_3D('',#3027,#2300,#2301);
#1830=AXIS2_PLACEMENT_3D('',#3029,#2302,#2303);
#1831=AXIS2_PLACEMENT_3D('',#3031,#2304,#2305);
#1832=AXIS2_PLACEMENT_3D('',#3033,#2307,#2308);
#1833=AXIS2_PLACEMENT_3D('',#3035,#2309,#2310);
#1834=AXIS2_PLACEMENT_3D('',#3037,#2311,#2312);
#1835=AXIS2_PLACEMENT_3D('',#3039,#2314,#2315);
#1836=AXIS2_PLACEMENT_3D('',#3041,#2316,#2317);
#1837=AXIS2_PLACEMENT_3D('',#3043,#2318,#2319);
#1838=AXIS2_PLACEMENT_3D('',#3045,#2321,#2322);
#1839=AXIS2_PLACEMENT_3D('',#3046,#2323,#2324);
#1840=AXIS2_PLACEMENT_3D('',#3047,#2325,#2326);
#1841=AXIS2_PLACEMENT_3D('',#3048,#2327,#2328);
#1842=AXIS2_PLACEMENT_3D('',#3049,#2329,#2330);
#1843=AXIS2_PLACEMENT_3D('',#3054,#2331,#2332);
#1844=AXIS2_PLACEMENT_3D('',#3055,#2333,#2334);
#1845=AXIS2_PLACEMENT_3D('',#3056,#2335,#2336);
#1846=AXIS2_PLACEMENT_3D('',#3073,#2337,#2338);
#1847=AXIS2_PLACEMENT_3D('',#3090,#2339,#2340);
#1848=AXIS2_PLACEMENT_3D('',#3099,#2341,#2342);
#1849=AXIS2_PLACEMENT_3D('',#3116,#2343,#2344);
#1850=AXIS2_PLACEMENT_3D('',#3117,#2345,#2346);
#1851=AXIS2_PLACEMENT_3D('',#3126,#2347,#2348);
#1852=AXIS2_PLACEMENT_3D('',#3127,#2349,#2350);
#1853=AXIS2_PLACEMENT_3D('',#3152,#2351,#2352);
#1854=DIRECTION('axis',(0.,0.,1.));
#1855=DIRECTION('refdir',(1.,0.,0.));
#1856=DIRECTION('center_axis',(0.,0.,1.));
#1857=DIRECTION('ref_axis',(1.,0.,0.));
#1858=DIRECTION('center_axis',(0.,0.,-1.));
#1859=DIRECTION('ref_axis',(1.,0.,0.));
#1860=DIRECTION('',(0.,0.,-1.));
#1861=DIRECTION('center_axis',(0.,0.,1.));
#1862=DIRECTION('ref_axis',(1.,0.,0.));
#1863=DIRECTION('center_axis',(0.,0.,1.));
#1864=DIRECTION('ref_axis',(1.,0.,0.));
#1865=DIRECTION('center_axis',(0.,0.,-1.));
#1866=DIRECTION('ref_axis',(1.,0.,0.));
#1867=DIRECTION('',(0.,0.,-1.));
#1868=DIRECTION('center_axis',(0.,0.,1.));
#1869=DIRECTION('ref_axis',(1.,0.,0.));
#1870=DIRECTION('center_axis',(0.,0.,1.));
#1871=DIRECTION('ref_axis',(1.,0.,0.));
#1872=DIRECTION('center_axis',(0.,0.,-1.));
#1873=DIRECTION('ref_axis',(1.,0.,0.));
#1874=DIRECTION('',(0.,0.,-1.));
#1875=DIRECTION('center_axis',(0.,0.,1.));
#1876=DIRECTION('ref_axis',(1.,0.,0.));
#1877=DIRECTION('center_axis',(0.,0.,1.));
#1878=DIRECTION('ref_axis',(1.,0.,0.));
#1879=DIRECTION('center_axis',(0.,0.,1.));
#1880=DIRECTION('ref_axis',(1.,0.,0.));
#1881=DIRECTION('center_axis',(0.,0.,-1.));
#1882=DIRECTION('ref_axis',(1.,0.,0.));
#1883=DIRECTION('',(0.,0.,-1.));
#1884=DIRECTION('center_axis',(0.,0.,1.));
#1885=DIRECTION('ref_axis',(1.,0.,0.));
#1886=DIRECTION('center_axis',(0.,0.,1.));
#1887=DIRECTION('ref_axis',(1.,0.,0.));
#1888=DIRECTION('center_axis',(0.,0.,1.));
#1889=DIRECTION('ref_axis',(1.,0.,0.));
#1890=DIRECTION('center_axis',(0.,0.,-1.));
#1891=DIRECTION('ref_axis',(1.,0.,0.));
#1892=DIRECTION('',(0.,0.,-1.));
#1893=DIRECTION('center_axis',(0.,0.,1.));
#1894=DIRECTION('ref_axis',(1.,0.,0.));
#1895=DIRECTION('center_axis',(0.,0.,1.));
#1896=DIRECTION('ref_axis',(1.,0.,0.));
#1897=DIRECTION('center_axis',(0.,0.,1.));
#1898=DIRECTION('ref_axis',(1.,0.,0.));
#1899=DIRECTION('center_axis',(0.,0.,-1.));
#1900=DIRECTION('ref_axis',(1.,0.,0.));
#1901=DIRECTION('',(0.,0.,-1.));
#1902=DIRECTION('center_axis',(0.,0.,1.));
#1903=DIRECTION('ref_axis',(1.,0.,0.));
#1904=DIRECTION('center_axis',(0.,0.,1.));
#1905=DIRECTION('ref_axis',(1.,0.,0.));
#1906=DIRECTION('center_axis',(0.,0.,-1.));
#1907=DIRECTION('ref_axis',(1.,0.,0.));
#1908=DIRECTION('center_axis',(0.,0.,-1.));
#1909=DIRECTION('ref_axis',(1.,0.,0.));
#1910=DIRECTION('center_axis',(0.,0.,-1.));
#1911=DIRECTION('ref_axis',(1.,0.,0.));
#1912=DIRECTION('center_axis',(0.,0.,-1.));
#1913=DIRECTION('ref_axis',(1.,0.,0.));
#1914=DIRECTION('center_axis',(0.,0.,-1.));
#1915=DIRECTION('ref_axis',(1.,0.,0.));
#1916=DIRECTION('center_axis',(0.,0.,-1.));
#1917=DIRECTION('ref_axis',(1.,0.,0.));
#1918=DIRECTION('center_axis',(0.,0.,-1.));
#1919=DIRECTION('ref_axis',(-1.,0.,0.));
#1920=DIRECTION('center_axis',(0.,0.,1.));
#1921=DIRECTION('ref_axis',(-1.,0.,0.));
#1922=DIRECTION('center_axis',(0.,0.,-1.));
#1923=DIRECTION('ref_axis',(-1.,0.,0.));
#1924=DIRECTION('center_axis',(0.,0.,1.));
#1925=DIRECTION('ref_axis',(-1.,0.,0.));
#1926=DIRECTION('center_axis',(0.,0.,-1.));
#1927=DIRECTION('ref_axis',(-1.,0.,0.));
#1928=DIRECTION('center_axis',(0.,0.,1.));
#1929=DIRECTION('ref_axis',(-1.,0.,0.));
#1930=DIRECTION('center_axis',(0.,0.,-1.));
#1931=DIRECTION('ref_axis',(-1.,0.,0.));
#1932=DIRECTION('center_axis',(0.,0.,1.));
#1933=DIRECTION('ref_axis',(-1.,0.,0.));
#1934=DIRECTION('center_axis',(0.,0.,-1.));
#1935=DIRECTION('ref_axis',(-1.,0.,0.));
#1936=DIRECTION('center_axis',(0.,0.,1.));
#1937=DIRECTION('ref_axis',(-1.,0.,0.));
#1938=DIRECTION('center_axis',(0.,0.,-1.));
#1939=DIRECTION('ref_axis',(-1.,0.,0.));
#1940=DIRECTION('center_axis',(0.,0.,1.));
#1941=DIRECTION('ref_axis',(-1.,0.,0.));
#1942=DIRECTION('center_axis',(0.,0.,-1.));
#1943=DIRECTION('ref_axis',(-1.,0.,0.));
#1944=DIRECTION('',(0.949721781788549,-1.16307374014787E-16,-0.313095092897324));
#1945=DIRECTION('center_axis',(0.,0.,1.));
#1946=DIRECTION('ref_axis',(-1.,0.,0.));
#1947=DIRECTION('center_axis',(0.,0.,1.));
#1948=DIRECTION('ref_axis',(-1.,0.,0.));
#1949=DIRECTION('center_axis',(0.,0.,1.));
#1950=DIRECTION('ref_axis',(-1.,0.,0.));
#1951=DIRECTION('center_axis',(0.,0.,1.));
#1952=DIRECTION('ref_axis',(-1.,0.,0.));
#1953=DIRECTION('center_axis',(0.,0.,1.));
#1954=DIRECTION('ref_axis',(-1.,0.,0.));
#1955=DIRECTION('center_axis',(0.,0.,1.));
#1956=DIRECTION('ref_axis',(-1.,0.,0.));
#1957=DIRECTION('center_axis',(0.,0.,-1.));
#1958=DIRECTION('ref_axis',(-1.,0.,0.));
#1959=DIRECTION('center_axis',(0.,0.,1.));
#1960=DIRECTION('ref_axis',(-1.,0.,0.));
#1961=DIRECTION('center_axis',(0.,0.,-1.));
#1962=DIRECTION('ref_axis',(-1.,0.,0.));
#1963=DIRECTION('center_axis',(0.,0.,1.));
#1964=DIRECTION('ref_axis',(-1.,0.,0.));
#1965=DIRECTION('center_axis',(0.,0.,1.));
#1966=DIRECTION('ref_axis',(1.,0.,0.));
#1967=DIRECTION('',(0.,0.,1.));
#1968=DIRECTION('center_axis',(0.,0.,1.));
#1969=DIRECTION('ref_axis',(1.,0.,0.));
#1970=DIRECTION('',(0.,0.,1.));
#1971=DIRECTION('center_axis',(0.,0.,1.));
#1972=DIRECTION('ref_axis',(1.,0.,0.));
#1973=DIRECTION('',(0.,0.,1.));
#1974=DIRECTION('center_axis',(0.,0.,1.));
#1975=DIRECTION('ref_axis',(1.,0.,0.));
#1976=DIRECTION('',(0.,0.,1.));
#1977=DIRECTION('center_axis',(-4.66444748332114E-17,1.,0.));
#1978=DIRECTION('ref_axis',(-1.,-4.66444748332114E-17,0.));
#1979=DIRECTION('',(0.,0.,-1.));
#1980=DIRECTION('',(-1.,-4.66444748332114E-17,0.));
#1981=DIRECTION('',(0.,0.,1.));
#1982=DIRECTION('center_axis',(1.,2.33222374166057E-16,0.));
#1983=DIRECTION('ref_axis',(-2.33222374166057E-16,1.,0.));
#1984=DIRECTION('',(0.,0.,-1.));
#1985=DIRECTION('',(-2.33222374166057E-16,1.,0.));
#1986=DIRECTION('',(0.,0.,1.));
#1987=DIRECTION('center_axis',(0.,0.,1.));
#1988=DIRECTION('ref_axis',(-0.857492925712544,-0.514495755427526,0.));
#1989=DIRECTION('',(0.,0.,1.));
#1990=DIRECTION('center_axis',(0.,0.,1.));
#1991=DIRECTION('ref_axis',(1.,0.,0.));
#1992=DIRECTION('',(0.,0.,1.));
#1993=DIRECTION('center_axis',(0.,0.,1.));
#1994=DIRECTION('ref_axis',(-0.857492925712545,0.514495755427526,0.));
#1995=DIRECTION('',(0.,0.,1.));
#1996=DIRECTION('center_axis',(0.,0.,1.));
#1997=DIRECTION('ref_axis',(1.,0.,0.));
#1998=DIRECTION('',(0.,0.,1.));
#1999=DIRECTION('center_axis',(9.32889496664228E-17,-1.,0.));
#2000=DIRECTION('ref_axis',(1.,9.32889496664228E-17,0.));
#2001=DIRECTION('',(0.,0.,1.));
#2002=DIRECTION('',(1.,9.32889496664228E-17,0.));
#2003=DIRECTION('',(0.,0.,1.));
#2004=DIRECTION('center_axis',(-1.,-9.32889496664228E-17,0.));
#2005=DIRECTION('ref_axis',(9.32889496664228E-17,-1.,0.));
#2006=DIRECTION('',(0.,0.,-1.));
#2007=DIRECTION('',(9.32889496664228E-17,-1.,0.));
#2008=DIRECTION('center_axis',(0.,0.,1.));
#2009=DIRECTION('ref_axis',(1.,0.,0.));
#2010=DIRECTION('',(0.,0.,1.));
#2011=DIRECTION('center_axis',(0.,0.,1.));
#2012=DIRECTION('ref_axis',(1.,0.,0.));
#2013=DIRECTION('',(0.,0.,1.));
#2014=DIRECTION('center_axis',(0.,0.,1.));
#2015=DIRECTION('ref_axis',(-0.99487937574852,-0.101069420252788,0.));
#2016=DIRECTION('',(0.,0.,-1.));
#2017=DIRECTION('',(0.,0.,1.));
#2018=DIRECTION('center_axis',(0.,0.,-1.));
#2019=DIRECTION('ref_axis',(1.,0.,0.));
#2020=DIRECTION('center_axis',(0.,0.,-1.));
#2021=DIRECTION('ref_axis',(1.,0.,0.));
#2022=DIRECTION('center_axis',(0.,0.,-1.));
#2023=DIRECTION('ref_axis',(-1.,0.,0.));
#2024=DIRECTION('center_axis',(0.,0.,1.));
#2025=DIRECTION('ref_axis',(1.,0.,0.));
#2026=DIRECTION('',(1.86577899332846E-16,-1.,0.));
#2027=DIRECTION('center_axis',(0.,0.,-1.));
#2028=DIRECTION('ref_axis',(-1.,0.,0.));
#2029=DIRECTION('center_axis',(0.,0.,-1.));
#2030=DIRECTION('ref_axis',(-1.,0.,0.));
#2031=DIRECTION('',(-9.32889496664227E-17,1.,0.));
#2032=DIRECTION('',(1.,1.86577899332845E-16,0.));
#2033=DIRECTION('center_axis',(0.,0.,-1.));
#2034=DIRECTION('ref_axis',(1.,0.,0.));
#2035=DIRECTION('',(-1.,-4.66444748332114E-17,0.));
#2036=DIRECTION('center_axis',(-1.,-1.86577899332846E-16,0.));
#2037=DIRECTION('ref_axis',(1.86577899332846E-16,-1.,0.));
#2038=DIRECTION('',(0.,0.,1.));
#2039=DIRECTION('center_axis',(0.,0.,-1.));
#2040=DIRECTION('ref_axis',(-1.,0.,0.));
#2041=DIRECTION('center_axis',(0.,0.,-1.));
#2042=DIRECTION('ref_axis',(-1.,0.,0.));
#2043=DIRECTION('center_axis',(0.,0.,-1.));
#2044=DIRECTION('ref_axis',(-1.,0.,0.));
#2045=DIRECTION('center_axis',(0.,0.,-1.));
#2046=DIRECTION('ref_axis',(-1.,0.,0.));
#2047=DIRECTION('center_axis',(0.,0.,-1.));
#2048=DIRECTION('ref_axis',(-1.,0.,0.));
#2049=DIRECTION('center_axis',(1.,9.32889496664227E-17,0.));
#2050=DIRECTION('ref_axis',(-9.32889496664227E-17,1.,0.));
#2051=DIRECTION('',(0.,0.,1.));
#2052=DIRECTION('',(0.,0.,1.));
#2053=DIRECTION('center_axis',(0.,0.,-1.));
#2054=DIRECTION('ref_axis',(1.,0.,0.));
#2055=DIRECTION('center_axis',(0.,0.,-1.));
#2056=DIRECTION('ref_axis',(-1.,0.,0.));
#2057=DIRECTION('center_axis',(-4.66444748332114E-17,1.,0.));
#2058=DIRECTION('ref_axis',(-1.,-4.66444748332114E-17,0.));
#2059=DIRECTION('',(0.,0.,1.));
#2060=DIRECTION('center_axis',(1.86577899332845E-16,-1.,0.));
#2061=DIRECTION('ref_axis',(1.,1.86577899332845E-16,0.));
#2062=DIRECTION('',(0.,0.,-1.));
#2063=DIRECTION('center_axis',(0.,0.,1.));
#2064=DIRECTION('ref_axis',(-1.,0.,0.));
#2065=DIRECTION('center_axis',(0.,0.,-1.));
#2066=DIRECTION('ref_axis',(-1.,0.,0.));
#2067=DIRECTION('center_axis',(0.,0.,-1.));
#2068=DIRECTION('ref_axis',(-1.,0.,0.));
#2069=DIRECTION('center_axis',(0.,0.,1.));
#2070=DIRECTION('ref_axis',(-1.,0.,0.));
#2071=DIRECTION('center_axis',(0.,0.,-1.));
#2072=DIRECTION('ref_axis',(-1.,0.,0.));
#2073=DIRECTION('center_axis',(0.,0.,-1.));
#2074=DIRECTION('ref_axis',(-1.,0.,0.));
#2075=DIRECTION('center_axis',(0.,0.,1.));
#2076=DIRECTION('ref_axis',(-1.,0.,0.));
#2077=DIRECTION('center_axis',(0.,0.,-1.));
#2078=DIRECTION('ref_axis',(-1.,0.,0.));
#2079=DIRECTION('',(0.,0.,1.));
#2080=DIRECTION('center_axis',(0.,0.,-1.));
#2081=DIRECTION('ref_axis',(-1.,0.,0.));
#2082=DIRECTION('center_axis',(0.,0.,1.));
#2083=DIRECTION('ref_axis',(-1.,0.,0.));
#2084=DIRECTION('center_axis',(0.,0.,-1.));
#2085=DIRECTION('ref_axis',(-1.,0.,0.));
#2086=DIRECTION('center_axis',(0.,0.,-1.));
#2087=DIRECTION('ref_axis',(-1.,0.,0.));
#2088=DIRECTION('center_axis',(0.,0.,1.));
#2089=DIRECTION('ref_axis',(-1.,0.,0.));
#2090=DIRECTION('center_axis',(0.,0.,-1.));
#2091=DIRECTION('ref_axis',(-1.,0.,0.));
#2092=DIRECTION('center_axis',(0.,0.,-1.));
#2093=DIRECTION('ref_axis',(-1.,0.,0.));
#2094=DIRECTION('center_axis',(0.,0.,1.));
#2095=DIRECTION('ref_axis',(-1.,0.,0.));
#2096=DIRECTION('center_axis',(0.,0.,-1.));
#2097=DIRECTION('ref_axis',(-1.,0.,0.));
#2098=DIRECTION('',(0.,0.,1.));
#2099=DIRECTION('center_axis',(0.,0.,-1.));
#2100=DIRECTION('ref_axis',(-1.,0.,0.));
#2101=DIRECTION('center_axis',(0.,0.,1.));
#2102=DIRECTION('ref_axis',(-1.,0.,0.));
#2103=DIRECTION('center_axis',(0.,0.,-1.));
#2104=DIRECTION('ref_axis',(-1.,0.,0.));
#2105=DIRECTION('',(0.,0.,1.));
#2106=DIRECTION('center_axis',(0.,0.,-1.));
#2107=DIRECTION('ref_axis',(-1.,0.,0.));
#2108=DIRECTION('center_axis',(0.,0.,1.));
#2109=DIRECTION('ref_axis',(-1.,0.,0.));
#2110=DIRECTION('center_axis',(0.,0.,-1.));
#2111=DIRECTION('ref_axis',(-1.,0.,0.));
#2112=DIRECTION('center_axis',(0.,0.,-1.));
#2113=DIRECTION('ref_axis',(-1.,0.,0.));
#2114=DIRECTION('center_axis',(0.,0.,1.));
#2115=DIRECTION('ref_axis',(-1.,0.,0.));
#2116=DIRECTION('center_axis',(0.,0.,-1.));
#2117=DIRECTION('ref_axis',(-1.,0.,0.));
#2118=DIRECTION('center_axis',(0.,0.,-1.));
#2119=DIRECTION('ref_axis',(-1.,0.,0.));
#2120=DIRECTION('center_axis',(0.,0.,1.));
#2121=DIRECTION('ref_axis',(1.,0.,0.));
#2122=DIRECTION('center_axis',(0.,0.,1.));
#2123=DIRECTION('ref_axis',(1.,0.,0.));
#2124=DIRECTION('',(0.,0.,1.));
#2125=DIRECTION('center_axis',(0.,0.,-1.));
#2126=DIRECTION('ref_axis',(1.,0.,0.));
#2127=DIRECTION('center_axis',(0.,0.,1.));
#2128=DIRECTION('ref_axis',(1.,0.,0.));
#2129=DIRECTION('center_axis',(0.,0.,1.));
#2130=DIRECTION('ref_axis',(1.,0.,0.));
#2131=DIRECTION('',(0.,0.,1.));
#2132=DIRECTION('center_axis',(0.,0.,-1.));
#2133=DIRECTION('ref_axis',(1.,0.,0.));
#2134=DIRECTION('center_axis',(0.,0.,1.));
#2135=DIRECTION('ref_axis',(1.,0.,0.));
#2136=DIRECTION('center_axis',(0.,0.,1.));
#2137=DIRECTION('ref_axis',(1.,0.,0.));
#2138=DIRECTION('',(0.,0.,1.));
#2139=DIRECTION('center_axis',(0.,0.,-1.));
#2140=DIRECTION('ref_axis',(1.,0.,0.));
#2141=DIRECTION('center_axis',(0.,0.,1.));
#2142=DIRECTION('ref_axis',(1.,0.,0.));
#2143=DIRECTION('center_axis',(0.,0.,1.));
#2144=DIRECTION('ref_axis',(1.,0.,0.));
#2145=DIRECTION('',(0.,0.,1.));
#2146=DIRECTION('center_axis',(0.,0.,-1.));
#2147=DIRECTION('ref_axis',(1.,0.,0.));
#2148=DIRECTION('center_axis',(0.,0.,1.));
#2149=DIRECTION('ref_axis',(1.,0.,0.));
#2150=DIRECTION('center_axis',(0.,0.,1.));
#2151=DIRECTION('ref_axis',(1.,0.,0.));
#2152=DIRECTION('',(0.,0.,1.));
#2153=DIRECTION('center_axis',(0.,0.,-1.));
#2154=DIRECTION('ref_axis',(1.,0.,0.));
#2155=DIRECTION('center_axis',(0.,0.,1.));
#2156=DIRECTION('ref_axis',(1.,0.,0.));
#2157=DIRECTION('center_axis',(0.,0.,1.));
#2158=DIRECTION('ref_axis',(1.,0.,0.));
#2159=DIRECTION('',(0.,0.,1.));
#2160=DIRECTION('center_axis',(0.,0.,-1.));
#2161=DIRECTION('ref_axis',(1.,0.,0.));
#2162=DIRECTION('center_axis',(0.,0.,1.));
#2163=DIRECTION('ref_axis',(1.,0.,0.));
#2164=DIRECTION('center_axis',(0.,0.,1.));
#2165=DIRECTION('ref_axis',(1.,0.,0.));
#2166=DIRECTION('',(0.,0.,1.));
#2167=DIRECTION('center_axis',(0.,0.,-1.));
#2168=DIRECTION('ref_axis',(1.,0.,0.));
#2169=DIRECTION('center_axis',(0.,0.,1.));
#2170=DIRECTION('ref_axis',(1.,0.,0.));
#2171=DIRECTION('center_axis',(0.,0.,1.));
#2172=DIRECTION('ref_axis',(1.,0.,0.));
#2173=DIRECTION('',(0.,0.,1.));
#2174=DIRECTION('center_axis',(0.,0.,-1.));
#2175=DIRECTION('ref_axis',(1.,0.,0.));
#2176=DIRECTION('center_axis',(0.,0.,1.));
#2177=DIRECTION('ref_axis',(-1.,0.,0.));
#2178=DIRECTION('center_axis',(0.,0.,-1.));
#2179=DIRECTION('ref_axis',(-1.,0.,0.));
#2180=DIRECTION('center_axis',(0.,0.,-1.));
#2181=DIRECTION('ref_axis',(-1.,0.,0.));
#2182=DIRECTION('center_axis',(0.,0.,1.));
#2183=DIRECTION('ref_axis',(-1.,0.,0.));
#2184=DIRECTION('center_axis',(0.,0.,-1.));
#2185=DIRECTION('ref_axis',(-1.,0.,0.));
#2186=DIRECTION('center_axis',(0.,0.,-1.));
#2187=DIRECTION('ref_axis',(-1.,0.,0.));
#2188=DIRECTION('center_axis',(0.,0.,1.));
#2189=DIRECTION('ref_axis',(-1.,0.,0.));
#2190=DIRECTION('center_axis',(0.,0.,-1.));
#2191=DIRECTION('ref_axis',(-1.,0.,0.));
#2192=DIRECTION('center_axis',(0.,0.,-1.));
#2193=DIRECTION('ref_axis',(-1.,0.,0.));
#2194=DIRECTION('',(0.,0.,1.));
#2195=DIRECTION('center_axis',(0.,0.,1.));
#2196=DIRECTION('ref_axis',(1.,0.,0.));
#2197=DIRECTION('center_axis',(0.,0.,1.));
#2198=DIRECTION('ref_axis',(1.,0.,0.));
#2199=DIRECTION('center_axis',(0.,0.,1.));
#2200=DIRECTION('ref_axis',(1.,0.,0.));
#2201=DIRECTION('center_axis',(0.,0.,1.));
#2202=DIRECTION('ref_axis',(1.,0.,0.));
#2203=DIRECTION('',(0.,0.,1.));
#2204=DIRECTION('center_axis',(0.,0.,1.));
#2205=DIRECTION('ref_axis',(-1.,0.,0.));
#2206=DIRECTION('center_axis',(0.,0.,-1.));
#2207=DIRECTION('ref_axis',(-1.,0.,0.));
#2208=DIRECTION('center_axis',(0.,0.,-1.));
#2209=DIRECTION('ref_axis',(-1.,0.,0.));
#2210=DIRECTION('',(0.,0.,1.));
#2211=DIRECTION('center_axis',(0.,0.,1.));
#2212=DIRECTION('ref_axis',(1.,0.,0.));
#2213=DIRECTION('center_axis',(0.,0.,1.));
#2214=DIRECTION('ref_axis',(1.,0.,0.));
#2215=DIRECTION('center_axis',(0.,0.,1.));
#2216=DIRECTION('ref_axis',(1.,0.,0.));
#2217=DIRECTION('center_axis',(0.,0.,1.));
#2218=DIRECTION('ref_axis',(1.,0.,0.));
#2219=DIRECTION('',(0.,0.,1.));
#2220=DIRECTION('center_axis',(0.,0.,1.));
#2221=DIRECTION('ref_axis',(1.,0.,0.));
#2222=DIRECTION('',(0.,0.,1.));
#2223=DIRECTION('center_axis',(0.,0.,1.));
#2224=DIRECTION('ref_axis',(-0.514495755427528,-0.857492925712543,0.));
#2225=DIRECTION('center_axis',(0.,0.,1.));
#2226=DIRECTION('ref_axis',(1.,0.,0.));
#2227=DIRECTION('center_axis',(0.,0.,1.));
#2228=DIRECTION('ref_axis',(1.,0.,0.));
#2229=DIRECTION('',(0.,0.,1.));
#2230=DIRECTION('center_axis',(0.,0.,1.));
#2231=DIRECTION('ref_axis',(1.,0.,0.));
#2232=DIRECTION('center_axis',(0.,0.,1.));
#2233=DIRECTION('ref_axis',(1.,0.,0.));
#2234=DIRECTION('center_axis',(0.,0.,1.));
#2235=DIRECTION('ref_axis',(1.,0.,0.));
#2236=DIRECTION('',(0.,0.,1.));
#2237=DIRECTION('center_axis',(0.,0.,1.));
#2238=DIRECTION('ref_axis',(-0.857492925712545,-0.514495755427526,0.));
#2239=DIRECTION('center_axis',(0.,0.,1.));
#2240=DIRECTION('ref_axis',(1.,0.,0.));
#2241=DIRECTION('center_axis',(0.,0.,1.));
#2242=DIRECTION('ref_axis',(1.,0.,0.));
#2243=DIRECTION('',(0.,0.,1.));
#2244=DIRECTION('center_axis',(0.,0.,1.));
#2245=DIRECTION('ref_axis',(-1.,5.66553889764798E-16,0.));
#2246=DIRECTION('center_axis',(0.,0.,1.));
#2247=DIRECTION('ref_axis',(1.,0.,0.));
#2248=DIRECTION('center_axis',(0.,0.,1.));
#2249=DIRECTION('ref_axis',(1.,0.,0.));
#2250=DIRECTION('',(0.,0.,1.));
#2251=DIRECTION('center_axis',(0.,0.,1.));
#2252=DIRECTION('ref_axis',(-0.857492925712544,0.514495755427527,0.));
#2253=DIRECTION('center_axis',(0.,0.,1.));
#2254=DIRECTION('ref_axis',(1.,0.,0.));
#2255=DIRECTION('center_axis',(0.,0.,1.));
#2256=DIRECTION('ref_axis',(1.,0.,0.));
#2257=DIRECTION('',(0.,0.,1.));
#2258=DIRECTION('center_axis',(0.,0.,1.));
#2259=DIRECTION('ref_axis',(1.,0.,0.));
#2260=DIRECTION('center_axis',(0.,0.,1.));
#2261=DIRECTION('ref_axis',(1.,0.,0.));
#2262=DIRECTION('center_axis',(0.,0.,1.));
#2263=DIRECTION('ref_axis',(1.,0.,0.));
#2264=DIRECTION('',(0.,0.,1.));
#2265=DIRECTION('center_axis',(0.,0.,1.));
#2266=DIRECTION('ref_axis',(-0.514495755427526,0.857492925712545,0.));
#2267=DIRECTION('center_axis',(0.,0.,1.));
#2268=DIRECTION('ref_axis',(1.,0.,0.));
#2269=DIRECTION('center_axis',(0.,0.,1.));
#2270=DIRECTION('ref_axis',(1.,0.,0.));
#2271=DIRECTION('',(0.,0.,1.));
#2272=DIRECTION('center_axis',(0.,0.,1.));
#2273=DIRECTION('ref_axis',(1.,0.,0.));
#2274=DIRECTION('center_axis',(0.,0.,1.));
#2275=DIRECTION('ref_axis',(1.,0.,0.));
#2276=DIRECTION('center_axis',(0.,0.,1.));
#2277=DIRECTION('ref_axis',(1.,0.,0.));
#2278=DIRECTION('',(0.,0.,1.));
#2279=DIRECTION('center_axis',(0.,0.,1.));
#2280=DIRECTION('ref_axis',(1.,0.,0.));
#2281=DIRECTION('center_axis',(0.,0.,1.));
#2282=DIRECTION('ref_axis',(1.,0.,0.));
#2283=DIRECTION('center_axis',(0.,0.,1.));
#2284=DIRECTION('ref_axis',(1.,0.,0.));
#2285=DIRECTION('',(0.,0.,1.));
#2286=DIRECTION('center_axis',(0.,0.,1.));
#2287=DIRECTION('ref_axis',(1.,0.,0.));
#2288=DIRECTION('center_axis',(0.,0.,1.));
#2289=DIRECTION('ref_axis',(1.,0.,0.));
#2290=DIRECTION('center_axis',(0.,0.,1.));
#2291=DIRECTION('ref_axis',(1.,0.,0.));
#2292=DIRECTION('',(0.,0.,1.));
#2293=DIRECTION('center_axis',(0.,0.,1.));
#2294=DIRECTION('ref_axis',(1.,0.,0.));
#2295=DIRECTION('center_axis',(0.,0.,1.));
#2296=DIRECTION('ref_axis',(1.,0.,0.));
#2297=DIRECTION('center_axis',(0.,0.,1.));
#2298=DIRECTION('ref_axis',(1.,0.,0.));
#2299=DIRECTION('',(0.,0.,1.));
#2300=DIRECTION('center_axis',(0.,0.,1.));
#2301=DIRECTION('ref_axis',(1.,0.,0.));
#2302=DIRECTION('center_axis',(0.,0.,1.));
#2303=DIRECTION('ref_axis',(1.,0.,0.));
#2304=DIRECTION('center_axis',(0.,0.,1.));
#2305=DIRECTION('ref_axis',(1.,0.,0.));
#2306=DIRECTION('',(0.,0.,1.));
#2307=DIRECTION('center_axis',(0.,0.,1.));
#2308=DIRECTION('ref_axis',(1.,0.,0.));
#2309=DIRECTION('center_axis',(0.,0.,1.));
#2310=DIRECTION('ref_axis',(1.,0.,0.));
#2311=DIRECTION('center_axis',(0.,0.,1.));
#2312=DIRECTION('ref_axis',(1.,0.,0.));
#2313=DIRECTION('',(0.,0.,1.));
#2314=DIRECTION('center_axis',(0.,0.,1.));
#2315=DIRECTION('ref_axis',(1.,0.,0.));
#2316=DIRECTION('center_axis',(0.,0.,1.));
#2317=DIRECTION('ref_axis',(1.,0.,0.));
#2318=DIRECTION('center_axis',(0.,0.,1.));
#2319=DIRECTION('ref_axis',(1.,0.,0.));
#2320=DIRECTION('',(0.,0.,1.));
#2321=DIRECTION('center_axis',(0.,0.,1.));
#2322=DIRECTION('ref_axis',(1.,0.,0.));
#2323=DIRECTION('center_axis',(0.,0.,1.));
#2324=DIRECTION('ref_axis',(1.,0.,0.));
#2325=DIRECTION('center_axis',(0.,0.,1.));
#2326=DIRECTION('ref_axis',(1.,0.,0.));
#2327=DIRECTION('center_axis',(0.,0.,1.));
#2328=DIRECTION('ref_axis',(1.,0.,0.));
#2329=DIRECTION('center_axis',(0.,0.,1.));
#2330=DIRECTION('ref_axis',(1.,0.,0.));
#2331=DIRECTION('center_axis',(0.,0.,1.));
#2332=DIRECTION('ref_axis',(1.,0.,0.));
#2333=DIRECTION('center_axis',(0.,0.,1.));
#2334=DIRECTION('ref_axis',(1.,0.,0.));
#2335=DIRECTION('center_axis',(0.,0.,1.));
#2336=DIRECTION('ref_axis',(1.,0.,0.));
#2337=DIRECTION('center_axis',(0.,0.,1.));
#2338=DIRECTION('ref_axis',(1.,0.,0.));
#2339=DIRECTION('center_axis',(0.,0.,1.));
#2340=DIRECTION('ref_axis',(1.,0.,0.));
#2341=DIRECTION('center_axis',(0.,0.,1.));
#2342=DIRECTION('ref_axis',(1.,0.,0.));
#2343=DIRECTION('center_axis',(0.,0.,1.));
#2344=DIRECTION('ref_axis',(1.,0.,0.));
#2345=DIRECTION('center_axis',(0.,0.,1.));
#2346=DIRECTION('ref_axis',(1.,0.,0.));
#2347=DIRECTION('center_axis',(0.,0.,1.));
#2348=DIRECTION('ref_axis',(1.,0.,0.));
#2349=DIRECTION('center_axis',(0.,0.,1.));
#2350=DIRECTION('ref_axis',(1.,0.,0.));
#2351=DIRECTION('center_axis',(0.,0.,1.));
#2352=DIRECTION('ref_axis',(1.,0.,0.));
#2353=CARTESIAN_POINT('',(0.,0.,0.));
#2354=CARTESIAN_POINT('Origin',(-23.4,0.,-193.073193193046));
#2355=CARTESIAN_POINT('',(-25.,-1.95943487863577E-16,20.));
#2356=CARTESIAN_POINT('Origin',(-23.4,0.,20.));
#2357=CARTESIAN_POINT('',(-25.,0.,15.));
#2358=CARTESIAN_POINT('',(-25.,-1.95943487863577E-16,-193.073193193046));
#2359=CARTESIAN_POINT('Origin',(-23.4,0.,15.));
#2360=CARTESIAN_POINT('Origin',(-8.5,-23.4064009194066,-193.073193193046));
#2361=CARTESIAN_POINT('',(-10.1,-23.4064009194066,20.));
#2362=CARTESIAN_POINT('Origin',(-8.5,-23.4064009194066,20.));
#2363=CARTESIAN_POINT('',(-10.1,-23.4064008915781,14.8376241386903));
#2364=CARTESIAN_POINT('',(-10.1,-23.4064009194066,-193.073193193046));
#2365=CARTESIAN_POINT('',(-10.019233389643,-22.9044747218499,15.));
#2366=CARTESIAN_POINT('Ctrl Pts',(-10.019233389643,-22.9044747218499,15.));
#2367=CARTESIAN_POINT('Ctrl Pts',(-10.0702418566234,-23.0588674723544,14.9466283439118));
#2368=CARTESIAN_POINT('Ctrl Pts',(-10.0988926030249,-23.2271465839484,14.892024151747));
#2369=CARTESIAN_POINT('Ctrl Pts',(-10.0999892175004,-23.3996185595089,14.8396784633595));
#2370=CARTESIAN_POINT('Ctrl Pts',(-10.0999999999361,-23.4030095883348,14.8386506516925));
#2371=CARTESIAN_POINT('Ctrl Pts',(-10.1,-23.4064008892426,14.8376241309737));
#2372=CARTESIAN_POINT('',(-7.01270994081379,-23.9962892815954,15.));
#2373=CARTESIAN_POINT('Origin',(-8.5,-23.4064009194066,15.));
#2374=CARTESIAN_POINT('Ctrl Pts',(-10.1,-23.4064008892426,14.8376241309737));
#2375=CARTESIAN_POINT('Ctrl Pts',(-10.1000000041155,-23.6247017610584,14.7715461349629));
#2376=CARTESIAN_POINT('Ctrl Pts',(-10.0531208790077,-23.8442075470563,14.71107113468));
#2377=CARTESIAN_POINT('Ctrl Pts',(-9.88930557372221,-24.2264240195083,14.615373936074));
#2378=CARTESIAN_POINT('Ctrl Pts',(-9.76281582435579,-24.4136747658919,14.5738869878136));
#2379=CARTESIAN_POINT('Ctrl Pts',(-9.44079888033543,-24.7194895948711,14.5186316812961));
#2380=CARTESIAN_POINT('Ctrl Pts',(-9.24523160336094,-24.8380063801013,14.5048351648352));
#2381=CARTESIAN_POINT('Ctrl Pts',(-8.84705014107726,-24.9826053913319,14.5048351648352));
#2382=CARTESIAN_POINT('Ctrl Pts',(-8.62100534529235,-25.0171964089968,14.5186316812961));
#2383=CARTESIAN_POINT('Ctrl Pts',(-8.17779213611911,-24.9892737824345,14.5738869878136));
#2384=CARTESIAN_POINT('Ctrl Pts',(-7.96062333006153,-24.9268221340054,14.615373936074));
#2385=CARTESIAN_POINT('Ctrl Pts',(-7.58682024642348,-24.737316067596,14.7118198405345));
#2386=CARTESIAN_POINT('Ctrl Pts',(-7.40748056411078,-24.5961621801686,14.773436260119));
#2387=CARTESIAN_POINT('Ctrl Pts',(-7.15866364152952,-24.2948863983164,14.892024151747));
#2388=CARTESIAN_POINT('Ctrl Pts',(-7.07265760083083,-24.1474357773223,14.9466283439118));
#2389=CARTESIAN_POINT('Ctrl Pts',(-7.01270994081375,-23.9962892815954,15.));
#2390=CARTESIAN_POINT('Origin',(8.5,-23.4064009194066,-193.073193193046));
#2391=CARTESIAN_POINT('',(6.9,-23.4064009194066,20.));
#2392=CARTESIAN_POINT('Origin',(8.5,-23.4064009194066,20.));
#2393=CARTESIAN_POINT('',(6.9,-23.4064009194066,15.));
#2394=CARTESIAN_POINT('',(6.9,-23.4064009194066,-193.073193193046));
#2395=CARTESIAN_POINT('',(10.019233389643,-22.9044747218499,15.));
#2396=CARTESIAN_POINT('Origin',(8.5,-23.4064009194066,15.));
#2397=CARTESIAN_POINT('',(7.01270994081379,-23.9962892815954,15.));
#2398=CARTESIAN_POINT('Ctrl Pts',(7.01270994081375,-23.9962892815954,15.));
#2399=CARTESIAN_POINT('Ctrl Pts',(7.07265760083083,-24.1474357773223,14.9466283439118));
#2400=CARTESIAN_POINT('Ctrl Pts',(7.15866364152952,-24.2948863983164,14.892024151747));
#2401=CARTESIAN_POINT('Ctrl Pts',(7.40748056411079,-24.5961621801686,14.773436260119));
#2402=CARTESIAN_POINT('Ctrl Pts',(7.58682024642348,-24.737316067596,14.7118198405345));
#2403=CARTESIAN_POINT('Ctrl Pts',(7.96062333006153,-24.9268221340054,14.615373936074));
#2404=CARTESIAN_POINT('Ctrl Pts',(8.17779213611911,-24.9892737824345,14.5738869878136));
#2405=CARTESIAN_POINT('Ctrl Pts',(8.62100534529235,-25.0171964089968,14.5186316812961));
#2406=CARTESIAN_POINT('Ctrl Pts',(8.84705014107726,-24.9826053913319,14.5048351648352));
#2407=CARTESIAN_POINT('Ctrl Pts',(9.24523160336094,-24.8380063801013,14.5048351648352));
#2408=CARTESIAN_POINT('Ctrl Pts',(9.44079888033543,-24.7194895948711,14.5186316812961));
#2409=CARTESIAN_POINT('Ctrl Pts',(9.7628158243558,-24.4136747658919,14.5738869878136));
#2410=CARTESIAN_POINT('Ctrl Pts',(9.88930557372221,-24.2264240195083,14.615373936074));
#2411=CARTESIAN_POINT('Ctrl Pts',(10.0544025202668,-23.841217201312,14.7118198405345));
#2412=CARTESIAN_POINT('Ctrl Pts',(10.1013769566093,-23.6178776752128,14.773436260119));
#2413=CARTESIAN_POINT('Ctrl Pts',(10.0988926030249,-23.2271465839484,14.892024151747));
#2414=CARTESIAN_POINT('Ctrl Pts',(10.0702418566234,-23.0588674723544,14.9466283439118));
#2415=CARTESIAN_POINT('Ctrl Pts',(10.019233389643,-22.9044747218499,15.));
#2416=CARTESIAN_POINT('Origin',(8.5,-23.4064009194066,15.));
#2417=CARTESIAN_POINT('Origin',(23.4,0.,-193.073193193046));
#2418=CARTESIAN_POINT('',(21.8,-1.95943487863577E-16,20.));
#2419=CARTESIAN_POINT('Origin',(23.4,0.,20.));
#2420=CARTESIAN_POINT('',(21.8,-1.95943487863577E-16,15.));
#2421=CARTESIAN_POINT('',(21.8,-1.95943487863577E-16,-193.073193193046));
#2422=CARTESIAN_POINT('',(25.,0.,15.));
#2423=CARTESIAN_POINT('Origin',(23.4,0.,15.));
#2424=CARTESIAN_POINT('Origin',(23.4,0.,15.));
#2425=CARTESIAN_POINT('Origin',(8.5,23.4064009194066,-193.073193193046));
#2426=CARTESIAN_POINT('',(6.9,23.4064009194066,20.));
#2427=CARTESIAN_POINT('Origin',(8.5,23.4064009194066,20.));
#2428=CARTESIAN_POINT('',(6.9,23.4064009194066,15.));
#2429=CARTESIAN_POINT('',(6.9,23.4064009194066,-193.073193193046));
#2430=CARTESIAN_POINT('',(7.01270994081379,23.9962892815954,15.));
#2431=CARTESIAN_POINT('Origin',(8.5,23.4064009194066,15.));
#2432=CARTESIAN_POINT('',(10.019233389643,22.9044747218499,15.));
#2433=CARTESIAN_POINT('Ctrl Pts',(10.019233389643,22.9044747218499,15.));
#2434=CARTESIAN_POINT('Ctrl Pts',(10.0702418566234,23.0588674723544,14.9466283439118));
#2435=CARTESIAN_POINT('Ctrl Pts',(10.0988926030249,23.2271465839484,14.892024151747));
#2436=CARTESIAN_POINT('Ctrl Pts',(10.1013769566093,23.6178776752128,14.773436260119));
#2437=CARTESIAN_POINT('Ctrl Pts',(10.0544025202668,23.841217201312,14.7118198405345));
#2438=CARTESIAN_POINT('Ctrl Pts',(9.88930557372221,24.2264240195083,14.615373936074));
#2439=CARTESIAN_POINT('Ctrl Pts',(9.7628158243558,24.4136747658919,14.5738869878136));
#2440=CARTESIAN_POINT('Ctrl Pts',(9.44079888033543,24.7194895948711,14.5186316812961));
#2441=CARTESIAN_POINT('Ctrl Pts',(9.24523160336094,24.8380063801013,14.5048351648352));
#2442=CARTESIAN_POINT('Ctrl Pts',(8.84705014107726,24.9826053913319,14.5048351648352));
#2443=CARTESIAN_POINT('Ctrl Pts',(8.62100534529235,25.0171964089968,14.5186316812961));
#2444=CARTESIAN_POINT('Ctrl Pts',(8.17779213611911,24.9892737824345,14.5738869878136));
#2445=CARTESIAN_POINT('Ctrl Pts',(7.96062333006153,24.9268221340054,14.615373936074));
#2446=CARTESIAN_POINT('Ctrl Pts',(7.58682024642348,24.737316067596,14.7118198405345));
#2447=CARTESIAN_POINT('Ctrl Pts',(7.40748056411079,24.5961621801686,14.773436260119));
#2448=CARTESIAN_POINT('Ctrl Pts',(7.15866364152952,24.2948863983164,14.892024151747));
#2449=CARTESIAN_POINT('Ctrl Pts',(7.07265760083083,24.1474357773223,14.9466283439118));
#2450=CARTESIAN_POINT('Ctrl Pts',(7.01270994081376,23.9962892815954,15.));
#2451=CARTESIAN_POINT('Origin',(8.5,23.4064009194066,15.));
#2452=CARTESIAN_POINT('Origin',(-8.5,23.4064009194066,-193.073193193046));
#2453=CARTESIAN_POINT('',(-10.1,23.4064009194066,20.));
#2454=CARTESIAN_POINT('Origin',(-8.5,23.4064009194066,20.));
#2455=CARTESIAN_POINT('',(-10.1,23.4064008915781,14.8376241386903));
#2456=CARTESIAN_POINT('',(-10.1,23.4064009194066,-193.073193193046));
#2457=CARTESIAN_POINT('',(-7.01270994081379,23.9962892815954,15.));
#2458=CARTESIAN_POINT('Ctrl Pts',(-7.01270994081375,23.9962892815954,15.));
#2459=CARTESIAN_POINT('Ctrl Pts',(-7.07265760083083,24.1474357773223,14.9466283439118));
#2460=CARTESIAN_POINT('Ctrl Pts',(-7.15866364152952,24.2948863983164,14.892024151747));
#2461=CARTESIAN_POINT('Ctrl Pts',(-7.40748056411078,24.5961621801686,14.773436260119));
#2462=CARTESIAN_POINT('Ctrl Pts',(-7.58682024642348,24.737316067596,14.7118198405345));
#2463=CARTESIAN_POINT('Ctrl Pts',(-7.96062333006153,24.9268221340054,14.615373936074));
#2464=CARTESIAN_POINT('Ctrl Pts',(-8.17779213611911,24.9892737824345,14.5738869878136));
#2465=CARTESIAN_POINT('Ctrl Pts',(-8.62100534529235,25.0171964089968,14.5186316812961));
#2466=CARTESIAN_POINT('Ctrl Pts',(-8.84705014107726,24.9826053913319,14.5048351648352));
#2467=CARTESIAN_POINT('Ctrl Pts',(-9.24523160336094,24.8380063801013,14.5048351648352));
#2468=CARTESIAN_POINT('Ctrl Pts',(-9.44079888033543,24.7194895948711,14.5186316812961));
#2469=CARTESIAN_POINT('Ctrl Pts',(-9.76281582435579,24.4136747658919,14.5738869878136));
#2470=CARTESIAN_POINT('Ctrl Pts',(-9.88930557372221,24.2264240195083,14.615373936074));
#2471=CARTESIAN_POINT('Ctrl Pts',(-10.0531208790077,23.8442075470563,14.71107113468));
#2472=CARTESIAN_POINT('Ctrl Pts',(-10.1000000041155,23.6247017610584,14.7715461349629));
#2473=CARTESIAN_POINT('Ctrl Pts',(-10.1,23.4064008892426,14.8376241309737));
#2474=CARTESIAN_POINT('',(-10.019233389643,22.9044747218499,15.));
#2475=CARTESIAN_POINT('Origin',(-8.5,23.4064009194066,15.));
#2476=CARTESIAN_POINT('Ctrl Pts',(-10.1,23.4064008892426,14.8376241309737));
#2477=CARTESIAN_POINT('Ctrl Pts',(-10.0999999999361,23.4030095883348,14.8386506516925));
#2478=CARTESIAN_POINT('Ctrl Pts',(-10.0999892175004,23.3996185595089,14.8396784633595));
#2479=CARTESIAN_POINT('Ctrl Pts',(-10.0988926030249,23.2271465839484,14.892024151747));
#2480=CARTESIAN_POINT('Ctrl Pts',(-10.0702418566234,23.0588674723544,14.9466283439118));
#2481=CARTESIAN_POINT('Ctrl Pts',(-10.019233389643,22.9044747218499,15.));
#2482=CARTESIAN_POINT('Origin',(-25.,0.,15.));
#2483=CARTESIAN_POINT('Origin',(0.,0.,15.));
#2484=CARTESIAN_POINT('Origin',(0.,0.,15.));
#2485=CARTESIAN_POINT('Origin',(0.,0.,15.));
#2486=CARTESIAN_POINT('Origin',(0.,0.,15.));
#2487=CARTESIAN_POINT('Origin',(0.,0.,15.));
#2488=CARTESIAN_POINT('Origin',(0.,0.,15.));
#2489=CARTESIAN_POINT('Origin',(0.,0.,7.5));
#2490=CARTESIAN_POINT('',(-38.9418346142604,-58.7688992314438,0.));
#2491=CARTESIAN_POINT('',(-33.5293418563279,-62.0163948862033,0.));
#2492=CARTESIAN_POINT('Ctrl Pts',(-38.9418346142604,-58.7688992314438,-2.21350715534641E-14));
#2493=CARTESIAN_POINT('Ctrl Pts',(-38.7378340378013,-58.690065902967,0.0588127409259588));
#2494=CARTESIAN_POINT('Ctrl Pts',(-38.5295680889142,-58.6290088133225,0.113402569361966));
#2495=CARTESIAN_POINT('Ctrl Pts',(-37.8631251661478,-58.4889013816831,0.272328010918258));
#2496=CARTESIAN_POINT('Ctrl Pts',(-37.3478675038179,-58.4706546589835,0.369524755027354));
#2497=CARTESIAN_POINT('Ctrl Pts',(-36.3441720299323,-58.6369921166145,0.499341932604596));
#2498=CARTESIAN_POINT('Ctrl Pts',(-35.8557475628165,-58.8217899464338,0.531791642121011));
#2499=CARTESIAN_POINT('Ctrl Pts',(-35.0282863937633,-59.3182666478658,0.531791642121011));
#2500=CARTESIAN_POINT('Ctrl Pts',(-34.6353826770447,-59.6622657283471,0.499341932604597));
#2501=CARTESIAN_POINT('Ctrl Pts',(-34.0162870502476,-60.4696029311257,0.369524755027356));
#2502=CARTESIAN_POINT('Ctrl Pts',(-33.7899129056508,-60.9328287379813,0.272328010918257));
#2503=CARTESIAN_POINT('Ctrl Pts',(-33.5999169110897,-61.5867995200173,0.113402569361966));
#2504=CARTESIAN_POINT('Ctrl Pts',(-33.5557833083585,-61.7992963406326,0.0588127409259619));
#2505=CARTESIAN_POINT('Ctrl Pts',(-33.5293418563279,-62.0163948862033,-2.0417695312247E-14));
#2506=CARTESIAN_POINT('Origin',(0.,0.,0.));
#2507=CARTESIAN_POINT('Origin',(0.,0.,7.5));
#2508=CARTESIAN_POINT('',(33.5293418563279,-62.0163948862034,0.));
#2509=CARTESIAN_POINT('',(38.9418346142604,-58.7688992314438,0.));
#2510=CARTESIAN_POINT('Ctrl Pts',(33.5293418563279,-62.0163948862034,-2.77729228503887E-14));
#2511=CARTESIAN_POINT('Ctrl Pts',(33.5557833083585,-61.7992963406327,0.0588127409259571));
#2512=CARTESIAN_POINT('Ctrl Pts',(33.5999169110897,-61.5867995200173,0.113402569361967));
#2513=CARTESIAN_POINT('Ctrl Pts',(33.7899129056508,-60.9328287379813,0.272328010918261));
#2514=CARTESIAN_POINT('Ctrl Pts',(34.0162870502476,-60.4696029311257,0.369524755027353));
#2515=CARTESIAN_POINT('Ctrl Pts',(34.6353826770447,-59.6622657283471,0.499341932604594));
#2516=CARTESIAN_POINT('Ctrl Pts',(35.0282863937632,-59.3182666478658,0.531791642121011));
#2517=CARTESIAN_POINT('Ctrl Pts',(35.8557475628165,-58.8217899464338,0.531791642121011));
#2518=CARTESIAN_POINT('Ctrl Pts',(36.3441720299323,-58.6369921166146,0.499341932604595));
#2519=CARTESIAN_POINT('Ctrl Pts',(37.3478675038179,-58.4706546589835,0.369524755027354));
#2520=CARTESIAN_POINT('Ctrl Pts',(37.8631251661478,-58.4889013816831,0.272328010918263));
#2521=CARTESIAN_POINT('Ctrl Pts',(38.5295680889142,-58.6290088133225,0.11340256936197));
#2522=CARTESIAN_POINT('Ctrl Pts',(38.7378340378013,-58.690065902967,0.0588127409259558));
#2523=CARTESIAN_POINT('Ctrl Pts',(38.9418346142604,-58.7688992314438,-2.96290769696839E-14));
#2524=CARTESIAN_POINT('Origin',(0.,0.,0.));
#2525=CARTESIAN_POINT('Origin',(0.,0.,7.5));
#2526=CARTESIAN_POINT('',(58.7688992314438,-38.9418346142604,0.));
#2527=CARTESIAN_POINT('',(62.0163948862033,-33.5293418563279,0.));
#2528=CARTESIAN_POINT('Ctrl Pts',(58.7688992314438,-38.9418346142604,-1.92554305833426E-14));
#2529=CARTESIAN_POINT('Ctrl Pts',(58.690065902967,-38.7378340378013,0.0588127409259616));
#2530=CARTESIAN_POINT('Ctrl Pts',(58.6290088133225,-38.5295680889142,0.113402569361968));
#2531=CARTESIAN_POINT('Ctrl Pts',(58.4889013816831,-37.8631251661479,0.27232801091826));
#2532=CARTESIAN_POINT('Ctrl Pts',(58.4706546589835,-37.3478675038179,0.36952475502735));
#2533=CARTESIAN_POINT('Ctrl Pts',(58.6369921166145,-36.3441720299323,0.499341932604591));
#2534=CARTESIAN_POINT('Ctrl Pts',(58.8217899464338,-35.8557475628165,0.531791642121011));
#2535=CARTESIAN_POINT('Ctrl Pts',(59.3182666478658,-35.0282863937633,0.531791642121011));
#2536=CARTESIAN_POINT('Ctrl Pts',(59.6622657283471,-34.6353826770447,0.499341932604596));
#2537=CARTESIAN_POINT('Ctrl Pts',(60.4696029311257,-34.0162870502476,0.369524755027357));
#2538=CARTESIAN_POINT('Ctrl Pts',(60.9328287379813,-33.7899129056508,0.272328010918263));
#2539=CARTESIAN_POINT('Ctrl Pts',(61.5867995200173,-33.5999169110897,0.113402569361972));
#2540=CARTESIAN_POINT('Ctrl Pts',(61.7992963406326,-33.5557833083585,0.0588127409259635));
#2541=CARTESIAN_POINT('Ctrl Pts',(62.0163948862033,-33.5293418563279,-1.86656246015104E-14));
#2542=CARTESIAN_POINT('Origin',(0.,0.,0.));
#2543=CARTESIAN_POINT('Origin',(0.,0.,7.5));
#2544=CARTESIAN_POINT('',(-62.0163948862033,-33.5293418563279,0.));
#2545=CARTESIAN_POINT('',(-58.7688992314438,-38.9418346142604,0.));
#2546=CARTESIAN_POINT('Ctrl Pts',(-62.0163948862033,-33.5293418563279,-1.00440489259057E-14));
#2547=CARTESIAN_POINT('Ctrl Pts',(-61.7992963406326,-33.5557833083585,0.0588127409259647));
#2548=CARTESIAN_POINT('Ctrl Pts',(-61.5867995200173,-33.5999169110897,0.113402569361973));
#2549=CARTESIAN_POINT('Ctrl Pts',(-60.9328287379813,-33.7899129056509,0.27232801091826));
#2550=CARTESIAN_POINT('Ctrl Pts',(-60.4696029311257,-34.0162870502476,0.369524755027356));
#2551=CARTESIAN_POINT('Ctrl Pts',(-59.6622657283471,-34.6353826770447,0.499341932604596));
#2552=CARTESIAN_POINT('Ctrl Pts',(-59.3182666478658,-35.0282863937633,0.531791642121011));
#2553=CARTESIAN_POINT('Ctrl Pts',(-58.8217899464338,-35.8557475628165,0.531791642121011));
#2554=CARTESIAN_POINT('Ctrl Pts',(-58.6369921166145,-36.3441720299323,0.499341932604594));
#2555=CARTESIAN_POINT('Ctrl Pts',(-58.4706546589835,-37.3478675038179,0.369524755027352));
#2556=CARTESIAN_POINT('Ctrl Pts',(-58.4889013816831,-37.8631251661479,0.27232801091826));
#2557=CARTESIAN_POINT('Ctrl Pts',(-58.6290088133225,-38.5295680889142,0.113402569361971));
#2558=CARTESIAN_POINT('Ctrl Pts',(-58.690065902967,-38.7378340378013,0.0588127409259645));
#2559=CARTESIAN_POINT('Ctrl Pts',(-58.7688992314438,-38.9418346142604,-1.29236898960272E-14));
#2560=CARTESIAN_POINT('Origin',(0.,0.,0.));
#2561=CARTESIAN_POINT('Origin',(0.,0.,7.5));
#2562=CARTESIAN_POINT('',(62.0163948862033,33.5293418563279,0.));
#2563=CARTESIAN_POINT('',(58.7688992314438,38.9418346142603,0.));
#2564=CARTESIAN_POINT('Ctrl Pts',(62.0163948862033,33.5293418563279,1.02348685082632E-15));
#2565=CARTESIAN_POINT('Ctrl Pts',(61.7992963406326,33.5557833083585,0.0588127409259731));
#2566=CARTESIAN_POINT('Ctrl Pts',(61.5867995200172,33.5999169110897,0.113402569361979));
#2567=CARTESIAN_POINT('Ctrl Pts',(60.9328287379813,33.7899129056508,0.272328010918265));
#2568=CARTESIAN_POINT('Ctrl Pts',(60.4696029311257,34.0162870502476,0.369524755027363));
#2569=CARTESIAN_POINT('Ctrl Pts',(59.6622657283471,34.6353826770447,0.499341932604605));
#2570=CARTESIAN_POINT('Ctrl Pts',(59.3182666478658,35.0282863937632,0.531791642121015));
#2571=CARTESIAN_POINT('Ctrl Pts',(58.8217899464338,35.8557475628165,0.531791642121014));
#2572=CARTESIAN_POINT('Ctrl Pts',(58.6369921166145,36.3441720299323,0.499341932604602));
#2573=CARTESIAN_POINT('Ctrl Pts',(58.4706546589835,37.3478675038179,0.369524755027361));
#2574=CARTESIAN_POINT('Ctrl Pts',(58.4889013816831,37.8631251661478,0.27232801091827));
#2575=CARTESIAN_POINT('Ctrl Pts',(58.6290088133225,38.5295680889142,0.113402569361983));
#2576=CARTESIAN_POINT('Ctrl Pts',(58.6900659029669,38.7378340378012,0.0588127409259779));
#2577=CARTESIAN_POINT('Ctrl Pts',(58.7688992314438,38.9418346142603,1.99493199737333E-15));
#2578=CARTESIAN_POINT('Origin',(0.,0.,0.));
#2579=CARTESIAN_POINT('Origin',(0.,0.,7.5));
#2580=CARTESIAN_POINT('',(38.9418346142603,58.7688992314438,0.));
#2581=CARTESIAN_POINT('',(33.5293418563279,62.0163948862032,0.));
#2582=CARTESIAN_POINT('Ctrl Pts',(38.9418346142603,58.7688992314438,1.27849120179491E-14));
#2583=CARTESIAN_POINT('Ctrl Pts',(38.7378340378012,58.6900659029669,0.058812740925983));
#2584=CARTESIAN_POINT('Ctrl Pts',(38.5295680889142,58.6290088133225,0.113402569361986));
#2585=CARTESIAN_POINT('Ctrl Pts',(37.8631251661478,58.4889013816831,0.272328010918271));
#2586=CARTESIAN_POINT('Ctrl Pts',(37.3478675038179,58.4706546589835,0.36952475502736));
#2587=CARTESIAN_POINT('Ctrl Pts',(36.3441720299323,58.6369921166145,0.499341932604601));
#2588=CARTESIAN_POINT('Ctrl Pts',(35.8557475628165,58.8217899464338,0.531791642121016));
#2589=CARTESIAN_POINT('Ctrl Pts',(35.0282863937632,59.3182666478658,0.531791642121015));
#2590=CARTESIAN_POINT('Ctrl Pts',(34.6353826770447,59.6622657283471,0.499341932604601));
#2591=CARTESIAN_POINT('Ctrl Pts',(34.0162870502476,60.4696029311257,0.369524755027359));
#2592=CARTESIAN_POINT('Ctrl Pts',(33.7899129056508,60.9328287379813,0.272328010918273));
#2593=CARTESIAN_POINT('Ctrl Pts',(33.5999169110897,61.5867995200172,0.113402569361989));
#2594=CARTESIAN_POINT('Ctrl Pts',(33.5557833083585,61.7992963406326,0.0588127409259807));
#2595=CARTESIAN_POINT('Ctrl Pts',(33.5293418563279,62.0163948862032,1.1293049828609E-14));
#2596=CARTESIAN_POINT('Origin',(0.,0.,0.));
#2597=CARTESIAN_POINT('Origin',(0.,0.,7.5));
#2598=CARTESIAN_POINT('',(70.5000000000001,-8.63375993398885E-15,-2.77555756156289E-14));
#2599=CARTESIAN_POINT('',(47.75,-5.84768846592861E-15,7.5));
#2600=CARTESIAN_POINT('',(67.603624163206,-20.,0.));
#2601=CARTESIAN_POINT('Origin',(0.,0.,0.));
#2602=CARTESIAN_POINT('',(20.,-20.0000000000001,13.9172732151224));
#2603=CARTESIAN_POINT('Ctrl Pts',(20.,-20.0000000000001,13.9172732151224));
#2604=CARTESIAN_POINT('Ctrl Pts',(33.6300425279381,-20.,10.7399450285183));
#2605=CARTESIAN_POINT('Ctrl Pts',(67.6036241632059,-20.,-2.22044604925031E-15));
#2606=CARTESIAN_POINT('',(20.,-67.603624163206,0.));
#2607=CARTESIAN_POINT('Ctrl Pts',(20.,-67.6036241632059,1.11022302462516E-15));
#2608=CARTESIAN_POINT('Ctrl Pts',(20.,-33.6300425279381,10.7399450285183));
#2609=CARTESIAN_POINT('Ctrl Pts',(20.,-20.0000000000001,13.9172732151224));
#2610=CARTESIAN_POINT('',(14.914878441125,-68.904255319149,0.));
#2611=CARTESIAN_POINT('Origin',(0.,0.,0.));
#2612=CARTESIAN_POINT('',(-14.9148784411251,-68.904255319149,0.));
#2613=CARTESIAN_POINT('Ctrl Pts',(14.914878441125,-68.904255319149,-2.79637424327461E-14));
#2614=CARTESIAN_POINT('Ctrl Pts',(14.8568048052348,-68.361460954656,0.178943197085579));
#2615=CARTESIAN_POINT('Ctrl Pts',(14.7696319494359,-67.8278362390453,0.35694390252232));
#2616=CARTESIAN_POINT('Ctrl Pts',(14.3099001512368,-65.7165708243831,1.0692755898419));
#2617=CARTESIAN_POINT('Ctrl Pts',(13.6611312994741,-64.0607856509718,1.64889360669741));
#2618=CARTESIAN_POINT('Ctrl Pts',(11.8022225858984,-61.0767552424366,2.73508085934821));
#2619=CARTESIAN_POINT('Ctrl Pts',(10.5917121695378,-59.7484497150918,3.24085010773154));
#2620=CARTESIAN_POINT('Ctrl Pts',(8.05280518534283,-57.7485177322669,4.02277152484046));
#2621=CARTESIAN_POINT('Ctrl Pts',(6.55505247754521,-56.9006763619468,4.3661906278168));
#2622=CARTESIAN_POINT('Ctrl Pts',(3.33381295683775,-55.7760056752745,4.82838447540595));
#2623=CARTESIAN_POINT('Ctrl Pts',(1.60973707112998,-55.5,4.94505494505495));
#2624=CARTESIAN_POINT('Ctrl Pts',(-1.60973707113011,-55.5,4.94505494505495));
#2625=CARTESIAN_POINT('Ctrl Pts',(-3.33381295683788,-55.7760056752745,4.82838447540595));
#2626=CARTESIAN_POINT('Ctrl Pts',(-6.55505247754534,-56.9006763619468,4.3661906278168));
#2627=CARTESIAN_POINT('Ctrl Pts',(-8.05280518534296,-57.7485177322669,4.02277152484045));
#2628=CARTESIAN_POINT('Ctrl Pts',(-10.5917121695379,-59.7484497150918,3.24085010773154));
#2629=CARTESIAN_POINT('Ctrl Pts',(-11.8022225858985,-61.0767552424366,2.7350808593482));
#2630=CARTESIAN_POINT('Ctrl Pts',(-13.6611312994742,-64.0607856509718,1.64889360669741));
#2631=CARTESIAN_POINT('Ctrl Pts',(-14.3099001512369,-65.716570824383,1.0692755898419));
#2632=CARTESIAN_POINT('Ctrl Pts',(-14.6565478764321,-67.3085106382979,0.532162081572447));
#2633=CARTESIAN_POINT('Ctrl Pts',(-14.7696319494332,-67.827836239032,0.356943902526782));
#2634=CARTESIAN_POINT('Ctrl Pts',(-14.856804805235,-68.3614609546562,0.178943197085503));
#2635=CARTESIAN_POINT('Ctrl Pts',(-14.9148784411251,-68.904255319149,-2.51534904016637E-14));
#2636=CARTESIAN_POINT('',(-20.,-67.603624163206,0.));
#2637=CARTESIAN_POINT('Origin',(0.,0.,0.));
#2638=CARTESIAN_POINT('',(-20.,-20.0000000000001,13.9172732151224));
#2639=CARTESIAN_POINT('Ctrl Pts',(-20.,-20.0000000000001,13.9172732151224));
#2640=CARTESIAN_POINT('Ctrl Pts',(-20.,-33.6300425279382,10.7399450285182));
#2641=CARTESIAN_POINT('Ctrl Pts',(-20.,-67.6036241632059,0.));
#2642=CARTESIAN_POINT('',(-67.6036241632059,-20.0000000000001,0.));
#2643=CARTESIAN_POINT('Ctrl Pts',(-67.6036241632059,-20.0000000000001,1.11022302462516E-15));
#2644=CARTESIAN_POINT('Ctrl Pts',(-33.6300425279383,-20.0000000000001,10.7399450285182));
#2645=CARTESIAN_POINT('Ctrl Pts',(-20.,-20.0000000000001,13.9172732151224));
#2646=CARTESIAN_POINT('',(-67.6036241632059,19.9999999999999,0.));
#2647=CARTESIAN_POINT('Origin',(0.,0.,0.));
#2648=CARTESIAN_POINT('',(-20.,19.9999999999999,13.9172732151225));
#2649=CARTESIAN_POINT('Ctrl Pts',(-20.,19.9999999999999,13.9172732151225));
#2650=CARTESIAN_POINT('Ctrl Pts',(-33.6300425279386,20.,10.7399450285181));
#2651=CARTESIAN_POINT('Ctrl Pts',(-67.6036241632059,19.9999999999999,0.));
#2652=CARTESIAN_POINT('',(-20.,67.6036241632059,0.));
#2653=CARTESIAN_POINT('Ctrl Pts',(-20.,67.6036241632059,1.11022302462516E-15));
#2654=CARTESIAN_POINT('Ctrl Pts',(-20.,33.6300425279379,10.7399450285183));
#2655=CARTESIAN_POINT('Ctrl Pts',(-20.,19.9999999999999,13.9172732151225));
#2656=CARTESIAN_POINT('',(20.,67.6036241632059,0.));
#2657=CARTESIAN_POINT('Origin',(0.,0.,0.));
#2658=CARTESIAN_POINT('',(20.,19.9999999999999,13.9172732151225));
#2659=CARTESIAN_POINT('Ctrl Pts',(20.,20.,13.9172732151225));
#2660=CARTESIAN_POINT('Ctrl Pts',(20.,33.6300425279378,10.7399450285183));
#2661=CARTESIAN_POINT('Ctrl Pts',(20.,67.6036241632059,0.));
#2662=CARTESIAN_POINT('',(67.603624163206,20.,0.));
#2663=CARTESIAN_POINT('Ctrl Pts',(67.6036241632059,20.,1.11022302462516E-15));
#2664=CARTESIAN_POINT('Ctrl Pts',(33.6300425279386,20.,10.7399450285182));
#2665=CARTESIAN_POINT('Ctrl Pts',(20.,19.9999999999999,13.9172732151225));
#2666=CARTESIAN_POINT('Origin',(0.,0.,0.));
#2667=CARTESIAN_POINT('Origin',(0.,0.,7.5));
#2668=CARTESIAN_POINT('',(-58.7688992314438,38.9418346142603,0.));
#2669=CARTESIAN_POINT('',(-62.0163948862032,33.5293418563279,0.));
#2670=CARTESIAN_POINT('Ctrl Pts',(-58.7688992314438,38.9418346142603,1.49880108324396E-14));
#2671=CARTESIAN_POINT('Ctrl Pts',(-58.6900659029669,38.7378340378012,0.0588127409259818));
#2672=CARTESIAN_POINT('Ctrl Pts',(-58.6290088133225,38.5295680889142,0.113402569361976));
#2673=CARTESIAN_POINT('Ctrl Pts',(-58.4889013816831,37.8631251661478,0.272328010918257));
#2674=CARTESIAN_POINT('Ctrl Pts',(-58.4706546589835,37.3478675038179,0.369524755027352));
#2675=CARTESIAN_POINT('Ctrl Pts',(-58.6369921166146,36.3441720299323,0.499341932604592));
#2676=CARTESIAN_POINT('Ctrl Pts',(-58.8217899464338,35.8557475628165,0.531791642121009));
#2677=CARTESIAN_POINT('Ctrl Pts',(-59.3182666478658,35.0282863937632,0.531791642121009));
#2678=CARTESIAN_POINT('Ctrl Pts',(-59.6622657283471,34.6353826770447,0.499341932604593));
#2679=CARTESIAN_POINT('Ctrl Pts',(-60.4696029311257,34.0162870502476,0.369524755027353));
#2680=CARTESIAN_POINT('Ctrl Pts',(-60.9328287379813,33.7899129056508,0.272328010918259));
#2681=CARTESIAN_POINT('Ctrl Pts',(-61.5867995200172,33.5999169110897,0.113402569361977));
#2682=CARTESIAN_POINT('Ctrl Pts',(-61.7992963406326,33.5557833083585,0.0588127409259783));
#2683=CARTESIAN_POINT('Ctrl Pts',(-62.0163948862032,33.5293418563279,1.15359111152458E-14));
#2684=CARTESIAN_POINT('Origin',(0.,0.,0.));
#2685=CARTESIAN_POINT('Origin',(0.,0.,7.5));
#2686=CARTESIAN_POINT('',(-33.5293418563279,62.0163948862032,0.));
#2687=CARTESIAN_POINT('',(-38.9418346142603,58.7688992314438,0.));
#2688=CARTESIAN_POINT('Ctrl Pts',(-33.5293418563279,62.0163948862032,1.75380543421255E-14));
#2689=CARTESIAN_POINT('Ctrl Pts',(-33.5557833083585,61.7992963406326,0.0588127409259843));
#2690=CARTESIAN_POINT('Ctrl Pts',(-33.5999169110897,61.5867995200172,0.113402569361982));
#2691=CARTESIAN_POINT('Ctrl Pts',(-33.7899129056508,60.9328287379813,0.272328010918264));
#2692=CARTESIAN_POINT('Ctrl Pts',(-34.0162870502476,60.4696029311257,0.369524755027354));
#2693=CARTESIAN_POINT('Ctrl Pts',(-34.6353826770447,59.6622657283471,0.499341932604596));
#2694=CARTESIAN_POINT('Ctrl Pts',(-35.0282863937633,59.3182666478658,0.531791642121009));
#2695=CARTESIAN_POINT('Ctrl Pts',(-35.8557475628166,58.8217899464338,0.531791642121009));
#2696=CARTESIAN_POINT('Ctrl Pts',(-36.3441720299323,58.6369921166145,0.499341932604596));
#2697=CARTESIAN_POINT('Ctrl Pts',(-37.3478675038179,58.4706546589835,0.369524755027354));
#2698=CARTESIAN_POINT('Ctrl Pts',(-37.8631251661479,58.4889013816831,0.272328010918263));
#2699=CARTESIAN_POINT('Ctrl Pts',(-38.5295680889142,58.6290088133225,0.113402569361982));
#2700=CARTESIAN_POINT('Ctrl Pts',(-38.7378340378012,58.6900659029669,0.0588127409259843));
#2701=CARTESIAN_POINT('Ctrl Pts',(-38.9418346142603,58.7688992314438,1.75467279595054E-14));
#2702=CARTESIAN_POINT('Origin',(0.,0.,0.));
#2703=CARTESIAN_POINT('Origin',(-37.5,62.5,0.));
#2704=CARTESIAN_POINT('',(-33.5293418563279,62.0163948862032,5.));
#2705=CARTESIAN_POINT('',(-33.5293418563279,62.0163948862032,0.));
#2706=CARTESIAN_POINT('',(-38.9418346142603,58.7688992314438,5.));
#2707=CARTESIAN_POINT('Origin',(-37.5,62.5,5.));
#2708=CARTESIAN_POINT('',(-38.9418346142603,58.7688992314438,0.));
#2709=CARTESIAN_POINT('Origin',(37.5,62.5,0.));
#2710=CARTESIAN_POINT('',(38.9418346142603,58.7688992314438,5.));
#2711=CARTESIAN_POINT('',(38.9418346142603,58.7688992314438,0.));
#2712=CARTESIAN_POINT('',(33.5293418563279,62.0163948862032,5.));
#2713=CARTESIAN_POINT('Origin',(37.5,62.5,5.));
#2714=CARTESIAN_POINT('',(33.5293418563279,62.0163948862032,0.));
#2715=CARTESIAN_POINT('Origin',(-20.,19.9999999999999,0.));
#2716=CARTESIAN_POINT('',(-67.6036241632059,19.9999999999999,5.));
#2717=CARTESIAN_POINT('',(-67.6036241632059,19.9999999999999,0.));
#2718=CARTESIAN_POINT('',(-20.3039405042469,19.9999999999999,20.));
#2719=CARTESIAN_POINT('Ctrl Pts',(-20.3039405042469,20.,20.));
#2720=CARTESIAN_POINT('Ctrl Pts',(-33.9205161029922,19.9999999999999,16.5354618943845));
#2721=CARTESIAN_POINT('Ctrl Pts',(-67.6036241632059,19.9999999999999,5.));
#2722=CARTESIAN_POINT('',(-20.,19.9999999999999,20.));
#2723=CARTESIAN_POINT('',(-20.,19.9999999999999,20.));
#2724=CARTESIAN_POINT('',(-20.,19.9999999999999,0.));
#2725=CARTESIAN_POINT('Origin',(20.,19.9999999999999,0.));
#2726=CARTESIAN_POINT('',(20.,67.6036241632059,5.));
#2727=CARTESIAN_POINT('',(20.,67.6036241632059,0.));
#2728=CARTESIAN_POINT('',(20.,20.3039405042469,20.));
#2729=CARTESIAN_POINT('Ctrl Pts',(20.,20.3039405042469,20.));
#2730=CARTESIAN_POINT('Ctrl Pts',(20.,33.9205161029922,16.5354618943844));
#2731=CARTESIAN_POINT('Ctrl Pts',(20.,67.6036241632059,5.));
#2732=CARTESIAN_POINT('',(20.,19.9999999999999,20.));
#2733=CARTESIAN_POINT('',(20.,19.9999999999999,20.));
#2734=CARTESIAN_POINT('',(20.,19.9999999999999,0.));
#2735=CARTESIAN_POINT('Origin',(62.5,37.5,0.));
#2736=CARTESIAN_POINT('',(62.0163948862033,33.5293418563279,5.));
#2737=CARTESIAN_POINT('',(62.0163948862033,33.5293418563279,0.));
#2738=CARTESIAN_POINT('',(58.7688992314438,38.9418346142603,5.));
#2739=CARTESIAN_POINT('Origin',(62.5,37.5,5.));
#2740=CARTESIAN_POINT('',(58.7688992314438,38.9418346142603,0.));
#2741=CARTESIAN_POINT('Origin',(62.5,-37.5,0.));
#2742=CARTESIAN_POINT('',(58.7688992314438,-38.9418346142604,5.));
#2743=CARTESIAN_POINT('',(58.7688992314438,-38.9418346142604,0.));
#2744=CARTESIAN_POINT('',(62.0163948862033,-33.5293418563279,5.));
#2745=CARTESIAN_POINT('Origin',(62.5,-37.5,5.));
#2746=CARTESIAN_POINT('',(62.0163948862033,-33.5293418563279,0.));
#2747=CARTESIAN_POINT('Origin',(-67.6036241632059,-20.0000000000001,0.));
#2748=CARTESIAN_POINT('',(-20.,-20.0000000000001,20.));
#2749=CARTESIAN_POINT('',(-20.,-20.0000000000001,0.));
#2750=CARTESIAN_POINT('',(-20.303940504247,-20.0000000000001,20.));
#2751=CARTESIAN_POINT('',(-67.6036241632059,-20.0000000000001,20.));
#2752=CARTESIAN_POINT('',(-67.6036241632059,-20.0000000000001,5.));
#2753=CARTESIAN_POINT('Ctrl Pts',(-67.6036241632059,-20.0000000000001,5.));
#2754=CARTESIAN_POINT('Ctrl Pts',(-33.9205161029924,-20.0000000000001,16.5354618943844));
#2755=CARTESIAN_POINT('Ctrl Pts',(-20.303940504247,-20.0000000000001,20.));
#2756=CARTESIAN_POINT('',(-67.6036241632059,-20.0000000000001,0.));
#2757=CARTESIAN_POINT('Origin',(-20.,-20.0000000000001,0.));
#2758=CARTESIAN_POINT('',(-20.,-67.603624163206,5.));
#2759=CARTESIAN_POINT('',(-20.,-67.603624163206,0.));
#2760=CARTESIAN_POINT('',(-20.,-20.303940504247,20.));
#2761=CARTESIAN_POINT('Ctrl Pts',(-20.,-20.303940504247,20.));
#2762=CARTESIAN_POINT('Ctrl Pts',(-20.,-33.9205161029925,16.5354618943844));
#2763=CARTESIAN_POINT('Ctrl Pts',(-20.,-67.603624163206,5.));
#2764=CARTESIAN_POINT('',(-20.,-20.0000000000001,20.));
#2765=CARTESIAN_POINT('Origin',(37.5,-62.5,0.));
#2766=CARTESIAN_POINT('',(33.5293418563279,-62.0163948862034,5.));
#2767=CARTESIAN_POINT('',(33.5293418563279,-62.0163948862034,0.));
#2768=CARTESIAN_POINT('',(38.9418346142604,-58.7688992314438,5.));
#2769=CARTESIAN_POINT('Origin',(37.5,-62.5,5.));
#2770=CARTESIAN_POINT('',(38.9418346142604,-58.7688992314438,0.));
#2771=CARTESIAN_POINT('Origin',(-7.54951656745106E-14,-70.5,0.));
#2772=CARTESIAN_POINT('',(14.914878441125,-68.904255319149,5.));
#2773=CARTESIAN_POINT('',(14.914878441125,-68.904255319149,0.));
#2774=CARTESIAN_POINT('',(-14.9148784411251,-68.904255319149,5.));
#2775=CARTESIAN_POINT('Ctrl Pts',(14.914878441125,-68.904255319149,5.00000000000001));
#2776=CARTESIAN_POINT('Ctrl Pts',(14.8567921657499,-68.3613428177238,5.19389732193758));
#2777=CARTESIAN_POINT('Ctrl Pts',(14.7696066809061,-67.827720196228,5.38673164276472));
#2778=CARTESIAN_POINT('Ctrl Pts',(14.3094801355247,-65.7146419505265,6.15908691536929));
#2779=CARTESIAN_POINT('Ctrl Pts',(13.6595742370948,-64.056374722853,6.78796633495086));
#2780=CARTESIAN_POINT('Ctrl Pts',(11.7946537532809,-61.0665261273029,7.96711276017469));
#2781=CARTESIAN_POINT('Ctrl Pts',(10.5792266855068,-59.7348675051876,8.51653131365692));
#2782=CARTESIAN_POINT('Ctrl Pts',(8.03674663855648,-57.7394060447082,9.36199628209585));
#2783=CARTESIAN_POINT('Ctrl Pts',(6.54399805759382,-56.8958922032829,9.73215585044922));
#2784=CARTESIAN_POINT('Ctrl Pts',(3.33030370220881,-55.7757092405623,10.2308958180726));
#2785=CARTESIAN_POINT('Ctrl Pts',(1.60866176034209,-55.5,10.3571428571429));
#2786=CARTESIAN_POINT('Ctrl Pts',(-1.60866176034221,-55.5,10.3571428571429));
#2787=CARTESIAN_POINT('Ctrl Pts',(-3.33030370220893,-55.7757092405622,10.2308958180726));
#2788=CARTESIAN_POINT('Ctrl Pts',(-6.54399805759393,-56.8958922032829,9.73215585044922));
#2789=CARTESIAN_POINT('Ctrl Pts',(-8.0367466385566,-57.7394060447082,9.36199628209585));
#2790=CARTESIAN_POINT('Ctrl Pts',(-10.5792266855069,-59.7348675051876,8.51653131365692));
#2791=CARTESIAN_POINT('Ctrl Pts',(-11.794653753281,-61.0665261273029,7.96711276017469));
#2792=CARTESIAN_POINT('Ctrl Pts',(-13.6595742370949,-64.0563747228529,6.78796633495086));
#2793=CARTESIAN_POINT('Ctrl Pts',(-14.3094801355248,-65.7146419505265,6.15908691536929));
#2794=CARTESIAN_POINT('Ctrl Pts',(-14.6565478764321,-67.3085106382979,5.57650892170352));
#2795=CARTESIAN_POINT('Ctrl Pts',(-14.769606680903,-67.8277201962132,5.38673164277013));
#2796=CARTESIAN_POINT('Ctrl Pts',(-14.8567921657501,-68.3613428177241,5.19389732193748));
#2797=CARTESIAN_POINT('Ctrl Pts',(-14.9148784411251,-68.904255319149,5.00000000000001));
#2798=CARTESIAN_POINT('',(-14.9148784411251,-68.904255319149,0.));
#2799=CARTESIAN_POINT('Origin',(1.40808632164942E-14,-7.32747196252603E-14,
12.5));
#2800=CARTESIAN_POINT('',(-20.,67.6036241632059,5.));
#2801=CARTESIAN_POINT('',(-20.,20.3039405042469,20.));
#2802=CARTESIAN_POINT('Ctrl Pts',(-20.,67.6036241632059,5.));
#2803=CARTESIAN_POINT('Ctrl Pts',(-20.,33.9205161029911,16.5354618943848));
#2804=CARTESIAN_POINT('Ctrl Pts',(-20.,20.3039405042469,20.));
#2805=CARTESIAN_POINT('Origin',(1.40808632164942E-14,-7.32747196252603E-14,
20.));
#2806=CARTESIAN_POINT('Origin',(1.40808632164942E-14,-7.32747196252603E-14,
5.));
#2807=CARTESIAN_POINT('Origin',(0.,-5.32907051820075E-14,20.));
#2808=CARTESIAN_POINT('',(-20.,67.6036241632059,20.));
#2809=CARTESIAN_POINT('Origin',(1.40808632164942E-14,-7.32747196252603E-14,
20.));
#2810=CARTESIAN_POINT('',(20.,-20.303940504247,20.));
#2811=CARTESIAN_POINT('Origin',(1.40808632164942E-14,-7.32747196252603E-14,
20.));
#2812=CARTESIAN_POINT('',(20.,-20.0000000000001,20.));
#2813=CARTESIAN_POINT('',(20.,-67.603624163206,20.));
#2814=CARTESIAN_POINT('',(20.303940504247,-20.,20.));
#2815=CARTESIAN_POINT('',(20.,-20.0000000000001,20.));
#2816=CARTESIAN_POINT('',(20.303940504247,19.9999999999999,20.));
#2817=CARTESIAN_POINT('Origin',(1.40808632164942E-14,-7.32747196252603E-14,
20.));
#2818=CARTESIAN_POINT('',(67.603624163206,20.,20.));
#2819=CARTESIAN_POINT('Origin',(-20.,67.6036241632059,0.));
#2820=CARTESIAN_POINT('',(-20.,67.6036241632059,0.));
#2821=CARTESIAN_POINT('Origin',(1.40808632164942E-14,-7.32747196252603E-14,
12.5));
#2822=CARTESIAN_POINT('Origin',(1.40808632164942E-14,-7.32747196252603E-14,
5.));
#2823=CARTESIAN_POINT('Origin',(1.40808632164942E-14,-7.32747196252603E-14,
12.5));
#2824=CARTESIAN_POINT('',(20.,-67.603624163206,5.));
#2825=CARTESIAN_POINT('Ctrl Pts',(20.,-67.603624163206,5.));
#2826=CARTESIAN_POINT('Ctrl Pts',(20.,-33.9205161029923,16.5354618943845));
#2827=CARTESIAN_POINT('Ctrl Pts',(20.,-20.3039405042471,20.));
#2828=CARTESIAN_POINT('Origin',(1.40808632164942E-14,-7.32747196252603E-14,
5.));
#2829=CARTESIAN_POINT('Origin',(1.40808632164942E-14,-7.32747196252603E-14,
5.));
#2830=CARTESIAN_POINT('Origin',(20.,-67.603624163206,0.));
#2831=CARTESIAN_POINT('',(20.,-20.0000000000001,0.));
#2832=CARTESIAN_POINT('',(20.,-67.603624163206,0.));
#2833=CARTESIAN_POINT('Origin',(1.40808632164942E-14,-7.32747196252603E-14,
12.5));
#2834=CARTESIAN_POINT('',(67.603624163206,19.9999999999999,5.));
#2835=CARTESIAN_POINT('Ctrl Pts',(67.603624163206,19.9999999999999,5.));
#2836=CARTESIAN_POINT('Ctrl Pts',(33.9205161029924,19.9999999999999,16.5354618943844));
#2837=CARTESIAN_POINT('Ctrl Pts',(20.303940504247,19.9999999999999,20.));
#2838=CARTESIAN_POINT('',(67.603624163206,-20.,5.));
#2839=CARTESIAN_POINT('Ctrl Pts',(20.303940504247,-20.0000000000001,20.));
#2840=CARTESIAN_POINT('Ctrl Pts',(33.9205161029923,-20.0000000000001,16.5354618943844));
#2841=CARTESIAN_POINT('Ctrl Pts',(67.603624163206,-20.,5.));
#2842=CARTESIAN_POINT('Origin',(1.40808632164942E-14,-7.32747196252603E-14,
5.));
#2843=CARTESIAN_POINT('Origin',(67.603624163206,20.,0.));
#2844=CARTESIAN_POINT('',(67.603624163206,19.9999999999999,0.));
#2845=CARTESIAN_POINT('Origin',(20.,-20.0000000000001,0.));
#2846=CARTESIAN_POINT('',(67.603624163206,-20.,0.));
#2847=CARTESIAN_POINT('Origin',(1.40808632164942E-14,-7.32747196252603E-14,
0.));
#2848=CARTESIAN_POINT('Origin',(1.40808632164942E-14,-7.32747196252603E-14,
5.));
#2849=CARTESIAN_POINT('Origin',(1.40808632164942E-14,-7.32747196252603E-14,
0.));
#2850=CARTESIAN_POINT('Origin',(1.40808632164942E-14,-7.32747196252603E-14,
0.));
#2851=CARTESIAN_POINT('Origin',(1.40808632164942E-14,-7.32747196252603E-14,
5.));
#2852=CARTESIAN_POINT('Origin',(1.40808632164942E-14,-7.32747196252603E-14,
0.));
#2853=CARTESIAN_POINT('Origin',(1.40808632164942E-14,-7.32747196252603E-14,
0.));
#2854=CARTESIAN_POINT('Origin',(1.40808632164942E-14,-7.32747196252603E-14,
0.));
#2855=CARTESIAN_POINT('',(-33.5293418563279,-62.0163948862033,5.));
#2856=CARTESIAN_POINT('',(-33.5293418563279,-62.0163948862033,0.));
#2857=CARTESIAN_POINT('Origin',(1.40808632164942E-14,-7.32747196252603E-14,
5.));
#2858=CARTESIAN_POINT('Origin',(1.40808632164942E-14,-7.32747196252603E-14,
0.));
#2859=CARTESIAN_POINT('Origin',(1.40808632164942E-14,-7.32747196252603E-14,
5.));
#2860=CARTESIAN_POINT('Origin',(1.40808632164942E-14,-7.32747196252603E-14,
0.));
#2861=CARTESIAN_POINT('Origin',(1.40808632164942E-14,-7.32747196252603E-14,
0.));
#2862=CARTESIAN_POINT('Origin',(1.40808632164942E-14,-7.32747196252603E-14,
0.));
#2863=CARTESIAN_POINT('Origin',(1.40808632164942E-14,-7.32747196252603E-14,
5.));
#2864=CARTESIAN_POINT('Origin',(1.40808632164942E-14,-7.32747196252603E-14,
0.));
#2865=CARTESIAN_POINT('',(-62.0163948862033,-33.5293418563279,5.));
#2866=CARTESIAN_POINT('Origin',(1.40808632164942E-14,-7.32747196252603E-14,
5.));
#2867=CARTESIAN_POINT('',(-62.0163948862033,-33.5293418563279,0.));
#2868=CARTESIAN_POINT('Origin',(1.40808632164942E-14,-7.32747196252603E-14,
0.));
#2869=CARTESIAN_POINT('Origin',(1.40808632164942E-14,-7.32747196252603E-14,
0.));
#2870=CARTESIAN_POINT('Origin',(1.40808632164942E-14,-7.32747196252603E-14,
0.));
#2871=CARTESIAN_POINT('',(-62.0163948862032,33.5293418563279,5.));
#2872=CARTESIAN_POINT('',(-62.0163948862032,33.5293418563279,0.));
#2873=CARTESIAN_POINT('Origin',(1.40808632164942E-14,-7.32747196252603E-14,
5.));
#2874=CARTESIAN_POINT('Origin',(1.40808632164942E-14,-7.32747196252603E-14,
0.));
#2875=CARTESIAN_POINT('Origin',(1.40808632164942E-14,-7.32747196252603E-14,
5.));
#2876=CARTESIAN_POINT('Origin',(1.40808632164942E-14,-7.32747196252603E-14,
0.));
#2877=CARTESIAN_POINT('Origin',(1.40808632164942E-14,-7.32747196252603E-14,
0.));
#2878=CARTESIAN_POINT('Origin',(1.40808632164942E-14,-7.32747196252603E-14,
0.));
#2879=CARTESIAN_POINT('Origin',(1.40808632164942E-14,-7.32747196252603E-14,
5.));
#2880=CARTESIAN_POINT('Origin',(-62.5,-37.5,212.190951739229));
#2881=CARTESIAN_POINT('',(-64.1,-37.5,3.5527136788005E-14));
#2882=CARTESIAN_POINT('Origin',(-62.5,-37.5,0.));
#2883=CARTESIAN_POINT('',(-64.1,-37.5,5.));
#2884=CARTESIAN_POINT('',(-64.1,-37.5,212.190951739229));
#2885=CARTESIAN_POINT('Origin',(-62.5,-37.5,5.));
#2886=CARTESIAN_POINT('Origin',(-62.5,37.5,212.190951739229));
#2887=CARTESIAN_POINT('',(-64.1,37.5,3.5527136788005E-14));
#2888=CARTESIAN_POINT('Origin',(-62.5,37.5,0.));
#2889=CARTESIAN_POINT('',(-64.1,37.5,5.));
#2890=CARTESIAN_POINT('',(-64.1,37.5,212.190951739229));
#2891=CARTESIAN_POINT('Origin',(-62.5,37.5,5.));
#2892=CARTESIAN_POINT('Origin',(-37.5,62.5,212.190951739229));
#2893=CARTESIAN_POINT('',(-39.1,62.5,3.5527136788005E-14));
#2894=CARTESIAN_POINT('Origin',(-37.5,62.5,0.));
#2895=CARTESIAN_POINT('',(-39.1,62.5,5.));
#2896=CARTESIAN_POINT('',(-39.1,62.5,212.190951739229));
#2897=CARTESIAN_POINT('Origin',(-37.5,62.5,5.));
#2898=CARTESIAN_POINT('Origin',(37.5,62.5,212.190951739229));
#2899=CARTESIAN_POINT('',(35.9,62.5,3.5527136788005E-14));
#2900=CARTESIAN_POINT('Origin',(37.5,62.5,0.));
#2901=CARTESIAN_POINT('',(35.9,62.5,5.));
#2902=CARTESIAN_POINT('',(35.9,62.5,212.190951739229));
#2903=CARTESIAN_POINT('Origin',(37.5,62.5,5.));
#2904=CARTESIAN_POINT('Origin',(62.5,37.5,212.190951739229));
#2905=CARTESIAN_POINT('',(60.9,37.5,3.5527136788005E-14));
#2906=CARTESIAN_POINT('Origin',(62.5,37.5,0.));
#2907=CARTESIAN_POINT('',(60.9,37.5,5.));
#2908=CARTESIAN_POINT('',(60.9,37.5,212.190951739229));
#2909=CARTESIAN_POINT('Origin',(62.5,37.5,5.));
#2910=CARTESIAN_POINT('Origin',(62.5,-37.5,212.190951739229));
#2911=CARTESIAN_POINT('',(60.9,-37.5,3.5527136788005E-14));
#2912=CARTESIAN_POINT('Origin',(62.5,-37.5,0.));
#2913=CARTESIAN_POINT('',(60.9,-37.5,5.));
#2914=CARTESIAN_POINT('',(60.9,-37.5,212.190951739229));
#2915=CARTESIAN_POINT('Origin',(62.5,-37.5,5.));
#2916=CARTESIAN_POINT('Origin',(37.5,-62.5,212.190951739229));
#2917=CARTESIAN_POINT('',(35.9,-62.5,3.5527136788005E-14));
#2918=CARTESIAN_POINT('Origin',(37.5,-62.5,0.));
#2919=CARTESIAN_POINT('',(35.9,-62.5,5.));
#2920=CARTESIAN_POINT('',(35.9,-62.5,212.190951739229));
#2921=CARTESIAN_POINT('Origin',(37.5,-62.5,5.));
#2922=CARTESIAN_POINT('Origin',(-37.5,-62.5,212.190951739229));
#2923=CARTESIAN_POINT('',(-39.1,-62.5,3.5527136788005E-14));
#2924=CARTESIAN_POINT('Origin',(-37.5,-62.5,0.));
#2925=CARTESIAN_POINT('',(-39.1,-62.5,5.));
#2926=CARTESIAN_POINT('',(-39.1,-62.5,212.190951739229));
#2927=CARTESIAN_POINT('Origin',(-37.5,-62.5,5.));
#2928=CARTESIAN_POINT('Origin',(1.40808632164942E-14,-7.32747196252603E-14,
0.));
#2929=CARTESIAN_POINT('Origin',(1.40808632164942E-14,-7.32747196252603E-14,
0.));
#2930=CARTESIAN_POINT('Origin',(1.40808632164942E-14,-7.32747196252603E-14,
5.));
#2931=CARTESIAN_POINT('Origin',(1.40808632164942E-14,-7.32747196252603E-14,
0.));
#2932=CARTESIAN_POINT('Origin',(1.40808632164942E-14,-7.32747196252603E-14,
0.));
#2933=CARTESIAN_POINT('Origin',(1.40808632164942E-14,-7.32747196252603E-14,
5.));
#2934=CARTESIAN_POINT('Origin',(1.40808632164942E-14,-7.32747196252603E-14,
0.));
#2935=CARTESIAN_POINT('Origin',(1.40808632164942E-14,-7.32747196252603E-14,
0.));
#2936=CARTESIAN_POINT('',(-58.7688992314438,38.9418346142603,5.));
#2937=CARTESIAN_POINT('Origin',(1.40808632164942E-14,-7.32747196252603E-14,
5.));
#2938=CARTESIAN_POINT('',(-58.7688992314438,38.9418346142603,0.));
#2939=CARTESIAN_POINT('Origin',(-62.5,37.5,0.));
#2940=CARTESIAN_POINT('Origin',(-62.5,37.5,5.));
#2941=CARTESIAN_POINT('Origin',(-62.5,-37.5,0.));
#2942=CARTESIAN_POINT('',(-58.7688992314438,-38.9418346142604,5.));
#2943=CARTESIAN_POINT('Origin',(-62.5,-37.5,5.));
#2944=CARTESIAN_POINT('',(-58.7688992314438,-38.9418346142604,0.));
#2945=CARTESIAN_POINT('Origin',(1.40808632164942E-14,-7.32747196252603E-14,
0.));
#2946=CARTESIAN_POINT('Origin',(1.40808632164942E-14,-7.32747196252603E-14,
0.));
#2947=CARTESIAN_POINT('',(-38.9418346142604,-58.7688992314438,5.));
#2948=CARTESIAN_POINT('Origin',(1.40808632164942E-14,-7.32747196252603E-14,
5.));
#2949=CARTESIAN_POINT('',(-38.9418346142604,-58.7688992314438,0.));
#2950=CARTESIAN_POINT('Origin',(-37.5,-62.5,0.));
#2951=CARTESIAN_POINT('Origin',(-37.5,-62.5,5.));
#2952=CARTESIAN_POINT('Origin',(1.40808632164942E-14,-7.32747196252603E-14,
0.));
#2953=CARTESIAN_POINT('',(-35.5930387682045,-66.0161767390774,0.));
#2954=CARTESIAN_POINT('',(35.5930387682045,-66.0161767390774,0.));
#2955=CARTESIAN_POINT('Origin',(1.40808632164942E-14,-7.32747196252603E-14,
0.));
#2956=CARTESIAN_POINT('',(35.5930387682045,-66.0161767390774,5.));
#2957=CARTESIAN_POINT('',(35.5930387682045,-66.0161767390774,0.));
#2958=CARTESIAN_POINT('',(-35.5930387682045,-66.0161767390774,5.));
#2959=CARTESIAN_POINT('Origin',(1.40808632164942E-14,-7.32747196252603E-14,
5.));
#2960=CARTESIAN_POINT('',(-35.5930387682045,-66.0161767390774,0.));
#2961=CARTESIAN_POINT('Origin',(-37.5,-62.5,0.));
#2962=CARTESIAN_POINT('',(-41.4999024082662,-62.4720585550404,0.));
#2963=CARTESIAN_POINT('Origin',(-37.5,-62.5,0.));
#2964=CARTESIAN_POINT('',(-41.4999024082662,-62.4720585550404,5.));
#2965=CARTESIAN_POINT('Origin',(-37.5,-62.5,5.));
#2966=CARTESIAN_POINT('',(-41.4999024082662,-62.4720585550404,0.));
#2967=CARTESIAN_POINT('Origin',(1.40808632164942E-14,-7.32747196252603E-14,
0.));
#2968=CARTESIAN_POINT('',(-62.4720585550403,-41.4999024082662,0.));
#2969=CARTESIAN_POINT('Origin',(1.40808632164942E-14,-7.32747196252603E-14,
0.));
#2970=CARTESIAN_POINT('',(-62.4720585550403,-41.4999024082662,5.));
#2971=CARTESIAN_POINT('Origin',(1.40808632164942E-14,-7.32747196252603E-14,
5.));
#2972=CARTESIAN_POINT('',(-62.4720585550403,-41.4999024082662,0.));
#2973=CARTESIAN_POINT('Origin',(-62.5,-37.5,0.));
#2974=CARTESIAN_POINT('',(-66.0161767390774,-35.5930387682045,0.));
#2975=CARTESIAN_POINT('Origin',(-62.5,-37.5,0.));
#2976=CARTESIAN_POINT('',(-66.0161767390774,-35.5930387682045,5.));
#2977=CARTESIAN_POINT('Origin',(-62.5,-37.5,5.));
#2978=CARTESIAN_POINT('',(-66.0161767390774,-35.5930387682045,0.));
#2979=CARTESIAN_POINT('Origin',(1.40808632164942E-14,-7.32747196252603E-14,
0.));
#2980=CARTESIAN_POINT('',(-66.0161767390773,35.5930387682044,0.));
#2981=CARTESIAN_POINT('Origin',(1.40808632164942E-14,-7.32747196252603E-14,
0.));
#2982=CARTESIAN_POINT('',(-66.0161767390773,35.5930387682044,5.));
#2983=CARTESIAN_POINT('Origin',(1.40808632164942E-14,-7.32747196252603E-14,
5.));
#2984=CARTESIAN_POINT('',(-66.0161767390773,35.5930387682044,0.));
#2985=CARTESIAN_POINT('Origin',(-62.5,37.5,0.));
#2986=CARTESIAN_POINT('',(-62.4720585550403,41.4999024082661,0.));
#2987=CARTESIAN_POINT('Origin',(-62.5,37.5,0.));
#2988=CARTESIAN_POINT('',(-62.4720585550403,41.4999024082661,5.));
#2989=CARTESIAN_POINT('Origin',(-62.5,37.5,5.));
#2990=CARTESIAN_POINT('',(-62.4720585550403,41.4999024082661,0.));
#2991=CARTESIAN_POINT('Origin',(1.40808632164942E-14,-7.32747196252603E-14,
0.));
#2992=CARTESIAN_POINT('',(-41.4999024082662,62.4720585550402,0.));
#2993=CARTESIAN_POINT('Origin',(1.40808632164942E-14,-7.32747196252603E-14,
0.));
#2994=CARTESIAN_POINT('',(-41.4999024082662,62.4720585550402,5.));
#2995=CARTESIAN_POINT('Origin',(1.40808632164942E-14,-7.32747196252603E-14,
5.));
#2996=CARTESIAN_POINT('',(-41.4999024082662,62.4720585550402,0.));
#2997=CARTESIAN_POINT('Origin',(-37.5,62.5,0.));
#2998=CARTESIAN_POINT('',(-35.5930387682044,66.0161767390773,0.));
#2999=CARTESIAN_POINT('Origin',(-37.5,62.5,0.));
#3000=CARTESIAN_POINT('',(-35.5930387682044,66.0161767390773,5.));
#3001=CARTESIAN_POINT('Origin',(-37.5,62.5,5.));
#3002=CARTESIAN_POINT('',(-35.5930387682044,66.0161767390773,0.));
#3003=CARTESIAN_POINT('Origin',(1.40808632164942E-14,-7.32747196252603E-14,
0.));
#3004=CARTESIAN_POINT('',(35.5930387682044,66.0161767390773,0.));
#3005=CARTESIAN_POINT('Origin',(1.40808632164942E-14,-7.32747196252603E-14,
0.));
#3006=CARTESIAN_POINT('',(35.5930387682044,66.0161767390773,5.));
#3007=CARTESIAN_POINT('Origin',(1.40808632164942E-14,-7.32747196252603E-14,
5.));
#3008=CARTESIAN_POINT('',(35.5930387682044,66.0161767390773,0.));
#3009=CARTESIAN_POINT('Origin',(37.5,62.5,0.));
#3010=CARTESIAN_POINT('',(41.4999024082662,62.4720585550402,0.));
#3011=CARTESIAN_POINT('Origin',(37.5,62.5,0.));
#3012=CARTESIAN_POINT('',(41.4999024082662,62.4720585550403,5.));
#3013=CARTESIAN_POINT('Origin',(37.5,62.5,5.));
#3014=CARTESIAN_POINT('',(41.4999024082662,62.4720585550402,0.));
#3015=CARTESIAN_POINT('Origin',(1.40808632164942E-14,-7.32747196252603E-14,
0.));
#3016=CARTESIAN_POINT('',(62.4720585550403,41.4999024082662,0.));
#3017=CARTESIAN_POINT('Origin',(1.40808632164942E-14,-7.32747196252603E-14,
0.));
#3018=CARTESIAN_POINT('',(62.4720585550403,41.4999024082662,5.));
#3019=CARTESIAN_POINT('Origin',(1.40808632164942E-14,-7.32747196252603E-14,
5.));
#3020=CARTESIAN_POINT('',(62.4720585550403,41.4999024082662,0.));
#3021=CARTESIAN_POINT('Origin',(62.5,37.5,0.));
#3022=CARTESIAN_POINT('',(66.0161767390774,35.5930387682044,0.));
#3023=CARTESIAN_POINT('Origin',(62.5,37.5,0.));
#3024=CARTESIAN_POINT('',(66.0161767390774,35.5930387682044,5.));
#3025=CARTESIAN_POINT('Origin',(62.5,37.5,5.));
#3026=CARTESIAN_POINT('',(66.0161767390774,35.5930387682044,0.));
#3027=CARTESIAN_POINT('Origin',(1.40808632164942E-14,-7.32747196252603E-14,
0.));
#3028=CARTESIAN_POINT('',(66.0161767390774,-35.5930387682045,0.));
#3029=CARTESIAN_POINT('Origin',(1.40808632164942E-14,-7.32747196252603E-14,
0.));
#3030=CARTESIAN_POINT('',(66.0161767390774,-35.5930387682045,5.));
#3031=CARTESIAN_POINT('Origin',(1.40808632164942E-14,-7.32747196252603E-14,
5.));
#3032=CARTESIAN_POINT('',(66.0161767390774,-35.5930387682045,0.));
#3033=CARTESIAN_POINT('Origin',(62.5,-37.5,0.));
#3034=CARTESIAN_POINT('',(62.4720585550404,-41.4999024082662,0.));
#3035=CARTESIAN_POINT('Origin',(62.5,-37.5,0.));
#3036=CARTESIAN_POINT('',(62.4720585550404,-41.4999024082662,5.));
#3037=CARTESIAN_POINT('Origin',(62.5,-37.5,5.));
#3038=CARTESIAN_POINT('',(62.4720585550404,-41.4999024082662,0.));
#3039=CARTESIAN_POINT('Origin',(1.40808632164942E-14,-7.32747196252603E-14,
0.));
#3040=CARTESIAN_POINT('',(41.4999024082662,-62.4720585550404,0.));
#3041=CARTESIAN_POINT('Origin',(1.40808632164942E-14,-7.32747196252603E-14,
0.));
#3042=CARTESIAN_POINT('',(41.4999024082662,-62.4720585550404,5.));
#3043=CARTESIAN_POINT('Origin',(1.40808632164942E-14,-7.32747196252603E-14,
5.));
#3044=CARTESIAN_POINT('',(41.4999024082662,-62.4720585550404,0.));
#3045=CARTESIAN_POINT('Origin',(37.5,-62.5,0.));
#3046=CARTESIAN_POINT('Origin',(37.5,-62.5,0.));
#3047=CARTESIAN_POINT('Origin',(37.5,-62.5,5.));
#3048=CARTESIAN_POINT('Origin',(1.77635683940025E-14,-7.105427357601E-14,
5.));
#3049=CARTESIAN_POINT('Origin',(1.77635683940025E-14,-7.105427357601E-14,
0.));
#3050=CARTESIAN_POINT('polyline point',(-112.7,0.,0.));
#3051=CARTESIAN_POINT('polyline point',(112.7,0.,0.));
#3052=CARTESIAN_POINT('polyline point',(0.,-112.7,0.));
#3053=CARTESIAN_POINT('polyline point',(0.,112.7,0.));
#3054=CARTESIAN_POINT('Origin',(37.5,-62.5,0.));
#3055=CARTESIAN_POINT('Origin',(1.40808632164942E-14,-7.32747196252603E-14,
0.));
#3056=CARTESIAN_POINT('Origin',(1.40808632164942E-14,-7.32747196252603E-14,
0.));
#3057=CARTESIAN_POINT('polyline point',(44.9012806053457,-40.6586399182266,
0.));
#3058=CARTESIAN_POINT('polyline point',(40.6586399182264,-44.9012806053459,
0.));
#3059=CARTESIAN_POINT('polyline point',(59.0434162290766,-54.8007755419577,
0.));
#3060=CARTESIAN_POINT('polyline point',(44.9012806053457,-40.6586399182266,
0.));
#3061=CARTESIAN_POINT('polyline point',(54.8007755419573,-59.0434162290769,
0.));
#3062=CARTESIAN_POINT('polyline point',(59.0434162290766,-54.8007755419577,
0.));
#3063=CARTESIAN_POINT('polyline point',(40.6586399182264,-44.9012806053459,
0.));
#3064=CARTESIAN_POINT('polyline point',(54.8007755419573,-59.0434162290769,
0.));
#3065=CARTESIAN_POINT('polyline point',(2.99999999999995,-60.5,0.));
#3066=CARTESIAN_POINT('polyline point',(-3.00000000000002,-60.5,0.));
#3067=CARTESIAN_POINT('polyline point',(2.99999999999975,-80.5000000000001,
0.));
#3068=CARTESIAN_POINT('polyline point',(2.99999999999995,-60.5,0.));
#3069=CARTESIAN_POINT('polyline point',(-3.00000000000002,-60.5,0.));
#3070=CARTESIAN_POINT('polyline point',(-3.00000000000006,-80.5,0.));
#3071=CARTESIAN_POINT('polyline point',(-3.00000000000006,-80.5,0.));
#3072=CARTESIAN_POINT('polyline point',(2.99999999999975,-80.5000000000001,
0.));
#3073=CARTESIAN_POINT('Origin',(62.5,-37.5,0.));
#3074=CARTESIAN_POINT('polyline point',(60.5,2.99999999999982,0.));
#3075=CARTESIAN_POINT('polyline point',(60.5,-3.00000000000015,0.));
#3076=CARTESIAN_POINT('polyline point',(80.5,2.9999999999997,0.));
#3077=CARTESIAN_POINT('polyline point',(60.5,2.99999999999982,0.));
#3078=CARTESIAN_POINT('polyline point',(80.5,-3.00000000000022,0.));
#3079=CARTESIAN_POINT('polyline point',(80.5,2.9999999999997,0.));
#3080=CARTESIAN_POINT('polyline point',(60.5,-3.00000000000015,0.));
#3081=CARTESIAN_POINT('polyline point',(80.5,-3.00000000000022,0.));
#3082=CARTESIAN_POINT('polyline point',(2.99999999999998,80.4999999999999,
0.));
#3083=CARTESIAN_POINT('polyline point',(-2.99999999999986,80.4999999999999,
0.));
#3084=CARTESIAN_POINT('polyline point',(-2.99999999999986,80.4999999999999,
0.));
#3085=CARTESIAN_POINT('polyline point',(-3.00000000000002,60.4999999999999,
0.));
#3086=CARTESIAN_POINT('polyline point',(-3.00000000000002,60.4999999999999,
0.));
#3087=CARTESIAN_POINT('polyline point',(2.99999999999998,60.4999999999999,
0.));
#3088=CARTESIAN_POINT('polyline point',(2.99999999999998,60.4999999999999,
0.));
#3089=CARTESIAN_POINT('polyline point',(2.99999999999998,80.4999999999999,
0.));
#3090=CARTESIAN_POINT('Origin',(62.5,37.5,0.));
#3091=CARTESIAN_POINT('polyline point',(40.6586399182264,44.9012806053457,
0.));
#3092=CARTESIAN_POINT('polyline point',(44.9012806053457,40.6586399182264,
0.));
#3093=CARTESIAN_POINT('polyline point',(44.9012806053457,40.6586399182264,
0.));
#3094=CARTESIAN_POINT('polyline point',(59.0434162290767,54.8007755419574,
0.));
#3095=CARTESIAN_POINT('polyline point',(54.8007755419575,59.0434162290766,
0.));
#3096=CARTESIAN_POINT('polyline point',(40.6586399182264,44.9012806053457,
0.));
#3097=CARTESIAN_POINT('polyline point',(59.0434162290767,54.8007755419574,
0.));
#3098=CARTESIAN_POINT('polyline point',(54.8007755419575,59.0434162290766,
0.));
#3099=CARTESIAN_POINT('Origin',(37.5,62.5,0.));
#3100=CARTESIAN_POINT('polyline point',(-40.6586399182265,44.9012806053457,
0.));
#3101=CARTESIAN_POINT('polyline point',(-54.8007755419574,59.0434162290766,
0.));
#3102=CARTESIAN_POINT('polyline point',(-54.8007755419574,59.0434162290766,
0.));
#3103=CARTESIAN_POINT('polyline point',(-59.0434162290766,54.8007755419575,
0.));
#3104=CARTESIAN_POINT('polyline point',(-59.0434162290766,54.8007755419575,
0.));
#3105=CARTESIAN_POINT('polyline point',(-44.9012806053457,40.6586399182264,
0.));
#3106=CARTESIAN_POINT('polyline point',(-44.9012806053457,40.6586399182264,
0.));
#3107=CARTESIAN_POINT('polyline point',(-40.6586399182265,44.9012806053457,
0.));
#3108=CARTESIAN_POINT('polyline point',(-60.5,2.99999999999994,0.));
#3109=CARTESIAN_POINT('polyline point',(-80.5,2.99999999999994,0.));
#3110=CARTESIAN_POINT('polyline point',(-80.5,2.99999999999994,0.));
#3111=CARTESIAN_POINT('polyline point',(-80.5,-2.9999999999999,0.));
#3112=CARTESIAN_POINT('polyline point',(-80.5,-2.9999999999999,0.));
#3113=CARTESIAN_POINT('polyline point',(-60.5,-3.00000000000006,0.));
#3114=CARTESIAN_POINT('polyline point',(-60.5,-3.00000000000006,0.));
#3115=CARTESIAN_POINT('polyline point',(-60.5,2.99999999999994,0.));
#3116=CARTESIAN_POINT('Origin',(-37.5,62.5,0.));
#3117=CARTESIAN_POINT('Origin',(-62.5,37.5,0.));
#3118=CARTESIAN_POINT('polyline point',(-44.9012806053458,-40.6586399182265,
0.));
#3119=CARTESIAN_POINT('polyline point',(-59.0434162290767,-54.8007755419575,
0.));
#3120=CARTESIAN_POINT('polyline point',(-59.0434162290767,-54.8007755419575,
0.));
#3121=CARTESIAN_POINT('polyline point',(-54.8007755419576,-59.0434162290767,
0.));
#3122=CARTESIAN_POINT('polyline point',(-54.8007755419576,-59.0434162290767,
0.));
#3123=CARTESIAN_POINT('polyline point',(-40.6586399182265,-44.9012806053458,
0.));
#3124=CARTESIAN_POINT('polyline point',(-40.6586399182265,-44.9012806053458,
0.));
#3125=CARTESIAN_POINT('polyline point',(-44.9012806053458,-40.6586399182265,
0.));
#3126=CARTESIAN_POINT('Origin',(-62.5,-37.5,0.));
#3127=CARTESIAN_POINT('Origin',(-37.5,-62.5,0.));
#3128=CARTESIAN_POINT('polyline point',(-20.,19.9999999999999,0.));
#3129=CARTESIAN_POINT('polyline point',(20.,19.9999999999999,0.));
#3130=CARTESIAN_POINT('polyline point',(20.,19.9999999999999,0.));
#3131=CARTESIAN_POINT('polyline point',(20.,-20.0000000000001,0.));
#3132=CARTESIAN_POINT('polyline point',(20.,-20.0000000000001,0.));
#3133=CARTESIAN_POINT('polyline point',(-20.,-20.0000000000001,0.));
#3134=CARTESIAN_POINT('polyline point',(-20.,-20.0000000000001,0.));
#3135=CARTESIAN_POINT('polyline point',(-20.,19.9999999999999,0.));
#3136=CARTESIAN_POINT('polyline point',(-20.,19.9999999999999,0.));
#3137=CARTESIAN_POINT('polyline point',(-67.6036241632059,19.9999999999999,
0.));
#3138=CARTESIAN_POINT('polyline point',(-20.,-20.0000000000001,0.));
#3139=CARTESIAN_POINT('polyline point',(-67.6036241632059,-20.0000000000001,
0.));
#3140=CARTESIAN_POINT('polyline point',(-20.,-20.0000000000001,0.));
#3141=CARTESIAN_POINT('polyline point',(-20.,-67.603624163206,0.));
#3142=CARTESIAN_POINT('polyline point',(20.,-20.0000000000001,0.));
#3143=CARTESIAN_POINT('polyline point',(20.,-67.603624163206,0.));
#3144=CARTESIAN_POINT('polyline point',(20.,-20.0000000000001,0.));
#3145=CARTESIAN_POINT('polyline point',(67.603624163206,-20.,0.));
#3146=CARTESIAN_POINT('polyline point',(20.,19.9999999999999,0.));
#3147=CARTESIAN_POINT('polyline point',(67.603624163206,20.,0.));
#3148=CARTESIAN_POINT('polyline point',(20.,19.9999999999999,0.));
#3149=CARTESIAN_POINT('polyline point',(20.,67.6036241632059,0.));
#3150=CARTESIAN_POINT('polyline point',(-20.,19.9999999999999,0.));
#3151=CARTESIAN_POINT('polyline point',(-20.,67.6036241632059,0.));
#3152=CARTESIAN_POINT('Origin',(-7.54951656745106E-14,-70.5,0.));
#3153=CARTESIAN_POINT('',(14.9231906362278,-68.9839586962082,0.));
#3154=CARTESIAN_POINT('',(-14.9148784411251,-68.904255319149,0.));
#3155=CARTESIAN_POINT('',(37.5,-62.5,0.));
#3156=CARTESIAN_POINT('',(1.40808632164942E-14,-7.32747196252603E-14,0.));
#3157=CARTESIAN_POINT('',(62.5,-37.5,0.));
#3158=CARTESIAN_POINT('',(62.5,37.5,0.));
#3159=CARTESIAN_POINT('',(37.5,62.5,0.));
#3160=CARTESIAN_POINT('',(-62.5,37.5,0.));
#3161=CARTESIAN_POINT('',(-37.5,62.5,0.));
#3162=CARTESIAN_POINT('',(-62.5,-37.5,0.));
#3163=CARTESIAN_POINT('',(-37.5,-62.5,0.));
#3164=CARTESIAN_POINT('',(35.5930387682045,-66.0161767390774,0.));
#3165=CARTESIAN_POINT('',(41.4999024082662,-62.4720585550404,0.));
#3166=CARTESIAN_POINT('',(62.4720585550404,-41.4999024082662,0.));
#3167=CARTESIAN_POINT('',(66.0161767390774,-35.5930387682045,0.));
#3168=CARTESIAN_POINT('',(66.0161767390774,35.5930387682044,0.));
#3169=CARTESIAN_POINT('',(62.4720585550403,41.4999024082662,0.));
#3170=CARTESIAN_POINT('',(41.4999024082662,62.4720585550402,0.));
#3171=CARTESIAN_POINT('',(35.5930387682044,66.0161767390773,0.));
#3172=CARTESIAN_POINT('',(-35.5930387682044,66.0161767390773,0.));
#3173=CARTESIAN_POINT('',(-41.4999024082662,62.4720585550402,0.));
#3174=CARTESIAN_POINT('',(-62.4720585550403,41.4999024082661,0.));
#3175=CARTESIAN_POINT('',(-66.0161767390773,35.5930387682044,0.));
#3176=CARTESIAN_POINT('',(-66.0161767390774,-35.5930387682045,0.));
#3177=CARTESIAN_POINT('',(-62.4720585550403,-41.4999024082662,0.));
#3178=CARTESIAN_POINT('',(-41.4999024082662,-62.4720585550404,0.));
#3179=CARTESIAN_POINT('',(-35.5930387682045,-66.0161767390774,0.));
#3180=CARTESIAN_POINT('',(-33.5293418563279,-62.0163948862033,0.));
#3181=CARTESIAN_POINT('',(-38.9418346142604,-58.7688992314438,0.));
#3182=CARTESIAN_POINT('',(-58.7688992314438,-38.9418346142604,0.));
#3183=CARTESIAN_POINT('',(-62.0163948862033,-33.5293418563279,0.));
#3184=CARTESIAN_POINT('',(-62.0163948862032,33.5293418563279,0.));
#3185=CARTESIAN_POINT('',(-58.7688992314438,38.9418346142603,0.));
#3186=CARTESIAN_POINT('',(-38.9418346142603,58.7688992314438,0.));
#3187=CARTESIAN_POINT('',(-33.5293418563279,62.0163948862032,0.));
#3188=CARTESIAN_POINT('',(33.5293418563279,62.0163948862032,0.));
#3189=CARTESIAN_POINT('',(38.9418346142603,58.7688992314438,0.));
#3190=CARTESIAN_POINT('',(58.7688992314438,38.9418346142603,0.));
#3191=CARTESIAN_POINT('',(62.0163948862033,33.5293418563279,0.));
#3192=CARTESIAN_POINT('',(62.0163948862033,-33.5293418563279,0.));
#3193=CARTESIAN_POINT('',(58.7688992314438,-38.9418346142604,0.));
#3194=CARTESIAN_POINT('',(38.9418346142604,-58.7688992314438,0.));
#3195=CARTESIAN_POINT('',(33.5293418563279,-62.0163948862034,0.));
#3196=CARTESIAN_POINT('',(14.914878441125,-68.904255319149,0.));
#3197=CARTESIAN_POINT('',(2.99999999999998,70.4361412912433,0.));
#3198=CARTESIAN_POINT('',(-2.99999999999995,70.4361412912433,0.));
#3199=CARTESIAN_POINT('',(-70.4361412912434,2.99999999999995,0.));
#3200=CARTESIAN_POINT('',(-70.4361412912434,-2.99999999999997,0.));
#3201=CARTESIAN_POINT('',(70.4361412912434,-3.00000000000018,0.));
#3202=CARTESIAN_POINT('',(70.4361412912434,2.99999999999976,0.));
#3203=CARTESIAN_POINT('',(2.99999999999997,74.9399759807807,0.));
#3204=CARTESIAN_POINT('',(-2.9999999999999,74.9399759807807,0.));
#3205=CARTESIAN_POINT('polyline point',(-20.,0.,-4.));
#3206=CARTESIAN_POINT('polyline point',(-20.,0.,24.));
#3207=CARTESIAN_POINT('polyline point',(-20.,-105.,0.));
#3208=CARTESIAN_POINT('polyline point',(-20.,105.,0.));
#3209=CARTESIAN_POINT('polyline point',(-20.,2.5,20.));
#3210=CARTESIAN_POINT('polyline point',(-20.,2.5,15.));
#3211=CARTESIAN_POINT('polyline point',(-20.,2.5,15.));
#3212=CARTESIAN_POINT('polyline point',(-20.,-2.5,15.));
#3213=CARTESIAN_POINT('polyline point',(-20.,-2.5,15.));
#3214=CARTESIAN_POINT('polyline point',(-20.,-2.5,20.));
#3215=CARTESIAN_POINT('polyline point',(-20.,-2.5,20.));
#3216=CARTESIAN_POINT('polyline point',(-20.,2.5,20.));
#3217=UNCERTAINTY_MEASURE_WITH_UNIT(LENGTH_MEASURE(0.01),#3221,
'DISTANCE_ACCURACY_VALUE',
'Maximum model space distance between geometric entities at asserted c
onnectivities');
#3218=UNCERTAINTY_MEASURE_WITH_UNIT(LENGTH_MEASURE(0.01),#3221,
'DISTANCE_ACCURACY_VALUE',
'Maximum model space distance between geometric entities at asserted c
onnectivities');
#3219=(
GEOMETRIC_REPRESENTATION_CONTEXT(3)
GLOBAL_UNCERTAINTY_ASSIGNED_CONTEXT((#3217))
GLOBAL_UNIT_ASSIGNED_CONTEXT((#3221,#3223,#3224))
REPRESENTATION_CONTEXT('','3D')
);
#3220=(
GEOMETRIC_REPRESENTATION_CONTEXT(3)
GLOBAL_UNCERTAINTY_ASSIGNED_CONTEXT((#3218))
GLOBAL_UNIT_ASSIGNED_CONTEXT((#3221,#3223,#3224))
REPRESENTATION_CONTEXT('','3D')
);
#3221=(
LENGTH_UNIT()
NAMED_UNIT(*)
SI_UNIT(.MILLI.,.METRE.)
);
#3222=(
LENGTH_UNIT()
NAMED_UNIT(*)
SI_UNIT(.CENTI.,.METRE.)
);
#3223=(
NAMED_UNIT(*)
PLANE_ANGLE_UNIT()
SI_UNIT($,.RADIAN.)
);
#3224=(
NAMED_UNIT(*)
SI_UNIT($,.STERADIAN.)
SOLID_ANGLE_UNIT()
);
#3225=SHAPE_DEFINITION_REPRESENTATION(#3226,#3227);
#3226=PRODUCT_DEFINITION_SHAPE('',$,#3229);
#3227=SHAPE_REPRESENTATION('',(#1639),#3219);
#3228=PRODUCT_DEFINITION_CONTEXT('part definition',#3233,'design');
#3229=PRODUCT_DEFINITION('lidar_holder','lidar_holder',#3230,#3228);
#3230=PRODUCT_DEFINITION_FORMATION('',$,#3235);
#3231=PRODUCT_RELATED_PRODUCT_CATEGORY('lidar_holder','lidar_holder',(#3235));
#3232=APPLICATION_PROTOCOL_DEFINITION('international standard',
'automotive_design',2009,#3233);
#3233=APPLICATION_CONTEXT(
'Core Data for Automotive Mechanical Design Process');
#3234=PRODUCT_CONTEXT('part definition',#3233,'mechanical');
#3235=PRODUCT('lidar_holder','lidar_holder',$,(#3234));
#3236=PRESENTATION_STYLE_ASSIGNMENT((#3239));
#3237=PRESENTATION_STYLE_ASSIGNMENT((#3240));
#3238=PRESENTATION_STYLE_ASSIGNMENT((#3241));
#3239=SURFACE_STYLE_USAGE(.BOTH.,#3244);
#3240=SURFACE_STYLE_USAGE(.BOTH.,#3245);
#3241=SURFACE_STYLE_USAGE(.BOTH.,#3246);
#3242=SURFACE_STYLE_RENDERING_WITH_PROPERTIES($,#3256,(#3243));
#3243=SURFACE_STYLE_TRANSPARENT(0.);
#3244=SURFACE_SIDE_STYLE('',(#3247,#3242));
#3245=SURFACE_SIDE_STYLE('',(#3248));
#3246=SURFACE_SIDE_STYLE('',(#3249));
#3247=SURFACE_STYLE_FILL_AREA(#3250);
#3248=SURFACE_STYLE_FILL_AREA(#3251);
#3249=SURFACE_STYLE_FILL_AREA(#3252);
#3250=FILL_AREA_STYLE('',(#3253));
#3251=FILL_AREA_STYLE('',(#3254));
#3252=FILL_AREA_STYLE('',(#3255));
#3253=FILL_AREA_STYLE_COLOUR('',#3256);
#3254=FILL_AREA_STYLE_COLOUR('',#3257);
#3255=FILL_AREA_STYLE_COLOUR('',#3258);
#3256=COLOUR_RGB('',0.749019607843137,0.749019607843137,0.749019607843137);
#3257=COLOUR_RGB('',0.,0.,0.);
#3258=COLOUR_RGB('',1.,1.,0.);
ENDSEC;
END-ISO-10303-21;
