ISO-10303-21;
HEADER;
/* Generated by software containing ST-Developer
 * from STEP Tools, Inc. (www.steptools.com) 
 */

FILE_DESCRIPTION(
/* description */ (''),
/* implementation_level */ '2;1');

FILE_NAME(
/* name */ 'board_holder.stp',
/* time_stamp */ '2026-05-04T11:40:43+02:00',
/* author */ ('owozn'),
/* organization */ (''),
/* preprocessor_version */ 'ST-DEVELOPER v20',
/* originating_system */ 'Autodesk Inventor 2024',
/* authorisation */ '');

FILE_SCHEMA (('AUTOMOTIVE_DESIGN { 1 0 10303 214 3 1 1 }'));
ENDSEC;

DATA;
#10=MECHANICAL_DESIGN_GEOMETRIC_PRESENTATION_REPRESENTATION('',(#50,#51,
#52,#53,#54,#55,#56,#57,#58,#59,#60,#61,#62,#63,#64,#65,#66,#67,#68,#69,
#70,#71,#72,#73,#74,#75,#76,#77,#78,#79,#80,#81,#82,#83,#84,#85,#86,#87,
#88,#89,#90,#91,#92,#93,#94),#2275);
#11=GEOMETRICALLY_BOUNDED_WIREFRAME_SHAPE_REPRESENTATION('',(#12),#2274);
#12=GEOMETRIC_CURVE_SET('Sketch1',(#16,#17,#526,#527,#18,#19,#20,#21,#22,
#23,#24,#25,#26,#27,#28,#29,#30,#31,#32,#33,#34,#35,#36,#37,#38,#39,#40,
#41,#42,#43,#44,#45,#46,#47,#48,#49,#528,#529,#530,#531,#532,#533,#534,
#535,#2216,#2217,#2218,#2219,#2220,#2221,#2222,#2223,#2224,#2225,#2226,
#2227,#2228,#2229,#2230,#2231,#2232,#2233,#2234,#2235,#2236,#2237,#2238,
#2239,#2240,#2241,#2242,#2243,#2244,#2245,#2246,#2247,#2248,#2249,#2250,
#2251,#2252,#2253,#2254,#2255,#2256,#2257,#2258,#2259,#2260,#2261,#2262,
#2263,#2264,#2265,#2266,#2267,#2268,#2269,#2270,#2271));
#13=SHAPE_REPRESENTATION_RELATIONSHIP('SRR','None',#2282,#15);
#14=SHAPE_REPRESENTATION_RELATIONSHIP('SRR','None',#2282,#11);
#15=ADVANCED_BREP_SHAPE_REPRESENTATION('',(#95),#2274);
#16=POLYLINE('',(#2138,#2139));
#17=POLYLINE('',(#2140,#2141));
#18=POLYLINE('',(#2144,#2145));
#19=POLYLINE('',(#2146,#2147));
#20=POLYLINE('',(#2148,#2149));
#21=POLYLINE('',(#2150,#2151));
#22=POLYLINE('',(#2152,#2153));
#23=POLYLINE('',(#2154,#2155));
#24=POLYLINE('',(#2156,#2157));
#25=POLYLINE('',(#2158,#2159));
#26=POLYLINE('',(#2160,#2161));
#27=POLYLINE('',(#2162,#2163));
#28=POLYLINE('',(#2164,#2165));
#29=POLYLINE('',(#2166,#2167));
#30=POLYLINE('',(#2168,#2169));
#31=POLYLINE('',(#2170,#2171));
#32=POLYLINE('',(#2172,#2173));
#33=POLYLINE('',(#2174,#2175));
#34=POLYLINE('',(#2176,#2177));
#35=POLYLINE('',(#2178,#2179));
#36=POLYLINE('',(#2180,#2181));
#37=POLYLINE('',(#2182,#2183));
#38=POLYLINE('',(#2184,#2185));
#39=POLYLINE('',(#2186,#2187));
#40=POLYLINE('',(#2188,#2189));
#41=POLYLINE('',(#2190,#2191));
#42=POLYLINE('',(#2192,#2193));
#43=POLYLINE('',(#2194,#2195));
#44=POLYLINE('',(#2196,#2197));
#45=POLYLINE('',(#2198,#2199));
#46=POLYLINE('',(#2200,#2201));
#47=POLYLINE('',(#2202,#2203));
#48=POLYLINE('',(#2204,#2205));
#49=POLYLINE('',(#2206,#2207));
#50=STYLED_ITEM('',(#2291),#95);
#51=STYLED_ITEM('',(#2293),#16);
#52=STYLED_ITEM('',(#2293),#17);
#53=STYLED_ITEM('',(#2292),#526);
#54=STYLED_ITEM('',(#2292),#527);
#55=STYLED_ITEM('',(#2292),#18);
#56=STYLED_ITEM('',(#2292),#19);
#57=STYLED_ITEM('',(#2292),#20);
#58=STYLED_ITEM('',(#2292),#21);
#59=STYLED_ITEM('',(#2292),#22);
#60=STYLED_ITEM('',(#2292),#23);
#61=STYLED_ITEM('',(#2292),#24);
#62=STYLED_ITEM('',(#2292),#25);
#63=STYLED_ITEM('',(#2292),#26);
#64=STYLED_ITEM('',(#2292),#27);
#65=STYLED_ITEM('',(#2292),#28);
#66=STYLED_ITEM('',(#2292),#29);
#67=STYLED_ITEM('',(#2292),#30);
#68=STYLED_ITEM('',(#2292),#31);
#69=STYLED_ITEM('',(#2292),#32);
#70=STYLED_ITEM('',(#2292),#33);
#71=STYLED_ITEM('',(#2292),#34);
#72=STYLED_ITEM('',(#2292),#35);
#73=STYLED_ITEM('',(#2292),#36);
#74=STYLED_ITEM('',(#2292),#37);
#75=STYLED_ITEM('',(#2292),#38);
#76=STYLED_ITEM('',(#2292),#39);
#77=STYLED_ITEM('',(#2292),#40);
#78=STYLED_ITEM('',(#2292),#41);
#79=STYLED_ITEM('',(#2292),#42);
#80=STYLED_ITEM('',(#2292),#43);
#81=STYLED_ITEM('',(#2292),#44);
#82=STYLED_ITEM('',(#2292),#45);
#83=STYLED_ITEM('',(#2292),#46);
#84=STYLED_ITEM('',(#2292),#47);
#85=STYLED_ITEM('',(#2292),#48);
#86=STYLED_ITEM('',(#2292),#49);
#87=STYLED_ITEM('',(#2292),#528);
#88=STYLED_ITEM('',(#2292),#529);
#89=STYLED_ITEM('',(#2292),#530);
#90=STYLED_ITEM('',(#2292),#531);
#91=STYLED_ITEM('',(#2292),#532);
#92=STYLED_ITEM('',(#2292),#533);
#93=STYLED_ITEM('',(#2292),#534);
#94=STYLED_ITEM('',(#2292),#535);
#95=MANIFOLD_SOLID_BREP('Solid1',#1242);
#96=FACE_BOUND('',#208,.T.);
#97=FACE_BOUND('',#213,.T.);
#98=FACE_BOUND('',#218,.T.);
#99=FACE_BOUND('',#223,.T.);
#100=FACE_BOUND('',#228,.T.);
#101=FACE_BOUND('',#233,.T.);
#102=FACE_BOUND('',#238,.T.);
#103=FACE_BOUND('',#243,.T.);
#104=FACE_BOUND('',#262,.T.);
#105=FACE_BOUND('',#263,.T.);
#106=FACE_BOUND('',#264,.T.);
#107=FACE_BOUND('',#265,.T.);
#108=FACE_BOUND('',#266,.T.);
#109=FACE_BOUND('',#267,.T.);
#110=FACE_BOUND('',#268,.T.);
#111=FACE_BOUND('',#269,.T.);
#112=PLANE('',#1289);
#113=PLANE('',#1293);
#114=PLANE('',#1294);
#115=PLANE('',#1298);
#116=PLANE('',#1302);
#117=PLANE('',#1303);
#118=PLANE('',#1307);
#119=PLANE('',#1311);
#120=PLANE('',#1312);
#121=PLANE('',#1316);
#122=PLANE('',#1320);
#123=PLANE('',#1321);
#124=PLANE('',#1325);
#125=PLANE('',#1329);
#126=PLANE('',#1330);
#127=PLANE('',#1334);
#128=PLANE('',#1338);
#129=PLANE('',#1339);
#130=PLANE('',#1343);
#131=PLANE('',#1347);
#132=PLANE('',#1348);
#133=PLANE('',#1352);
#134=PLANE('',#1356);
#135=PLANE('',#1357);
#136=PLANE('',#1361);
#137=PLANE('',#1402);
#138=FACE_OUTER_BOUND('',#196,.T.);
#139=FACE_OUTER_BOUND('',#197,.T.);
#140=FACE_OUTER_BOUND('',#198,.T.);
#141=FACE_OUTER_BOUND('',#199,.T.);
#142=FACE_OUTER_BOUND('',#200,.T.);
#143=FACE_OUTER_BOUND('',#201,.T.);
#144=FACE_OUTER_BOUND('',#202,.T.);
#145=FACE_OUTER_BOUND('',#203,.T.);
#146=FACE_OUTER_BOUND('',#204,.T.);
#147=FACE_OUTER_BOUND('',#205,.T.);
#148=FACE_OUTER_BOUND('',#206,.T.);
#149=FACE_OUTER_BOUND('',#207,.T.);
#150=FACE_OUTER_BOUND('',#209,.T.);
#151=FACE_OUTER_BOUND('',#210,.T.);
#152=FACE_OUTER_BOUND('',#211,.T.);
#153=FACE_OUTER_BOUND('',#212,.T.);
#154=FACE_OUTER_BOUND('',#214,.T.);
#155=FACE_OUTER_BOUND('',#215,.T.);
#156=FACE_OUTER_BOUND('',#216,.T.);
#157=FACE_OUTER_BOUND('',#217,.T.);
#158=FACE_OUTER_BOUND('',#219,.T.);
#159=FACE_OUTER_BOUND('',#220,.T.);
#160=FACE_OUTER_BOUND('',#221,.T.);
#161=FACE_OUTER_BOUND('',#222,.T.);
#162=FACE_OUTER_BOUND('',#224,.T.);
#163=FACE_OUTER_BOUND('',#225,.T.);
#164=FACE_OUTER_BOUND('',#226,.T.);
#165=FACE_OUTER_BOUND('',#227,.T.);
#166=FACE_OUTER_BOUND('',#229,.T.);
#167=FACE_OUTER_BOUND('',#230,.T.);
#168=FACE_OUTER_BOUND('',#231,.T.);
#169=FACE_OUTER_BOUND('',#232,.T.);
#170=FACE_OUTER_BOUND('',#234,.T.);
#171=FACE_OUTER_BOUND('',#235,.T.);
#172=FACE_OUTER_BOUND('',#236,.T.);
#173=FACE_OUTER_BOUND('',#237,.T.);
#174=FACE_OUTER_BOUND('',#239,.T.);
#175=FACE_OUTER_BOUND('',#240,.T.);
#176=FACE_OUTER_BOUND('',#241,.T.);
#177=FACE_OUTER_BOUND('',#242,.T.);
#178=FACE_OUTER_BOUND('',#244,.T.);
#179=FACE_OUTER_BOUND('',#245,.T.);
#180=FACE_OUTER_BOUND('',#246,.T.);
#181=FACE_OUTER_BOUND('',#247,.T.);
#182=FACE_OUTER_BOUND('',#248,.T.);
#183=FACE_OUTER_BOUND('',#249,.T.);
#184=FACE_OUTER_BOUND('',#250,.T.);
#185=FACE_OUTER_BOUND('',#251,.T.);
#186=FACE_OUTER_BOUND('',#252,.T.);
#187=FACE_OUTER_BOUND('',#253,.T.);
#188=FACE_OUTER_BOUND('',#254,.T.);
#189=FACE_OUTER_BOUND('',#255,.T.);
#190=FACE_OUTER_BOUND('',#256,.T.);
#191=FACE_OUTER_BOUND('',#257,.T.);
#192=FACE_OUTER_BOUND('',#258,.T.);
#193=FACE_OUTER_BOUND('',#259,.T.);
#194=FACE_OUTER_BOUND('',#260,.T.);
#195=FACE_OUTER_BOUND('',#261,.T.);
#196=EDGE_LOOP('',(#816,#817,#818,#819));
#197=EDGE_LOOP('',(#820,#821,#822,#823));
#198=EDGE_LOOP('',(#824,#825,#826,#827));
#199=EDGE_LOOP('',(#828,#829,#830,#831));
#200=EDGE_LOOP('',(#832,#833,#834,#835));
#201=EDGE_LOOP('',(#836,#837,#838,#839));
#202=EDGE_LOOP('',(#840,#841,#842,#843));
#203=EDGE_LOOP('',(#844,#845,#846,#847));
#204=EDGE_LOOP('',(#848,#849,#850,#851));
#205=EDGE_LOOP('',(#852,#853,#854,#855));
#206=EDGE_LOOP('',(#856,#857,#858,#859));
#207=EDGE_LOOP('',(#860,#861,#862,#863,#864,#865));
#208=EDGE_LOOP('',(#866));
#209=EDGE_LOOP('',(#867,#868,#869,#870));
#210=EDGE_LOOP('',(#871,#872,#873,#874));
#211=EDGE_LOOP('',(#875,#876,#877,#878));
#212=EDGE_LOOP('',(#879,#880,#881,#882,#883,#884));
#213=EDGE_LOOP('',(#885));
#214=EDGE_LOOP('',(#886,#887,#888,#889));
#215=EDGE_LOOP('',(#890,#891,#892,#893));
#216=EDGE_LOOP('',(#894,#895,#896,#897));
#217=EDGE_LOOP('',(#898,#899,#900,#901,#902,#903));
#218=EDGE_LOOP('',(#904));
#219=EDGE_LOOP('',(#905,#906,#907,#908));
#220=EDGE_LOOP('',(#909,#910,#911,#912));
#221=EDGE_LOOP('',(#913,#914,#915,#916));
#222=EDGE_LOOP('',(#917,#918,#919,#920,#921,#922));
#223=EDGE_LOOP('',(#923));
#224=EDGE_LOOP('',(#924,#925,#926,#927));
#225=EDGE_LOOP('',(#928,#929,#930,#931));
#226=EDGE_LOOP('',(#932,#933,#934,#935));
#227=EDGE_LOOP('',(#936,#937,#938,#939,#940,#941));
#228=EDGE_LOOP('',(#942));
#229=EDGE_LOOP('',(#943,#944,#945,#946));
#230=EDGE_LOOP('',(#947,#948,#949,#950));
#231=EDGE_LOOP('',(#951,#952,#953,#954));
#232=EDGE_LOOP('',(#955,#956,#957,#958,#959,#960));
#233=EDGE_LOOP('',(#961));
#234=EDGE_LOOP('',(#962,#963,#964,#965));
#235=EDGE_LOOP('',(#966,#967,#968,#969));
#236=EDGE_LOOP('',(#970,#971,#972,#973));
#237=EDGE_LOOP('',(#974,#975,#976,#977,#978,#979));
#238=EDGE_LOOP('',(#980));
#239=EDGE_LOOP('',(#981,#982,#983,#984));
#240=EDGE_LOOP('',(#985,#986,#987,#988));
#241=EDGE_LOOP('',(#989,#990,#991,#992));
#242=EDGE_LOOP('',(#993,#994,#995,#996,#997,#998));
#243=EDGE_LOOP('',(#999));
#244=EDGE_LOOP('',(#1000,#1001,#1002,#1003,#1004,#1005,#1006,#1007,#1008,
#1009,#1010,#1011,#1012,#1013,#1014,#1015,#1016,#1017,#1018,#1019,#1020,
#1021,#1022,#1023,#1024,#1025,#1026,#1027,#1028,#1029,#1030,#1031));
#245=EDGE_LOOP('',(#1032,#1033,#1034,#1035));
#246=EDGE_LOOP('',(#1036,#1037,#1038,#1039,#1040,#1041,#1042,#1043));
#247=EDGE_LOOP('',(#1044,#1045,#1046,#1047));
#248=EDGE_LOOP('',(#1048,#1049,#1050,#1051,#1052,#1053,#1054,#1055));
#249=EDGE_LOOP('',(#1056,#1057,#1058,#1059));
#250=EDGE_LOOP('',(#1060,#1061,#1062,#1063,#1064,#1065,#1066,#1067));
#251=EDGE_LOOP('',(#1068,#1069,#1070,#1071));
#252=EDGE_LOOP('',(#1072,#1073,#1074,#1075,#1076,#1077,#1078,#1079));
#253=EDGE_LOOP('',(#1080,#1081,#1082,#1083));
#254=EDGE_LOOP('',(#1084,#1085,#1086,#1087,#1088,#1089,#1090,#1091));
#255=EDGE_LOOP('',(#1092,#1093,#1094,#1095));
#256=EDGE_LOOP('',(#1096,#1097,#1098,#1099,#1100,#1101,#1102,#1103));
#257=EDGE_LOOP('',(#1104,#1105,#1106,#1107));
#258=EDGE_LOOP('',(#1108,#1109,#1110,#1111,#1112,#1113,#1114,#1115));
#259=EDGE_LOOP('',(#1116,#1117,#1118,#1119));
#260=EDGE_LOOP('',(#1120,#1121,#1122,#1123,#1124,#1125,#1126,#1127));
#261=EDGE_LOOP('',(#1128,#1129,#1130,#1131,#1132,#1133,#1134,#1135,#1136,
#1137,#1138,#1139,#1140,#1141,#1142,#1143));
#262=EDGE_LOOP('',(#1144));
#263=EDGE_LOOP('',(#1145));
#264=EDGE_LOOP('',(#1146));
#265=EDGE_LOOP('',(#1147));
#266=EDGE_LOOP('',(#1148));
#267=EDGE_LOOP('',(#1149));
#268=EDGE_LOOP('',(#1150));
#269=EDGE_LOOP('',(#1151));
#270=LINE('',#1804,#358);
#271=LINE('',#1810,#359);
#272=LINE('',#1816,#360);
#273=LINE('',#1822,#361);
#274=LINE('',#1828,#362);
#275=LINE('',#1834,#363);
#276=LINE('',#1840,#364);
#277=LINE('',#1846,#365);
#278=LINE('',#1851,#366);
#279=LINE('',#1853,#367);
#280=LINE('',#1855,#368);
#281=LINE('',#1856,#369);
#282=LINE('',#1862,#370);
#283=LINE('',#1865,#371);
#284=LINE('',#1867,#372);
#285=LINE('',#1868,#373);
#286=LINE('',#1878,#374);
#287=LINE('',#1880,#375);
#288=LINE('',#1882,#376);
#289=LINE('',#1883,#377);
#290=LINE('',#1889,#378);
#291=LINE('',#1892,#379);
#292=LINE('',#1894,#380);
#293=LINE('',#1895,#381);
#294=LINE('',#1905,#382);
#295=LINE('',#1907,#383);
#296=LINE('',#1909,#384);
#297=LINE('',#1910,#385);
#298=LINE('',#1916,#386);
#299=LINE('',#1919,#387);
#300=LINE('',#1921,#388);
#301=LINE('',#1922,#389);
#302=LINE('',#1932,#390);
#303=LINE('',#1934,#391);
#304=LINE('',#1936,#392);
#305=LINE('',#1937,#393);
#306=LINE('',#1943,#394);
#307=LINE('',#1946,#395);
#308=LINE('',#1948,#396);
#309=LINE('',#1949,#397);
#310=LINE('',#1959,#398);
#311=LINE('',#1961,#399);
#312=LINE('',#1963,#400);
#313=LINE('',#1964,#401);
#314=LINE('',#1970,#402);
#315=LINE('',#1973,#403);
#316=LINE('',#1975,#404);
#317=LINE('',#1976,#405);
#318=LINE('',#1986,#406);
#319=LINE('',#1988,#407);
#320=LINE('',#1990,#408);
#321=LINE('',#1991,#409);
#322=LINE('',#1997,#410);
#323=LINE('',#2000,#411);
#324=LINE('',#2002,#412);
#325=LINE('',#2003,#413);
#326=LINE('',#2013,#414);
#327=LINE('',#2015,#415);
#328=LINE('',#2017,#416);
#329=LINE('',#2018,#417);
#330=LINE('',#2024,#418);
#331=LINE('',#2027,#419);
#332=LINE('',#2029,#420);
#333=LINE('',#2030,#421);
#334=LINE('',#2040,#422);
#335=LINE('',#2042,#423);
#336=LINE('',#2044,#424);
#337=LINE('',#2045,#425);
#338=LINE('',#2051,#426);
#339=LINE('',#2054,#427);
#340=LINE('',#2056,#428);
#341=LINE('',#2057,#429);
#342=LINE('',#2075,#430);
#343=LINE('',#2078,#431);
#344=LINE('',#2082,#432);
#345=LINE('',#2086,#433);
#346=LINE('',#2090,#434);
#347=LINE('',#2094,#435);
#348=LINE('',#2098,#436);
#349=LINE('',#2102,#437);
#350=LINE('',#2106,#438);
#351=LINE('',#2110,#439);
#352=LINE('',#2114,#440);
#353=LINE('',#2118,#441);
#354=LINE('',#2122,#442);
#355=LINE('',#2126,#443);
#356=LINE('',#2130,#444);
#357=LINE('',#2134,#445);
#358=VECTOR('',#1419,1.75);
#359=VECTOR('',#1426,1.75);
#360=VECTOR('',#1433,1.75);
#361=VECTOR('',#1440,1.75);
#362=VECTOR('',#1447,1.75);
#363=VECTOR('',#1454,1.75);
#364=VECTOR('',#1461,1.75);
#365=VECTOR('',#1468,1.75);
#366=VECTOR('',#1473,10.);
#367=VECTOR('',#1474,10.);
#368=VECTOR('',#1475,10.);
#369=VECTOR('',#1476,10.);
#370=VECTOR('',#1483,10.);
#371=VECTOR('',#1486,10.);
#372=VECTOR('',#1487,10.);
#373=VECTOR('',#1488,10.);
#374=VECTOR('',#1499,10.);
#375=VECTOR('',#1500,10.);
#376=VECTOR('',#1501,10.);
#377=VECTOR('',#1502,10.);
#378=VECTOR('',#1509,10.);
#379=VECTOR('',#1512,10.);
#380=VECTOR('',#1513,10.);
#381=VECTOR('',#1514,10.);
#382=VECTOR('',#1525,10.);
#383=VECTOR('',#1526,10.);
#384=VECTOR('',#1527,10.);
#385=VECTOR('',#1528,10.);
#386=VECTOR('',#1535,10.);
#387=VECTOR('',#1538,10.);
#388=VECTOR('',#1539,10.);
#389=VECTOR('',#1540,10.);
#390=VECTOR('',#1551,10.);
#391=VECTOR('',#1552,10.);
#392=VECTOR('',#1553,10.);
#393=VECTOR('',#1554,10.);
#394=VECTOR('',#1561,10.);
#395=VECTOR('',#1564,10.);
#396=VECTOR('',#1565,10.);
#397=VECTOR('',#1566,10.);
#398=VECTOR('',#1577,10.);
#399=VECTOR('',#1578,10.);
#400=VECTOR('',#1579,10.);
#401=VECTOR('',#1580,10.);
#402=VECTOR('',#1587,10.);
#403=VECTOR('',#1590,10.);
#404=VECTOR('',#1591,10.);
#405=VECTOR('',#1592,10.);
#406=VECTOR('',#1603,10.);
#407=VECTOR('',#1604,10.);
#408=VECTOR('',#1605,10.);
#409=VECTOR('',#1606,10.);
#410=VECTOR('',#1613,10.);
#411=VECTOR('',#1616,10.);
#412=VECTOR('',#1617,10.);
#413=VECTOR('',#1618,10.);
#414=VECTOR('',#1629,10.);
#415=VECTOR('',#1630,10.);
#416=VECTOR('',#1631,10.);
#417=VECTOR('',#1632,10.);
#418=VECTOR('',#1639,10.);
#419=VECTOR('',#1642,10.);
#420=VECTOR('',#1643,10.);
#421=VECTOR('',#1644,10.);
#422=VECTOR('',#1655,10.);
#423=VECTOR('',#1656,10.);
#424=VECTOR('',#1657,10.);
#425=VECTOR('',#1658,10.);
#426=VECTOR('',#1665,10.);
#427=VECTOR('',#1668,10.);
#428=VECTOR('',#1669,10.);
#429=VECTOR('',#1670,10.);
#430=VECTOR('',#1699,10.);
#431=VECTOR('',#1702,10.);
#432=VECTOR('',#1707,10.);
#433=VECTOR('',#1712,10.);
#434=VECTOR('',#1717,10.);
#435=VECTOR('',#1722,10.);
#436=VECTOR('',#1727,10.);
#437=VECTOR('',#1732,10.);
#438=VECTOR('',#1737,10.);
#439=VECTOR('',#1742,10.);
#440=VECTOR('',#1747,10.);
#441=VECTOR('',#1752,10.);
#442=VECTOR('',#1757,10.);
#443=VECTOR('',#1762,10.);
#444=VECTOR('',#1767,10.);
#445=VECTOR('',#1772,10.);
#446=CIRCLE('',#1266,1.75);
#447=CIRCLE('',#1267,1.75);
#448=CIRCLE('',#1269,1.75);
#449=CIRCLE('',#1270,1.75);
#450=CIRCLE('',#1272,1.75);
#451=CIRCLE('',#1273,1.75);
#452=CIRCLE('',#1275,1.75);
#453=CIRCLE('',#1276,1.75);
#454=CIRCLE('',#1278,1.75);
#455=CIRCLE('',#1279,1.75);
#456=CIRCLE('',#1281,1.75);
#457=CIRCLE('',#1282,1.75);
#458=CIRCLE('',#1284,1.75);
#459=CIRCLE('',#1285,1.75);
#460=CIRCLE('',#1287,1.75);
#461=CIRCLE('',#1288,1.75);
#462=CIRCLE('',#1291,70.5);
#463=CIRCLE('',#1292,70.5);
#464=CIRCLE('',#1295,75.);
#465=CIRCLE('',#1296,4.);
#466=CIRCLE('',#1297,75.);
#467=CIRCLE('',#1300,70.5);
#468=CIRCLE('',#1301,70.5);
#469=CIRCLE('',#1304,75.);
#470=CIRCLE('',#1305,4.);
#471=CIRCLE('',#1306,75.);
#472=CIRCLE('',#1309,70.5);
#473=CIRCLE('',#1310,70.5);
#474=CIRCLE('',#1313,75.);
#475=CIRCLE('',#1314,4.);
#476=CIRCLE('',#1315,75.);
#477=CIRCLE('',#1318,70.5);
#478=CIRCLE('',#1319,70.5);
#479=CIRCLE('',#1322,75.);
#480=CIRCLE('',#1323,4.);
#481=CIRCLE('',#1324,75.);
#482=CIRCLE('',#1327,70.5);
#483=CIRCLE('',#1328,70.5);
#484=CIRCLE('',#1331,75.);
#485=CIRCLE('',#1332,4.);
#486=CIRCLE('',#1333,75.);
#487=CIRCLE('',#1336,70.5);
#488=CIRCLE('',#1337,70.5);
#489=CIRCLE('',#1340,75.);
#490=CIRCLE('',#1341,4.);
#491=CIRCLE('',#1342,75.);
#492=CIRCLE('',#1345,70.5);
#493=CIRCLE('',#1346,70.5);
#494=CIRCLE('',#1349,75.);
#495=CIRCLE('',#1350,4.);
#496=CIRCLE('',#1351,75.);
#497=CIRCLE('',#1354,70.5);
#498=CIRCLE('',#1355,70.5);
#499=CIRCLE('',#1358,75.);
#500=CIRCLE('',#1359,75.);
#501=CIRCLE('',#1360,4.);
#502=CIRCLE('',#1362,75.);
#503=CIRCLE('',#1363,75.);
#504=CIRCLE('',#1364,75.);
#505=CIRCLE('',#1365,75.);
#506=CIRCLE('',#1366,75.);
#507=CIRCLE('',#1367,75.);
#508=CIRCLE('',#1368,75.);
#509=CIRCLE('',#1369,75.);
#510=CIRCLE('',#1371,4.);
#511=CIRCLE('',#1373,75.);
#512=CIRCLE('',#1375,4.);
#513=CIRCLE('',#1377,75.);
#514=CIRCLE('',#1379,4.);
#515=CIRCLE('',#1381,75.);
#516=CIRCLE('',#1383,4.);
#517=CIRCLE('',#1385,75.);
#518=CIRCLE('',#1387,4.);
#519=CIRCLE('',#1389,75.);
#520=CIRCLE('',#1391,4.);
#521=CIRCLE('',#1393,75.);
#522=CIRCLE('',#1395,4.);
#523=CIRCLE('',#1397,75.);
#524=CIRCLE('',#1399,4.);
#525=CIRCLE('',#1401,75.);
#526=CIRCLE('',#1403,70.5);
#527=CIRCLE('',#1404,75.);
#528=CIRCLE('',#1405,4.);
#529=CIRCLE('',#1406,4.);
#530=CIRCLE('',#1407,4.);
#531=CIRCLE('',#1408,4.);
#532=CIRCLE('',#1409,4.);
#533=CIRCLE('',#1410,4.);
#534=CIRCLE('',#1411,4.);
#535=CIRCLE('',#1412,4.);
#536=VERTEX_POINT('',#1801);
#537=VERTEX_POINT('',#1803);
#538=VERTEX_POINT('',#1807);
#539=VERTEX_POINT('',#1809);
#540=VERTEX_POINT('',#1813);
#541=VERTEX_POINT('',#1815);
#542=VERTEX_POINT('',#1819);
#543=VERTEX_POINT('',#1821);
#544=VERTEX_POINT('',#1825);
#545=VERTEX_POINT('',#1827);
#546=VERTEX_POINT('',#1831);
#547=VERTEX_POINT('',#1833);
#548=VERTEX_POINT('',#1837);
#549=VERTEX_POINT('',#1839);
#550=VERTEX_POINT('',#1843);
#551=VERTEX_POINT('',#1845);
#552=VERTEX_POINT('',#1849);
#553=VERTEX_POINT('',#1850);
#554=VERTEX_POINT('',#1852);
#555=VERTEX_POINT('',#1854);
#556=VERTEX_POINT('',#1858);
#557=VERTEX_POINT('',#1860);
#558=VERTEX_POINT('',#1864);
#559=VERTEX_POINT('',#1866);
#560=VERTEX_POINT('',#1870);
#561=VERTEX_POINT('',#1872);
#562=VERTEX_POINT('',#1876);
#563=VERTEX_POINT('',#1877);
#564=VERTEX_POINT('',#1879);
#565=VERTEX_POINT('',#1881);
#566=VERTEX_POINT('',#1885);
#567=VERTEX_POINT('',#1887);
#568=VERTEX_POINT('',#1891);
#569=VERTEX_POINT('',#1893);
#570=VERTEX_POINT('',#1897);
#571=VERTEX_POINT('',#1899);
#572=VERTEX_POINT('',#1903);
#573=VERTEX_POINT('',#1904);
#574=VERTEX_POINT('',#1906);
#575=VERTEX_POINT('',#1908);
#576=VERTEX_POINT('',#1912);
#577=VERTEX_POINT('',#1914);
#578=VERTEX_POINT('',#1918);
#579=VERTEX_POINT('',#1920);
#580=VERTEX_POINT('',#1924);
#581=VERTEX_POINT('',#1926);
#582=VERTEX_POINT('',#1930);
#583=VERTEX_POINT('',#1931);
#584=VERTEX_POINT('',#1933);
#585=VERTEX_POINT('',#1935);
#586=VERTEX_POINT('',#1939);
#587=VERTEX_POINT('',#1941);
#588=VERTEX_POINT('',#1945);
#589=VERTEX_POINT('',#1947);
#590=VERTEX_POINT('',#1951);
#591=VERTEX_POINT('',#1953);
#592=VERTEX_POINT('',#1957);
#593=VERTEX_POINT('',#1958);
#594=VERTEX_POINT('',#1960);
#595=VERTEX_POINT('',#1962);
#596=VERTEX_POINT('',#1966);
#597=VERTEX_POINT('',#1968);
#598=VERTEX_POINT('',#1972);
#599=VERTEX_POINT('',#1974);
#600=VERTEX_POINT('',#1978);
#601=VERTEX_POINT('',#1980);
#602=VERTEX_POINT('',#1984);
#603=VERTEX_POINT('',#1985);
#604=VERTEX_POINT('',#1987);
#605=VERTEX_POINT('',#1989);
#606=VERTEX_POINT('',#1993);
#607=VERTEX_POINT('',#1995);
#608=VERTEX_POINT('',#1999);
#609=VERTEX_POINT('',#2001);
#610=VERTEX_POINT('',#2005);
#611=VERTEX_POINT('',#2007);
#612=VERTEX_POINT('',#2011);
#613=VERTEX_POINT('',#2012);
#614=VERTEX_POINT('',#2014);
#615=VERTEX_POINT('',#2016);
#616=VERTEX_POINT('',#2020);
#617=VERTEX_POINT('',#2022);
#618=VERTEX_POINT('',#2026);
#619=VERTEX_POINT('',#2028);
#620=VERTEX_POINT('',#2032);
#621=VERTEX_POINT('',#2034);
#622=VERTEX_POINT('',#2038);
#623=VERTEX_POINT('',#2039);
#624=VERTEX_POINT('',#2041);
#625=VERTEX_POINT('',#2043);
#626=VERTEX_POINT('',#2047);
#627=VERTEX_POINT('',#2049);
#628=VERTEX_POINT('',#2053);
#629=VERTEX_POINT('',#2055);
#630=VERTEX_POINT('',#2059);
#631=VERTEX_POINT('',#2061);
#632=VERTEX_POINT('',#2074);
#633=VERTEX_POINT('',#2076);
#634=VERTEX_POINT('',#2080);
#635=VERTEX_POINT('',#2084);
#636=VERTEX_POINT('',#2088);
#637=VERTEX_POINT('',#2092);
#638=VERTEX_POINT('',#2096);
#639=VERTEX_POINT('',#2100);
#640=VERTEX_POINT('',#2104);
#641=VERTEX_POINT('',#2108);
#642=VERTEX_POINT('',#2112);
#643=VERTEX_POINT('',#2116);
#644=VERTEX_POINT('',#2120);
#645=VERTEX_POINT('',#2124);
#646=VERTEX_POINT('',#2128);
#647=VERTEX_POINT('',#2132);
#648=EDGE_CURVE('',#536,#536,#446,.T.);
#649=EDGE_CURVE('',#536,#537,#270,.T.);
#650=EDGE_CURVE('',#537,#537,#447,.T.);
#651=EDGE_CURVE('',#538,#538,#448,.T.);
#652=EDGE_CURVE('',#538,#539,#271,.T.);
#653=EDGE_CURVE('',#539,#539,#449,.T.);
#654=EDGE_CURVE('',#540,#540,#450,.T.);
#655=EDGE_CURVE('',#540,#541,#272,.T.);
#656=EDGE_CURVE('',#541,#541,#451,.T.);
#657=EDGE_CURVE('',#542,#542,#452,.T.);
#658=EDGE_CURVE('',#542,#543,#273,.T.);
#659=EDGE_CURVE('',#543,#543,#453,.T.);
#660=EDGE_CURVE('',#544,#544,#454,.T.);
#661=EDGE_CURVE('',#544,#545,#274,.T.);
#662=EDGE_CURVE('',#545,#545,#455,.T.);
#663=EDGE_CURVE('',#546,#546,#456,.T.);
#664=EDGE_CURVE('',#546,#547,#275,.T.);
#665=EDGE_CURVE('',#547,#547,#457,.T.);
#666=EDGE_CURVE('',#548,#548,#458,.T.);
#667=EDGE_CURVE('',#548,#549,#276,.T.);
#668=EDGE_CURVE('',#549,#549,#459,.T.);
#669=EDGE_CURVE('',#550,#550,#460,.T.);
#670=EDGE_CURVE('',#550,#551,#277,.T.);
#671=EDGE_CURVE('',#551,#551,#461,.T.);
#672=EDGE_CURVE('',#552,#553,#278,.T.);
#673=EDGE_CURVE('',#552,#554,#279,.T.);
#674=EDGE_CURVE('',#555,#554,#280,.T.);
#675=EDGE_CURVE('',#553,#555,#281,.T.);
#676=EDGE_CURVE('',#553,#556,#462,.T.);
#677=EDGE_CURVE('',#557,#555,#463,.T.);
#678=EDGE_CURVE('',#556,#557,#282,.T.);
#679=EDGE_CURVE('',#556,#558,#283,.T.);
#680=EDGE_CURVE('',#559,#557,#284,.T.);
#681=EDGE_CURVE('',#558,#559,#285,.T.);
#682=EDGE_CURVE('',#554,#560,#464,.T.);
#683=EDGE_CURVE('',#560,#561,#465,.T.);
#684=EDGE_CURVE('',#561,#559,#466,.T.);
#685=EDGE_CURVE('',#562,#563,#286,.T.);
#686=EDGE_CURVE('',#562,#564,#287,.T.);
#687=EDGE_CURVE('',#565,#564,#288,.T.);
#688=EDGE_CURVE('',#563,#565,#289,.T.);
#689=EDGE_CURVE('',#563,#566,#467,.T.);
#690=EDGE_CURVE('',#567,#565,#468,.T.);
#691=EDGE_CURVE('',#566,#567,#290,.T.);
#692=EDGE_CURVE('',#566,#568,#291,.T.);
#693=EDGE_CURVE('',#569,#567,#292,.T.);
#694=EDGE_CURVE('',#568,#569,#293,.T.);
#695=EDGE_CURVE('',#564,#570,#469,.T.);
#696=EDGE_CURVE('',#570,#571,#470,.T.);
#697=EDGE_CURVE('',#571,#569,#471,.T.);
#698=EDGE_CURVE('',#572,#573,#294,.T.);
#699=EDGE_CURVE('',#572,#574,#295,.T.);
#700=EDGE_CURVE('',#575,#574,#296,.T.);
#701=EDGE_CURVE('',#573,#575,#297,.T.);
#702=EDGE_CURVE('',#573,#576,#472,.T.);
#703=EDGE_CURVE('',#577,#575,#473,.T.);
#704=EDGE_CURVE('',#576,#577,#298,.T.);
#705=EDGE_CURVE('',#576,#578,#299,.T.);
#706=EDGE_CURVE('',#579,#577,#300,.T.);
#707=EDGE_CURVE('',#578,#579,#301,.T.);
#708=EDGE_CURVE('',#574,#580,#474,.T.);
#709=EDGE_CURVE('',#580,#581,#475,.T.);
#710=EDGE_CURVE('',#581,#579,#476,.T.);
#711=EDGE_CURVE('',#582,#583,#302,.T.);
#712=EDGE_CURVE('',#582,#584,#303,.T.);
#713=EDGE_CURVE('',#585,#584,#304,.T.);
#714=EDGE_CURVE('',#583,#585,#305,.T.);
#715=EDGE_CURVE('',#583,#586,#477,.T.);
#716=EDGE_CURVE('',#587,#585,#478,.T.);
#717=EDGE_CURVE('',#586,#587,#306,.T.);
#718=EDGE_CURVE('',#586,#588,#307,.T.);
#719=EDGE_CURVE('',#589,#587,#308,.T.);
#720=EDGE_CURVE('',#588,#589,#309,.T.);
#721=EDGE_CURVE('',#584,#590,#479,.T.);
#722=EDGE_CURVE('',#590,#591,#480,.T.);
#723=EDGE_CURVE('',#591,#589,#481,.T.);
#724=EDGE_CURVE('',#592,#593,#310,.T.);
#725=EDGE_CURVE('',#592,#594,#311,.T.);
#726=EDGE_CURVE('',#595,#594,#312,.T.);
#727=EDGE_CURVE('',#593,#595,#313,.T.);
#728=EDGE_CURVE('',#593,#596,#482,.T.);
#729=EDGE_CURVE('',#597,#595,#483,.T.);
#730=EDGE_CURVE('',#596,#597,#314,.T.);
#731=EDGE_CURVE('',#596,#598,#315,.T.);
#732=EDGE_CURVE('',#599,#597,#316,.T.);
#733=EDGE_CURVE('',#598,#599,#317,.T.);
#734=EDGE_CURVE('',#594,#600,#484,.T.);
#735=EDGE_CURVE('',#600,#601,#485,.T.);
#736=EDGE_CURVE('',#601,#599,#486,.T.);
#737=EDGE_CURVE('',#602,#603,#318,.T.);
#738=EDGE_CURVE('',#602,#604,#319,.T.);
#739=EDGE_CURVE('',#605,#604,#320,.T.);
#740=EDGE_CURVE('',#603,#605,#321,.T.);
#741=EDGE_CURVE('',#603,#606,#487,.T.);
#742=EDGE_CURVE('',#607,#605,#488,.T.);
#743=EDGE_CURVE('',#606,#607,#322,.T.);
#744=EDGE_CURVE('',#606,#608,#323,.T.);
#745=EDGE_CURVE('',#609,#607,#324,.T.);
#746=EDGE_CURVE('',#608,#609,#325,.T.);
#747=EDGE_CURVE('',#604,#610,#489,.T.);
#748=EDGE_CURVE('',#610,#611,#490,.T.);
#749=EDGE_CURVE('',#611,#609,#491,.T.);
#750=EDGE_CURVE('',#612,#613,#326,.T.);
#751=EDGE_CURVE('',#612,#614,#327,.T.);
#752=EDGE_CURVE('',#615,#614,#328,.T.);
#753=EDGE_CURVE('',#613,#615,#329,.T.);
#754=EDGE_CURVE('',#613,#616,#492,.T.);
#755=EDGE_CURVE('',#617,#615,#493,.T.);
#756=EDGE_CURVE('',#616,#617,#330,.T.);
#757=EDGE_CURVE('',#616,#618,#331,.T.);
#758=EDGE_CURVE('',#619,#617,#332,.T.);
#759=EDGE_CURVE('',#618,#619,#333,.T.);
#760=EDGE_CURVE('',#614,#620,#494,.T.);
#761=EDGE_CURVE('',#620,#621,#495,.T.);
#762=EDGE_CURVE('',#621,#619,#496,.T.);
#763=EDGE_CURVE('',#622,#623,#334,.T.);
#764=EDGE_CURVE('',#622,#624,#335,.T.);
#765=EDGE_CURVE('',#625,#624,#336,.T.);
#766=EDGE_CURVE('',#623,#625,#337,.T.);
#767=EDGE_CURVE('',#623,#626,#497,.T.);
#768=EDGE_CURVE('',#627,#625,#498,.T.);
#769=EDGE_CURVE('',#626,#627,#338,.T.);
#770=EDGE_CURVE('',#626,#628,#339,.T.);
#771=EDGE_CURVE('',#629,#627,#340,.T.);
#772=EDGE_CURVE('',#628,#629,#341,.T.);
#773=EDGE_CURVE('',#630,#629,#499,.T.);
#774=EDGE_CURVE('',#624,#631,#500,.T.);
#775=EDGE_CURVE('',#631,#630,#501,.T.);
#776=EDGE_CURVE('',#558,#582,#502,.T.);
#777=EDGE_CURVE('',#588,#622,#503,.T.);
#778=EDGE_CURVE('',#628,#602,#504,.T.);
#779=EDGE_CURVE('',#608,#562,#505,.T.);
#780=EDGE_CURVE('',#568,#572,#506,.T.);
#781=EDGE_CURVE('',#578,#612,#507,.T.);
#782=EDGE_CURVE('',#618,#592,#508,.T.);
#783=EDGE_CURVE('',#598,#552,#509,.T.);
#784=EDGE_CURVE('',#632,#600,#342,.T.);
#785=EDGE_CURVE('',#633,#632,#510,.T.);
#786=EDGE_CURVE('',#633,#601,#343,.T.);
#787=EDGE_CURVE('',#634,#633,#511,.T.);
#788=EDGE_CURVE('',#634,#560,#344,.T.);
#789=EDGE_CURVE('',#635,#634,#512,.T.);
#790=EDGE_CURVE('',#635,#561,#345,.T.);
#791=EDGE_CURVE('',#636,#635,#513,.T.);
#792=EDGE_CURVE('',#636,#590,#346,.T.);
#793=EDGE_CURVE('',#637,#636,#514,.T.);
#794=EDGE_CURVE('',#637,#591,#347,.T.);
#795=EDGE_CURVE('',#638,#637,#515,.T.);
#796=EDGE_CURVE('',#638,#631,#348,.T.);
#797=EDGE_CURVE('',#639,#638,#516,.T.);
#798=EDGE_CURVE('',#639,#630,#349,.T.);
#799=EDGE_CURVE('',#640,#639,#517,.T.);
#800=EDGE_CURVE('',#640,#610,#350,.T.);
#801=EDGE_CURVE('',#641,#640,#518,.T.);
#802=EDGE_CURVE('',#641,#611,#351,.T.);
#803=EDGE_CURVE('',#642,#641,#519,.T.);
#804=EDGE_CURVE('',#642,#570,#352,.T.);
#805=EDGE_CURVE('',#643,#642,#520,.T.);
#806=EDGE_CURVE('',#643,#571,#353,.T.);
#807=EDGE_CURVE('',#644,#643,#521,.T.);
#808=EDGE_CURVE('',#644,#580,#354,.T.);
#809=EDGE_CURVE('',#645,#644,#522,.T.);
#810=EDGE_CURVE('',#645,#581,#355,.T.);
#811=EDGE_CURVE('',#646,#645,#523,.T.);
#812=EDGE_CURVE('',#646,#620,#356,.T.);
#813=EDGE_CURVE('',#647,#646,#524,.T.);
#814=EDGE_CURVE('',#621,#647,#357,.T.);
#815=EDGE_CURVE('',#632,#647,#525,.T.);
#816=ORIENTED_EDGE('',*,*,#648,.F.);
#817=ORIENTED_EDGE('',*,*,#649,.T.);
#818=ORIENTED_EDGE('',*,*,#650,.F.);
#819=ORIENTED_EDGE('',*,*,#649,.F.);
#820=ORIENTED_EDGE('',*,*,#651,.F.);
#821=ORIENTED_EDGE('',*,*,#652,.T.);
#822=ORIENTED_EDGE('',*,*,#653,.F.);
#823=ORIENTED_EDGE('',*,*,#652,.F.);
#824=ORIENTED_EDGE('',*,*,#654,.F.);
#825=ORIENTED_EDGE('',*,*,#655,.T.);
#826=ORIENTED_EDGE('',*,*,#656,.F.);
#827=ORIENTED_EDGE('',*,*,#655,.F.);
#828=ORIENTED_EDGE('',*,*,#657,.F.);
#829=ORIENTED_EDGE('',*,*,#658,.T.);
#830=ORIENTED_EDGE('',*,*,#659,.F.);
#831=ORIENTED_EDGE('',*,*,#658,.F.);
#832=ORIENTED_EDGE('',*,*,#660,.F.);
#833=ORIENTED_EDGE('',*,*,#661,.T.);
#834=ORIENTED_EDGE('',*,*,#662,.F.);
#835=ORIENTED_EDGE('',*,*,#661,.F.);
#836=ORIENTED_EDGE('',*,*,#663,.F.);
#837=ORIENTED_EDGE('',*,*,#664,.T.);
#838=ORIENTED_EDGE('',*,*,#665,.F.);
#839=ORIENTED_EDGE('',*,*,#664,.F.);
#840=ORIENTED_EDGE('',*,*,#666,.F.);
#841=ORIENTED_EDGE('',*,*,#667,.T.);
#842=ORIENTED_EDGE('',*,*,#668,.F.);
#843=ORIENTED_EDGE('',*,*,#667,.F.);
#844=ORIENTED_EDGE('',*,*,#669,.F.);
#845=ORIENTED_EDGE('',*,*,#670,.T.);
#846=ORIENTED_EDGE('',*,*,#671,.F.);
#847=ORIENTED_EDGE('',*,*,#670,.F.);
#848=ORIENTED_EDGE('',*,*,#672,.F.);
#849=ORIENTED_EDGE('',*,*,#673,.T.);
#850=ORIENTED_EDGE('',*,*,#674,.F.);
#851=ORIENTED_EDGE('',*,*,#675,.F.);
#852=ORIENTED_EDGE('',*,*,#676,.F.);
#853=ORIENTED_EDGE('',*,*,#675,.T.);
#854=ORIENTED_EDGE('',*,*,#677,.F.);
#855=ORIENTED_EDGE('',*,*,#678,.F.);
#856=ORIENTED_EDGE('',*,*,#679,.F.);
#857=ORIENTED_EDGE('',*,*,#678,.T.);
#858=ORIENTED_EDGE('',*,*,#680,.F.);
#859=ORIENTED_EDGE('',*,*,#681,.F.);
#860=ORIENTED_EDGE('',*,*,#680,.T.);
#861=ORIENTED_EDGE('',*,*,#677,.T.);
#862=ORIENTED_EDGE('',*,*,#674,.T.);
#863=ORIENTED_EDGE('',*,*,#682,.T.);
#864=ORIENTED_EDGE('',*,*,#683,.T.);
#865=ORIENTED_EDGE('',*,*,#684,.T.);
#866=ORIENTED_EDGE('',*,*,#654,.T.);
#867=ORIENTED_EDGE('',*,*,#685,.F.);
#868=ORIENTED_EDGE('',*,*,#686,.T.);
#869=ORIENTED_EDGE('',*,*,#687,.F.);
#870=ORIENTED_EDGE('',*,*,#688,.F.);
#871=ORIENTED_EDGE('',*,*,#689,.F.);
#872=ORIENTED_EDGE('',*,*,#688,.T.);
#873=ORIENTED_EDGE('',*,*,#690,.F.);
#874=ORIENTED_EDGE('',*,*,#691,.F.);
#875=ORIENTED_EDGE('',*,*,#692,.F.);
#876=ORIENTED_EDGE('',*,*,#691,.T.);
#877=ORIENTED_EDGE('',*,*,#693,.F.);
#878=ORIENTED_EDGE('',*,*,#694,.F.);
#879=ORIENTED_EDGE('',*,*,#693,.T.);
#880=ORIENTED_EDGE('',*,*,#690,.T.);
#881=ORIENTED_EDGE('',*,*,#687,.T.);
#882=ORIENTED_EDGE('',*,*,#695,.T.);
#883=ORIENTED_EDGE('',*,*,#696,.T.);
#884=ORIENTED_EDGE('',*,*,#697,.T.);
#885=ORIENTED_EDGE('',*,*,#666,.T.);
#886=ORIENTED_EDGE('',*,*,#698,.F.);
#887=ORIENTED_EDGE('',*,*,#699,.T.);
#888=ORIENTED_EDGE('',*,*,#700,.F.);
#889=ORIENTED_EDGE('',*,*,#701,.F.);
#890=ORIENTED_EDGE('',*,*,#702,.F.);
#891=ORIENTED_EDGE('',*,*,#701,.T.);
#892=ORIENTED_EDGE('',*,*,#703,.F.);
#893=ORIENTED_EDGE('',*,*,#704,.F.);
#894=ORIENTED_EDGE('',*,*,#705,.F.);
#895=ORIENTED_EDGE('',*,*,#704,.T.);
#896=ORIENTED_EDGE('',*,*,#706,.F.);
#897=ORIENTED_EDGE('',*,*,#707,.F.);
#898=ORIENTED_EDGE('',*,*,#706,.T.);
#899=ORIENTED_EDGE('',*,*,#703,.T.);
#900=ORIENTED_EDGE('',*,*,#700,.T.);
#901=ORIENTED_EDGE('',*,*,#708,.T.);
#902=ORIENTED_EDGE('',*,*,#709,.T.);
#903=ORIENTED_EDGE('',*,*,#710,.T.);
#904=ORIENTED_EDGE('',*,*,#669,.T.);
#905=ORIENTED_EDGE('',*,*,#711,.F.);
#906=ORIENTED_EDGE('',*,*,#712,.T.);
#907=ORIENTED_EDGE('',*,*,#713,.F.);
#908=ORIENTED_EDGE('',*,*,#714,.F.);
#909=ORIENTED_EDGE('',*,*,#715,.F.);
#910=ORIENTED_EDGE('',*,*,#714,.T.);
#911=ORIENTED_EDGE('',*,*,#716,.F.);
#912=ORIENTED_EDGE('',*,*,#717,.F.);
#913=ORIENTED_EDGE('',*,*,#718,.F.);
#914=ORIENTED_EDGE('',*,*,#717,.T.);
#915=ORIENTED_EDGE('',*,*,#719,.F.);
#916=ORIENTED_EDGE('',*,*,#720,.F.);
#917=ORIENTED_EDGE('',*,*,#719,.T.);
#918=ORIENTED_EDGE('',*,*,#716,.T.);
#919=ORIENTED_EDGE('',*,*,#713,.T.);
#920=ORIENTED_EDGE('',*,*,#721,.T.);
#921=ORIENTED_EDGE('',*,*,#722,.T.);
#922=ORIENTED_EDGE('',*,*,#723,.T.);
#923=ORIENTED_EDGE('',*,*,#657,.T.);
#924=ORIENTED_EDGE('',*,*,#724,.F.);
#925=ORIENTED_EDGE('',*,*,#725,.T.);
#926=ORIENTED_EDGE('',*,*,#726,.F.);
#927=ORIENTED_EDGE('',*,*,#727,.F.);
#928=ORIENTED_EDGE('',*,*,#728,.F.);
#929=ORIENTED_EDGE('',*,*,#727,.T.);
#930=ORIENTED_EDGE('',*,*,#729,.F.);
#931=ORIENTED_EDGE('',*,*,#730,.F.);
#932=ORIENTED_EDGE('',*,*,#731,.F.);
#933=ORIENTED_EDGE('',*,*,#730,.T.);
#934=ORIENTED_EDGE('',*,*,#732,.F.);
#935=ORIENTED_EDGE('',*,*,#733,.F.);
#936=ORIENTED_EDGE('',*,*,#732,.T.);
#937=ORIENTED_EDGE('',*,*,#729,.T.);
#938=ORIENTED_EDGE('',*,*,#726,.T.);
#939=ORIENTED_EDGE('',*,*,#734,.T.);
#940=ORIENTED_EDGE('',*,*,#735,.T.);
#941=ORIENTED_EDGE('',*,*,#736,.T.);
#942=ORIENTED_EDGE('',*,*,#651,.T.);
#943=ORIENTED_EDGE('',*,*,#737,.F.);
#944=ORIENTED_EDGE('',*,*,#738,.T.);
#945=ORIENTED_EDGE('',*,*,#739,.F.);
#946=ORIENTED_EDGE('',*,*,#740,.F.);
#947=ORIENTED_EDGE('',*,*,#741,.F.);
#948=ORIENTED_EDGE('',*,*,#740,.T.);
#949=ORIENTED_EDGE('',*,*,#742,.F.);
#950=ORIENTED_EDGE('',*,*,#743,.F.);
#951=ORIENTED_EDGE('',*,*,#744,.F.);
#952=ORIENTED_EDGE('',*,*,#743,.T.);
#953=ORIENTED_EDGE('',*,*,#745,.F.);
#954=ORIENTED_EDGE('',*,*,#746,.F.);
#955=ORIENTED_EDGE('',*,*,#745,.T.);
#956=ORIENTED_EDGE('',*,*,#742,.T.);
#957=ORIENTED_EDGE('',*,*,#739,.T.);
#958=ORIENTED_EDGE('',*,*,#747,.T.);
#959=ORIENTED_EDGE('',*,*,#748,.T.);
#960=ORIENTED_EDGE('',*,*,#749,.T.);
#961=ORIENTED_EDGE('',*,*,#663,.T.);
#962=ORIENTED_EDGE('',*,*,#750,.F.);
#963=ORIENTED_EDGE('',*,*,#751,.T.);
#964=ORIENTED_EDGE('',*,*,#752,.F.);
#965=ORIENTED_EDGE('',*,*,#753,.F.);
#966=ORIENTED_EDGE('',*,*,#754,.F.);
#967=ORIENTED_EDGE('',*,*,#753,.T.);
#968=ORIENTED_EDGE('',*,*,#755,.F.);
#969=ORIENTED_EDGE('',*,*,#756,.F.);
#970=ORIENTED_EDGE('',*,*,#757,.F.);
#971=ORIENTED_EDGE('',*,*,#756,.T.);
#972=ORIENTED_EDGE('',*,*,#758,.F.);
#973=ORIENTED_EDGE('',*,*,#759,.F.);
#974=ORIENTED_EDGE('',*,*,#758,.T.);
#975=ORIENTED_EDGE('',*,*,#755,.T.);
#976=ORIENTED_EDGE('',*,*,#752,.T.);
#977=ORIENTED_EDGE('',*,*,#760,.T.);
#978=ORIENTED_EDGE('',*,*,#761,.T.);
#979=ORIENTED_EDGE('',*,*,#762,.T.);
#980=ORIENTED_EDGE('',*,*,#648,.T.);
#981=ORIENTED_EDGE('',*,*,#763,.F.);
#982=ORIENTED_EDGE('',*,*,#764,.T.);
#983=ORIENTED_EDGE('',*,*,#765,.F.);
#984=ORIENTED_EDGE('',*,*,#766,.F.);
#985=ORIENTED_EDGE('',*,*,#767,.F.);
#986=ORIENTED_EDGE('',*,*,#766,.T.);
#987=ORIENTED_EDGE('',*,*,#768,.F.);
#988=ORIENTED_EDGE('',*,*,#769,.F.);
#989=ORIENTED_EDGE('',*,*,#770,.F.);
#990=ORIENTED_EDGE('',*,*,#769,.T.);
#991=ORIENTED_EDGE('',*,*,#771,.F.);
#992=ORIENTED_EDGE('',*,*,#772,.F.);
#993=ORIENTED_EDGE('',*,*,#773,.T.);
#994=ORIENTED_EDGE('',*,*,#771,.T.);
#995=ORIENTED_EDGE('',*,*,#768,.T.);
#996=ORIENTED_EDGE('',*,*,#765,.T.);
#997=ORIENTED_EDGE('',*,*,#774,.T.);
#998=ORIENTED_EDGE('',*,*,#775,.T.);
#999=ORIENTED_EDGE('',*,*,#660,.T.);
#1000=ORIENTED_EDGE('',*,*,#672,.T.);
#1001=ORIENTED_EDGE('',*,*,#676,.T.);
#1002=ORIENTED_EDGE('',*,*,#679,.T.);
#1003=ORIENTED_EDGE('',*,*,#776,.T.);
#1004=ORIENTED_EDGE('',*,*,#711,.T.);
#1005=ORIENTED_EDGE('',*,*,#715,.T.);
#1006=ORIENTED_EDGE('',*,*,#718,.T.);
#1007=ORIENTED_EDGE('',*,*,#777,.T.);
#1008=ORIENTED_EDGE('',*,*,#763,.T.);
#1009=ORIENTED_EDGE('',*,*,#767,.T.);
#1010=ORIENTED_EDGE('',*,*,#770,.T.);
#1011=ORIENTED_EDGE('',*,*,#778,.T.);
#1012=ORIENTED_EDGE('',*,*,#737,.T.);
#1013=ORIENTED_EDGE('',*,*,#741,.T.);
#1014=ORIENTED_EDGE('',*,*,#744,.T.);
#1015=ORIENTED_EDGE('',*,*,#779,.T.);
#1016=ORIENTED_EDGE('',*,*,#685,.T.);
#1017=ORIENTED_EDGE('',*,*,#689,.T.);
#1018=ORIENTED_EDGE('',*,*,#692,.T.);
#1019=ORIENTED_EDGE('',*,*,#780,.T.);
#1020=ORIENTED_EDGE('',*,*,#698,.T.);
#1021=ORIENTED_EDGE('',*,*,#702,.T.);
#1022=ORIENTED_EDGE('',*,*,#705,.T.);
#1023=ORIENTED_EDGE('',*,*,#781,.T.);
#1024=ORIENTED_EDGE('',*,*,#750,.T.);
#1025=ORIENTED_EDGE('',*,*,#754,.T.);
#1026=ORIENTED_EDGE('',*,*,#757,.T.);
#1027=ORIENTED_EDGE('',*,*,#782,.T.);
#1028=ORIENTED_EDGE('',*,*,#724,.T.);
#1029=ORIENTED_EDGE('',*,*,#728,.T.);
#1030=ORIENTED_EDGE('',*,*,#731,.T.);
#1031=ORIENTED_EDGE('',*,*,#783,.T.);
#1032=ORIENTED_EDGE('',*,*,#784,.F.);
#1033=ORIENTED_EDGE('',*,*,#785,.F.);
#1034=ORIENTED_EDGE('',*,*,#786,.T.);
#1035=ORIENTED_EDGE('',*,*,#735,.F.);
#1036=ORIENTED_EDGE('',*,*,#786,.F.);
#1037=ORIENTED_EDGE('',*,*,#787,.F.);
#1038=ORIENTED_EDGE('',*,*,#788,.T.);
#1039=ORIENTED_EDGE('',*,*,#682,.F.);
#1040=ORIENTED_EDGE('',*,*,#673,.F.);
#1041=ORIENTED_EDGE('',*,*,#783,.F.);
#1042=ORIENTED_EDGE('',*,*,#733,.T.);
#1043=ORIENTED_EDGE('',*,*,#736,.F.);
#1044=ORIENTED_EDGE('',*,*,#788,.F.);
#1045=ORIENTED_EDGE('',*,*,#789,.F.);
#1046=ORIENTED_EDGE('',*,*,#790,.T.);
#1047=ORIENTED_EDGE('',*,*,#683,.F.);
#1048=ORIENTED_EDGE('',*,*,#790,.F.);
#1049=ORIENTED_EDGE('',*,*,#791,.F.);
#1050=ORIENTED_EDGE('',*,*,#792,.T.);
#1051=ORIENTED_EDGE('',*,*,#721,.F.);
#1052=ORIENTED_EDGE('',*,*,#712,.F.);
#1053=ORIENTED_EDGE('',*,*,#776,.F.);
#1054=ORIENTED_EDGE('',*,*,#681,.T.);
#1055=ORIENTED_EDGE('',*,*,#684,.F.);
#1056=ORIENTED_EDGE('',*,*,#792,.F.);
#1057=ORIENTED_EDGE('',*,*,#793,.F.);
#1058=ORIENTED_EDGE('',*,*,#794,.T.);
#1059=ORIENTED_EDGE('',*,*,#722,.F.);
#1060=ORIENTED_EDGE('',*,*,#794,.F.);
#1061=ORIENTED_EDGE('',*,*,#795,.F.);
#1062=ORIENTED_EDGE('',*,*,#796,.T.);
#1063=ORIENTED_EDGE('',*,*,#774,.F.);
#1064=ORIENTED_EDGE('',*,*,#764,.F.);
#1065=ORIENTED_EDGE('',*,*,#777,.F.);
#1066=ORIENTED_EDGE('',*,*,#720,.T.);
#1067=ORIENTED_EDGE('',*,*,#723,.F.);
#1068=ORIENTED_EDGE('',*,*,#796,.F.);
#1069=ORIENTED_EDGE('',*,*,#797,.F.);
#1070=ORIENTED_EDGE('',*,*,#798,.T.);
#1071=ORIENTED_EDGE('',*,*,#775,.F.);
#1072=ORIENTED_EDGE('',*,*,#798,.F.);
#1073=ORIENTED_EDGE('',*,*,#799,.F.);
#1074=ORIENTED_EDGE('',*,*,#800,.T.);
#1075=ORIENTED_EDGE('',*,*,#747,.F.);
#1076=ORIENTED_EDGE('',*,*,#738,.F.);
#1077=ORIENTED_EDGE('',*,*,#778,.F.);
#1078=ORIENTED_EDGE('',*,*,#772,.T.);
#1079=ORIENTED_EDGE('',*,*,#773,.F.);
#1080=ORIENTED_EDGE('',*,*,#800,.F.);
#1081=ORIENTED_EDGE('',*,*,#801,.F.);
#1082=ORIENTED_EDGE('',*,*,#802,.T.);
#1083=ORIENTED_EDGE('',*,*,#748,.F.);
#1084=ORIENTED_EDGE('',*,*,#802,.F.);
#1085=ORIENTED_EDGE('',*,*,#803,.F.);
#1086=ORIENTED_EDGE('',*,*,#804,.T.);
#1087=ORIENTED_EDGE('',*,*,#695,.F.);
#1088=ORIENTED_EDGE('',*,*,#686,.F.);
#1089=ORIENTED_EDGE('',*,*,#779,.F.);
#1090=ORIENTED_EDGE('',*,*,#746,.T.);
#1091=ORIENTED_EDGE('',*,*,#749,.F.);
#1092=ORIENTED_EDGE('',*,*,#804,.F.);
#1093=ORIENTED_EDGE('',*,*,#805,.F.);
#1094=ORIENTED_EDGE('',*,*,#806,.T.);
#1095=ORIENTED_EDGE('',*,*,#696,.F.);
#1096=ORIENTED_EDGE('',*,*,#806,.F.);
#1097=ORIENTED_EDGE('',*,*,#807,.F.);
#1098=ORIENTED_EDGE('',*,*,#808,.T.);
#1099=ORIENTED_EDGE('',*,*,#708,.F.);
#1100=ORIENTED_EDGE('',*,*,#699,.F.);
#1101=ORIENTED_EDGE('',*,*,#780,.F.);
#1102=ORIENTED_EDGE('',*,*,#694,.T.);
#1103=ORIENTED_EDGE('',*,*,#697,.F.);
#1104=ORIENTED_EDGE('',*,*,#808,.F.);
#1105=ORIENTED_EDGE('',*,*,#809,.F.);
#1106=ORIENTED_EDGE('',*,*,#810,.T.);
#1107=ORIENTED_EDGE('',*,*,#709,.F.);
#1108=ORIENTED_EDGE('',*,*,#810,.F.);
#1109=ORIENTED_EDGE('',*,*,#811,.F.);
#1110=ORIENTED_EDGE('',*,*,#812,.T.);
#1111=ORIENTED_EDGE('',*,*,#760,.F.);
#1112=ORIENTED_EDGE('',*,*,#751,.F.);
#1113=ORIENTED_EDGE('',*,*,#781,.F.);
#1114=ORIENTED_EDGE('',*,*,#707,.T.);
#1115=ORIENTED_EDGE('',*,*,#710,.F.);
#1116=ORIENTED_EDGE('',*,*,#812,.F.);
#1117=ORIENTED_EDGE('',*,*,#813,.F.);
#1118=ORIENTED_EDGE('',*,*,#814,.F.);
#1119=ORIENTED_EDGE('',*,*,#761,.F.);
#1120=ORIENTED_EDGE('',*,*,#814,.T.);
#1121=ORIENTED_EDGE('',*,*,#815,.F.);
#1122=ORIENTED_EDGE('',*,*,#784,.T.);
#1123=ORIENTED_EDGE('',*,*,#734,.F.);
#1124=ORIENTED_EDGE('',*,*,#725,.F.);
#1125=ORIENTED_EDGE('',*,*,#782,.F.);
#1126=ORIENTED_EDGE('',*,*,#759,.T.);
#1127=ORIENTED_EDGE('',*,*,#762,.F.);
#1128=ORIENTED_EDGE('',*,*,#815,.T.);
#1129=ORIENTED_EDGE('',*,*,#813,.T.);
#1130=ORIENTED_EDGE('',*,*,#811,.T.);
#1131=ORIENTED_EDGE('',*,*,#809,.T.);
#1132=ORIENTED_EDGE('',*,*,#807,.T.);
#1133=ORIENTED_EDGE('',*,*,#805,.T.);
#1134=ORIENTED_EDGE('',*,*,#803,.T.);
#1135=ORIENTED_EDGE('',*,*,#801,.T.);
#1136=ORIENTED_EDGE('',*,*,#799,.T.);
#1137=ORIENTED_EDGE('',*,*,#797,.T.);
#1138=ORIENTED_EDGE('',*,*,#795,.T.);
#1139=ORIENTED_EDGE('',*,*,#793,.T.);
#1140=ORIENTED_EDGE('',*,*,#791,.T.);
#1141=ORIENTED_EDGE('',*,*,#789,.T.);
#1142=ORIENTED_EDGE('',*,*,#787,.T.);
#1143=ORIENTED_EDGE('',*,*,#785,.T.);
#1144=ORIENTED_EDGE('',*,*,#650,.T.);
#1145=ORIENTED_EDGE('',*,*,#653,.T.);
#1146=ORIENTED_EDGE('',*,*,#656,.T.);
#1147=ORIENTED_EDGE('',*,*,#659,.T.);
#1148=ORIENTED_EDGE('',*,*,#662,.T.);
#1149=ORIENTED_EDGE('',*,*,#665,.T.);
#1150=ORIENTED_EDGE('',*,*,#668,.T.);
#1151=ORIENTED_EDGE('',*,*,#671,.T.);
#1152=CYLINDRICAL_SURFACE('',#1265,1.75);
#1153=CYLINDRICAL_SURFACE('',#1268,1.75);
#1154=CYLINDRICAL_SURFACE('',#1271,1.75);
#1155=CYLINDRICAL_SURFACE('',#1274,1.75);
#1156=CYLINDRICAL_SURFACE('',#1277,1.75);
#1157=CYLINDRICAL_SURFACE('',#1280,1.75);
#1158=CYLINDRICAL_SURFACE('',#1283,1.75);
#1159=CYLINDRICAL_SURFACE('',#1286,1.75);
#1160=CYLINDRICAL_SURFACE('',#1290,70.5);
#1161=CYLINDRICAL_SURFACE('',#1299,70.5);
#1162=CYLINDRICAL_SURFACE('',#1308,70.5);
#1163=CYLINDRICAL_SURFACE('',#1317,70.5);
#1164=CYLINDRICAL_SURFACE('',#1326,70.5);
#1165=CYLINDRICAL_SURFACE('',#1335,70.5);
#1166=CYLINDRICAL_SURFACE('',#1344,70.5);
#1167=CYLINDRICAL_SURFACE('',#1353,70.5);
#1168=CYLINDRICAL_SURFACE('',#1370,4.);
#1169=CYLINDRICAL_SURFACE('',#1372,75.);
#1170=CYLINDRICAL_SURFACE('',#1374,4.);
#1171=CYLINDRICAL_SURFACE('',#1376,75.);
#1172=CYLINDRICAL_SURFACE('',#1378,4.);
#1173=CYLINDRICAL_SURFACE('',#1380,75.);
#1174=CYLINDRICAL_SURFACE('',#1382,4.);
#1175=CYLINDRICAL_SURFACE('',#1384,75.);
#1176=CYLINDRICAL_SURFACE('',#1386,4.);
#1177=CYLINDRICAL_SURFACE('',#1388,75.);
#1178=CYLINDRICAL_SURFACE('',#1390,4.);
#1179=CYLINDRICAL_SURFACE('',#1392,75.);
#1180=CYLINDRICAL_SURFACE('',#1394,4.);
#1181=CYLINDRICAL_SURFACE('',#1396,75.);
#1182=CYLINDRICAL_SURFACE('',#1398,4.);
#1183=CYLINDRICAL_SURFACE('',#1400,75.);
#1184=ADVANCED_FACE('',(#138),#1152,.F.);
#1185=ADVANCED_FACE('',(#139),#1153,.F.);
#1186=ADVANCED_FACE('',(#140),#1154,.F.);
#1187=ADVANCED_FACE('',(#141),#1155,.F.);
#1188=ADVANCED_FACE('',(#142),#1156,.F.);
#1189=ADVANCED_FACE('',(#143),#1157,.F.);
#1190=ADVANCED_FACE('',(#144),#1158,.F.);
#1191=ADVANCED_FACE('',(#145),#1159,.F.);
#1192=ADVANCED_FACE('',(#146),#112,.T.);
#1193=ADVANCED_FACE('',(#147),#1160,.F.);
#1194=ADVANCED_FACE('',(#148),#113,.T.);
#1195=ADVANCED_FACE('',(#149,#96),#114,.T.);
#1196=ADVANCED_FACE('',(#150),#115,.T.);
#1197=ADVANCED_FACE('',(#151),#1161,.F.);
#1198=ADVANCED_FACE('',(#152),#116,.T.);
#1199=ADVANCED_FACE('',(#153,#97),#117,.T.);
#1200=ADVANCED_FACE('',(#154),#118,.T.);
#1201=ADVANCED_FACE('',(#155),#1162,.F.);
#1202=ADVANCED_FACE('',(#156),#119,.T.);
#1203=ADVANCED_FACE('',(#157,#98),#120,.T.);
#1204=ADVANCED_FACE('',(#158),#121,.T.);
#1205=ADVANCED_FACE('',(#159),#1163,.F.);
#1206=ADVANCED_FACE('',(#160),#122,.T.);
#1207=ADVANCED_FACE('',(#161,#99),#123,.T.);
#1208=ADVANCED_FACE('',(#162),#124,.T.);
#1209=ADVANCED_FACE('',(#163),#1164,.F.);
#1210=ADVANCED_FACE('',(#164),#125,.T.);
#1211=ADVANCED_FACE('',(#165,#100),#126,.T.);
#1212=ADVANCED_FACE('',(#166),#127,.T.);
#1213=ADVANCED_FACE('',(#167),#1165,.F.);
#1214=ADVANCED_FACE('',(#168),#128,.T.);
#1215=ADVANCED_FACE('',(#169,#101),#129,.T.);
#1216=ADVANCED_FACE('',(#170),#130,.T.);
#1217=ADVANCED_FACE('',(#171),#1166,.F.);
#1218=ADVANCED_FACE('',(#172),#131,.T.);
#1219=ADVANCED_FACE('',(#173,#102),#132,.T.);
#1220=ADVANCED_FACE('',(#174),#133,.T.);
#1221=ADVANCED_FACE('',(#175),#1167,.F.);
#1222=ADVANCED_FACE('',(#176),#134,.T.);
#1223=ADVANCED_FACE('',(#177,#103),#135,.T.);
#1224=ADVANCED_FACE('',(#178),#136,.T.);
#1225=ADVANCED_FACE('',(#179),#1168,.T.);
#1226=ADVANCED_FACE('',(#180),#1169,.T.);
#1227=ADVANCED_FACE('',(#181),#1170,.T.);
#1228=ADVANCED_FACE('',(#182),#1171,.T.);
#1229=ADVANCED_FACE('',(#183),#1172,.T.);
#1230=ADVANCED_FACE('',(#184),#1173,.T.);
#1231=ADVANCED_FACE('',(#185),#1174,.T.);
#1232=ADVANCED_FACE('',(#186),#1175,.T.);
#1233=ADVANCED_FACE('',(#187),#1176,.T.);
#1234=ADVANCED_FACE('',(#188),#1177,.T.);
#1235=ADVANCED_FACE('',(#189),#1178,.T.);
#1236=ADVANCED_FACE('',(#190),#1179,.T.);
#1237=ADVANCED_FACE('',(#191),#1180,.T.);
#1238=ADVANCED_FACE('',(#192),#1181,.T.);
#1239=ADVANCED_FACE('',(#193),#1182,.T.);
#1240=ADVANCED_FACE('',(#194),#1183,.T.);
#1241=ADVANCED_FACE('',(#195,#104,#105,#106,#107,#108,#109,#110,#111),#137,
 .F.);
#1242=CLOSED_SHELL('',(#1184,#1185,#1186,#1187,#1188,#1189,#1190,#1191,
#1192,#1193,#1194,#1195,#1196,#1197,#1198,#1199,#1200,#1201,#1202,#1203,
#1204,#1205,#1206,#1207,#1208,#1209,#1210,#1211,#1212,#1213,#1214,#1215,
#1216,#1217,#1218,#1219,#1220,#1221,#1222,#1223,#1224,#1225,#1226,#1227,
#1228,#1229,#1230,#1231,#1232,#1233,#1234,#1235,#1236,#1237,#1238,#1239,
#1240,#1241));
#1243=DERIVED_UNIT_ELEMENT(#1246,1.);
#1244=DERIVED_UNIT_ELEMENT(#2277,-3.);
#1245=DIMENSIONAL_EXPONENTS(0.,1.,0.,0.,0.,0.,0.);
#1246=(
CONVERSION_BASED_UNIT('gram',#1248)
MASS_UNIT()
NAMED_UNIT(#1245)
);
#1247=(
MASS_UNIT()
NAMED_UNIT(*)
SI_UNIT(.KILO.,.GRAM.)
);
#1248=MASS_MEASURE_WITH_UNIT(MASS_MEASURE(0.001),#1247);
#1249=DERIVED_UNIT((#1243,#1244));
#1250=MEASURE_REPRESENTATION_ITEM('density measure',
POSITIVE_RATIO_MEASURE(1.),#1249);
#1251=PROPERTY_DEFINITION_REPRESENTATION(#1256,#1253);
#1252=PROPERTY_DEFINITION_REPRESENTATION(#1257,#1254);
#1253=REPRESENTATION('material name',(#1255),#2274);
#1254=REPRESENTATION('density',(#1250),#2274);
#1255=DESCRIPTIVE_REPRESENTATION_ITEM('Generic','Generic');
#1256=PROPERTY_DEFINITION('material property','material name',#2284);
#1257=PROPERTY_DEFINITION('material property','density of part',#2284);
#1258=DATE_TIME_ROLE('creation_date');
#1259=APPLIED_DATE_AND_TIME_ASSIGNMENT(#1260,#1258,(#2284));
#1260=DATE_AND_TIME(#1261,#1262);
#1261=CALENDAR_DATE(2026,2,5);
#1262=LOCAL_TIME(0,0,0.,#1263);
#1263=COORDINATED_UNIVERSAL_TIME_OFFSET(0,0,.BEHIND.);
#1264=AXIS2_PLACEMENT_3D('',#1799,#1413,#1414);
#1265=AXIS2_PLACEMENT_3D('',#1800,#1415,#1416);
#1266=AXIS2_PLACEMENT_3D('',#1802,#1417,#1418);
#1267=AXIS2_PLACEMENT_3D('',#1805,#1420,#1421);
#1268=AXIS2_PLACEMENT_3D('',#1806,#1422,#1423);
#1269=AXIS2_PLACEMENT_3D('',#1808,#1424,#1425);
#1270=AXIS2_PLACEMENT_3D('',#1811,#1427,#1428);
#1271=AXIS2_PLACEMENT_3D('',#1812,#1429,#1430);
#1272=AXIS2_PLACEMENT_3D('',#1814,#1431,#1432);
#1273=AXIS2_PLACEMENT_3D('',#1817,#1434,#1435);
#1274=AXIS2_PLACEMENT_3D('',#1818,#1436,#1437);
#1275=AXIS2_PLACEMENT_3D('',#1820,#1438,#1439);
#1276=AXIS2_PLACEMENT_3D('',#1823,#1441,#1442);
#1277=AXIS2_PLACEMENT_3D('',#1824,#1443,#1444);
#1278=AXIS2_PLACEMENT_3D('',#1826,#1445,#1446);
#1279=AXIS2_PLACEMENT_3D('',#1829,#1448,#1449);
#1280=AXIS2_PLACEMENT_3D('',#1830,#1450,#1451);
#1281=AXIS2_PLACEMENT_3D('',#1832,#1452,#1453);
#1282=AXIS2_PLACEMENT_3D('',#1835,#1455,#1456);
#1283=AXIS2_PLACEMENT_3D('',#1836,#1457,#1458);
#1284=AXIS2_PLACEMENT_3D('',#1838,#1459,#1460);
#1285=AXIS2_PLACEMENT_3D('',#1841,#1462,#1463);
#1286=AXIS2_PLACEMENT_3D('',#1842,#1464,#1465);
#1287=AXIS2_PLACEMENT_3D('',#1844,#1466,#1467);
#1288=AXIS2_PLACEMENT_3D('',#1847,#1469,#1470);
#1289=AXIS2_PLACEMENT_3D('',#1848,#1471,#1472);
#1290=AXIS2_PLACEMENT_3D('',#1857,#1477,#1478);
#1291=AXIS2_PLACEMENT_3D('',#1859,#1479,#1480);
#1292=AXIS2_PLACEMENT_3D('',#1861,#1481,#1482);
#1293=AXIS2_PLACEMENT_3D('',#1863,#1484,#1485);
#1294=AXIS2_PLACEMENT_3D('',#1869,#1489,#1490);
#1295=AXIS2_PLACEMENT_3D('',#1871,#1491,#1492);
#1296=AXIS2_PLACEMENT_3D('',#1873,#1493,#1494);
#1297=AXIS2_PLACEMENT_3D('',#1874,#1495,#1496);
#1298=AXIS2_PLACEMENT_3D('',#1875,#1497,#1498);
#1299=AXIS2_PLACEMENT_3D('',#1884,#1503,#1504);
#1300=AXIS2_PLACEMENT_3D('',#1886,#1505,#1506);
#1301=AXIS2_PLACEMENT_3D('',#1888,#1507,#1508);
#1302=AXIS2_PLACEMENT_3D('',#1890,#1510,#1511);
#1303=AXIS2_PLACEMENT_3D('',#1896,#1515,#1516);
#1304=AXIS2_PLACEMENT_3D('',#1898,#1517,#1518);
#1305=AXIS2_PLACEMENT_3D('',#1900,#1519,#1520);
#1306=AXIS2_PLACEMENT_3D('',#1901,#1521,#1522);
#1307=AXIS2_PLACEMENT_3D('',#1902,#1523,#1524);
#1308=AXIS2_PLACEMENT_3D('',#1911,#1529,#1530);
#1309=AXIS2_PLACEMENT_3D('',#1913,#1531,#1532);
#1310=AXIS2_PLACEMENT_3D('',#1915,#1533,#1534);
#1311=AXIS2_PLACEMENT_3D('',#1917,#1536,#1537);
#1312=AXIS2_PLACEMENT_3D('',#1923,#1541,#1542);
#1313=AXIS2_PLACEMENT_3D('',#1925,#1543,#1544);
#1314=AXIS2_PLACEMENT_3D('',#1927,#1545,#1546);
#1315=AXIS2_PLACEMENT_3D('',#1928,#1547,#1548);
#1316=AXIS2_PLACEMENT_3D('',#1929,#1549,#1550);
#1317=AXIS2_PLACEMENT_3D('',#1938,#1555,#1556);
#1318=AXIS2_PLACEMENT_3D('',#1940,#1557,#1558);
#1319=AXIS2_PLACEMENT_3D('',#1942,#1559,#1560);
#1320=AXIS2_PLACEMENT_3D('',#1944,#1562,#1563);
#1321=AXIS2_PLACEMENT_3D('',#1950,#1567,#1568);
#1322=AXIS2_PLACEMENT_3D('',#1952,#1569,#1570);
#1323=AXIS2_PLACEMENT_3D('',#1954,#1571,#1572);
#1324=AXIS2_PLACEMENT_3D('',#1955,#1573,#1574);
#1325=AXIS2_PLACEMENT_3D('',#1956,#1575,#1576);
#1326=AXIS2_PLACEMENT_3D('',#1965,#1581,#1582);
#1327=AXIS2_PLACEMENT_3D('',#1967,#1583,#1584);
#1328=AXIS2_PLACEMENT_3D('',#1969,#1585,#1586);
#1329=AXIS2_PLACEMENT_3D('',#1971,#1588,#1589);
#1330=AXIS2_PLACEMENT_3D('',#1977,#1593,#1594);
#1331=AXIS2_PLACEMENT_3D('',#1979,#1595,#1596);
#1332=AXIS2_PLACEMENT_3D('',#1981,#1597,#1598);
#1333=AXIS2_PLACEMENT_3D('',#1982,#1599,#1600);
#1334=AXIS2_PLACEMENT_3D('',#1983,#1601,#1602);
#1335=AXIS2_PLACEMENT_3D('',#1992,#1607,#1608);
#1336=AXIS2_PLACEMENT_3D('',#1994,#1609,#1610);
#1337=AXIS2_PLACEMENT_3D('',#1996,#1611,#1612);
#1338=AXIS2_PLACEMENT_3D('',#1998,#1614,#1615);
#1339=AXIS2_PLACEMENT_3D('',#2004,#1619,#1620);
#1340=AXIS2_PLACEMENT_3D('',#2006,#1621,#1622);
#1341=AXIS2_PLACEMENT_3D('',#2008,#1623,#1624);
#1342=AXIS2_PLACEMENT_3D('',#2009,#1625,#1626);
#1343=AXIS2_PLACEMENT_3D('',#2010,#1627,#1628);
#1344=AXIS2_PLACEMENT_3D('',#2019,#1633,#1634);
#1345=AXIS2_PLACEMENT_3D('',#2021,#1635,#1636);
#1346=AXIS2_PLACEMENT_3D('',#2023,#1637,#1638);
#1347=AXIS2_PLACEMENT_3D('',#2025,#1640,#1641);
#1348=AXIS2_PLACEMENT_3D('',#2031,#1645,#1646);
#1349=AXIS2_PLACEMENT_3D('',#2033,#1647,#1648);
#1350=AXIS2_PLACEMENT_3D('',#2035,#1649,#1650);
#1351=AXIS2_PLACEMENT_3D('',#2036,#1651,#1652);
#1352=AXIS2_PLACEMENT_3D('',#2037,#1653,#1654);
#1353=AXIS2_PLACEMENT_3D('',#2046,#1659,#1660);
#1354=AXIS2_PLACEMENT_3D('',#2048,#1661,#1662);
#1355=AXIS2_PLACEMENT_3D('',#2050,#1663,#1664);
#1356=AXIS2_PLACEMENT_3D('',#2052,#1666,#1667);
#1357=AXIS2_PLACEMENT_3D('',#2058,#1671,#1672);
#1358=AXIS2_PLACEMENT_3D('',#2060,#1673,#1674);
#1359=AXIS2_PLACEMENT_3D('',#2062,#1675,#1676);
#1360=AXIS2_PLACEMENT_3D('',#2063,#1677,#1678);
#1361=AXIS2_PLACEMENT_3D('',#2064,#1679,#1680);
#1362=AXIS2_PLACEMENT_3D('',#2065,#1681,#1682);
#1363=AXIS2_PLACEMENT_3D('',#2066,#1683,#1684);
#1364=AXIS2_PLACEMENT_3D('',#2067,#1685,#1686);
#1365=AXIS2_PLACEMENT_3D('',#2068,#1687,#1688);
#1366=AXIS2_PLACEMENT_3D('',#2069,#1689,#1690);
#1367=AXIS2_PLACEMENT_3D('',#2070,#1691,#1692);
#1368=AXIS2_PLACEMENT_3D('',#2071,#1693,#1694);
#1369=AXIS2_PLACEMENT_3D('',#2072,#1695,#1696);
#1370=AXIS2_PLACEMENT_3D('',#2073,#1697,#1698);
#1371=AXIS2_PLACEMENT_3D('',#2077,#1700,#1701);
#1372=AXIS2_PLACEMENT_3D('',#2079,#1703,#1704);
#1373=AXIS2_PLACEMENT_3D('',#2081,#1705,#1706);
#1374=AXIS2_PLACEMENT_3D('',#2083,#1708,#1709);
#1375=AXIS2_PLACEMENT_3D('',#2085,#1710,#1711);
#1376=AXIS2_PLACEMENT_3D('',#2087,#1713,#1714);
#1377=AXIS2_PLACEMENT_3D('',#2089,#1715,#1716);
#1378=AXIS2_PLACEMENT_3D('',#2091,#1718,#1719);
#1379=AXIS2_PLACEMENT_3D('',#2093,#1720,#1721);
#1380=AXIS2_PLACEMENT_3D('',#2095,#1723,#1724);
#1381=AXIS2_PLACEMENT_3D('',#2097,#1725,#1726);
#1382=AXIS2_PLACEMENT_3D('',#2099,#1728,#1729);
#1383=AXIS2_PLACEMENT_3D('',#2101,#1730,#1731);
#1384=AXIS2_PLACEMENT_3D('',#2103,#1733,#1734);
#1385=AXIS2_PLACEMENT_3D('',#2105,#1735,#1736);
#1386=AXIS2_PLACEMENT_3D('',#2107,#1738,#1739);
#1387=AXIS2_PLACEMENT_3D('',#2109,#1740,#1741);
#1388=AXIS2_PLACEMENT_3D('',#2111,#1743,#1744);
#1389=AXIS2_PLACEMENT_3D('',#2113,#1745,#1746);
#1390=AXIS2_PLACEMENT_3D('',#2115,#1748,#1749);
#1391=AXIS2_PLACEMENT_3D('',#2117,#1750,#1751);
#1392=AXIS2_PLACEMENT_3D('',#2119,#1753,#1754);
#1393=AXIS2_PLACEMENT_3D('',#2121,#1755,#1756);
#1394=AXIS2_PLACEMENT_3D('',#2123,#1758,#1759);
#1395=AXIS2_PLACEMENT_3D('',#2125,#1760,#1761);
#1396=AXIS2_PLACEMENT_3D('',#2127,#1763,#1764);
#1397=AXIS2_PLACEMENT_3D('',#2129,#1765,#1766);
#1398=AXIS2_PLACEMENT_3D('',#2131,#1768,#1769);
#1399=AXIS2_PLACEMENT_3D('',#2133,#1770,#1771);
#1400=AXIS2_PLACEMENT_3D('',#2135,#1773,#1774);
#1401=AXIS2_PLACEMENT_3D('',#2136,#1775,#1776);
#1402=AXIS2_PLACEMENT_3D('',#2137,#1777,#1778);
#1403=AXIS2_PLACEMENT_3D('',#2142,#1779,#1780);
#1404=AXIS2_PLACEMENT_3D('',#2143,#1781,#1782);
#1405=AXIS2_PLACEMENT_3D('',#2208,#1783,#1784);
#1406=AXIS2_PLACEMENT_3D('',#2209,#1785,#1786);
#1407=AXIS2_PLACEMENT_3D('',#2210,#1787,#1788);
#1408=AXIS2_PLACEMENT_3D('',#2211,#1789,#1790);
#1409=AXIS2_PLACEMENT_3D('',#2212,#1791,#1792);
#1410=AXIS2_PLACEMENT_3D('',#2213,#1793,#1794);
#1411=AXIS2_PLACEMENT_3D('',#2214,#1795,#1796);
#1412=AXIS2_PLACEMENT_3D('',#2215,#1797,#1798);
#1413=DIRECTION('axis',(0.,0.,1.));
#1414=DIRECTION('refdir',(1.,0.,0.));
#1415=DIRECTION('center_axis',(0.,1.,0.));
#1416=DIRECTION('ref_axis',(-1.,0.,0.));
#1417=DIRECTION('center_axis',(0.,-1.,0.));
#1418=DIRECTION('ref_axis',(-1.,0.,0.));
#1419=DIRECTION('',(0.,-1.,0.));
#1420=DIRECTION('center_axis',(0.,1.,0.));
#1421=DIRECTION('ref_axis',(-1.,0.,0.));
#1422=DIRECTION('center_axis',(0.,1.,0.));
#1423=DIRECTION('ref_axis',(-1.,0.,0.));
#1424=DIRECTION('center_axis',(0.,-1.,0.));
#1425=DIRECTION('ref_axis',(-1.,0.,0.));
#1426=DIRECTION('',(0.,-1.,0.));
#1427=DIRECTION('center_axis',(0.,1.,0.));
#1428=DIRECTION('ref_axis',(-1.,0.,0.));
#1429=DIRECTION('center_axis',(0.,1.,0.));
#1430=DIRECTION('ref_axis',(-1.,0.,0.));
#1431=DIRECTION('center_axis',(0.,-1.,0.));
#1432=DIRECTION('ref_axis',(-1.,0.,0.));
#1433=DIRECTION('',(0.,-1.,0.));
#1434=DIRECTION('center_axis',(0.,1.,0.));
#1435=DIRECTION('ref_axis',(-1.,0.,0.));
#1436=DIRECTION('center_axis',(0.,1.,0.));
#1437=DIRECTION('ref_axis',(-1.,0.,0.));
#1438=DIRECTION('center_axis',(0.,-1.,0.));
#1439=DIRECTION('ref_axis',(-1.,0.,0.));
#1440=DIRECTION('',(0.,-1.,0.));
#1441=DIRECTION('center_axis',(0.,1.,0.));
#1442=DIRECTION('ref_axis',(-1.,0.,0.));
#1443=DIRECTION('center_axis',(0.,1.,0.));
#1444=DIRECTION('ref_axis',(-1.,0.,0.));
#1445=DIRECTION('center_axis',(0.,-1.,0.));
#1446=DIRECTION('ref_axis',(-1.,0.,0.));
#1447=DIRECTION('',(0.,-1.,0.));
#1448=DIRECTION('center_axis',(0.,1.,0.));
#1449=DIRECTION('ref_axis',(-1.,0.,0.));
#1450=DIRECTION('center_axis',(0.,1.,0.));
#1451=DIRECTION('ref_axis',(-1.,0.,0.));
#1452=DIRECTION('center_axis',(0.,-1.,0.));
#1453=DIRECTION('ref_axis',(-1.,0.,0.));
#1454=DIRECTION('',(0.,-1.,0.));
#1455=DIRECTION('center_axis',(0.,1.,0.));
#1456=DIRECTION('ref_axis',(-1.,0.,0.));
#1457=DIRECTION('center_axis',(0.,1.,0.));
#1458=DIRECTION('ref_axis',(-1.,0.,0.));
#1459=DIRECTION('center_axis',(0.,-1.,0.));
#1460=DIRECTION('ref_axis',(-1.,0.,0.));
#1461=DIRECTION('',(0.,-1.,0.));
#1462=DIRECTION('center_axis',(0.,1.,0.));
#1463=DIRECTION('ref_axis',(-1.,0.,0.));
#1464=DIRECTION('center_axis',(0.,1.,0.));
#1465=DIRECTION('ref_axis',(-1.,0.,0.));
#1466=DIRECTION('center_axis',(0.,-1.,0.));
#1467=DIRECTION('ref_axis',(-1.,0.,0.));
#1468=DIRECTION('',(0.,-1.,0.));
#1469=DIRECTION('center_axis',(0.,1.,0.));
#1470=DIRECTION('ref_axis',(-1.,0.,0.));
#1471=DIRECTION('center_axis',(-0.707106781186548,0.,-0.707106781186548));
#1472=DIRECTION('ref_axis',(-0.707106781186548,0.,0.707106781186548));
#1473=DIRECTION('',(0.707106781186548,0.,-0.707106781186548));
#1474=DIRECTION('',(0.,1.,0.));
#1475=DIRECTION('',(-0.707106781186547,0.,0.707106781186547));
#1476=DIRECTION('',(0.,1.,0.));
#1477=DIRECTION('center_axis',(0.,1.,0.));
#1478=DIRECTION('ref_axis',(1.,0.,0.));
#1479=DIRECTION('center_axis',(0.,1.,0.));
#1480=DIRECTION('ref_axis',(1.,0.,0.));
#1481=DIRECTION('center_axis',(0.,-1.,0.));
#1482=DIRECTION('ref_axis',(1.,0.,0.));
#1483=DIRECTION('',(0.,1.,0.));
#1484=DIRECTION('center_axis',(1.,0.,0.));
#1485=DIRECTION('ref_axis',(0.,0.,-1.));
#1486=DIRECTION('',(0.,0.,1.));
#1487=DIRECTION('',(0.,0.,-1.));
#1488=DIRECTION('',(0.,1.,0.));
#1489=DIRECTION('center_axis',(0.,1.,0.));
#1490=DIRECTION('ref_axis',(0.,0.,1.));
#1491=DIRECTION('center_axis',(0.,1.,0.));
#1492=DIRECTION('ref_axis',(-1.,0.,0.));
#1493=DIRECTION('center_axis',(0.,1.,0.));
#1494=DIRECTION('ref_axis',(-1.,0.,0.));
#1495=DIRECTION('center_axis',(0.,1.,0.));
#1496=DIRECTION('ref_axis',(-1.,0.,0.));
#1497=DIRECTION('center_axis',(0.707106781186548,0.,0.707106781186548));
#1498=DIRECTION('ref_axis',(0.707106781186548,0.,-0.707106781186548));
#1499=DIRECTION('',(-0.707106781186548,0.,0.707106781186548));
#1500=DIRECTION('',(0.,1.,0.));
#1501=DIRECTION('',(0.707106781186548,0.,-0.707106781186548));
#1502=DIRECTION('',(0.,1.,0.));
#1503=DIRECTION('center_axis',(0.,1.,0.));
#1504=DIRECTION('ref_axis',(1.,0.,0.));
#1505=DIRECTION('center_axis',(0.,1.,0.));
#1506=DIRECTION('ref_axis',(1.,0.,0.));
#1507=DIRECTION('center_axis',(0.,-1.,0.));
#1508=DIRECTION('ref_axis',(1.,0.,0.));
#1509=DIRECTION('',(0.,1.,0.));
#1510=DIRECTION('center_axis',(-1.,0.,-4.44089209850062E-16));
#1511=DIRECTION('ref_axis',(-4.44089209850062E-16,0.,1.));
#1512=DIRECTION('',(4.44089209850062E-16,0.,-1.));
#1513=DIRECTION('',(-4.44089209850062E-16,0.,1.));
#1514=DIRECTION('',(0.,1.,0.));
#1515=DIRECTION('center_axis',(0.,1.,0.));
#1516=DIRECTION('ref_axis',(0.,0.,1.));
#1517=DIRECTION('center_axis',(0.,1.,0.));
#1518=DIRECTION('ref_axis',(-1.,0.,0.));
#1519=DIRECTION('center_axis',(0.,1.,0.));
#1520=DIRECTION('ref_axis',(-1.,0.,0.));
#1521=DIRECTION('center_axis',(0.,1.,0.));
#1522=DIRECTION('ref_axis',(-1.,0.,0.));
#1523=DIRECTION('center_axis',(1.,0.,-1.11022302462516E-16));
#1524=DIRECTION('ref_axis',(-1.11022302462516E-16,0.,-1.));
#1525=DIRECTION('',(1.11022302462516E-16,0.,1.));
#1526=DIRECTION('',(0.,1.,0.));
#1527=DIRECTION('',(-1.11022302462516E-16,0.,-1.));
#1528=DIRECTION('',(0.,1.,0.));
#1529=DIRECTION('center_axis',(0.,1.,0.));
#1530=DIRECTION('ref_axis',(1.,0.,0.));
#1531=DIRECTION('center_axis',(0.,1.,0.));
#1532=DIRECTION('ref_axis',(1.,0.,0.));
#1533=DIRECTION('center_axis',(0.,-1.,0.));
#1534=DIRECTION('ref_axis',(1.,0.,0.));
#1535=DIRECTION('',(0.,1.,0.));
#1536=DIRECTION('center_axis',(-0.707106781186548,0.,0.707106781186547));
#1537=DIRECTION('ref_axis',(0.707106781186547,0.,0.707106781186548));
#1538=DIRECTION('',(-0.707106781186547,0.,-0.707106781186548));
#1539=DIRECTION('',(0.707106781186547,0.,0.707106781186548));
#1540=DIRECTION('',(0.,1.,0.));
#1541=DIRECTION('center_axis',(0.,1.,0.));
#1542=DIRECTION('ref_axis',(0.,0.,1.));
#1543=DIRECTION('center_axis',(0.,1.,0.));
#1544=DIRECTION('ref_axis',(-1.,0.,0.));
#1545=DIRECTION('center_axis',(0.,1.,0.));
#1546=DIRECTION('ref_axis',(-1.,0.,0.));
#1547=DIRECTION('center_axis',(0.,1.,0.));
#1548=DIRECTION('ref_axis',(-1.,0.,0.));
#1549=DIRECTION('center_axis',(-1.,0.,0.));
#1550=DIRECTION('ref_axis',(0.,0.,1.));
#1551=DIRECTION('',(0.,0.,-1.));
#1552=DIRECTION('',(0.,1.,0.));
#1553=DIRECTION('',(0.,0.,1.));
#1554=DIRECTION('',(0.,1.,0.));
#1555=DIRECTION('center_axis',(0.,1.,0.));
#1556=DIRECTION('ref_axis',(1.,0.,0.));
#1557=DIRECTION('center_axis',(0.,1.,0.));
#1558=DIRECTION('ref_axis',(1.,0.,0.));
#1559=DIRECTION('center_axis',(0.,-1.,0.));
#1560=DIRECTION('ref_axis',(1.,0.,0.));
#1561=DIRECTION('',(0.,1.,0.));
#1562=DIRECTION('center_axis',(0.707106781186548,0.,-0.707106781186548));
#1563=DIRECTION('ref_axis',(-0.707106781186548,0.,-0.707106781186548));
#1564=DIRECTION('',(0.707106781186548,0.,0.707106781186548));
#1565=DIRECTION('',(-0.707106781186548,0.,-0.707106781186548));
#1566=DIRECTION('',(0.,1.,0.));
#1567=DIRECTION('center_axis',(0.,1.,0.));
#1568=DIRECTION('ref_axis',(0.,0.,1.));
#1569=DIRECTION('center_axis',(0.,1.,0.));
#1570=DIRECTION('ref_axis',(-1.,0.,0.));
#1571=DIRECTION('center_axis',(0.,1.,0.));
#1572=DIRECTION('ref_axis',(-1.,0.,0.));
#1573=DIRECTION('center_axis',(0.,1.,0.));
#1574=DIRECTION('ref_axis',(-1.,0.,0.));
#1575=DIRECTION('center_axis',(-8.32667268468868E-17,0.,-1.));
#1576=DIRECTION('ref_axis',(-1.,0.,8.32667268468868E-17));
#1577=DIRECTION('',(1.,0.,-8.32667268468868E-17));
#1578=DIRECTION('',(0.,1.,0.));
#1579=DIRECTION('',(-1.,0.,8.32667268468868E-17));
#1580=DIRECTION('',(0.,1.,0.));
#1581=DIRECTION('center_axis',(0.,1.,0.));
#1582=DIRECTION('ref_axis',(1.,0.,0.));
#1583=DIRECTION('center_axis',(0.,1.,0.));
#1584=DIRECTION('ref_axis',(1.,0.,0.));
#1585=DIRECTION('center_axis',(0.,-1.,0.));
#1586=DIRECTION('ref_axis',(1.,0.,0.));
#1587=DIRECTION('',(0.,1.,0.));
#1588=DIRECTION('center_axis',(0.707106781186548,0.,0.707106781186548));
#1589=DIRECTION('ref_axis',(0.707106781186548,0.,-0.707106781186548));
#1590=DIRECTION('',(-0.707106781186548,0.,0.707106781186548));
#1591=DIRECTION('',(0.707106781186548,0.,-0.707106781186548));
#1592=DIRECTION('',(0.,1.,0.));
#1593=DIRECTION('center_axis',(0.,1.,0.));
#1594=DIRECTION('ref_axis',(0.,0.,1.));
#1595=DIRECTION('center_axis',(0.,1.,0.));
#1596=DIRECTION('ref_axis',(-1.,0.,0.));
#1597=DIRECTION('center_axis',(0.,1.,0.));
#1598=DIRECTION('ref_axis',(-1.,0.,0.));
#1599=DIRECTION('center_axis',(0.,1.,0.));
#1600=DIRECTION('ref_axis',(-1.,0.,0.));
#1601=DIRECTION('center_axis',(2.22044604925031E-16,0.,1.));
#1602=DIRECTION('ref_axis',(1.,0.,-2.22044604925031E-16));
#1603=DIRECTION('',(-1.,0.,2.22044604925031E-16));
#1604=DIRECTION('',(0.,1.,0.));
#1605=DIRECTION('',(1.,0.,-2.22044604925031E-16));
#1606=DIRECTION('',(0.,1.,0.));
#1607=DIRECTION('center_axis',(0.,1.,0.));
#1608=DIRECTION('ref_axis',(1.,0.,0.));
#1609=DIRECTION('center_axis',(0.,1.,0.));
#1610=DIRECTION('ref_axis',(1.,0.,0.));
#1611=DIRECTION('center_axis',(0.,-1.,0.));
#1612=DIRECTION('ref_axis',(1.,0.,0.));
#1613=DIRECTION('',(0.,1.,0.));
#1614=DIRECTION('center_axis',(-0.707106781186547,0.,-0.707106781186548));
#1615=DIRECTION('ref_axis',(-0.707106781186548,0.,0.707106781186547));
#1616=DIRECTION('',(0.707106781186548,0.,-0.707106781186547));
#1617=DIRECTION('',(-0.707106781186548,0.,0.707106781186547));
#1618=DIRECTION('',(0.,1.,0.));
#1619=DIRECTION('center_axis',(0.,1.,0.));
#1620=DIRECTION('ref_axis',(0.,0.,1.));
#1621=DIRECTION('center_axis',(0.,1.,0.));
#1622=DIRECTION('ref_axis',(-1.,0.,0.));
#1623=DIRECTION('center_axis',(0.,1.,0.));
#1624=DIRECTION('ref_axis',(-1.,0.,0.));
#1625=DIRECTION('center_axis',(0.,1.,0.));
#1626=DIRECTION('ref_axis',(-1.,0.,0.));
#1627=DIRECTION('center_axis',(0.707106781186548,0.,-0.707106781186548));
#1628=DIRECTION('ref_axis',(-0.707106781186548,0.,-0.707106781186548));
#1629=DIRECTION('',(0.707106781186548,0.,0.707106781186548));
#1630=DIRECTION('',(0.,1.,0.));
#1631=DIRECTION('',(-0.707106781186547,0.,-0.707106781186547));
#1632=DIRECTION('',(0.,1.,0.));
#1633=DIRECTION('center_axis',(0.,1.,0.));
#1634=DIRECTION('ref_axis',(1.,0.,0.));
#1635=DIRECTION('center_axis',(0.,1.,0.));
#1636=DIRECTION('ref_axis',(1.,0.,0.));
#1637=DIRECTION('center_axis',(0.,-1.,0.));
#1638=DIRECTION('ref_axis',(1.,0.,0.));
#1639=DIRECTION('',(0.,1.,0.));
#1640=DIRECTION('center_axis',(-4.44089209850063E-16,0.,1.));
#1641=DIRECTION('ref_axis',(1.,0.,4.44089209850063E-16));
#1642=DIRECTION('',(-1.,0.,-4.44089209850063E-16));
#1643=DIRECTION('',(1.,0.,4.44089209850063E-16));
#1644=DIRECTION('',(0.,1.,0.));
#1645=DIRECTION('center_axis',(0.,1.,0.));
#1646=DIRECTION('ref_axis',(0.,0.,1.));
#1647=DIRECTION('center_axis',(0.,1.,0.));
#1648=DIRECTION('ref_axis',(-1.,0.,0.));
#1649=DIRECTION('center_axis',(0.,1.,0.));
#1650=DIRECTION('ref_axis',(-1.,0.,0.));
#1651=DIRECTION('center_axis',(0.,1.,0.));
#1652=DIRECTION('ref_axis',(-1.,0.,0.));
#1653=DIRECTION('center_axis',(-0.707106781186548,0.,0.707106781186548));
#1654=DIRECTION('ref_axis',(0.707106781186548,0.,0.707106781186548));
#1655=DIRECTION('',(-0.707106781186548,0.,-0.707106781186548));
#1656=DIRECTION('',(0.,1.,0.));
#1657=DIRECTION('',(0.707106781186547,0.,0.707106781186547));
#1658=DIRECTION('',(0.,1.,0.));
#1659=DIRECTION('center_axis',(0.,1.,0.));
#1660=DIRECTION('ref_axis',(1.,0.,0.));
#1661=DIRECTION('center_axis',(0.,1.,0.));
#1662=DIRECTION('ref_axis',(1.,0.,0.));
#1663=DIRECTION('center_axis',(0.,-1.,0.));
#1664=DIRECTION('ref_axis',(1.,0.,0.));
#1665=DIRECTION('',(0.,1.,0.));
#1666=DIRECTION('center_axis',(2.22044604925031E-16,0.,-1.));
#1667=DIRECTION('ref_axis',(-1.,0.,-2.22044604925031E-16));
#1668=DIRECTION('',(1.,0.,2.22044604925031E-16));
#1669=DIRECTION('',(-1.,0.,-2.22044604925031E-16));
#1670=DIRECTION('',(0.,1.,0.));
#1671=DIRECTION('center_axis',(0.,1.,0.));
#1672=DIRECTION('ref_axis',(0.,0.,1.));
#1673=DIRECTION('center_axis',(0.,1.,0.));
#1674=DIRECTION('ref_axis',(-1.,0.,0.));
#1675=DIRECTION('center_axis',(0.,1.,0.));
#1676=DIRECTION('ref_axis',(-1.,0.,0.));
#1677=DIRECTION('center_axis',(0.,1.,0.));
#1678=DIRECTION('ref_axis',(-1.,0.,0.));
#1679=DIRECTION('center_axis',(0.,1.,0.));
#1680=DIRECTION('ref_axis',(0.,0.,1.));
#1681=DIRECTION('center_axis',(0.,1.,0.));
#1682=DIRECTION('ref_axis',(-1.,0.,0.));
#1683=DIRECTION('center_axis',(0.,1.,0.));
#1684=DIRECTION('ref_axis',(-1.,0.,0.));
#1685=DIRECTION('center_axis',(0.,1.,0.));
#1686=DIRECTION('ref_axis',(-1.,0.,0.));
#1687=DIRECTION('center_axis',(0.,1.,0.));
#1688=DIRECTION('ref_axis',(-1.,0.,0.));
#1689=DIRECTION('center_axis',(0.,1.,0.));
#1690=DIRECTION('ref_axis',(-1.,0.,0.));
#1691=DIRECTION('center_axis',(0.,1.,0.));
#1692=DIRECTION('ref_axis',(-1.,0.,0.));
#1693=DIRECTION('center_axis',(0.,1.,0.));
#1694=DIRECTION('ref_axis',(-1.,0.,0.));
#1695=DIRECTION('center_axis',(0.,1.,0.));
#1696=DIRECTION('ref_axis',(-1.,0.,0.));
#1697=DIRECTION('center_axis',(0.,-1.,0.));
#1698=DIRECTION('ref_axis',(-1.,0.,0.));
#1699=DIRECTION('',(0.,1.,0.));
#1700=DIRECTION('center_axis',(0.,-1.,0.));
#1701=DIRECTION('ref_axis',(-1.,0.,0.));
#1702=DIRECTION('',(0.,1.,0.));
#1703=DIRECTION('center_axis',(0.,-1.,0.));
#1704=DIRECTION('ref_axis',(-1.,0.,0.));
#1705=DIRECTION('center_axis',(0.,-1.,0.));
#1706=DIRECTION('ref_axis',(-1.,0.,0.));
#1707=DIRECTION('',(0.,1.,0.));
#1708=DIRECTION('center_axis',(0.,-1.,0.));
#1709=DIRECTION('ref_axis',(-1.,0.,0.));
#1710=DIRECTION('center_axis',(0.,-1.,0.));
#1711=DIRECTION('ref_axis',(-1.,0.,0.));
#1712=DIRECTION('',(0.,1.,0.));
#1713=DIRECTION('center_axis',(0.,-1.,0.));
#1714=DIRECTION('ref_axis',(-1.,0.,0.));
#1715=DIRECTION('center_axis',(0.,-1.,0.));
#1716=DIRECTION('ref_axis',(-1.,0.,0.));
#1717=DIRECTION('',(0.,1.,0.));
#1718=DIRECTION('center_axis',(0.,-1.,0.));
#1719=DIRECTION('ref_axis',(0.514495755427526,0.,0.857492925712544));
#1720=DIRECTION('center_axis',(0.,-1.,0.));
#1721=DIRECTION('ref_axis',(-1.,0.,0.));
#1722=DIRECTION('',(0.,1.,0.));
#1723=DIRECTION('center_axis',(0.,-1.,0.));
#1724=DIRECTION('ref_axis',(-1.,0.,0.));
#1725=DIRECTION('center_axis',(0.,-1.,0.));
#1726=DIRECTION('ref_axis',(-1.,0.,0.));
#1727=DIRECTION('',(0.,1.,0.));
#1728=DIRECTION('center_axis',(0.,-1.,0.));
#1729=DIRECTION('ref_axis',(0.857492925712546,0.,0.514495755427524));
#1730=DIRECTION('center_axis',(0.,-1.,0.));
#1731=DIRECTION('ref_axis',(-1.,0.,0.));
#1732=DIRECTION('',(0.,1.,0.));
#1733=DIRECTION('center_axis',(0.,-1.,0.));
#1734=DIRECTION('ref_axis',(1.,0.,1.22464679914735E-16));
#1735=DIRECTION('center_axis',(0.,-1.,0.));
#1736=DIRECTION('ref_axis',(-1.,0.,0.));
#1737=DIRECTION('',(0.,1.,0.));
#1738=DIRECTION('center_axis',(0.,-1.,0.));
#1739=DIRECTION('ref_axis',(0.857492925712544,0.,-0.514495755427526));
#1740=DIRECTION('center_axis',(0.,-1.,0.));
#1741=DIRECTION('ref_axis',(-1.,0.,0.));
#1742=DIRECTION('',(0.,1.,0.));
#1743=DIRECTION('center_axis',(0.,-1.,0.));
#1744=DIRECTION('ref_axis',(-1.,0.,0.));
#1745=DIRECTION('center_axis',(0.,-1.,0.));
#1746=DIRECTION('ref_axis',(-1.,0.,0.));
#1747=DIRECTION('',(0.,1.,0.));
#1748=DIRECTION('center_axis',(0.,-1.,0.));
#1749=DIRECTION('ref_axis',(0.514495755427525,0.,-0.857492925712545));
#1750=DIRECTION('center_axis',(0.,-1.,0.));
#1751=DIRECTION('ref_axis',(-1.,0.,0.));
#1752=DIRECTION('',(0.,1.,0.));
#1753=DIRECTION('center_axis',(0.,-1.,0.));
#1754=DIRECTION('ref_axis',(-1.,0.,0.));
#1755=DIRECTION('center_axis',(0.,-1.,0.));
#1756=DIRECTION('ref_axis',(-1.,0.,0.));
#1757=DIRECTION('',(0.,1.,0.));
#1758=DIRECTION('center_axis',(0.,-1.,0.));
#1759=DIRECTION('ref_axis',(-1.,0.,0.));
#1760=DIRECTION('center_axis',(0.,-1.,0.));
#1761=DIRECTION('ref_axis',(-1.,0.,0.));
#1762=DIRECTION('',(0.,1.,0.));
#1763=DIRECTION('center_axis',(0.,-1.,0.));
#1764=DIRECTION('ref_axis',(-1.,0.,0.));
#1765=DIRECTION('center_axis',(0.,-1.,0.));
#1766=DIRECTION('ref_axis',(-1.,0.,0.));
#1767=DIRECTION('',(0.,1.,0.));
#1768=DIRECTION('center_axis',(0.,-1.,0.));
#1769=DIRECTION('ref_axis',(-1.,0.,0.));
#1770=DIRECTION('center_axis',(0.,-1.,0.));
#1771=DIRECTION('ref_axis',(-1.,0.,0.));
#1772=DIRECTION('',(0.,-1.,0.));
#1773=DIRECTION('center_axis',(0.,-1.,0.));
#1774=DIRECTION('ref_axis',(-1.,0.,0.));
#1775=DIRECTION('center_axis',(0.,-1.,0.));
#1776=DIRECTION('ref_axis',(-1.,0.,0.));
#1777=DIRECTION('center_axis',(0.,1.,0.));
#1778=DIRECTION('ref_axis',(0.,0.,1.));
#1779=DIRECTION('center_axis',(0.,1.,0.));
#1780=DIRECTION('ref_axis',(-1.,0.,0.));
#1781=DIRECTION('center_axis',(0.,1.,0.));
#1782=DIRECTION('ref_axis',(-1.,0.,0.));
#1783=DIRECTION('center_axis',(0.,1.,0.));
#1784=DIRECTION('ref_axis',(-1.,0.,0.));
#1785=DIRECTION('center_axis',(0.,1.,0.));
#1786=DIRECTION('ref_axis',(-1.,0.,0.));
#1787=DIRECTION('center_axis',(0.,1.,0.));
#1788=DIRECTION('ref_axis',(-1.,0.,0.));
#1789=DIRECTION('center_axis',(0.,1.,0.));
#1790=DIRECTION('ref_axis',(-1.,0.,0.));
#1791=DIRECTION('center_axis',(0.,1.,0.));
#1792=DIRECTION('ref_axis',(-1.,0.,0.));
#1793=DIRECTION('center_axis',(0.,1.,0.));
#1794=DIRECTION('ref_axis',(-1.,0.,0.));
#1795=DIRECTION('center_axis',(0.,1.,0.));
#1796=DIRECTION('ref_axis',(-1.,0.,0.));
#1797=DIRECTION('center_axis',(0.,1.,0.));
#1798=DIRECTION('ref_axis',(-1.,0.,0.));
#1799=CARTESIAN_POINT('',(0.,0.,0.));
#1800=CARTESIAN_POINT('Origin',(-62.5,0.,-37.5));
#1801=CARTESIAN_POINT('',(-60.75,10.5,-37.5));
#1802=CARTESIAN_POINT('Origin',(-62.5,10.5,-37.5));
#1803=CARTESIAN_POINT('',(-60.75,-3.,-37.5));
#1804=CARTESIAN_POINT('',(-60.75,0.,-37.5));
#1805=CARTESIAN_POINT('Origin',(-62.5,-3.,-37.5));
#1806=CARTESIAN_POINT('Origin',(-62.5,0.,37.5));
#1807=CARTESIAN_POINT('',(-60.75,10.5,37.5));
#1808=CARTESIAN_POINT('Origin',(-62.5,10.5,37.5));
#1809=CARTESIAN_POINT('',(-60.75,-3.,37.5));
#1810=CARTESIAN_POINT('',(-60.75,0.,37.5));
#1811=CARTESIAN_POINT('Origin',(-62.5,-3.,37.5));
#1812=CARTESIAN_POINT('Origin',(-37.5,0.,62.5));
#1813=CARTESIAN_POINT('',(-35.75,10.5,62.5));
#1814=CARTESIAN_POINT('Origin',(-37.5,10.5,62.5));
#1815=CARTESIAN_POINT('',(-35.75,-3.,62.5));
#1816=CARTESIAN_POINT('',(-35.75,0.,62.5));
#1817=CARTESIAN_POINT('Origin',(-37.5,-3.,62.5));
#1818=CARTESIAN_POINT('Origin',(37.5,0.,62.5));
#1819=CARTESIAN_POINT('',(39.25,10.5,62.5));
#1820=CARTESIAN_POINT('Origin',(37.5,10.5,62.5));
#1821=CARTESIAN_POINT('',(39.25,-3.,62.5));
#1822=CARTESIAN_POINT('',(39.25,0.,62.5));
#1823=CARTESIAN_POINT('Origin',(37.5,-3.,62.5));
#1824=CARTESIAN_POINT('Origin',(62.5,0.,37.5));
#1825=CARTESIAN_POINT('',(64.25,10.5,37.5));
#1826=CARTESIAN_POINT('Origin',(62.5,10.5,37.5));
#1827=CARTESIAN_POINT('',(64.25,-3.,37.5));
#1828=CARTESIAN_POINT('',(64.25,0.,37.5));
#1829=CARTESIAN_POINT('Origin',(62.5,-3.,37.5));
#1830=CARTESIAN_POINT('Origin',(62.5,0.,-37.5));
#1831=CARTESIAN_POINT('',(64.25,10.5,-37.5));
#1832=CARTESIAN_POINT('Origin',(62.5,10.5,-37.5));
#1833=CARTESIAN_POINT('',(64.25,-3.,-37.5));
#1834=CARTESIAN_POINT('',(64.25,0.,-37.5));
#1835=CARTESIAN_POINT('Origin',(62.5,-3.,-37.5));
#1836=CARTESIAN_POINT('Origin',(37.5,0.,-62.5));
#1837=CARTESIAN_POINT('',(39.25,10.5,-62.5));
#1838=CARTESIAN_POINT('Origin',(37.5,10.5,-62.5));
#1839=CARTESIAN_POINT('',(39.25,-3.,-62.5));
#1840=CARTESIAN_POINT('',(39.25,0.,-62.5));
#1841=CARTESIAN_POINT('Origin',(37.5,-3.,-62.5));
#1842=CARTESIAN_POINT('Origin',(-37.5,0.,-62.5));
#1843=CARTESIAN_POINT('',(-35.75,10.5,-62.5));
#1844=CARTESIAN_POINT('Origin',(-37.5,10.5,-62.5));
#1845=CARTESIAN_POINT('',(-35.75,-3.,-62.5));
#1846=CARTESIAN_POINT('',(-35.75,0.,-62.5));
#1847=CARTESIAN_POINT('Origin',(-37.5,-3.,-62.5));
#1848=CARTESIAN_POINT('Origin',(-47.6845528040923,0.,51.9271934912116));
#1849=CARTESIAN_POINT('',(-50.8692448544075,0.,55.1118855415267));
#1850=CARTESIAN_POINT('',(-47.6845528040923,0.,51.9271934912116));
#1851=CARTESIAN_POINT('',(-22.7816162302663,0.,27.0242569173856));
#1852=CARTESIAN_POINT('',(-50.8692448544075,10.5,55.1118855415267));
#1853=CARTESIAN_POINT('',(-50.8692448544075,0.,55.1118855415267));
#1854=CARTESIAN_POINT('',(-47.6845528040923,10.5,51.9271934912116));
#1855=CARTESIAN_POINT('',(-40.6586399182265,10.5,44.9012806053458));
#1856=CARTESIAN_POINT('',(-47.6845528040923,0.,51.9271934912116));
#1857=CARTESIAN_POINT('Origin',(0.,0.,0.));
#1858=CARTESIAN_POINT('',(-3.,0.,70.4361412912434));
#1859=CARTESIAN_POINT('Origin',(0.,0.,0.));
#1860=CARTESIAN_POINT('',(-3.,10.5,70.4361412912434));
#1861=CARTESIAN_POINT('Origin',(0.,10.5,0.));
#1862=CARTESIAN_POINT('',(-3.,0.,70.4361412912434));
#1863=CARTESIAN_POINT('Origin',(-3.,0.,74.9399759807808));
#1864=CARTESIAN_POINT('',(-3.00000000000001,0.,74.9399759807808));
#1865=CARTESIAN_POINT('',(-3.,0.,37.4699879903904));
#1866=CARTESIAN_POINT('',(-3.00000000000001,10.5,74.9399759807808));
#1867=CARTESIAN_POINT('',(-3.,10.5,80.5));
#1868=CARTESIAN_POINT('',(-3.00000000000001,0.,74.9399759807808));
#1869=CARTESIAN_POINT('Origin',(-26.9346224272037,10.5,63.4335847359962));
#1870=CARTESIAN_POINT('',(-41.4999024082662,10.5,62.4720585550403));
#1871=CARTESIAN_POINT('Origin',(0.,10.5,0.));
#1872=CARTESIAN_POINT('',(-35.5930387682044,10.5,66.0161767390774));
#1873=CARTESIAN_POINT('Origin',(-37.5,10.5,62.5));
#1874=CARTESIAN_POINT('Origin',(0.,10.5,0.));
#1875=CARTESIAN_POINT('Origin',(47.6845528040923,0.,-51.9271934912116));
#1876=CARTESIAN_POINT('',(50.8692448544075,0.,-55.1118855415267));
#1877=CARTESIAN_POINT('',(47.6845528040923,0.,-51.9271934912116));
#1878=CARTESIAN_POINT('',(22.7816162302663,0.,-27.0242569173856));
#1879=CARTESIAN_POINT('',(50.8692448544075,10.5,-55.1118855415267));
#1880=CARTESIAN_POINT('',(50.8692448544075,0.,-55.1118855415267));
#1881=CARTESIAN_POINT('',(47.6845528040923,10.5,-51.9271934912116));
#1882=CARTESIAN_POINT('',(40.6586399182265,10.5,-44.9012806053458));
#1883=CARTESIAN_POINT('',(47.6845528040923,0.,-51.9271934912116));
#1884=CARTESIAN_POINT('Origin',(0.,0.,0.));
#1885=CARTESIAN_POINT('',(3.00000000000001,0.,-70.4361412912434));
#1886=CARTESIAN_POINT('Origin',(0.,0.,0.));
#1887=CARTESIAN_POINT('',(3.00000000000001,10.5,-70.4361412912434));
#1888=CARTESIAN_POINT('Origin',(0.,10.5,0.));
#1889=CARTESIAN_POINT('',(3.00000000000001,0.,-70.4361412912434));
#1890=CARTESIAN_POINT('Origin',(3.00000000000001,0.,-74.9399759807808));
#1891=CARTESIAN_POINT('',(3.00000000000002,0.,-74.9399759807808));
#1892=CARTESIAN_POINT('',(3.,0.,-37.4699879903904));
#1893=CARTESIAN_POINT('',(3.00000000000002,10.5,-74.9399759807808));
#1894=CARTESIAN_POINT('',(3.00000000000002,10.5,-80.5));
#1895=CARTESIAN_POINT('',(3.00000000000002,0.,-74.9399759807808));
#1896=CARTESIAN_POINT('Origin',(26.9346224272037,10.5,-63.4335847359962));
#1897=CARTESIAN_POINT('',(41.4999024082662,10.5,-62.4720585550403));
#1898=CARTESIAN_POINT('Origin',(0.,10.5,0.));
#1899=CARTESIAN_POINT('',(35.5930387682044,10.5,-66.0161767390774));
#1900=CARTESIAN_POINT('Origin',(37.5,10.5,-62.5));
#1901=CARTESIAN_POINT('Origin',(0.,10.5,0.));
#1902=CARTESIAN_POINT('Origin',(-3.00000000000001,0.,-70.4361412912434));
#1903=CARTESIAN_POINT('',(-2.99999999999999,0.,-74.9399759807808));
#1904=CARTESIAN_POINT('',(-3.00000000000001,0.,-70.4361412912434));
#1905=CARTESIAN_POINT('',(-3.,0.,-35.2180706456217));
#1906=CARTESIAN_POINT('',(-2.99999999999999,10.5,-74.9399759807808));
#1907=CARTESIAN_POINT('',(-2.99999999999999,0.,-74.9399759807808));
#1908=CARTESIAN_POINT('',(-3.00000000000001,10.5,-70.4361412912434));
#1909=CARTESIAN_POINT('',(-3.00000000000001,10.5,-60.5));
#1910=CARTESIAN_POINT('',(-3.00000000000001,0.,-70.4361412912434));
#1911=CARTESIAN_POINT('Origin',(0.,0.,0.));
#1912=CARTESIAN_POINT('',(-47.6845528040923,0.,-51.9271934912116));
#1913=CARTESIAN_POINT('Origin',(0.,0.,0.));
#1914=CARTESIAN_POINT('',(-47.6845528040923,10.5,-51.9271934912116));
#1915=CARTESIAN_POINT('Origin',(0.,10.5,0.));
#1916=CARTESIAN_POINT('',(-47.6845528040923,0.,-51.9271934912116));
#1917=CARTESIAN_POINT('Origin',(-50.8692448544074,0.,-55.1118855415267));
#1918=CARTESIAN_POINT('',(-50.8692448544074,0.,-55.1118855415267));
#1919=CARTESIAN_POINT('',(-24.3739622554239,0.,-28.6166029425432));
#1920=CARTESIAN_POINT('',(-50.8692448544074,10.5,-55.1118855415267));
#1921=CARTESIAN_POINT('',(-54.8007755419575,10.5,-59.0434162290768));
#1922=CARTESIAN_POINT('',(-50.8692448544074,0.,-55.1118855415267));
#1923=CARTESIAN_POINT('Origin',(-26.9346224272037,10.5,-63.4335847359962));
#1924=CARTESIAN_POINT('',(-35.5930387682044,10.5,-66.0161767390774));
#1925=CARTESIAN_POINT('Origin',(0.,10.5,0.));
#1926=CARTESIAN_POINT('',(-41.4999024082662,10.5,-62.4720585550403));
#1927=CARTESIAN_POINT('Origin',(-37.5,10.5,-62.5));
#1928=CARTESIAN_POINT('Origin',(0.,10.5,0.));
#1929=CARTESIAN_POINT('Origin',(3.,0.,70.4361412912434));
#1930=CARTESIAN_POINT('',(3.,0.,74.9399759807808));
#1931=CARTESIAN_POINT('',(3.,0.,70.4361412912434));
#1932=CARTESIAN_POINT('',(3.,0.,35.2180706456217));
#1933=CARTESIAN_POINT('',(3.,10.5,74.9399759807808));
#1934=CARTESIAN_POINT('',(3.,0.,74.9399759807808));
#1935=CARTESIAN_POINT('',(3.,10.5,70.4361412912434));
#1936=CARTESIAN_POINT('',(3.,10.5,60.5));
#1937=CARTESIAN_POINT('',(3.,0.,70.4361412912434));
#1938=CARTESIAN_POINT('Origin',(0.,0.,0.));
#1939=CARTESIAN_POINT('',(47.6845528040923,0.,51.9271934912116));
#1940=CARTESIAN_POINT('Origin',(0.,0.,0.));
#1941=CARTESIAN_POINT('',(47.6845528040923,10.5,51.9271934912116));
#1942=CARTESIAN_POINT('Origin',(0.,10.5,0.));
#1943=CARTESIAN_POINT('',(47.6845528040923,0.,51.9271934912116));
#1944=CARTESIAN_POINT('Origin',(50.8692448544074,0.,55.1118855415267));
#1945=CARTESIAN_POINT('',(50.8692448544075,0.,55.1118855415267));
#1946=CARTESIAN_POINT('',(24.3739622554239,0.,28.6166029425432));
#1947=CARTESIAN_POINT('',(50.8692448544075,10.5,55.1118855415267));
#1948=CARTESIAN_POINT('',(54.8007755419574,10.5,59.0434162290767));
#1949=CARTESIAN_POINT('',(50.8692448544075,0.,55.1118855415267));
#1950=CARTESIAN_POINT('Origin',(26.9346224272037,10.5,63.4335847359962));
#1951=CARTESIAN_POINT('',(35.5930387682044,10.5,66.0161767390774));
#1952=CARTESIAN_POINT('Origin',(0.,10.5,0.));
#1953=CARTESIAN_POINT('',(41.4999024082662,10.5,62.4720585550403));
#1954=CARTESIAN_POINT('Origin',(37.5,10.5,62.5));
#1955=CARTESIAN_POINT('Origin',(0.,10.5,0.));
#1956=CARTESIAN_POINT('Origin',(-70.4361412912434,0.,3.00000000000001));
#1957=CARTESIAN_POINT('',(-74.9399759807808,0.,2.99999999999999));
#1958=CARTESIAN_POINT('',(-70.4361412912434,0.,3.00000000000001));
#1959=CARTESIAN_POINT('',(-35.2180706456217,0.,3.00000000000001));
#1960=CARTESIAN_POINT('',(-74.9399759807808,10.5,2.99999999999999));
#1961=CARTESIAN_POINT('',(-74.9399759807808,0.,2.99999999999999));
#1962=CARTESIAN_POINT('',(-70.4361412912434,10.5,3.00000000000002));
#1963=CARTESIAN_POINT('',(-60.5000000000001,10.5,3.00000000000001));
#1964=CARTESIAN_POINT('',(-70.4361412912434,0.,3.00000000000001));
#1965=CARTESIAN_POINT('Origin',(0.,0.,0.));
#1966=CARTESIAN_POINT('',(-51.9271934912116,0.,47.6845528040923));
#1967=CARTESIAN_POINT('Origin',(0.,0.,0.));
#1968=CARTESIAN_POINT('',(-51.9271934912116,10.5,47.6845528040923));
#1969=CARTESIAN_POINT('Origin',(0.,10.5,0.));
#1970=CARTESIAN_POINT('',(-51.9271934912116,0.,47.6845528040923));
#1971=CARTESIAN_POINT('Origin',(-55.1118855415267,0.,50.8692448544074));
#1972=CARTESIAN_POINT('',(-55.1118855415267,0.,50.8692448544074));
#1973=CARTESIAN_POINT('',(-28.6166029425432,0.,24.3739622554239));
#1974=CARTESIAN_POINT('',(-55.1118855415267,10.5,50.8692448544074));
#1975=CARTESIAN_POINT('',(-59.0434162290767,10.5,54.8007755419574));
#1976=CARTESIAN_POINT('',(-55.1118855415267,0.,50.8692448544074));
#1977=CARTESIAN_POINT('Origin',(-63.4335847359962,10.5,26.9346224272037));
#1978=CARTESIAN_POINT('',(-66.0161767390774,10.5,35.5930387682044));
#1979=CARTESIAN_POINT('Origin',(0.,10.5,0.));
#1980=CARTESIAN_POINT('',(-62.4720585550403,10.5,41.4999024082662));
#1981=CARTESIAN_POINT('Origin',(-62.5,10.5,37.5));
#1982=CARTESIAN_POINT('Origin',(0.,10.5,0.));
#1983=CARTESIAN_POINT('Origin',(70.4361412912434,0.,-3.00000000000001));
#1984=CARTESIAN_POINT('',(74.9399759807808,0.,-3.));
#1985=CARTESIAN_POINT('',(70.4361412912434,0.,-3.00000000000001));
#1986=CARTESIAN_POINT('',(35.2180706456217,0.,-3.));
#1987=CARTESIAN_POINT('',(74.9399759807808,10.5,-3.));
#1988=CARTESIAN_POINT('',(74.9399759807808,0.,-3.));
#1989=CARTESIAN_POINT('',(70.4361412912434,10.5,-3.00000000000001));
#1990=CARTESIAN_POINT('',(60.5,10.5,-3.00000000000001));
#1991=CARTESIAN_POINT('',(70.4361412912434,0.,-3.00000000000001));
#1992=CARTESIAN_POINT('Origin',(0.,0.,0.));
#1993=CARTESIAN_POINT('',(51.9271934912116,0.,-47.6845528040923));
#1994=CARTESIAN_POINT('Origin',(0.,0.,0.));
#1995=CARTESIAN_POINT('',(51.9271934912116,10.5,-47.6845528040923));
#1996=CARTESIAN_POINT('Origin',(0.,10.5,0.));
#1997=CARTESIAN_POINT('',(51.9271934912116,0.,-47.6845528040923));
#1998=CARTESIAN_POINT('Origin',(55.1118855415267,0.,-50.8692448544074));
#1999=CARTESIAN_POINT('',(55.1118855415267,0.,-50.8692448544074));
#2000=CARTESIAN_POINT('',(28.6166029425432,0.,-24.3739622554239));
#2001=CARTESIAN_POINT('',(55.1118855415267,10.5,-50.8692448544074));
#2002=CARTESIAN_POINT('',(59.0434162290768,10.5,-54.8007755419574));
#2003=CARTESIAN_POINT('',(55.1118855415267,0.,-50.8692448544074));
#2004=CARTESIAN_POINT('Origin',(63.4335847359962,10.5,-26.9346224272037));
#2005=CARTESIAN_POINT('',(66.0161767390774,10.5,-35.5930387682044));
#2006=CARTESIAN_POINT('Origin',(0.,10.5,0.));
#2007=CARTESIAN_POINT('',(62.4720585550403,10.5,-41.4999024082662));
#2008=CARTESIAN_POINT('Origin',(62.5,10.5,-37.5));
#2009=CARTESIAN_POINT('Origin',(0.,10.5,0.));
#2010=CARTESIAN_POINT('Origin',(-51.9271934912116,0.,-47.6845528040923));
#2011=CARTESIAN_POINT('',(-55.1118855415267,0.,-50.8692448544075));
#2012=CARTESIAN_POINT('',(-51.9271934912116,0.,-47.6845528040923));
#2013=CARTESIAN_POINT('',(-27.0242569173856,0.,-22.7816162302663));
#2014=CARTESIAN_POINT('',(-55.1118855415267,10.5,-50.8692448544075));
#2015=CARTESIAN_POINT('',(-55.1118855415267,0.,-50.8692448544075));
#2016=CARTESIAN_POINT('',(-51.9271934912116,10.5,-47.6845528040923));
#2017=CARTESIAN_POINT('',(-44.9012806053458,10.5,-40.6586399182265));
#2018=CARTESIAN_POINT('',(-51.9271934912116,0.,-47.6845528040923));
#2019=CARTESIAN_POINT('Origin',(0.,0.,0.));
#2020=CARTESIAN_POINT('',(-70.4361412912434,0.,-3.00000000000001));
#2021=CARTESIAN_POINT('Origin',(0.,0.,0.));
#2022=CARTESIAN_POINT('',(-70.4361412912434,10.5,-3.00000000000001));
#2023=CARTESIAN_POINT('Origin',(0.,10.5,0.));
#2024=CARTESIAN_POINT('',(-70.4361412912434,0.,-3.00000000000001));
#2025=CARTESIAN_POINT('Origin',(-74.9399759807808,0.,-3.00000000000001));
#2026=CARTESIAN_POINT('',(-74.9399759807808,0.,-3.00000000000001));
#2027=CARTESIAN_POINT('',(-37.4699879903904,0.,-3.));
#2028=CARTESIAN_POINT('',(-74.9399759807808,10.5,-3.00000000000001));
#2029=CARTESIAN_POINT('',(-80.5,10.5,-3.00000000000002));
#2030=CARTESIAN_POINT('',(-74.9399759807808,0.,-3.00000000000001));
#2031=CARTESIAN_POINT('Origin',(-63.4335847359962,10.5,-26.9346224272037));
#2032=CARTESIAN_POINT('',(-62.4720585550403,10.5,-41.4999024082662));
#2033=CARTESIAN_POINT('Origin',(0.,10.5,0.));
#2034=CARTESIAN_POINT('',(-66.0161767390774,10.5,-35.5930387682044));
#2035=CARTESIAN_POINT('Origin',(-62.5,10.5,-37.5));
#2036=CARTESIAN_POINT('Origin',(0.,10.5,0.));
#2037=CARTESIAN_POINT('Origin',(51.9271934912116,0.,47.6845528040923));
#2038=CARTESIAN_POINT('',(55.1118855415267,0.,50.8692448544074));
#2039=CARTESIAN_POINT('',(51.9271934912116,0.,47.6845528040923));
#2040=CARTESIAN_POINT('',(27.0242569173856,0.,22.7816162302663));
#2041=CARTESIAN_POINT('',(55.1118855415267,10.5,50.8692448544074));
#2042=CARTESIAN_POINT('',(55.1118855415267,0.,50.8692448544074));
#2043=CARTESIAN_POINT('',(51.9271934912116,10.5,47.6845528040923));
#2044=CARTESIAN_POINT('',(44.9012806053458,10.5,40.6586399182265));
#2045=CARTESIAN_POINT('',(51.9271934912116,0.,47.6845528040923));
#2046=CARTESIAN_POINT('Origin',(0.,0.,0.));
#2047=CARTESIAN_POINT('',(70.4361412912434,0.,3.00000000000001));
#2048=CARTESIAN_POINT('Origin',(0.,0.,0.));
#2049=CARTESIAN_POINT('',(70.4361412912434,10.5,3.00000000000001));
#2050=CARTESIAN_POINT('Origin',(0.,10.5,0.));
#2051=CARTESIAN_POINT('',(70.4361412912434,0.,3.00000000000001));
#2052=CARTESIAN_POINT('Origin',(74.9399759807808,0.,3.00000000000001));
#2053=CARTESIAN_POINT('',(74.9399759807808,0.,3.));
#2054=CARTESIAN_POINT('',(37.4699879903904,0.,3.));
#2055=CARTESIAN_POINT('',(74.9399759807808,10.5,3.));
#2056=CARTESIAN_POINT('',(80.5,10.5,3.00000000000001));
#2057=CARTESIAN_POINT('',(74.9399759807808,0.,3.));
#2058=CARTESIAN_POINT('Origin',(63.4335847359962,10.5,26.9346224272037));
#2059=CARTESIAN_POINT('',(66.0161767390774,10.5,35.5930387682044));
#2060=CARTESIAN_POINT('Origin',(0.,10.5,0.));
#2061=CARTESIAN_POINT('',(62.4720585550403,10.5,41.4999024082662));
#2062=CARTESIAN_POINT('Origin',(0.,10.5,0.));
#2063=CARTESIAN_POINT('Origin',(62.5,10.5,37.5));
#2064=CARTESIAN_POINT('Origin',(0.,0.,0.));
#2065=CARTESIAN_POINT('Origin',(0.,0.,0.));
#2066=CARTESIAN_POINT('Origin',(0.,0.,0.));
#2067=CARTESIAN_POINT('Origin',(0.,0.,0.));
#2068=CARTESIAN_POINT('Origin',(0.,0.,0.));
#2069=CARTESIAN_POINT('Origin',(0.,0.,0.));
#2070=CARTESIAN_POINT('Origin',(0.,0.,0.));
#2071=CARTESIAN_POINT('Origin',(0.,0.,0.));
#2072=CARTESIAN_POINT('Origin',(0.,0.,0.));
#2073=CARTESIAN_POINT('Origin',(-62.5,0.,37.5));
#2074=CARTESIAN_POINT('',(-66.0161767390774,-3.,35.5930387682044));
#2075=CARTESIAN_POINT('',(-66.0161767390774,0.,35.5930387682044));
#2076=CARTESIAN_POINT('',(-62.4720585550403,-3.,41.4999024082662));
#2077=CARTESIAN_POINT('Origin',(-62.5,-3.,37.5));
#2078=CARTESIAN_POINT('',(-62.4720585550403,0.,41.4999024082662));
#2079=CARTESIAN_POINT('Origin',(0.,0.,0.));
#2080=CARTESIAN_POINT('',(-41.4999024082662,-3.,62.4720585550403));
#2081=CARTESIAN_POINT('Origin',(0.,-3.,0.));
#2082=CARTESIAN_POINT('',(-41.4999024082662,0.,62.4720585550403));
#2083=CARTESIAN_POINT('Origin',(-37.5,0.,62.5));
#2084=CARTESIAN_POINT('',(-35.5930387682044,-3.,66.0161767390774));
#2085=CARTESIAN_POINT('Origin',(-37.5,-3.,62.5));
#2086=CARTESIAN_POINT('',(-35.5930387682044,0.,66.0161767390774));
#2087=CARTESIAN_POINT('Origin',(0.,0.,0.));
#2088=CARTESIAN_POINT('',(35.5930387682044,-3.,66.0161767390773));
#2089=CARTESIAN_POINT('Origin',(0.,-3.,0.));
#2090=CARTESIAN_POINT('',(35.5930387682044,0.,66.0161767390774));
#2091=CARTESIAN_POINT('Origin',(37.5,0.,62.5));
#2092=CARTESIAN_POINT('',(41.4999024082662,-3.,62.4720585550403));
#2093=CARTESIAN_POINT('Origin',(37.5,-3.,62.5));
#2094=CARTESIAN_POINT('',(41.4999024082662,0.,62.4720585550403));
#2095=CARTESIAN_POINT('Origin',(0.,0.,0.));
#2096=CARTESIAN_POINT('',(62.4720585550403,-3.,41.4999024082662));
#2097=CARTESIAN_POINT('Origin',(0.,-3.,0.));
#2098=CARTESIAN_POINT('',(62.4720585550403,0.,41.4999024082662));
#2099=CARTESIAN_POINT('Origin',(62.5,0.,37.5));
#2100=CARTESIAN_POINT('',(66.0161767390774,-3.,35.5930387682044));
#2101=CARTESIAN_POINT('Origin',(62.5,-3.,37.5));
#2102=CARTESIAN_POINT('',(66.0161767390774,0.,35.5930387682044));
#2103=CARTESIAN_POINT('Origin',(0.,0.,0.));
#2104=CARTESIAN_POINT('',(66.0161767390774,-3.,-35.5930387682044));
#2105=CARTESIAN_POINT('Origin',(0.,-3.,0.));
#2106=CARTESIAN_POINT('',(66.0161767390774,0.,-35.5930387682044));
#2107=CARTESIAN_POINT('Origin',(62.5,0.,-37.5));
#2108=CARTESIAN_POINT('',(62.4720585550403,-3.,-41.4999024082662));
#2109=CARTESIAN_POINT('Origin',(62.5,-3.,-37.5));
#2110=CARTESIAN_POINT('',(62.4720585550403,0.,-41.4999024082662));
#2111=CARTESIAN_POINT('Origin',(0.,0.,0.));
#2112=CARTESIAN_POINT('',(41.4999024082662,-3.,-62.4720585550403));
#2113=CARTESIAN_POINT('Origin',(0.,-3.,0.));
#2114=CARTESIAN_POINT('',(41.4999024082662,0.,-62.4720585550403));
#2115=CARTESIAN_POINT('Origin',(37.5,0.,-62.5));
#2116=CARTESIAN_POINT('',(35.5930387682044,-3.,-66.0161767390774));
#2117=CARTESIAN_POINT('Origin',(37.5,-3.,-62.5));
#2118=CARTESIAN_POINT('',(35.5930387682044,0.,-66.0161767390774));
#2119=CARTESIAN_POINT('Origin',(0.,0.,0.));
#2120=CARTESIAN_POINT('',(-35.5930387682044,-3.,-66.0161767390774));
#2121=CARTESIAN_POINT('Origin',(0.,-3.,0.));
#2122=CARTESIAN_POINT('',(-35.5930387682044,0.,-66.0161767390774));
#2123=CARTESIAN_POINT('Origin',(-37.5,0.,-62.5));
#2124=CARTESIAN_POINT('',(-41.4999024082662,-3.,-62.4720585550403));
#2125=CARTESIAN_POINT('Origin',(-37.5,-3.,-62.5));
#2126=CARTESIAN_POINT('',(-41.4999024082662,0.,-62.4720585550403));
#2127=CARTESIAN_POINT('Origin',(0.,0.,0.));
#2128=CARTESIAN_POINT('',(-62.4720585550403,-3.,-41.4999024082662));
#2129=CARTESIAN_POINT('Origin',(0.,-3.,0.));
#2130=CARTESIAN_POINT('',(-62.4720585550403,0.,-41.4999024082662));
#2131=CARTESIAN_POINT('Origin',(-62.5,0.,-37.5));
#2132=CARTESIAN_POINT('',(-66.0161767390774,-3.,-35.5930387682044));
#2133=CARTESIAN_POINT('Origin',(-62.5,-3.,-37.5));
#2134=CARTESIAN_POINT('',(-66.0161767390774,0.,-35.5930387682044));
#2135=CARTESIAN_POINT('Origin',(0.,0.,0.));
#2136=CARTESIAN_POINT('Origin',(0.,-3.,0.));
#2137=CARTESIAN_POINT('Origin',(0.,-3.,0.));
#2138=CARTESIAN_POINT('polyline point',(0.,0.,-112.7));
#2139=CARTESIAN_POINT('polyline point',(0.,0.,112.7));
#2140=CARTESIAN_POINT('polyline point',(-112.7,0.,0.));
#2141=CARTESIAN_POINT('polyline point',(112.7,0.,0.));
#2142=CARTESIAN_POINT('Origin',(0.,0.,0.));
#2143=CARTESIAN_POINT('Origin',(0.,0.,0.));
#2144=CARTESIAN_POINT('polyline point',(-3.,0.,80.5));
#2145=CARTESIAN_POINT('polyline point',(3.,0.,80.5));
#2146=CARTESIAN_POINT('polyline point',(3.,0.,80.5));
#2147=CARTESIAN_POINT('polyline point',(3.,0.,60.5));
#2148=CARTESIAN_POINT('polyline point',(3.,0.,60.5));
#2149=CARTESIAN_POINT('polyline point',(-3.,0.,60.5));
#2150=CARTESIAN_POINT('polyline point',(-3.,0.,60.5));
#2151=CARTESIAN_POINT('polyline point',(-3.,0.,80.5));
#2152=CARTESIAN_POINT('polyline point',(40.6586399182265,0.,44.9012806053458));
#2153=CARTESIAN_POINT('polyline point',(54.8007755419574,0.,59.0434162290767));
#2154=CARTESIAN_POINT('polyline point',(54.8007755419574,0.,59.0434162290767));
#2155=CARTESIAN_POINT('polyline point',(59.0434162290767,0.,54.8007755419574));
#2156=CARTESIAN_POINT('polyline point',(59.0434162290767,0.,54.8007755419574));
#2157=CARTESIAN_POINT('polyline point',(44.9012806053458,0.,40.6586399182265));
#2158=CARTESIAN_POINT('polyline point',(44.9012806053458,0.,40.6586399182265));
#2159=CARTESIAN_POINT('polyline point',(40.6586399182265,0.,44.9012806053458));
#2160=CARTESIAN_POINT('polyline point',(60.5,0.,3.00000000000001));
#2161=CARTESIAN_POINT('polyline point',(80.5,0.,3.00000000000001));
#2162=CARTESIAN_POINT('polyline point',(80.5,0.,3.00000000000001));
#2163=CARTESIAN_POINT('polyline point',(80.5,0.,-3.00000000000001));
#2164=CARTESIAN_POINT('polyline point',(80.5,0.,-3.00000000000001));
#2165=CARTESIAN_POINT('polyline point',(60.5,0.,-3.00000000000001));
#2166=CARTESIAN_POINT('polyline point',(60.5,0.,-3.00000000000001));
#2167=CARTESIAN_POINT('polyline point',(60.5,0.,3.00000000000001));
#2168=CARTESIAN_POINT('polyline point',(44.9012806053458,0.,-40.6586399182265));
#2169=CARTESIAN_POINT('polyline point',(59.0434162290768,0.,-54.8007755419574));
#2170=CARTESIAN_POINT('polyline point',(59.0434162290768,0.,-54.8007755419574));
#2171=CARTESIAN_POINT('polyline point',(54.8007755419574,0.,-59.0434162290767));
#2172=CARTESIAN_POINT('polyline point',(54.8007755419574,0.,-59.0434162290767));
#2173=CARTESIAN_POINT('polyline point',(40.6586399182265,0.,-44.9012806053458));
#2174=CARTESIAN_POINT('polyline point',(40.6586399182265,0.,-44.9012806053458));
#2175=CARTESIAN_POINT('polyline point',(44.9012806053458,0.,-40.6586399182265));
#2176=CARTESIAN_POINT('polyline point',(3.00000000000001,0.,-60.5));
#2177=CARTESIAN_POINT('polyline point',(3.00000000000002,0.,-80.5));
#2178=CARTESIAN_POINT('polyline point',(3.00000000000002,0.,-80.5));
#2179=CARTESIAN_POINT('polyline point',(-3.00000000000001,0.,-80.5));
#2180=CARTESIAN_POINT('polyline point',(-3.00000000000001,0.,-80.5));
#2181=CARTESIAN_POINT('polyline point',(-3.00000000000001,0.,-60.5));
#2182=CARTESIAN_POINT('polyline point',(-3.00000000000001,0.,-60.5));
#2183=CARTESIAN_POINT('polyline point',(3.00000000000001,0.,-60.5));
#2184=CARTESIAN_POINT('polyline point',(-40.6586399182265,0.,-44.9012806053458));
#2185=CARTESIAN_POINT('polyline point',(-54.8007755419575,0.,-59.0434162290768));
#2186=CARTESIAN_POINT('polyline point',(-54.8007755419575,0.,-59.0434162290768));
#2187=CARTESIAN_POINT('polyline point',(-59.0434162290768,0.,-54.8007755419574));
#2188=CARTESIAN_POINT('polyline point',(-59.0434162290768,0.,-54.8007755419574));
#2189=CARTESIAN_POINT('polyline point',(-44.9012806053458,0.,-40.6586399182265));
#2190=CARTESIAN_POINT('polyline point',(-44.9012806053458,0.,-40.6586399182265));
#2191=CARTESIAN_POINT('polyline point',(-40.6586399182265,0.,-44.9012806053458));
#2192=CARTESIAN_POINT('polyline point',(-60.5,0.,-3.00000000000001));
#2193=CARTESIAN_POINT('polyline point',(-80.5,0.,-3.00000000000002));
#2194=CARTESIAN_POINT('polyline point',(-80.5,0.,-3.00000000000002));
#2195=CARTESIAN_POINT('polyline point',(-80.5,0.,3.00000000000001));
#2196=CARTESIAN_POINT('polyline point',(-80.5,0.,3.00000000000001));
#2197=CARTESIAN_POINT('polyline point',(-60.5000000000001,0.,3.00000000000001));
#2198=CARTESIAN_POINT('polyline point',(-60.5000000000001,0.,3.00000000000001));
#2199=CARTESIAN_POINT('polyline point',(-60.5,0.,-3.00000000000001));
#2200=CARTESIAN_POINT('polyline point',(-44.9012806053458,0.,40.6586399182265));
#2201=CARTESIAN_POINT('polyline point',(-59.0434162290767,0.,54.8007755419574));
#2202=CARTESIAN_POINT('polyline point',(-59.0434162290767,0.,54.8007755419574));
#2203=CARTESIAN_POINT('polyline point',(-54.8007755419574,0.,59.0434162290767));
#2204=CARTESIAN_POINT('polyline point',(-54.8007755419574,0.,59.0434162290767));
#2205=CARTESIAN_POINT('polyline point',(-40.6586399182265,0.,44.9012806053458));
#2206=CARTESIAN_POINT('polyline point',(-40.6586399182265,0.,44.9012806053458));
#2207=CARTESIAN_POINT('polyline point',(-44.9012806053458,0.,40.6586399182265));
#2208=CARTESIAN_POINT('Origin',(62.5,0.,-37.5));
#2209=CARTESIAN_POINT('Origin',(62.5,0.,37.5));
#2210=CARTESIAN_POINT('Origin',(37.5,0.,62.5));
#2211=CARTESIAN_POINT('Origin',(-37.5,0.,62.5));
#2212=CARTESIAN_POINT('Origin',(-62.5,0.,37.5));
#2213=CARTESIAN_POINT('Origin',(-62.5,0.,-37.5));
#2214=CARTESIAN_POINT('Origin',(-37.5,0.,-62.5));
#2215=CARTESIAN_POINT('Origin',(37.5,0.,-62.5));
#2216=CARTESIAN_POINT('',(-55.1118855415267,0.,50.8692448544074));
#2217=CARTESIAN_POINT('',(-51.9271934912116,0.,47.6845528040923));
#2218=CARTESIAN_POINT('',(-70.4361412912434,0.,3.00000000000001));
#2219=CARTESIAN_POINT('',(-74.9399759807808,0.,2.99999999999999));
#2220=CARTESIAN_POINT('',(-47.6845528040923,0.,51.9271934912116));
#2221=CARTESIAN_POINT('',(-50.8692448544075,0.,55.1118855415267));
#2222=CARTESIAN_POINT('',(-3.00000000000001,0.,74.9399759807808));
#2223=CARTESIAN_POINT('',(-3.,0.,70.4361412912434));
#2224=CARTESIAN_POINT('',(50.8692448544075,0.,55.1118855415267));
#2225=CARTESIAN_POINT('',(47.6845528040923,0.,51.9271934912116));
#2226=CARTESIAN_POINT('',(3.,0.,70.4361412912434));
#2227=CARTESIAN_POINT('',(3.,0.,74.9399759807808));
#2228=CARTESIAN_POINT('',(74.9399759807808,0.,3.));
#2229=CARTESIAN_POINT('',(70.4361412912434,0.,3.00000000000001));
#2230=CARTESIAN_POINT('',(51.9271934912116,0.,47.6845528040923));
#2231=CARTESIAN_POINT('',(55.1118855415267,0.,50.8692448544074));
#2232=CARTESIAN_POINT('',(55.1118855415267,0.,-50.8692448544074));
#2233=CARTESIAN_POINT('',(51.9271934912116,0.,-47.6845528040923));
#2234=CARTESIAN_POINT('',(70.4361412912434,0.,-3.00000000000001));
#2235=CARTESIAN_POINT('',(74.9399759807808,0.,-3.));
#2236=CARTESIAN_POINT('',(3.00000000000002,0.,-74.9399759807808));
#2237=CARTESIAN_POINT('',(3.00000000000001,0.,-70.4361412912434));
#2238=CARTESIAN_POINT('',(47.6845528040923,0.,-51.9271934912116));
#2239=CARTESIAN_POINT('',(50.8692448544075,0.,-55.1118855415267));
#2240=CARTESIAN_POINT('',(-50.8692448544074,0.,-55.1118855415267));
#2241=CARTESIAN_POINT('',(-47.6845528040923,0.,-51.9271934912116));
#2242=CARTESIAN_POINT('',(-3.00000000000001,0.,-70.4361412912434));
#2243=CARTESIAN_POINT('',(-2.99999999999999,0.,-74.9399759807808));
#2244=CARTESIAN_POINT('',(-74.9399759807808,0.,-3.00000000000001));
#2245=CARTESIAN_POINT('',(-70.4361412912434,0.,-3.00000000000001));
#2246=CARTESIAN_POINT('',(-51.9271934912116,0.,-47.6845528040923));
#2247=CARTESIAN_POINT('',(-55.1118855415267,0.,-50.8692448544075));
#2248=CARTESIAN_POINT('',(-62.5,0.,-37.5));
#2249=CARTESIAN_POINT('',(-37.5,0.,-62.5));
#2250=CARTESIAN_POINT('',(37.5,0.,-62.5));
#2251=CARTESIAN_POINT('',(62.5,0.,-37.5));
#2252=CARTESIAN_POINT('',(62.5,0.,37.5));
#2253=CARTESIAN_POINT('',(37.5,0.,62.5));
#2254=CARTESIAN_POINT('',(-37.5,0.,62.5));
#2255=CARTESIAN_POINT('',(-62.5,0.,37.5));
#2256=CARTESIAN_POINT('',(62.4720585550403,0.,-41.4999024082662));
#2257=CARTESIAN_POINT('',(66.0161767390774,0.,-35.5930387682044));
#2258=CARTESIAN_POINT('',(35.5930387682044,0.,-66.0161767390774));
#2259=CARTESIAN_POINT('',(41.4999024082662,0.,-62.4720585550403));
#2260=CARTESIAN_POINT('',(-41.4999024082662,0.,-62.4720585550403));
#2261=CARTESIAN_POINT('',(-35.5930387682044,0.,-66.0161767390774));
#2262=CARTESIAN_POINT('',(-66.0161767390774,0.,-35.5930387682044));
#2263=CARTESIAN_POINT('',(-62.4720585550403,0.,-41.4999024082662));
#2264=CARTESIAN_POINT('',(-62.4720585550403,0.,41.4999024082662));
#2265=CARTESIAN_POINT('',(-66.0161767390774,0.,35.5930387682044));
#2266=CARTESIAN_POINT('',(-35.5930387682044,0.,66.0161767390774));
#2267=CARTESIAN_POINT('',(-41.4999024082662,0.,62.4720585550403));
#2268=CARTESIAN_POINT('',(41.4999024082662,0.,62.4720585550403));
#2269=CARTESIAN_POINT('',(35.5930387682044,0.,66.0161767390774));
#2270=CARTESIAN_POINT('',(62.4720585550403,0.,41.4999024082662));
#2271=CARTESIAN_POINT('',(66.0161767390774,0.,35.5930387682044));
#2272=UNCERTAINTY_MEASURE_WITH_UNIT(LENGTH_MEASURE(0.01),#2276,
'DISTANCE_ACCURACY_VALUE',
'Maximum model space distance between geometric entities at asserted c
onnectivities');
#2273=UNCERTAINTY_MEASURE_WITH_UNIT(LENGTH_MEASURE(0.01),#2276,
'DISTANCE_ACCURACY_VALUE',
'Maximum model space distance between geometric entities at asserted c
onnectivities');
#2274=(
GEOMETRIC_REPRESENTATION_CONTEXT(3)
GLOBAL_UNCERTAINTY_ASSIGNED_CONTEXT((#2272))
GLOBAL_UNIT_ASSIGNED_CONTEXT((#2276,#2278,#2279))
REPRESENTATION_CONTEXT('','3D')
);
#2275=(
GEOMETRIC_REPRESENTATION_CONTEXT(3)
GLOBAL_UNCERTAINTY_ASSIGNED_CONTEXT((#2273))
GLOBAL_UNIT_ASSIGNED_CONTEXT((#2276,#2278,#2279))
REPRESENTATION_CONTEXT('','3D')
);
#2276=(
LENGTH_UNIT()
NAMED_UNIT(*)
SI_UNIT(.MILLI.,.METRE.)
);
#2277=(
LENGTH_UNIT()
NAMED_UNIT(*)
SI_UNIT(.CENTI.,.METRE.)
);
#2278=(
NAMED_UNIT(*)
PLANE_ANGLE_UNIT()
SI_UNIT($,.RADIAN.)
);
#2279=(
NAMED_UNIT(*)
SI_UNIT($,.STERADIAN.)
SOLID_ANGLE_UNIT()
);
#2280=SHAPE_DEFINITION_REPRESENTATION(#2281,#2282);
#2281=PRODUCT_DEFINITION_SHAPE('',$,#2284);
#2282=SHAPE_REPRESENTATION('',(#1264),#2274);
#2283=PRODUCT_DEFINITION_CONTEXT('part definition',#2288,'design');
#2284=PRODUCT_DEFINITION('board_holder','board_holder',#2285,#2283);
#2285=PRODUCT_DEFINITION_FORMATION('',$,#2290);
#2286=PRODUCT_RELATED_PRODUCT_CATEGORY('board_holder','board_holder',(#2290));
#2287=APPLICATION_PROTOCOL_DEFINITION('international standard',
'automotive_design',2009,#2288);
#2288=APPLICATION_CONTEXT(
'Core Data for Automotive Mechanical Design Process');
#2289=PRODUCT_CONTEXT('part definition',#2288,'mechanical');
#2290=PRODUCT('board_holder','board_holder',$,(#2289));
#2291=PRESENTATION_STYLE_ASSIGNMENT((#2294));
#2292=PRESENTATION_STYLE_ASSIGNMENT((#2295));
#2293=PRESENTATION_STYLE_ASSIGNMENT((#2296));
#2294=SURFACE_STYLE_USAGE(.BOTH.,#2299);
#2295=SURFACE_STYLE_USAGE(.BOTH.,#2300);
#2296=SURFACE_STYLE_USAGE(.BOTH.,#2301);
#2297=SURFACE_STYLE_RENDERING_WITH_PROPERTIES($,#2311,(#2298));
#2298=SURFACE_STYLE_TRANSPARENT(0.);
#2299=SURFACE_SIDE_STYLE('',(#2302,#2297));
#2300=SURFACE_SIDE_STYLE('',(#2303));
#2301=SURFACE_SIDE_STYLE('',(#2304));
#2302=SURFACE_STYLE_FILL_AREA(#2305);
#2303=SURFACE_STYLE_FILL_AREA(#2306);
#2304=SURFACE_STYLE_FILL_AREA(#2307);
#2305=FILL_AREA_STYLE('',(#2308));
#2306=FILL_AREA_STYLE('',(#2309));
#2307=FILL_AREA_STYLE('',(#2310));
#2308=FILL_AREA_STYLE_COLOUR('',#2311);
#2309=FILL_AREA_STYLE_COLOUR('',#2312);
#2310=FILL_AREA_STYLE_COLOUR('',#2313);
#2311=COLOUR_RGB('',0.749019607843137,0.749019607843137,0.749019607843137);
#2312=COLOUR_RGB('',0.,0.,0.);
#2313=COLOUR_RGB('',1.,1.,0.);
ENDSEC;
END-ISO-10303-21;
