ISO-10303-21;
HEADER;
/* Generated by software containing ST-Developer
 * from STEP Tools, Inc. (www.steptools.com) 
 */

FILE_DESCRIPTION(
/* description */ (''),
/* implementation_level */ '2;1');

FILE_NAME(
/* name */ 'RPi_case_bottom.stp',
/* time_stamp */ '2026-05-04T11:40:56+02:00',
/* author */ ('owozn'),
/* organization */ (''),
/* preprocessor_version */ 'ST-DEVELOPER v20',
/* originating_system */ 'Autodesk Inventor 2024',
/* authorisation */ '');

FILE_SCHEMA (('AUTOMOTIVE_DESIGN { 1 0 10303 214 3 1 1 }'));
ENDSEC;

DATA;
#10=MECHANICAL_DESIGN_GEOMETRIC_PRESENTATION_REPRESENTATION('',(#62,#63,
#64,#65,#66,#67,#68,#69,#70,#71,#72,#73,#74,#75,#76,#77,#78,#79,#80,#81,
#82,#83,#84,#85,#86,#87,#88,#89,#90,#91,#92,#93,#94,#95,#96,#97,#98,#99,
#100,#101,#102,#103,#104,#105,#106,#107,#108),#4058);
#11=GEOMETRICALLY_BOUNDED_WIREFRAME_SHAPE_REPRESENTATION('',(#12),#4057);
#12=GEOMETRIC_CURVE_SET('Sketch1',(#32,#33,#34,#35,#36,#37,#38,#39,#40,
#41,#16,#17,#18,#19,#20,#21,#22,#23,#42,#43,#44,#45,#46,#47,#48,#49,#50,
#51,#52,#24,#25,#53,#26,#54,#27,#55,#56,#28,#57,#29,#58,#59,#30,#60,#31,
#61,#4040,#4041,#4042,#4043,#4044,#4045,#4046,#4047,#4048,#4049,#4050,#4051,
#4052,#4053,#4054));
#13=SHAPE_REPRESENTATION_RELATIONSHIP('SRR','None',#4065,#15);
#14=SHAPE_REPRESENTATION_RELATIONSHIP('SRR','None',#4065,#11);
#15=ADVANCED_BREP_SHAPE_REPRESENTATION('',(#109),#4057);
#16=TRIMMED_CURVE('',#847,(#3953,PARAMETER_VALUE(1.5707963267949)),(#3954,
PARAMETER_VALUE(3.14159265358979)),.T.,.PARAMETER.);
#17=TRIMMED_CURVE('',#848,(#3956,PARAMETER_VALUE(3.1415926535898)),(#3957,
PARAMETER_VALUE(4.71238898038469)),.T.,.PARAMETER.);
#18=TRIMMED_CURVE('',#849,(#3959,PARAMETER_VALUE(4.71238898038469)),(#3960,
PARAMETER_VALUE(6.28318530717958)),.T.,.PARAMETER.);
#19=TRIMMED_CURVE('',#850,(#3962,PARAMETER_VALUE(0.)),(#3963,
PARAMETER_VALUE(1.5707963267949)),.T.,.PARAMETER.);
#20=TRIMMED_CURVE('',#851,(#3965,PARAMETER_VALUE(1.48029736616687E-15)),
(#3966,PARAMETER_VALUE(1.5707963267949)),.T.,.PARAMETER.);
#21=TRIMMED_CURVE('',#852,(#3968,PARAMETER_VALUE(4.71238898038469)),(#3969,
PARAMETER_VALUE(6.28318530717959)),.T.,.PARAMETER.);
#22=TRIMMED_CURVE('',#853,(#3971,PARAMETER_VALUE(1.5707963267949)),(#3972,
PARAMETER_VALUE(3.14159265358979)),.T.,.PARAMETER.);
#23=TRIMMED_CURVE('',#854,(#3974,PARAMETER_VALUE(3.14159265358979)),(#3975,
PARAMETER_VALUE(4.71238898038469)),.T.,.PARAMETER.);
#24=TRIMMED_CURVE('',#855,(#3999,PARAMETER_VALUE(2.96059473233374E-15)),
(#4000,PARAMETER_VALUE(1.5707963267949)),.T.,.PARAMETER.);
#25=TRIMMED_CURVE('',#856,(#4002,PARAMETER_VALUE(1.5707963267949)),(#4003,
PARAMETER_VALUE(3.14159265358979)),.T.,.PARAMETER.);
#26=TRIMMED_CURVE('',#857,(#4007,PARAMETER_VALUE(1.5707963267949)),(#4008,
PARAMETER_VALUE(3.14159265358979)),.T.,.PARAMETER.);
#27=TRIMMED_CURVE('',#858,(#4012,PARAMETER_VALUE(0.)),(#4013,
PARAMETER_VALUE(1.5707963267949)),.T.,.PARAMETER.);
#28=TRIMMED_CURVE('',#859,(#4019,PARAMETER_VALUE(4.71238898038469)),(#4020,
PARAMETER_VALUE(6.28318530717959)),.T.,.PARAMETER.);
#29=TRIMMED_CURVE('',#860,(#4024,PARAMETER_VALUE(3.14159265358979)),(#4025,
PARAMETER_VALUE(4.71238898038469)),.T.,.PARAMETER.);
#30=TRIMMED_CURVE('',#861,(#4031,PARAMETER_VALUE(4.71238898038469)),(#4032,
PARAMETER_VALUE(6.28318530717959)),.T.,.PARAMETER.);
#31=TRIMMED_CURVE('',#862,(#4036,PARAMETER_VALUE(3.14159265358979)),(#4037,
PARAMETER_VALUE(4.71238898038469)),.T.,.PARAMETER.);
#32=POLYLINE('',(#3932,#3933));
#33=POLYLINE('',(#3934,#3935));
#34=POLYLINE('',(#3936,#3937));
#35=POLYLINE('',(#3938,#3939));
#36=POLYLINE('',(#3940,#3941));
#37=POLYLINE('',(#3942,#3943));
#38=POLYLINE('',(#3944,#3945));
#39=POLYLINE('',(#3946,#3947));
#40=POLYLINE('',(#3948,#3949));
#41=POLYLINE('',(#3950,#3951));
#42=POLYLINE('',(#3976,#3977));
#43=POLYLINE('',(#3978,#3979));
#44=POLYLINE('',(#3980,#3981));
#45=POLYLINE('',(#3982,#3983));
#46=POLYLINE('',(#3984,#3985));
#47=POLYLINE('',(#3986,#3987));
#48=POLYLINE('',(#3988,#3989));
#49=POLYLINE('',(#3990,#3991));
#50=POLYLINE('',(#3992,#3993));
#51=POLYLINE('',(#3994,#3995));
#52=POLYLINE('',(#3996,#3997));
#53=POLYLINE('',(#4004,#4005));
#54=POLYLINE('',(#4009,#4010));
#55=POLYLINE('',(#4014,#4015));
#56=POLYLINE('',(#4016,#4017));
#57=POLYLINE('',(#4021,#4022));
#58=POLYLINE('',(#4026,#4027));
#59=POLYLINE('',(#4028,#4029));
#60=POLYLINE('',(#4033,#4034));
#61=POLYLINE('',(#4038,#4039));
#62=STYLED_ITEM('',(#4074),#109);
#63=STYLED_ITEM('',(#4076),#32);
#64=STYLED_ITEM('',(#4076),#33);
#65=STYLED_ITEM('',(#4075),#34);
#66=STYLED_ITEM('',(#4075),#35);
#67=STYLED_ITEM('',(#4075),#36);
#68=STYLED_ITEM('',(#4075),#37);
#69=STYLED_ITEM('',(#4075),#38);
#70=STYLED_ITEM('',(#4075),#39);
#71=STYLED_ITEM('',(#4075),#40);
#72=STYLED_ITEM('',(#4075),#41);
#73=STYLED_ITEM('',(#4075),#16);
#74=STYLED_ITEM('',(#4075),#17);
#75=STYLED_ITEM('',(#4075),#18);
#76=STYLED_ITEM('',(#4075),#19);
#77=STYLED_ITEM('',(#4075),#20);
#78=STYLED_ITEM('',(#4075),#21);
#79=STYLED_ITEM('',(#4075),#22);
#80=STYLED_ITEM('',(#4075),#23);
#81=STYLED_ITEM('',(#4075),#42);
#82=STYLED_ITEM('',(#4075),#43);
#83=STYLED_ITEM('',(#4075),#44);
#84=STYLED_ITEM('',(#4075),#45);
#85=STYLED_ITEM('',(#4075),#46);
#86=STYLED_ITEM('',(#4075),#47);
#87=STYLED_ITEM('',(#4075),#48);
#88=STYLED_ITEM('',(#4075),#49);
#89=STYLED_ITEM('',(#4075),#50);
#90=STYLED_ITEM('',(#4075),#51);
#91=STYLED_ITEM('',(#4075),#52);
#92=STYLED_ITEM('',(#4075),#24);
#93=STYLED_ITEM('',(#4075),#25);
#94=STYLED_ITEM('',(#4075),#53);
#95=STYLED_ITEM('',(#4075),#26);
#96=STYLED_ITEM('',(#4075),#54);
#97=STYLED_ITEM('',(#4075),#27);
#98=STYLED_ITEM('',(#4075),#55);
#99=STYLED_ITEM('',(#4075),#56);
#100=STYLED_ITEM('',(#4075),#28);
#101=STYLED_ITEM('',(#4075),#57);
#102=STYLED_ITEM('',(#4075),#29);
#103=STYLED_ITEM('',(#4075),#58);
#104=STYLED_ITEM('',(#4075),#59);
#105=STYLED_ITEM('',(#4075),#30);
#106=STYLED_ITEM('',(#4075),#60);
#107=STYLED_ITEM('',(#4075),#31);
#108=STYLED_ITEM('',(#4075),#61);
#109=MANIFOLD_SOLID_BREP('Solid1',#2072);
#110=ELLIPSE('',#2233,2.12132034355964,1.5);
#111=ELLIPSE('',#2235,2.12132034355965,1.5);
#112=SPHERICAL_SURFACE('',#2219,1.5);
#113=SPHERICAL_SURFACE('',#2236,1.5);
#114=TOROIDAL_SURFACE('',#2156,3.,1.5);
#115=TOROIDAL_SURFACE('',#2167,3.,1.5);
#116=TOROIDAL_SURFACE('',#2201,3.,1.5);
#117=TOROIDAL_SURFACE('',#2205,3.,1.5);
#118=TOROIDAL_SURFACE('',#2226,4.50000000000001,1.5);
#119=TOROIDAL_SURFACE('',#2245,4.5,1.5);
#120=TOROIDAL_SURFACE('',#2259,4.50000000000001,1.5);
#121=TOROIDAL_SURFACE('',#2265,4.5,1.5);
#122=B_SPLINE_SURFACE_WITH_KNOTS('',3,3,((#3164,#3165,#3166,#3167,#3168,
#3169,#3170,#3171),(#3172,#3173,#3174,#3175,#3176,#3177,#3178,#3179),(#3180,
#3181,#3182,#3183,#3184,#3185,#3186,#3187),(#3188,#3189,#3190,#3191,#3192,
#3193,#3194,#3195),(#3196,#3197,#3198,#3199,#3200,#3201,#3202,#3203)),
 .UNSPECIFIED.,.F.,.F.,.F.,(4,1,4),(4,1,1,1,1,4),(0.,0.5,1.),(2.00464563952728,
2.10870751233529,2.31683125795131,2.52495500356733,2.62901687637534,2.73307874918336),
 .UNSPECIFIED.);
#123=B_SPLINE_SURFACE_WITH_KNOTS('',3,3,((#3349,#3350,#3351,#3352,#3353,
#3354,#3355,#3356,#3357),(#3358,#3359,#3360,#3361,#3362,#3363,#3364,#3365,
#3366),(#3367,#3368,#3369,#3370,#3371,#3372,#3373,#3374,#3375),(#3376,#3377,
#3378,#3379,#3380,#3381,#3382,#3383,#3384),(#3385,#3386,#3387,#3388,#3389,
#3390,#3391,#3392,#3393)),.UNSPECIFIED.,.F.,.F.,.F.,(4,1,4),(4,1,1,1,1,
1,4),(0.,0.5,1.),(-0.0752405143926766,0.0288213584155519,0.236945104032009,
0.341006976840237,0.445068849648466,0.49709978605258,0.653192595264923),
 .UNSPECIFIED.);
#124=(
BOUNDED_SURFACE()
B_SPLINE_SURFACE(2,2,((#3126,#3127,#3128),(#3129,#3130,#3131),(#3132,#3133,
#3134)),.UNSPECIFIED.,.F.,.F.,.F.)
B_SPLINE_SURFACE_WITH_KNOTS((3,3),(3,3),(-1.52862490658366,0.),(-3.14159265358979,
-1.5707963267949),.UNSPECIFIED.)
GEOMETRIC_REPRESENTATION_ITEM()
RATIONAL_B_SPLINE_SURFACE(((1.,0.707106781186549,1.),(0.721858338426643,
0.510430926157534,0.721858338426643),(1.,0.707106781186549,1.)))
REPRESENTATION_ITEM('')
SURFACE()
);
#125=(
BOUNDED_SURFACE()
B_SPLINE_SURFACE(2,2,((#3152,#3153,#3154),(#3155,#3156,#3157),(#3158,#3159,
#3160)),.UNSPECIFIED.,.F.,.F.,.F.)
B_SPLINE_SURFACE_WITH_KNOTS((3,3),(3,3),(-1.52862490658366,0.),(1.5707963267949,
3.14159265358979),.UNSPECIFIED.)
GEOMETRIC_REPRESENTATION_ITEM()
RATIONAL_B_SPLINE_SURFACE(((1.,0.707106781186547,1.),(0.721858338426641,
0.510430926157532,0.721858338426641),(1.,0.707106781186547,1.)))
REPRESENTATION_ITEM('')
SURFACE()
);
#126=(
BOUNDED_SURFACE()
B_SPLINE_SURFACE(2,2,((#3492,#3493,#3494),(#3495,#3496,#3497),(#3498,#3499,
#3500)),.UNSPECIFIED.,.F.,.F.,.F.)
B_SPLINE_SURFACE_WITH_KNOTS((3,3),(3,3),(-1.14102089549037,5.55111512312579E-16),
(0.657463556381643,1.5707963267949),.UNSPECIFIED.)
GEOMETRIC_REPRESENTATION_ITEM()
RATIONAL_B_SPLINE_SURFACE(((1.,0.897527467855751,1.),(0.841625411530106,
0.75538192449367,0.841625411530106),(1.,0.897527467855751,1.)))
REPRESENTATION_ITEM('')
SURFACE()
);
#127=(
BOUNDED_SURFACE()
B_SPLINE_SURFACE(2,2,((#3652,#3653,#3654),(#3655,#3656,#3657),(#3658,#3659,
#3660)),.UNSPECIFIED.,.F.,.F.,.F.)
B_SPLINE_SURFACE_WITH_KNOTS((3,3),(3,3),(-1.14102089549037,9.25185853854305E-16),
(-1.57079632679489,-0.657463556381654),.UNSPECIFIED.)
GEOMETRIC_REPRESENTATION_ITEM()
RATIONAL_B_SPLINE_SURFACE(((1.,0.897527467855754,1.),(0.84162541153021,
0.755381924493766,0.84162541153021),(1.,0.897527467855754,1.)))
REPRESENTATION_ITEM('')
SURFACE()
);
#128=FACE_BOUND('',#324,.T.);
#129=FACE_BOUND('',#327,.T.);
#130=FACE_BOUND('',#330,.T.);
#131=FACE_BOUND('',#333,.T.);
#132=FACE_BOUND('',#354,.T.);
#133=FACE_BOUND('',#403,.T.);
#134=FACE_BOUND('',#405,.T.);
#135=FACE_BOUND('',#407,.T.);
#136=FACE_BOUND('',#429,.T.);
#137=FACE_BOUND('',#430,.T.);
#138=FACE_BOUND('',#431,.T.);
#139=FACE_BOUND('',#432,.T.);
#140=FACE_BOUND('',#433,.T.);
#141=FACE_BOUND('',#434,.T.);
#142=FACE_BOUND('',#435,.T.);
#143=FACE_BOUND('',#436,.T.);
#144=PLANE('',#2122);
#145=PLANE('',#2126);
#146=PLANE('',#2131);
#147=PLANE('',#2136);
#148=PLANE('',#2150);
#149=PLANE('',#2151);
#150=PLANE('',#2162);
#151=PLANE('',#2170);
#152=PLANE('',#2171);
#153=PLANE('',#2181);
#154=PLANE('',#2188);
#155=PLANE('',#2189);
#156=PLANE('',#2196);
#157=PLANE('',#2200);
#158=PLANE('',#2210);
#159=PLANE('',#2215);
#160=PLANE('',#2251);
#161=PLANE('',#2252);
#162=PLANE('',#2253);
#163=PLANE('',#2254);
#164=PLANE('',#2273);
#165=PLANE('',#2274);
#166=PLANE('',#2276);
#167=PLANE('',#2277);
#168=PLANE('',#2278);
#169=PLANE('',#2281);
#170=PLANE('',#2284);
#171=PLANE('',#2287);
#172=PLANE('',#2290);
#173=PLANE('',#2293);
#174=PLANE('',#2294);
#175=PLANE('',#2297);
#176=PLANE('',#2300);
#177=PLANE('',#2301);
#178=PLANE('',#2304);
#179=PLANE('',#2307);
#180=PLANE('',#2308);
#181=PLANE('',#2311);
#182=PLANE('',#2314);
#183=PLANE('',#2315);
#184=B_SPLINE_CURVE_WITH_KNOTS('',3,(#3009,#3010,#3011,#3012),
 .UNSPECIFIED.,.F.,.F.,(4,4),(0.333010857389946,0.430866630256991),
 .UNSPECIFIED.);
#185=B_SPLINE_CURVE_WITH_KNOTS('',3,(#3014,#3015,#3016,#3017,#3018,#3019,
#3020,#3021),.UNSPECIFIED.,.F.,.F.,(4,2,2,4),(-0.273595301650029,-0.222864847381993,
-0.104377282508975,-0.00544487156369979),.UNSPECIFIED.);
#186=B_SPLINE_CURVE_WITH_KNOTS('',3,(#3023,#3024,#3025,#3026),
 .UNSPECIFIED.,.F.,.F.,(4,4),(0.479784394809067,0.528722403124035),
 .UNSPECIFIED.);
#187=B_SPLINE_CURVE_WITH_KNOTS('',3,(#3028,#3029,#3030,#3031,#3032,#3033),
 .UNSPECIFIED.,.F.,.F.,(4,2,4),(-0.0504754734331949,-0.0252977521666238,
-0.000550745467749487),.UNSPECIFIED.);
#188=B_SPLINE_CURVE_WITH_KNOTS('',3,(#3036,#3037,#3038,#3039,#3040,#3041),
 .UNSPECIFIED.,.F.,.F.,(4,2,4),(0.430866630256991,0.531432643385645,0.598844042735845),
 .UNSPECIFIED.);
#189=B_SPLINE_CURVE_WITH_KNOTS('',3,(#3049,#3050,#3051,#3052,#3053,#3054),
 .UNSPECIFIED.,.F.,.F.,(4,2,4),(0.262889217778137,0.330300617128337,0.430866630256991),
 .UNSPECIFIED.);
#190=B_SPLINE_CURVE_WITH_KNOTS('',3,(#3058,#3059,#3060,#3061,#3062,#3063,
#3064,#3065),.UNSPECIFIED.,.F.,.F.,(4,2,2,4),(0.333010857389948,0.430866630256993,
0.531432643385648,0.59884404273585),.UNSPECIFIED.);
#191=B_SPLINE_CURVE_WITH_KNOTS('',3,(#3067,#3068,#3069,#3070,#3071,#3072,
#3073,#3074),.UNSPECIFIED.,.F.,.F.,(4,2,2,4),(-0.27359530165003,-0.222864847381996,
-0.104377282508974,-0.00544487156370013),.UNSPECIFIED.);
#192=B_SPLINE_CURVE_WITH_KNOTS('',3,(#3075,#3076,#3077,#3078),
 .UNSPECIFIED.,.F.,.F.,(4,4),(0.430866630256991,0.528722403124035),
 .UNSPECIFIED.);
#193=B_SPLINE_CURVE_WITH_KNOTS('',3,(#3088,#3089,#3090,#3091,#3092,#3093,
#3094,#3095,#3096,#3097),.UNSPECIFIED.,.F.,.F.,(4,2,2,2,4),(0.262889217778138,
0.330300617128337,0.430866630256991,0.531432643385646,0.598844042735884),
 .UNSPECIFIED.);
#194=B_SPLINE_CURVE_WITH_KNOTS('',3,(#3108,#3109,#3110,#3111,#3112,#3113,
#3114,#3115,#3116,#3117),.UNSPECIFIED.,.F.,.F.,(4,2,2,2,4),(0.262889217778137,
0.330300617128337,0.430866630256993,0.531432643385648,0.598844042735851),
 .UNSPECIFIED.);
#195=B_SPLINE_CURVE_WITH_KNOTS('',3,(#3206,#3207,#3208,#3209,#3210,#3211,
#3212,#3213),.UNSPECIFIED.,.F.,.F.,(4,2,2,4),(0.119768308035463,0.121473076096038,
0.23635970691551,0.236940924595743),.UNSPECIFIED.);
#196=B_SPLINE_CURVE_WITH_KNOTS('',3,(#3215,#3216,#3217,#3218,#3219,#3220,
#3221,#3222,#3223,#3224,#3225,#3226,#3227,#3228,#3229,#3230,#3231,#3232,
#3233,#3234,#3235,#3236,#3237,#3238,#3239,#3240,#3241,#3242,#3243,#3244,
#3245,#3246,#3247,#3248,#3249,#3250,#3251,#3252,#3253,#3254,#3255,#3256,
#3257,#3258,#3259,#3260,#3261,#3262,#3263,#3264,#3265,#3266,#3267,#3268,
#3269,#3270,#3271,#3272,#3273,#3274,#3275,#3276,#3277,#3278),
 .UNSPECIFIED.,.F.,.F.,(4,3,3,3,3,3,3,3,3,3,3,3,3,3,3,3,3,3,3,3,3,4),(-2.50580666820637,
-2.50241574578674,-2.46721455278201,-2.43265459587228,-2.40142753960245,
-2.39809463896255,-2.36348787923038,-2.3316808326347,-2.31696778961921,
-2.30119392352847,-2.26190319485656,-2.22315388600202,-2.1946604948746,
-2.16825185287276,-2.14212117843573,-2.11634453740289,-2.1094248658885,
-2.09767927531094,-2.07193537526175,-2.04626531818382,-2.0214952937031,
-2.00464563952728),.UNSPECIFIED.);
#197=B_SPLINE_CURVE_WITH_KNOTS('',3,(#3282,#3283,#3284,#3285,#3286),
 .UNSPECIFIED.,.F.,.F.,(4,1,4),(2.00464563952728,2.10870751233529,2.16644670871188),
 .UNSPECIFIED.);
#198=B_SPLINE_CURVE_WITH_KNOTS('',3,(#3287,#3288,#3289,#3290,#3291,#3292,
#3293,#3294,#3295,#3296,#3297,#3298,#3299,#3300,#3301,#3302,#3303,#3304,
#3305,#3306),.UNSPECIFIED.,.F.,.F.,(4,2,2,2,2,2,2,2,2,4),(0.128726670016632,
0.224481775956083,0.267915503830979,0.291679742278688,0.31063295179712,
0.331130801531763,0.361891913793052,0.39598447828188,0.484886313922232,
0.602134660598903),.UNSPECIFIED.);
#199=B_SPLINE_CURVE_WITH_KNOTS('',3,(#3331,#3332,#3333,#3334,#3335,#3336,
#3337,#3338),.UNSPECIFIED.,.F.,.F.,(4,2,2,4),(0.758298360057764,0.815645779979767,
0.872993199901769,1.04933742860113),.UNSPECIFIED.);
#200=B_SPLINE_CURVE_WITH_KNOTS('',3,(#3396,#3397,#3398,#3399,#3400,#3401),
 .UNSPECIFIED.,.F.,.F.,(4,2,4),(-0.00104113795255734,0.,0.204093349507798),
 .UNSPECIFIED.);
#201=B_SPLINE_CURVE_WITH_KNOTS('',3,(#3403,#3404,#3405,#3406,#3407,#3408,
#3409,#3410,#3411,#3412,#3413,#3414,#3415,#3416,#3417,#3418,#3419,#3420,
#3421,#3422),.UNSPECIFIED.,.F.,.F.,(4,2,2,2,2,2,2,2,2,4),(0.,0.0672444106864231,
0.224483926076351,0.267915979573902,0.291680084183212,0.310632717328688,
0.331131605358041,0.36188904829955,0.395981012370544,0.4812064478072),
 .UNSPECIFIED.);
#202=B_SPLINE_CURVE_WITH_KNOTS('',3,(#3424,#3425,#3426,#3427,#3428),
 .UNSPECIFIED.,.F.,.F.,(4,1,4),(0.491363605215354,0.49709978605258,0.653192595264923),
 .UNSPECIFIED.);
#203=B_SPLINE_CURVE_WITH_KNOTS('',3,(#3431,#3432,#3433,#3434,#3435,#3436,
#3437,#3438,#3439,#3440,#3441,#3442,#3443,#3444,#3445,#3446,#3447,#3448,
#3449,#3450,#3451,#3452,#3453,#3454,#3455,#3456,#3457,#3458,#3459,#3460,
#3461,#3462,#3463,#3464,#3465,#3466,#3467,#3468,#3469,#3470,#3471,#3472,
#3473,#3474,#3475,#3476,#3477,#3478,#3479,#3480,#3481,#3482,#3483,#3484,
#3485),.UNSPECIFIED.,.F.,.F.,(4,3,3,3,3,3,3,3,3,3,3,3,3,3,3,3,3,3,4),(-0.653192595264923,
-0.616993891896064,-0.58052545545986,-0.560158959481261,-0.508381571039488,
-0.497121617455669,-0.463177739917603,-0.445045614679478,-0.405066998579567,
-0.362574938104903,-0.356644311263734,-0.340961337447246,-0.305536574300188,
-0.266293111333787,-0.259743595829652,-0.236851243136186,-0.19764757914373,
-0.155422489005459,-0.15203156658583),.UNSPECIFIED.);
#204=B_SPLINE_CURVE_WITH_KNOTS('',3,(#3507,#3508,#3509,#3510,#3511,#3512,
#3513,#3514),.UNSPECIFIED.,.F.,.F.,(4,2,2,4),(0.0661595509281395,0.176344228699362,
0.233691648621365,0.291039068543367),.UNSPECIFIED.);
#205=B_SPLINE_CURVE_WITH_KNOTS('',3,(#3540,#3541,#3542,#3543,#3544,#3545,
#3546,#3547,#3548,#3549,#3550,#3551,#3552,#3553,#3554,#3555),
 .UNSPECIFIED.,.F.,.F.,(4,2,2,2,2,2,2,4),(-0.000803836183401787,0.,0.0678776504584686,
0.133216111717465,0.20278730193249,0.256369792823657,0.300924545965013,
0.307723074672784),.UNSPECIFIED.);
#206=B_SPLINE_CURVE_WITH_KNOTS('',3,(#3568,#3569,#3570,#3571,#3572,#3573,
#3574,#3575,#3576,#3577,#3578,#3579,#3580,#3581,#3582,#3583),
 .UNSPECIFIED.,.F.,.F.,(4,2,2,2,2,2,2,4),(-0.655044530100363,-0.654090710175944,
-0.573548111741715,-0.496018476949057,-0.4134663487677,-0.349886170809671,
-0.297018170798771,-0.288951138224524),.UNSPECIFIED.);
#207=FACE_OUTER_BOUND('',#314,.T.);
#208=FACE_OUTER_BOUND('',#315,.T.);
#209=FACE_OUTER_BOUND('',#316,.T.);
#210=FACE_OUTER_BOUND('',#317,.T.);
#211=FACE_OUTER_BOUND('',#318,.T.);
#212=FACE_OUTER_BOUND('',#319,.T.);
#213=FACE_OUTER_BOUND('',#320,.T.);
#214=FACE_OUTER_BOUND('',#321,.T.);
#215=FACE_OUTER_BOUND('',#322,.T.);
#216=FACE_OUTER_BOUND('',#323,.T.);
#217=FACE_OUTER_BOUND('',#325,.T.);
#218=FACE_OUTER_BOUND('',#326,.T.);
#219=FACE_OUTER_BOUND('',#328,.T.);
#220=FACE_OUTER_BOUND('',#329,.T.);
#221=FACE_OUTER_BOUND('',#331,.T.);
#222=FACE_OUTER_BOUND('',#332,.T.);
#223=FACE_OUTER_BOUND('',#334,.T.);
#224=FACE_OUTER_BOUND('',#335,.T.);
#225=FACE_OUTER_BOUND('',#336,.T.);
#226=FACE_OUTER_BOUND('',#337,.T.);
#227=FACE_OUTER_BOUND('',#338,.T.);
#228=FACE_OUTER_BOUND('',#339,.T.);
#229=FACE_OUTER_BOUND('',#340,.T.);
#230=FACE_OUTER_BOUND('',#341,.T.);
#231=FACE_OUTER_BOUND('',#342,.T.);
#232=FACE_OUTER_BOUND('',#343,.T.);
#233=FACE_OUTER_BOUND('',#344,.T.);
#234=FACE_OUTER_BOUND('',#345,.T.);
#235=FACE_OUTER_BOUND('',#346,.T.);
#236=FACE_OUTER_BOUND('',#347,.T.);
#237=FACE_OUTER_BOUND('',#348,.T.);
#238=FACE_OUTER_BOUND('',#349,.T.);
#239=FACE_OUTER_BOUND('',#350,.T.);
#240=FACE_OUTER_BOUND('',#351,.T.);
#241=FACE_OUTER_BOUND('',#352,.T.);
#242=FACE_OUTER_BOUND('',#353,.T.);
#243=FACE_OUTER_BOUND('',#355,.T.);
#244=FACE_OUTER_BOUND('',#356,.T.);
#245=FACE_OUTER_BOUND('',#357,.T.);
#246=FACE_OUTER_BOUND('',#358,.T.);
#247=FACE_OUTER_BOUND('',#359,.T.);
#248=FACE_OUTER_BOUND('',#360,.T.);
#249=FACE_OUTER_BOUND('',#361,.T.);
#250=FACE_OUTER_BOUND('',#362,.T.);
#251=FACE_OUTER_BOUND('',#363,.T.);
#252=FACE_OUTER_BOUND('',#364,.T.);
#253=FACE_OUTER_BOUND('',#365,.T.);
#254=FACE_OUTER_BOUND('',#366,.T.);
#255=FACE_OUTER_BOUND('',#367,.T.);
#256=FACE_OUTER_BOUND('',#368,.T.);
#257=FACE_OUTER_BOUND('',#369,.T.);
#258=FACE_OUTER_BOUND('',#370,.T.);
#259=FACE_OUTER_BOUND('',#371,.T.);
#260=FACE_OUTER_BOUND('',#372,.T.);
#261=FACE_OUTER_BOUND('',#373,.T.);
#262=FACE_OUTER_BOUND('',#374,.T.);
#263=FACE_OUTER_BOUND('',#375,.T.);
#264=FACE_OUTER_BOUND('',#376,.T.);
#265=FACE_OUTER_BOUND('',#377,.T.);
#266=FACE_OUTER_BOUND('',#378,.T.);
#267=FACE_OUTER_BOUND('',#379,.T.);
#268=FACE_OUTER_BOUND('',#380,.T.);
#269=FACE_OUTER_BOUND('',#381,.T.);
#270=FACE_OUTER_BOUND('',#382,.T.);
#271=FACE_OUTER_BOUND('',#383,.T.);
#272=FACE_OUTER_BOUND('',#384,.T.);
#273=FACE_OUTER_BOUND('',#385,.T.);
#274=FACE_OUTER_BOUND('',#386,.T.);
#275=FACE_OUTER_BOUND('',#387,.T.);
#276=FACE_OUTER_BOUND('',#388,.T.);
#277=FACE_OUTER_BOUND('',#389,.T.);
#278=FACE_OUTER_BOUND('',#390,.T.);
#279=FACE_OUTER_BOUND('',#391,.T.);
#280=FACE_OUTER_BOUND('',#392,.T.);
#281=FACE_OUTER_BOUND('',#393,.T.);
#282=FACE_OUTER_BOUND('',#394,.T.);
#283=FACE_OUTER_BOUND('',#395,.T.);
#284=FACE_OUTER_BOUND('',#396,.T.);
#285=FACE_OUTER_BOUND('',#397,.T.);
#286=FACE_OUTER_BOUND('',#398,.T.);
#287=FACE_OUTER_BOUND('',#399,.T.);
#288=FACE_OUTER_BOUND('',#400,.T.);
#289=FACE_OUTER_BOUND('',#401,.T.);
#290=FACE_OUTER_BOUND('',#402,.T.);
#291=FACE_OUTER_BOUND('',#404,.T.);
#292=FACE_OUTER_BOUND('',#406,.T.);
#293=FACE_OUTER_BOUND('',#408,.T.);
#294=FACE_OUTER_BOUND('',#409,.T.);
#295=FACE_OUTER_BOUND('',#410,.T.);
#296=FACE_OUTER_BOUND('',#411,.T.);
#297=FACE_OUTER_BOUND('',#412,.T.);
#298=FACE_OUTER_BOUND('',#413,.T.);
#299=FACE_OUTER_BOUND('',#414,.T.);
#300=FACE_OUTER_BOUND('',#415,.T.);
#301=FACE_OUTER_BOUND('',#416,.T.);
#302=FACE_OUTER_BOUND('',#417,.T.);
#303=FACE_OUTER_BOUND('',#418,.T.);
#304=FACE_OUTER_BOUND('',#419,.T.);
#305=FACE_OUTER_BOUND('',#420,.T.);
#306=FACE_OUTER_BOUND('',#421,.T.);
#307=FACE_OUTER_BOUND('',#422,.T.);
#308=FACE_OUTER_BOUND('',#423,.T.);
#309=FACE_OUTER_BOUND('',#424,.T.);
#310=FACE_OUTER_BOUND('',#425,.T.);
#311=FACE_OUTER_BOUND('',#426,.T.);
#312=FACE_OUTER_BOUND('',#427,.T.);
#313=FACE_OUTER_BOUND('',#428,.T.);
#314=EDGE_LOOP('',(#1336,#1337,#1338,#1339));
#315=EDGE_LOOP('',(#1340,#1341,#1342,#1343));
#316=EDGE_LOOP('',(#1344,#1345,#1346,#1347));
#317=EDGE_LOOP('',(#1348,#1349,#1350,#1351));
#318=EDGE_LOOP('',(#1352,#1353,#1354,#1355));
#319=EDGE_LOOP('',(#1356,#1357,#1358,#1359));
#320=EDGE_LOOP('',(#1360,#1361,#1362,#1363));
#321=EDGE_LOOP('',(#1364,#1365,#1366,#1367));
#322=EDGE_LOOP('',(#1368,#1369,#1370,#1371,#1372,#1373,#1374,#1375,#1376));
#323=EDGE_LOOP('',(#1377));
#324=EDGE_LOOP('',(#1378));
#325=EDGE_LOOP('',(#1379,#1380,#1381,#1382,#1383,#1384,#1385,#1386));
#326=EDGE_LOOP('',(#1387));
#327=EDGE_LOOP('',(#1388));
#328=EDGE_LOOP('',(#1389,#1390,#1391,#1392,#1393,#1394));
#329=EDGE_LOOP('',(#1395));
#330=EDGE_LOOP('',(#1396));
#331=EDGE_LOOP('',(#1397,#1398,#1399,#1400,#1401,#1402));
#332=EDGE_LOOP('',(#1403));
#333=EDGE_LOOP('',(#1404));
#334=EDGE_LOOP('',(#1405,#1406,#1407,#1408));
#335=EDGE_LOOP('',(#1409,#1410,#1411,#1412));
#336=EDGE_LOOP('',(#1413,#1414,#1415,#1416,#1417,#1418));
#337=EDGE_LOOP('',(#1419,#1420,#1421,#1422,#1423,#1424));
#338=EDGE_LOOP('',(#1425,#1426,#1427,#1428));
#339=EDGE_LOOP('',(#1429,#1430,#1431,#1432,#1433));
#340=EDGE_LOOP('',(#1434,#1435,#1436));
#341=EDGE_LOOP('',(#1437,#1438,#1439,#1440,#1441,#1442));
#342=EDGE_LOOP('',(#1443,#1444,#1445,#1446));
#343=EDGE_LOOP('',(#1447,#1448,#1449,#1450,#1451,#1452,#1453));
#344=EDGE_LOOP('',(#1454,#1455,#1456,#1457));
#345=EDGE_LOOP('',(#1458,#1459,#1460,#1461,#1462));
#346=EDGE_LOOP('',(#1463,#1464,#1465,#1466,#1467,#1468,#1469,#1470));
#347=EDGE_LOOP('',(#1471,#1472,#1473));
#348=EDGE_LOOP('',(#1474,#1475,#1476,#1477,#1478));
#349=EDGE_LOOP('',(#1479,#1480,#1481));
#350=EDGE_LOOP('',(#1482,#1483,#1484,#1485,#1486,#1487,#1488,#1489));
#351=EDGE_LOOP('',(#1490,#1491,#1492,#1493,#1494,#1495,#1496));
#352=EDGE_LOOP('',(#1497,#1498,#1499,#1500,#1501,#1502,#1503));
#353=EDGE_LOOP('',(#1504,#1505,#1506,#1507,#1508,#1509,#1510,#1511,#1512,
#1513,#1514,#1515,#1516,#1517,#1518,#1519,#1520,#1521,#1522,#1523,#1524,
#1525,#1526,#1527,#1528,#1529,#1530,#1531,#1532,#1533,#1534,#1535,#1536,
#1537,#1538,#1539,#1540));
#354=EDGE_LOOP('',(#1541));
#355=EDGE_LOOP('',(#1542,#1543,#1544));
#356=EDGE_LOOP('',(#1545,#1546,#1547,#1548,#1549,#1550,#1551,#1552,#1553,
#1554));
#357=EDGE_LOOP('',(#1555,#1556,#1557,#1558,#1559,#1560));
#358=EDGE_LOOP('',(#1561,#1562,#1563,#1564,#1565,#1566,#1567,#1568,#1569,
#1570));
#359=EDGE_LOOP('',(#1571,#1572,#1573));
#360=EDGE_LOOP('',(#1574,#1575,#1576,#1577));
#361=EDGE_LOOP('',(#1578,#1579,#1580,#1581,#1582,#1583));
#362=EDGE_LOOP('',(#1584,#1585,#1586,#1587,#1588,#1589));
#363=EDGE_LOOP('',(#1590,#1591,#1592,#1593));
#364=EDGE_LOOP('',(#1594,#1595,#1596,#1597));
#365=EDGE_LOOP('',(#1598,#1599,#1600,#1601));
#366=EDGE_LOOP('',(#1602,#1603,#1604,#1605));
#367=EDGE_LOOP('',(#1606,#1607,#1608,#1609));
#368=EDGE_LOOP('',(#1610,#1611,#1612,#1613));
#369=EDGE_LOOP('',(#1614,#1615,#1616,#1617,#1618,#1619,#1620,#1621,#1622,
#1623,#1624,#1625));
#370=EDGE_LOOP('',(#1626,#1627,#1628,#1629));
#371=EDGE_LOOP('',(#1630,#1631,#1632));
#372=EDGE_LOOP('',(#1633,#1634,#1635,#1636,#1637,#1638));
#373=EDGE_LOOP('',(#1639,#1640,#1641,#1642));
#374=EDGE_LOOP('',(#1643,#1644,#1645,#1646));
#375=EDGE_LOOP('',(#1647,#1648,#1649,#1650));
#376=EDGE_LOOP('',(#1651,#1652,#1653,#1654,#1655,#1656));
#377=EDGE_LOOP('',(#1657,#1658,#1659,#1660));
#378=EDGE_LOOP('',(#1661,#1662,#1663));
#379=EDGE_LOOP('',(#1664,#1665,#1666,#1667,#1668,#1669));
#380=EDGE_LOOP('',(#1670,#1671,#1672,#1673,#1674,#1675));
#381=EDGE_LOOP('',(#1676,#1677,#1678,#1679));
#382=EDGE_LOOP('',(#1680,#1681,#1682,#1683));
#383=EDGE_LOOP('',(#1684,#1685,#1686,#1687));
#384=EDGE_LOOP('',(#1688,#1689,#1690,#1691));
#385=EDGE_LOOP('',(#1692,#1693,#1694,#1695));
#386=EDGE_LOOP('',(#1696,#1697,#1698));
#387=EDGE_LOOP('',(#1699,#1700,#1701));
#388=EDGE_LOOP('',(#1702,#1703,#1704,#1705));
#389=EDGE_LOOP('',(#1706,#1707,#1708,#1709));
#390=EDGE_LOOP('',(#1710,#1711,#1712,#1713));
#391=EDGE_LOOP('',(#1714,#1715,#1716,#1717,#1718,#1719));
#392=EDGE_LOOP('',(#1720,#1721,#1722,#1723));
#393=EDGE_LOOP('',(#1724,#1725,#1726,#1727,#1728,#1729));
#394=EDGE_LOOP('',(#1730,#1731,#1732,#1733));
#395=EDGE_LOOP('',(#1734,#1735,#1736,#1737));
#396=EDGE_LOOP('',(#1738,#1739,#1740,#1741));
#397=EDGE_LOOP('',(#1742,#1743,#1744));
#398=EDGE_LOOP('',(#1745,#1746,#1747,#1748));
#399=EDGE_LOOP('',(#1749,#1750,#1751,#1752));
#400=EDGE_LOOP('',(#1753,#1754,#1755,#1756));
#401=EDGE_LOOP('',(#1757,#1758,#1759,#1760));
#402=EDGE_LOOP('',(#1761,#1762,#1763,#1764,#1765,#1766));
#403=EDGE_LOOP('',(#1767));
#404=EDGE_LOOP('',(#1768,#1769,#1770,#1771,#1772,#1773));
#405=EDGE_LOOP('',(#1774));
#406=EDGE_LOOP('',(#1775,#1776,#1777,#1778,#1779,#1780));
#407=EDGE_LOOP('',(#1781));
#408=EDGE_LOOP('',(#1782,#1783,#1784,#1785,#1786));
#409=EDGE_LOOP('',(#1787,#1788,#1789,#1790));
#410=EDGE_LOOP('',(#1791,#1792,#1793,#1794));
#411=EDGE_LOOP('',(#1795,#1796,#1797,#1798));
#412=EDGE_LOOP('',(#1799,#1800,#1801,#1802,#1803));
#413=EDGE_LOOP('',(#1804,#1805,#1806,#1807,#1808));
#414=EDGE_LOOP('',(#1809,#1810,#1811,#1812));
#415=EDGE_LOOP('',(#1813,#1814,#1815,#1816));
#416=EDGE_LOOP('',(#1817,#1818,#1819,#1820));
#417=EDGE_LOOP('',(#1821,#1822,#1823,#1824,#1825));
#418=EDGE_LOOP('',(#1826,#1827,#1828,#1829,#1830));
#419=EDGE_LOOP('',(#1831,#1832,#1833,#1834));
#420=EDGE_LOOP('',(#1835,#1836,#1837,#1838));
#421=EDGE_LOOP('',(#1839,#1840,#1841,#1842));
#422=EDGE_LOOP('',(#1843,#1844,#1845,#1846,#1847));
#423=EDGE_LOOP('',(#1848,#1849,#1850,#1851,#1852));
#424=EDGE_LOOP('',(#1853,#1854,#1855,#1856));
#425=EDGE_LOOP('',(#1857,#1858,#1859,#1860));
#426=EDGE_LOOP('',(#1861,#1862,#1863,#1864));
#427=EDGE_LOOP('',(#1865,#1866,#1867,#1868,#1869));
#428=EDGE_LOOP('',(#1870,#1871,#1872,#1873,#1874,#1875,#1876,#1877,#1878,
#1879,#1880,#1881,#1882,#1883,#1884,#1885,#1886,#1887,#1888,#1889,#1890,
#1891,#1892,#1893,#1894,#1895,#1896,#1897,#1898,#1899,#1900,#1901,#1902,
#1903,#1904,#1905));
#429=EDGE_LOOP('',(#1906));
#430=EDGE_LOOP('',(#1907));
#431=EDGE_LOOP('',(#1908));
#432=EDGE_LOOP('',(#1909));
#433=EDGE_LOOP('',(#1910));
#434=EDGE_LOOP('',(#1911));
#435=EDGE_LOOP('',(#1912));
#436=EDGE_LOOP('',(#1913));
#437=LINE('',#2959,#583);
#438=LINE('',#2965,#584);
#439=LINE('',#2971,#585);
#440=LINE('',#2977,#586);
#441=LINE('',#2983,#587);
#442=LINE('',#2989,#588);
#443=LINE('',#2995,#589);
#444=LINE('',#3001,#590);
#445=LINE('',#3007,#591);
#446=LINE('',#3047,#592);
#447=LINE('',#3084,#593);
#448=LINE('',#3104,#594);
#449=LINE('',#3124,#595);
#450=LINE('',#3140,#596);
#451=LINE('',#3143,#597);
#452=LINE('',#3148,#598);
#453=LINE('',#3151,#599);
#454=LINE('',#3309,#600);
#455=LINE('',#3310,#601);
#456=LINE('',#3318,#602);
#457=LINE('',#3322,#603);
#458=LINE('',#3341,#604);
#459=LINE('',#3343,#605);
#460=LINE('',#3345,#606);
#461=LINE('',#3347,#607);
#462=LINE('',#3348,#608);
#463=LINE('',#3487,#609);
#464=LINE('',#3488,#610);
#465=LINE('',#3491,#611);
#466=LINE('',#3517,#612);
#467=LINE('',#3518,#613);
#468=LINE('',#3524,#614);
#469=LINE('',#3528,#615);
#470=LINE('',#3532,#616);
#471=LINE('',#3535,#617);
#472=LINE('',#3538,#618);
#473=LINE('',#3557,#619);
#474=LINE('',#3562,#620);
#475=LINE('',#3564,#621);
#476=LINE('',#3584,#622);
#477=LINE('',#3589,#623);
#478=LINE('',#3591,#624);
#479=LINE('',#3595,#625);
#480=LINE('',#3599,#626);
#481=LINE('',#3601,#627);
#482=LINE('',#3604,#628);
#483=LINE('',#3608,#629);
#484=LINE('',#3610,#630);
#485=LINE('',#3612,#631);
#486=LINE('',#3614,#632);
#487=LINE('',#3615,#633);
#488=LINE('',#3621,#634);
#489=LINE('',#3625,#635);
#490=LINE('',#3629,#636);
#491=LINE('',#3633,#637);
#492=LINE('',#3636,#638);
#493=LINE('',#3637,#639);
#494=LINE('',#3640,#640);
#495=LINE('',#3642,#641);
#496=LINE('',#3644,#642);
#497=LINE('',#3646,#643);
#498=LINE('',#3648,#644);
#499=LINE('',#3650,#645);
#500=LINE('',#3651,#646);
#501=LINE('',#3664,#647);
#502=LINE('',#3665,#648);
#503=LINE('',#3668,#649);
#504=LINE('',#3670,#650);
#505=LINE('',#3671,#651);
#506=LINE('',#3685,#652);
#507=LINE('',#3686,#653);
#508=LINE('',#3688,#654);
#509=LINE('',#3695,#655);
#510=LINE('',#3698,#656);
#511=LINE('',#3701,#657);
#512=LINE('',#3703,#658);
#513=LINE('',#3705,#659);
#514=LINE('',#3707,#660);
#515=LINE('',#3708,#661);
#516=LINE('',#3710,#662);
#517=LINE('',#3712,#663);
#518=LINE('',#3714,#664);
#519=LINE('',#3716,#665);
#520=LINE('',#3717,#666);
#521=LINE('',#3723,#667);
#522=LINE('',#3732,#668);
#523=LINE('',#3733,#669);
#524=LINE('',#3734,#670);
#525=LINE('',#3739,#671);
#526=LINE('',#3740,#672);
#527=LINE('',#3749,#673);
#528=LINE('',#3751,#674);
#529=LINE('',#3753,#675);
#530=LINE('',#3757,#676);
#531=LINE('',#3767,#677);
#532=LINE('',#3768,#678);
#533=LINE('',#3769,#679);
#534=LINE('',#3771,#680);
#535=LINE('',#3772,#681);
#536=LINE('',#3777,#682);
#537=LINE('',#3786,#683);
#538=LINE('',#3787,#684);
#539=LINE('',#3789,#685);
#540=LINE('',#3794,#686);
#541=LINE('',#3800,#687);
#542=LINE('',#3810,#688);
#543=LINE('',#3819,#689);
#544=LINE('',#3824,#690);
#545=LINE('',#3826,#691);
#546=LINE('',#3831,#692);
#547=LINE('',#3835,#693);
#548=LINE('',#3838,#694);
#549=LINE('',#3841,#695);
#550=LINE('',#3845,#696);
#551=LINE('',#3848,#697);
#552=LINE('',#3851,#698);
#553=LINE('',#3855,#699);
#554=LINE('',#3858,#700);
#555=LINE('',#3861,#701);
#556=LINE('',#3862,#702);
#557=LINE('',#3866,#703);
#558=LINE('',#3869,#704);
#559=LINE('',#3870,#705);
#560=LINE('',#3874,#706);
#561=LINE('',#3876,#707);
#562=LINE('',#3879,#708);
#563=LINE('',#3880,#709);
#564=LINE('',#3884,#710);
#565=LINE('',#3887,#711);
#566=LINE('',#3888,#712);
#567=LINE('',#3892,#713);
#568=LINE('',#3894,#714);
#569=LINE('',#3897,#715);
#570=LINE('',#3898,#716);
#571=LINE('',#3902,#717);
#572=LINE('',#3905,#718);
#573=LINE('',#3906,#719);
#574=LINE('',#3910,#720);
#575=LINE('',#3912,#721);
#576=LINE('',#3915,#722);
#577=LINE('',#3916,#723);
#578=LINE('',#3920,#724);
#579=LINE('',#3923,#725);
#580=LINE('',#3924,#726);
#581=LINE('',#3928,#727);
#582=LINE('',#3930,#728);
#583=VECTOR('',#2338,1.6);
#584=VECTOR('',#2345,1.6);
#585=VECTOR('',#2352,1.6);
#586=VECTOR('',#2359,1.6);
#587=VECTOR('',#2366,1.6);
#588=VECTOR('',#2373,1.6);
#589=VECTOR('',#2380,1.6);
#590=VECTOR('',#2387,1.6);
#591=VECTOR('',#2394,3.);
#592=VECTOR('',#2403,3.);
#593=VECTOR('',#2412,3.);
#594=VECTOR('',#2423,3.);
#595=VECTOR('',#2434,10.);
#596=VECTOR('',#2443,10.);
#597=VECTOR('',#2446,10.);
#598=VECTOR('',#2451,10.);
#599=VECTOR('',#2454,10.);
#600=VECTOR('',#2463,10.);
#601=VECTOR('',#2464,10.);
#602=VECTOR('',#2471,10.);
#603=VECTOR('',#2474,10.);
#604=VECTOR('',#2487,10.);
#605=VECTOR('',#2488,10.);
#606=VECTOR('',#2491,10.);
#607=VECTOR('',#2494,10.);
#608=VECTOR('',#2495,10.);
#609=VECTOR('',#2500,10.);
#610=VECTOR('',#2501,10.);
#611=VECTOR('',#2504,10.);
#612=VECTOR('',#2515,10.);
#613=VECTOR('',#2516,10.);
#614=VECTOR('',#2521,10.);
#615=VECTOR('',#2524,10.);
#616=VECTOR('',#2527,10.);
#617=VECTOR('',#2530,10.);
#618=VECTOR('',#2533,10.);
#619=VECTOR('',#2536,10.);
#620=VECTOR('',#2541,10.);
#621=VECTOR('',#2542,10.);
#622=VECTOR('',#2545,10.);
#623=VECTOR('',#2550,10.);
#624=VECTOR('',#2551,10.);
#625=VECTOR('',#2554,10.);
#626=VECTOR('',#2557,10.);
#627=VECTOR('',#2558,10.);
#628=VECTOR('',#2561,10.);
#629=VECTOR('',#2564,10.);
#630=VECTOR('',#2567,10.);
#631=VECTOR('',#2568,10.);
#632=VECTOR('',#2569,10.);
#633=VECTOR('',#2570,10.);
#634=VECTOR('',#2577,10.);
#635=VECTOR('',#2580,10.);
#636=VECTOR('',#2583,10.);
#637=VECTOR('',#2586,10.);
#638=VECTOR('',#2591,10.);
#639=VECTOR('',#2592,10.);
#640=VECTOR('',#2595,10.);
#641=VECTOR('',#2596,10.);
#642=VECTOR('',#2597,10.);
#643=VECTOR('',#2598,10.);
#644=VECTOR('',#2599,10.);
#645=VECTOR('',#2600,10.);
#646=VECTOR('',#2601,10.);
#647=VECTOR('',#2608,10.);
#648=VECTOR('',#2609,10.);
#649=VECTOR('',#2612,10.);
#650=VECTOR('',#2613,10.);
#651=VECTOR('',#2614,10.);
#652=VECTOR('',#2633,10.);
#653=VECTOR('',#2634,10.);
#654=VECTOR('',#2637,10.);
#655=VECTOR('',#2644,10.);
#656=VECTOR('',#2647,10.);
#657=VECTOR('',#2650,10.);
#658=VECTOR('',#2651,10.);
#659=VECTOR('',#2652,10.);
#660=VECTOR('',#2653,10.);
#661=VECTOR('',#2654,10.);
#662=VECTOR('',#2655,10.);
#663=VECTOR('',#2656,10.);
#664=VECTOR('',#2657,10.);
#665=VECTOR('',#2658,10.);
#666=VECTOR('',#2659,10.);
#667=VECTOR('',#2666,10.);
#668=VECTOR('',#2677,10.);
#669=VECTOR('',#2678,10.);
#670=VECTOR('',#2679,10.);
#671=VECTOR('',#2684,10.);
#672=VECTOR('',#2685,10.);
#673=VECTOR('',#2698,10.);
#674=VECTOR('',#2701,10.);
#675=VECTOR('',#2702,10.);
#676=VECTOR('',#2707,10.);
#677=VECTOR('',#2720,10.);
#678=VECTOR('',#2721,10.);
#679=VECTOR('',#2722,10.);
#680=VECTOR('',#2725,10.);
#681=VECTOR('',#2726,10.);
#682=VECTOR('',#2731,10.);
#683=VECTOR('',#2744,10.);
#684=VECTOR('',#2745,10.);
#685=VECTOR('',#2748,10.);
#686=VECTOR('',#2757,10.);
#687=VECTOR('',#2764,10.);
#688=VECTOR('',#2779,10.);
#689=VECTOR('',#2792,10.);
#690=VECTOR('',#2801,10.);
#691=VECTOR('',#2804,10.);
#692=VECTOR('',#2811,10.);
#693=VECTOR('',#2814,10.);
#694=VECTOR('',#2817,10.);
#695=VECTOR('',#2820,10.);
#696=VECTOR('',#2823,10.);
#697=VECTOR('',#2826,10.);
#698=VECTOR('',#2829,10.);
#699=VECTOR('',#2832,10.);
#700=VECTOR('',#2835,10.);
#701=VECTOR('',#2838,10.);
#702=VECTOR('',#2839,10.);
#703=VECTOR('',#2844,10.);
#704=VECTOR('',#2847,10.);
#705=VECTOR('',#2848,10.);
#706=VECTOR('',#2853,10.);
#707=VECTOR('',#2856,10.);
#708=VECTOR('',#2859,10.);
#709=VECTOR('',#2860,10.);
#710=VECTOR('',#2865,10.);
#711=VECTOR('',#2868,10.);
#712=VECTOR('',#2869,10.);
#713=VECTOR('',#2874,10.);
#714=VECTOR('',#2877,10.);
#715=VECTOR('',#2880,10.);
#716=VECTOR('',#2881,10.);
#717=VECTOR('',#2886,10.);
#718=VECTOR('',#2889,10.);
#719=VECTOR('',#2890,10.);
#720=VECTOR('',#2895,10.);
#721=VECTOR('',#2898,10.);
#722=VECTOR('',#2901,10.);
#723=VECTOR('',#2902,10.);
#724=VECTOR('',#2907,10.);
#725=VECTOR('',#2910,10.);
#726=VECTOR('',#2911,10.);
#727=VECTOR('',#2916,10.);
#728=VECTOR('',#2919,10.);
#729=CIRCLE('',#2096,1.6);
#730=CIRCLE('',#2097,1.6);
#731=CIRCLE('',#2099,1.6);
#732=CIRCLE('',#2100,1.6);
#733=CIRCLE('',#2102,1.6);
#734=CIRCLE('',#2103,1.6);
#735=CIRCLE('',#2105,1.6);
#736=CIRCLE('',#2106,1.6);
#737=CIRCLE('',#2108,1.6);
#738=CIRCLE('',#2109,1.6);
#739=CIRCLE('',#2111,1.6);
#740=CIRCLE('',#2112,1.6);
#741=CIRCLE('',#2114,1.6);
#742=CIRCLE('',#2115,1.6);
#743=CIRCLE('',#2117,1.6);
#744=CIRCLE('',#2118,1.6);
#745=CIRCLE('',#2120,3.);
#746=CIRCLE('',#2121,3.);
#747=CIRCLE('',#2124,3.);
#748=CIRCLE('',#2125,3.);
#749=CIRCLE('',#2128,3.);
#750=CIRCLE('',#2129,3.);
#751=CIRCLE('',#2130,3.);
#752=CIRCLE('',#2133,3.);
#753=CIRCLE('',#2134,3.);
#754=CIRCLE('',#2135,3.);
#755=CIRCLE('',#2138,1.5);
#756=CIRCLE('',#2139,1.5);
#757=CIRCLE('',#2140,1.5);
#758=CIRCLE('',#2141,3.00000000000001);
#759=CIRCLE('',#2143,1.5);
#760=CIRCLE('',#2145,1.5);
#761=CIRCLE('',#2146,1.5);
#762=CIRCLE('',#2147,1.5);
#763=CIRCLE('',#2148,3.);
#764=CIRCLE('',#2149,1.5);
#765=CIRCLE('',#2152,1.5);
#766=CIRCLE('',#2153,3.00000000000002);
#767=CIRCLE('',#2154,1.5);
#768=CIRCLE('',#2155,6.);
#769=CIRCLE('',#2157,1.5);
#770=CIRCLE('',#2158,1.5);
#771=CIRCLE('',#2159,3.);
#772=CIRCLE('',#2161,1.5);
#773=CIRCLE('',#2163,1.5);
#774=CIRCLE('',#2165,1.5);
#775=CIRCLE('',#2166,3.00000000000001);
#776=CIRCLE('',#2168,1.5);
#777=CIRCLE('',#2169,3.);
#778=CIRCLE('',#2172,1.5);
#779=CIRCLE('',#2173,3.00000000000001);
#780=CIRCLE('',#2174,1.5);
#781=CIRCLE('',#2175,6.);
#782=CIRCLE('',#2177,1.5);
#783=CIRCLE('',#2179,1.5);
#784=CIRCLE('',#2180,1.5);
#785=CIRCLE('',#2182,1.5);
#786=CIRCLE('',#2183,3.00000000000001);
#787=CIRCLE('',#2184,3.);
#788=CIRCLE('',#2185,1.5);
#789=CIRCLE('',#2186,4.5);
#790=CIRCLE('',#2187,4.50000000000001);
#791=CIRCLE('',#2190,6.00000000000001);
#792=CIRCLE('',#2191,6.00000000000001);
#793=CIRCLE('',#2192,1.5);
#794=CIRCLE('',#2193,3.);
#795=CIRCLE('',#2194,3.00000000000001);
#796=CIRCLE('',#2197,3.00000000000002);
#797=CIRCLE('',#2202,1.5);
#798=CIRCLE('',#2203,3.);
#799=CIRCLE('',#2204,1.5);
#800=CIRCLE('',#2206,1.5);
#801=CIRCLE('',#2207,3.);
#802=CIRCLE('',#2208,1.5);
#803=CIRCLE('',#2213,1.5);
#804=CIRCLE('',#2214,1.5);
#805=CIRCLE('',#2217,1.5);
#806=CIRCLE('',#2218,1.5);
#807=CIRCLE('',#2220,1.5);
#808=CIRCLE('',#2221,1.5);
#809=CIRCLE('',#2222,1.5);
#810=CIRCLE('',#2225,1.5);
#811=CIRCLE('',#2227,1.5);
#812=CIRCLE('',#2228,4.50000000000001);
#813=CIRCLE('',#2229,6.00000000000001);
#814=CIRCLE('',#2231,1.5);
#815=CIRCLE('',#2237,1.5);
#816=CIRCLE('',#2238,1.5);
#817=CIRCLE('',#2239,1.5);
#818=CIRCLE('',#2243,1.5);
#819=CIRCLE('',#2244,1.5);
#820=CIRCLE('',#2246,1.5);
#821=CIRCLE('',#2247,4.5);
#822=CIRCLE('',#2248,6.);
#823=CIRCLE('',#2257,1.5);
#824=CIRCLE('',#2258,1.5);
#825=CIRCLE('',#2260,1.5);
#826=CIRCLE('',#2261,4.50000000000001);
#827=CIRCLE('',#2262,6.00000000000001);
#828=CIRCLE('',#2264,1.5);
#829=CIRCLE('',#2266,1.5);
#830=CIRCLE('',#2267,4.5);
#831=CIRCLE('',#2268,6.);
#832=CIRCLE('',#2270,1.5);
#833=CIRCLE('',#2279,3.);
#834=CIRCLE('',#2280,3.00000000000001);
#835=CIRCLE('',#2282,3.00000000000001);
#836=CIRCLE('',#2283,3.);
#837=CIRCLE('',#2285,3.);
#838=CIRCLE('',#2286,3.00000000000001);
#839=CIRCLE('',#2289,3.00000000000001);
#840=CIRCLE('',#2292,3.);
#841=CIRCLE('',#2296,3.);
#842=CIRCLE('',#2299,3.00000000000001);
#843=CIRCLE('',#2303,3.00000000000001);
#844=CIRCLE('',#2306,3.);
#845=CIRCLE('',#2310,3.);
#846=CIRCLE('',#2313,3.00000000000001);
#847=CIRCLE('',#2316,3.00000000000001);
#848=CIRCLE('',#2317,3.00000000000002);
#849=CIRCLE('',#2318,3.00000000000001);
#850=CIRCLE('',#2319,3.);
#851=CIRCLE('',#2320,6.00000000000001);
#852=CIRCLE('',#2321,6.);
#853=CIRCLE('',#2322,6.00000000000001);
#854=CIRCLE('',#2323,6.);
#855=CIRCLE('',#2324,3.00000000000001);
#856=CIRCLE('',#2325,3.);
#857=CIRCLE('',#2326,3.00000000000001);
#858=CIRCLE('',#2327,3.);
#859=CIRCLE('',#2328,3.00000000000001);
#860=CIRCLE('',#2329,3.);
#861=CIRCLE('',#2330,3.);
#862=CIRCLE('',#2331,3.00000000000001);
#863=VERTEX_POINT('',#2956);
#864=VERTEX_POINT('',#2958);
#865=VERTEX_POINT('',#2962);
#866=VERTEX_POINT('',#2964);
#867=VERTEX_POINT('',#2968);
#868=VERTEX_POINT('',#2970);
#869=VERTEX_POINT('',#2974);
#870=VERTEX_POINT('',#2976);
#871=VERTEX_POINT('',#2980);
#872=VERTEX_POINT('',#2982);
#873=VERTEX_POINT('',#2986);
#874=VERTEX_POINT('',#2988);
#875=VERTEX_POINT('',#2992);
#876=VERTEX_POINT('',#2994);
#877=VERTEX_POINT('',#2998);
#878=VERTEX_POINT('',#3000);
#879=VERTEX_POINT('',#3004);
#880=VERTEX_POINT('',#3006);
#881=VERTEX_POINT('',#3008);
#882=VERTEX_POINT('',#3013);
#883=VERTEX_POINT('',#3022);
#884=VERTEX_POINT('',#3027);
#885=VERTEX_POINT('',#3034);
#886=VERTEX_POINT('',#3044);
#887=VERTEX_POINT('',#3046);
#888=VERTEX_POINT('',#3048);
#889=VERTEX_POINT('',#3055);
#890=VERTEX_POINT('',#3057);
#891=VERTEX_POINT('',#3066);
#892=VERTEX_POINT('',#3081);
#893=VERTEX_POINT('',#3083);
#894=VERTEX_POINT('',#3085);
#895=VERTEX_POINT('',#3087);
#896=VERTEX_POINT('',#3101);
#897=VERTEX_POINT('',#3103);
#898=VERTEX_POINT('',#3105);
#899=VERTEX_POINT('',#3107);
#900=VERTEX_POINT('',#3121);
#901=VERTEX_POINT('',#3123);
#902=VERTEX_POINT('',#3135);
#903=VERTEX_POINT('',#3139);
#904=VERTEX_POINT('',#3141);
#905=VERTEX_POINT('',#3145);
#906=VERTEX_POINT('',#3147);
#907=VERTEX_POINT('',#3149);
#908=VERTEX_POINT('',#3161);
#909=VERTEX_POINT('',#3204);
#910=VERTEX_POINT('',#3205);
#911=VERTEX_POINT('',#3214);
#912=VERTEX_POINT('',#3279);
#913=VERTEX_POINT('',#3281);
#914=VERTEX_POINT('',#3308);
#915=VERTEX_POINT('',#3312);
#916=VERTEX_POINT('',#3313);
#917=VERTEX_POINT('',#3315);
#918=VERTEX_POINT('',#3317);
#919=VERTEX_POINT('',#3319);
#920=VERTEX_POINT('',#3321);
#921=VERTEX_POINT('',#3325);
#922=VERTEX_POINT('',#3326);
#923=VERTEX_POINT('',#3328);
#924=VERTEX_POINT('',#3330);
#925=VERTEX_POINT('',#3342);
#926=VERTEX_POINT('',#3394);
#927=VERTEX_POINT('',#3395);
#928=VERTEX_POINT('',#3402);
#929=VERTEX_POINT('',#3423);
#930=VERTEX_POINT('',#3429);
#931=VERTEX_POINT('',#3489);
#932=VERTEX_POINT('',#3503);
#933=VERTEX_POINT('',#3505);
#934=VERTEX_POINT('',#3516);
#935=VERTEX_POINT('',#3520);
#936=VERTEX_POINT('',#3521);
#937=VERTEX_POINT('',#3523);
#938=VERTEX_POINT('',#3525);
#939=VERTEX_POINT('',#3527);
#940=VERTEX_POINT('',#3529);
#941=VERTEX_POINT('',#3531);
#942=VERTEX_POINT('',#3533);
#943=VERTEX_POINT('',#3537);
#944=VERTEX_POINT('',#3539);
#945=VERTEX_POINT('',#3559);
#946=VERTEX_POINT('',#3560);
#947=VERTEX_POINT('',#3563);
#948=VERTEX_POINT('',#3565);
#949=VERTEX_POINT('',#3567);
#950=VERTEX_POINT('',#3586);
#951=VERTEX_POINT('',#3588);
#952=VERTEX_POINT('',#3590);
#953=VERTEX_POINT('',#3592);
#954=VERTEX_POINT('',#3594);
#955=VERTEX_POINT('',#3596);
#956=VERTEX_POINT('',#3598);
#957=VERTEX_POINT('',#3600);
#958=VERTEX_POINT('',#3602);
#959=VERTEX_POINT('',#3605);
#960=VERTEX_POINT('',#3607);
#961=VERTEX_POINT('',#3611);
#962=VERTEX_POINT('',#3613);
#963=VERTEX_POINT('',#3618);
#964=VERTEX_POINT('',#3620);
#965=VERTEX_POINT('',#3622);
#966=VERTEX_POINT('',#3624);
#967=VERTEX_POINT('',#3626);
#968=VERTEX_POINT('',#3628);
#969=VERTEX_POINT('',#3630);
#970=VERTEX_POINT('',#3632);
#971=VERTEX_POINT('',#3639);
#972=VERTEX_POINT('',#3641);
#973=VERTEX_POINT('',#3643);
#974=VERTEX_POINT('',#3645);
#975=VERTEX_POINT('',#3647);
#976=VERTEX_POINT('',#3649);
#977=VERTEX_POINT('',#3667);
#978=VERTEX_POINT('',#3669);
#979=VERTEX_POINT('',#3673);
#980=VERTEX_POINT('',#3675);
#981=VERTEX_POINT('',#3679);
#982=VERTEX_POINT('',#3681);
#983=VERTEX_POINT('',#3691);
#984=VERTEX_POINT('',#3692);
#985=VERTEX_POINT('',#3694);
#986=VERTEX_POINT('',#3696);
#987=VERTEX_POINT('',#3700);
#988=VERTEX_POINT('',#3702);
#989=VERTEX_POINT('',#3704);
#990=VERTEX_POINT('',#3706);
#991=VERTEX_POINT('',#3709);
#992=VERTEX_POINT('',#3711);
#993=VERTEX_POINT('',#3713);
#994=VERTEX_POINT('',#3715);
#995=VERTEX_POINT('',#3719);
#996=VERTEX_POINT('',#3721);
#997=VERTEX_POINT('',#3725);
#998=VERTEX_POINT('',#3726);
#999=VERTEX_POINT('',#3728);
#1000=VERTEX_POINT('',#3736);
#1001=VERTEX_POINT('',#3737);
#1002=VERTEX_POINT('',#3742);
#1003=VERTEX_POINT('',#3747);
#1004=VERTEX_POINT('',#3752);
#1005=VERTEX_POINT('',#3756);
#1006=VERTEX_POINT('',#3760);
#1007=VERTEX_POINT('',#3761);
#1008=VERTEX_POINT('',#3763);
#1009=VERTEX_POINT('',#3774);
#1010=VERTEX_POINT('',#3776);
#1011=VERTEX_POINT('',#3780);
#1012=VERTEX_POINT('',#3781);
#1013=VERTEX_POINT('',#3797);
#1014=VERTEX_POINT('',#3799);
#1015=VERTEX_POINT('',#3803);
#1016=VERTEX_POINT('',#3808);
#1017=VERTEX_POINT('',#3812);
#1018=VERTEX_POINT('',#3817);
#1019=VERTEX_POINT('',#3830);
#1020=VERTEX_POINT('',#3832);
#1021=VERTEX_POINT('',#3834);
#1022=VERTEX_POINT('',#3836);
#1023=VERTEX_POINT('',#3840);
#1024=VERTEX_POINT('',#3842);
#1025=VERTEX_POINT('',#3844);
#1026=VERTEX_POINT('',#3846);
#1027=VERTEX_POINT('',#3850);
#1028=VERTEX_POINT('',#3852);
#1029=VERTEX_POINT('',#3854);
#1030=VERTEX_POINT('',#3856);
#1031=VERTEX_POINT('',#3860);
#1032=VERTEX_POINT('',#3864);
#1033=VERTEX_POINT('',#3868);
#1034=VERTEX_POINT('',#3872);
#1035=VERTEX_POINT('',#3878);
#1036=VERTEX_POINT('',#3882);
#1037=VERTEX_POINT('',#3886);
#1038=VERTEX_POINT('',#3890);
#1039=VERTEX_POINT('',#3896);
#1040=VERTEX_POINT('',#3900);
#1041=VERTEX_POINT('',#3904);
#1042=VERTEX_POINT('',#3908);
#1043=VERTEX_POINT('',#3914);
#1044=VERTEX_POINT('',#3918);
#1045=VERTEX_POINT('',#3922);
#1046=VERTEX_POINT('',#3926);
#1047=EDGE_CURVE('',#863,#863,#729,.T.);
#1048=EDGE_CURVE('',#863,#864,#437,.T.);
#1049=EDGE_CURVE('',#864,#864,#730,.T.);
#1050=EDGE_CURVE('',#865,#865,#731,.T.);
#1051=EDGE_CURVE('',#865,#866,#438,.T.);
#1052=EDGE_CURVE('',#866,#866,#732,.T.);
#1053=EDGE_CURVE('',#867,#867,#733,.T.);
#1054=EDGE_CURVE('',#867,#868,#439,.T.);
#1055=EDGE_CURVE('',#868,#868,#734,.T.);
#1056=EDGE_CURVE('',#869,#869,#735,.T.);
#1057=EDGE_CURVE('',#869,#870,#440,.T.);
#1058=EDGE_CURVE('',#870,#870,#736,.T.);
#1059=EDGE_CURVE('',#871,#871,#737,.T.);
#1060=EDGE_CURVE('',#871,#872,#441,.T.);
#1061=EDGE_CURVE('',#872,#872,#738,.T.);
#1062=EDGE_CURVE('',#873,#873,#739,.T.);
#1063=EDGE_CURVE('',#873,#874,#442,.T.);
#1064=EDGE_CURVE('',#874,#874,#740,.T.);
#1065=EDGE_CURVE('',#875,#875,#741,.T.);
#1066=EDGE_CURVE('',#875,#876,#443,.T.);
#1067=EDGE_CURVE('',#876,#876,#742,.T.);
#1068=EDGE_CURVE('',#877,#877,#743,.T.);
#1069=EDGE_CURVE('',#877,#878,#444,.T.);
#1070=EDGE_CURVE('',#878,#878,#744,.T.);
#1071=EDGE_CURVE('',#879,#879,#745,.T.);
#1072=EDGE_CURVE('',#879,#880,#445,.T.);
#1073=EDGE_CURVE('',#881,#880,#184,.T.);
#1074=EDGE_CURVE('',#882,#881,#185,.T.);
#1075=EDGE_CURVE('',#883,#882,#186,.T.);
#1076=EDGE_CURVE('',#884,#883,#187,.T.);
#1077=EDGE_CURVE('',#885,#884,#746,.T.);
#1078=EDGE_CURVE('',#880,#885,#188,.T.);
#1079=EDGE_CURVE('',#886,#886,#747,.T.);
#1080=EDGE_CURVE('',#886,#887,#446,.T.);
#1081=EDGE_CURVE('',#888,#887,#189,.T.);
#1082=EDGE_CURVE('',#889,#888,#748,.T.);
#1083=EDGE_CURVE('',#890,#889,#190,.T.);
#1084=EDGE_CURVE('',#891,#890,#191,.T.);
#1085=EDGE_CURVE('',#887,#891,#192,.T.);
#1086=EDGE_CURVE('',#892,#892,#749,.T.);
#1087=EDGE_CURVE('',#892,#893,#447,.T.);
#1088=EDGE_CURVE('',#894,#893,#750,.T.);
#1089=EDGE_CURVE('',#895,#894,#193,.T.);
#1090=EDGE_CURVE('',#893,#895,#751,.T.);
#1091=EDGE_CURVE('',#896,#896,#752,.T.);
#1092=EDGE_CURVE('',#896,#897,#448,.T.);
#1093=EDGE_CURVE('',#898,#897,#753,.T.);
#1094=EDGE_CURVE('',#899,#898,#194,.T.);
#1095=EDGE_CURVE('',#897,#899,#754,.T.);
#1096=EDGE_CURVE('',#900,#882,#755,.T.);
#1097=EDGE_CURVE('',#900,#901,#449,.T.);
#1098=EDGE_CURVE('',#883,#901,#756,.T.);
#1099=EDGE_CURVE('',#902,#881,#757,.T.);
#1100=EDGE_CURVE('',#902,#900,#758,.T.);
#1101=EDGE_CURVE('',#885,#903,#450,.T.);
#1102=EDGE_CURVE('',#903,#904,#759,.F.);
#1103=EDGE_CURVE('',#904,#902,#451,.T.);
#1104=EDGE_CURVE('',#905,#891,#760,.T.);
#1105=EDGE_CURVE('',#905,#906,#452,.T.);
#1106=EDGE_CURVE('',#906,#907,#761,.F.);
#1107=EDGE_CURVE('',#907,#888,#453,.T.);
#1108=EDGE_CURVE('',#908,#890,#762,.T.);
#1109=EDGE_CURVE('',#908,#905,#763,.T.);
#1110=EDGE_CURVE('',#909,#910,#195,.T.);
#1111=EDGE_CURVE('',#910,#911,#196,.T.);
#1112=EDGE_CURVE('',#912,#911,#764,.T.);
#1113=EDGE_CURVE('',#912,#913,#197,.T.);
#1114=EDGE_CURVE('',#913,#909,#198,.F.);
#1115=EDGE_CURVE('',#914,#912,#454,.T.);
#1116=EDGE_CURVE('',#913,#914,#455,.T.);
#1117=EDGE_CURVE('',#915,#916,#765,.T.);
#1118=EDGE_CURVE('',#915,#917,#766,.T.);
#1119=EDGE_CURVE('',#917,#918,#456,.T.);
#1120=EDGE_CURVE('',#919,#918,#767,.T.);
#1121=EDGE_CURVE('',#919,#920,#457,.T.);
#1122=EDGE_CURVE('',#920,#916,#768,.T.);
#1123=EDGE_CURVE('',#921,#922,#769,.T.);
#1124=EDGE_CURVE('',#922,#923,#770,.T.);
#1125=EDGE_CURVE('',#923,#924,#199,.F.);
#1126=EDGE_CURVE('',#924,#921,#771,.T.);
#1127=EDGE_CURVE('',#894,#923,#458,.T.);
#1128=EDGE_CURVE('',#922,#925,#459,.T.);
#1129=EDGE_CURVE('',#925,#910,#772,.T.);
#1130=EDGE_CURVE('',#909,#895,#460,.T.);
#1131=EDGE_CURVE('',#918,#922,#461,.T.);
#1132=EDGE_CURVE('',#925,#917,#462,.T.);
#1133=EDGE_CURVE('',#926,#927,#200,.T.);
#1134=EDGE_CURVE('',#928,#927,#201,.T.);
#1135=EDGE_CURVE('',#928,#929,#202,.T.);
#1136=EDGE_CURVE('',#929,#930,#773,.T.);
#1137=EDGE_CURVE('',#930,#926,#203,.T.);
#1138=EDGE_CURVE('',#889,#899,#463,.T.);
#1139=EDGE_CURVE('',#898,#927,#464,.T.);
#1140=EDGE_CURVE('',#931,#926,#774,.T.);
#1141=EDGE_CURVE('',#931,#908,#465,.T.);
#1142=EDGE_CURVE('',#930,#931,#775,.T.);
#1143=EDGE_CURVE('',#932,#901,#776,.T.);
#1144=EDGE_CURVE('',#932,#933,#777,.T.);
#1145=EDGE_CURVE('',#933,#884,#204,.F.);
#1146=EDGE_CURVE('',#934,#932,#466,.T.);
#1147=EDGE_CURVE('',#933,#934,#467,.T.);
#1148=EDGE_CURVE('',#935,#936,#778,.T.);
#1149=EDGE_CURVE('',#935,#937,#468,.T.);
#1150=EDGE_CURVE('',#937,#938,#779,.T.);
#1151=EDGE_CURVE('',#938,#939,#469,.T.);
#1152=EDGE_CURVE('',#940,#939,#780,.T.);
#1153=EDGE_CURVE('',#940,#941,#470,.T.);
#1154=EDGE_CURVE('',#941,#942,#781,.T.);
#1155=EDGE_CURVE('',#942,#936,#471,.T.);
#1156=EDGE_CURVE('',#916,#943,#472,.T.);
#1157=EDGE_CURVE('',#943,#944,#205,.T.);
#1158=EDGE_CURVE('',#944,#914,#782,.T.);
#1159=EDGE_CURVE('',#911,#915,#473,.T.);
#1160=EDGE_CURVE('',#945,#946,#783,.T.);
#1161=EDGE_CURVE('',#946,#930,#474,.T.);
#1162=EDGE_CURVE('',#929,#947,#475,.T.);
#1163=EDGE_CURVE('',#947,#948,#784,.T.);
#1164=EDGE_CURVE('',#949,#948,#206,.T.);
#1165=EDGE_CURVE('',#949,#945,#476,.T.);
#1166=EDGE_CURVE('',#950,#934,#785,.F.);
#1167=EDGE_CURVE('',#951,#950,#477,.T.);
#1168=EDGE_CURVE('',#952,#951,#478,.T.);
#1169=EDGE_CURVE('',#953,#952,#786,.T.);
#1170=EDGE_CURVE('',#954,#953,#479,.T.);
#1171=EDGE_CURVE('',#955,#954,#787,.T.);
#1172=EDGE_CURVE('',#956,#955,#480,.T.);
#1173=EDGE_CURVE('',#957,#956,#481,.T.);
#1174=EDGE_CURVE('',#958,#957,#788,.F.);
#1175=EDGE_CURVE('',#958,#924,#482,.T.);
#1176=EDGE_CURVE('',#959,#944,#789,.T.);
#1177=EDGE_CURVE('',#960,#959,#483,.T.);
#1178=EDGE_CURVE('',#948,#960,#790,.T.);
#1179=EDGE_CURVE('',#947,#928,#484,.T.);
#1180=EDGE_CURVE('',#961,#907,#485,.T.);
#1181=EDGE_CURVE('',#962,#961,#486,.T.);
#1182=EDGE_CURVE('',#903,#962,#487,.T.);
#1183=EDGE_CURVE('',#945,#963,#791,.T.);
#1184=EDGE_CURVE('',#963,#964,#488,.T.);
#1185=EDGE_CURVE('',#964,#965,#792,.T.);
#1186=EDGE_CURVE('',#965,#966,#489,.T.);
#1187=EDGE_CURVE('',#967,#966,#793,.T.);
#1188=EDGE_CURVE('',#967,#968,#490,.T.);
#1189=EDGE_CURVE('',#968,#969,#794,.T.);
#1190=EDGE_CURVE('',#969,#970,#491,.T.);
#1191=EDGE_CURVE('',#970,#946,#795,.T.);
#1192=EDGE_CURVE('',#921,#958,#492,.T.);
#1193=EDGE_CURVE('',#957,#919,#493,.T.);
#1194=EDGE_CURVE('',#956,#971,#494,.T.);
#1195=EDGE_CURVE('',#972,#971,#495,.T.);
#1196=EDGE_CURVE('',#973,#972,#496,.T.);
#1197=EDGE_CURVE('',#974,#973,#497,.T.);
#1198=EDGE_CURVE('',#974,#975,#498,.T.);
#1199=EDGE_CURVE('',#976,#975,#499,.T.);
#1200=EDGE_CURVE('',#920,#976,#500,.T.);
#1201=EDGE_CURVE('',#925,#911,#796,.T.);
#1202=EDGE_CURVE('',#936,#950,#501,.T.);
#1203=EDGE_CURVE('',#901,#935,#502,.T.);
#1204=EDGE_CURVE('',#942,#977,#503,.T.);
#1205=EDGE_CURVE('',#978,#977,#504,.T.);
#1206=EDGE_CURVE('',#951,#978,#505,.T.);
#1207=EDGE_CURVE('',#979,#903,#797,.T.);
#1208=EDGE_CURVE('',#979,#980,#798,.T.);
#1209=EDGE_CURVE('',#904,#980,#799,.T.);
#1210=EDGE_CURVE('',#981,#906,#800,.T.);
#1211=EDGE_CURVE('',#981,#982,#801,.T.);
#1212=EDGE_CURVE('',#907,#982,#802,.T.);
#1213=EDGE_CURVE('',#908,#969,#506,.T.);
#1214=EDGE_CURVE('',#905,#968,#507,.T.);
#1215=EDGE_CURVE('',#931,#970,#508,.T.);
#1216=EDGE_CURVE('',#983,#984,#803,.F.);
#1217=EDGE_CURVE('',#984,#985,#509,.T.);
#1218=EDGE_CURVE('',#985,#986,#804,.F.);
#1219=EDGE_CURVE('',#986,#983,#510,.T.);
#1220=EDGE_CURVE('',#987,#984,#511,.T.);
#1221=EDGE_CURVE('',#988,#987,#512,.T.);
#1222=EDGE_CURVE('',#988,#989,#513,.T.);
#1223=EDGE_CURVE('',#990,#989,#514,.T.);
#1224=EDGE_CURVE('',#964,#990,#515,.T.);
#1225=EDGE_CURVE('',#963,#991,#516,.T.);
#1226=EDGE_CURVE('',#992,#991,#517,.T.);
#1227=EDGE_CURVE('',#993,#992,#518,.T.);
#1228=EDGE_CURVE('',#994,#993,#519,.T.);
#1229=EDGE_CURVE('',#994,#985,#520,.T.);
#1230=EDGE_CURVE('',#995,#972,#805,.F.);
#1231=EDGE_CURVE('',#971,#996,#806,.F.);
#1232=EDGE_CURVE('',#996,#995,#521,.T.);
#1233=EDGE_CURVE('',#997,#998,#807,.F.);
#1234=EDGE_CURVE('',#999,#997,#808,.F.);
#1235=EDGE_CURVE('',#998,#999,#809,.F.);
#1236=EDGE_CURVE('',#966,#999,#522,.T.);
#1237=EDGE_CURVE('',#997,#981,#523,.T.);
#1238=EDGE_CURVE('',#906,#967,#524,.T.);
#1239=EDGE_CURVE('',#1000,#1001,#810,.T.);
#1240=EDGE_CURVE('',#1001,#998,#525,.T.);
#1241=EDGE_CURVE('',#999,#1000,#526,.T.);
#1242=EDGE_CURVE('',#990,#1002,#811,.T.);
#1243=EDGE_CURVE('',#1002,#1001,#812,.T.);
#1244=EDGE_CURVE('',#1000,#990,#813,.T.);
#1245=EDGE_CURVE('',#989,#1003,#814,.F.);
#1246=EDGE_CURVE('',#1003,#1002,#527,.T.);
#1247=EDGE_CURVE('',#982,#997,#528,.T.);
#1248=EDGE_CURVE('',#998,#1004,#529,.T.);
#1249=EDGE_CURVE('',#1004,#961,#110,.T.);
#1250=EDGE_CURVE('',#1004,#1005,#530,.T.);
#1251=EDGE_CURVE('',#1005,#962,#111,.T.);
#1252=EDGE_CURVE('',#1006,#1007,#815,.F.);
#1253=EDGE_CURVE('',#1008,#1006,#816,.F.);
#1254=EDGE_CURVE('',#1007,#1008,#817,.F.);
#1255=EDGE_CURVE('',#939,#904,#531,.T.);
#1256=EDGE_CURVE('',#980,#1008,#532,.T.);
#1257=EDGE_CURVE('',#1006,#940,#533,.T.);
#1258=EDGE_CURVE('',#1005,#1007,#534,.T.);
#1259=EDGE_CURVE('',#1008,#979,#535,.T.);
#1260=EDGE_CURVE('',#977,#1009,#818,.T.);
#1261=EDGE_CURVE('',#1009,#1010,#536,.T.);
#1262=EDGE_CURVE('',#1010,#978,#819,.F.);
#1263=EDGE_CURVE('',#1011,#1012,#820,.T.);
#1264=EDGE_CURVE('',#1012,#1009,#821,.T.);
#1265=EDGE_CURVE('',#977,#1011,#822,.T.);
#1266=EDGE_CURVE('',#1007,#1012,#537,.T.);
#1267=EDGE_CURVE('',#1011,#1006,#538,.T.);
#1268=EDGE_CURVE('',#965,#1000,#539,.T.);
#1269=EDGE_CURVE('',#941,#1011,#540,.T.);
#1270=EDGE_CURVE('',#991,#1013,#823,.T.);
#1271=EDGE_CURVE('',#1013,#1014,#541,.T.);
#1272=EDGE_CURVE('',#1014,#992,#824,.F.);
#1273=EDGE_CURVE('',#960,#1015,#825,.T.);
#1274=EDGE_CURVE('',#1015,#1013,#826,.T.);
#1275=EDGE_CURVE('',#991,#949,#827,.T.);
#1276=EDGE_CURVE('',#959,#1016,#828,.T.);
#1277=EDGE_CURVE('',#1016,#1015,#542,.T.);
#1278=EDGE_CURVE('',#976,#1017,#829,.T.);
#1279=EDGE_CURVE('',#1017,#1016,#830,.T.);
#1280=EDGE_CURVE('',#943,#976,#831,.T.);
#1281=EDGE_CURVE('',#975,#1018,#832,.F.);
#1282=EDGE_CURVE('',#1018,#1017,#543,.T.);
#1283=EDGE_CURVE('',#902,#938,#544,.T.);
#1284=EDGE_CURVE('',#900,#937,#545,.T.);
#1285=EDGE_CURVE('',#1019,#987,#546,.T.);
#1286=EDGE_CURVE('',#1020,#1019,#833,.T.);
#1287=EDGE_CURVE('',#1021,#1020,#547,.T.);
#1288=EDGE_CURVE('',#1022,#1021,#834,.T.);
#1289=EDGE_CURVE('',#988,#1022,#548,.T.);
#1290=EDGE_CURVE('',#1023,#993,#549,.T.);
#1291=EDGE_CURVE('',#1024,#1023,#835,.T.);
#1292=EDGE_CURVE('',#1025,#1024,#550,.T.);
#1293=EDGE_CURVE('',#1026,#1025,#836,.T.);
#1294=EDGE_CURVE('',#994,#1026,#551,.T.);
#1295=EDGE_CURVE('',#1027,#973,#552,.T.);
#1296=EDGE_CURVE('',#1028,#1027,#837,.T.);
#1297=EDGE_CURVE('',#1029,#1028,#553,.T.);
#1298=EDGE_CURVE('',#1030,#1029,#838,.T.);
#1299=EDGE_CURVE('',#974,#1030,#554,.T.);
#1300=EDGE_CURVE('',#1031,#1014,#555,.T.);
#1301=EDGE_CURVE('',#1023,#1031,#556,.T.);
#1302=EDGE_CURVE('',#1032,#1031,#839,.T.);
#1303=EDGE_CURVE('',#1024,#1032,#557,.T.);
#1304=EDGE_CURVE('',#1033,#1032,#558,.T.);
#1305=EDGE_CURVE('',#1025,#1033,#559,.T.);
#1306=EDGE_CURVE('',#1034,#1033,#840,.T.);
#1307=EDGE_CURVE('',#1026,#1034,#560,.T.);
#1308=EDGE_CURVE('',#986,#1034,#561,.T.);
#1309=EDGE_CURVE('',#1035,#983,#562,.T.);
#1310=EDGE_CURVE('',#1019,#1035,#563,.T.);
#1311=EDGE_CURVE('',#1036,#1035,#841,.T.);
#1312=EDGE_CURVE('',#1020,#1036,#564,.T.);
#1313=EDGE_CURVE('',#1037,#1036,#565,.T.);
#1314=EDGE_CURVE('',#1021,#1037,#566,.T.);
#1315=EDGE_CURVE('',#1038,#1037,#842,.T.);
#1316=EDGE_CURVE('',#1022,#1038,#567,.T.);
#1317=EDGE_CURVE('',#1003,#1038,#568,.T.);
#1318=EDGE_CURVE('',#1039,#1010,#569,.T.);
#1319=EDGE_CURVE('',#952,#1039,#570,.T.);
#1320=EDGE_CURVE('',#1040,#1039,#843,.T.);
#1321=EDGE_CURVE('',#953,#1040,#571,.T.);
#1322=EDGE_CURVE('',#1041,#1040,#572,.T.);
#1323=EDGE_CURVE('',#954,#1041,#573,.T.);
#1324=EDGE_CURVE('',#1042,#1041,#844,.T.);
#1325=EDGE_CURVE('',#955,#1042,#574,.T.);
#1326=EDGE_CURVE('',#996,#1042,#575,.T.);
#1327=EDGE_CURVE('',#1043,#995,#576,.T.);
#1328=EDGE_CURVE('',#1027,#1043,#577,.T.);
#1329=EDGE_CURVE('',#1044,#1043,#845,.T.);
#1330=EDGE_CURVE('',#1028,#1044,#578,.T.);
#1331=EDGE_CURVE('',#1045,#1044,#579,.T.);
#1332=EDGE_CURVE('',#1029,#1045,#580,.T.);
#1333=EDGE_CURVE('',#1046,#1045,#846,.T.);
#1334=EDGE_CURVE('',#1030,#1046,#581,.T.);
#1335=EDGE_CURVE('',#1018,#1046,#582,.T.);
#1336=ORIENTED_EDGE('',*,*,#1047,.F.);
#1337=ORIENTED_EDGE('',*,*,#1048,.T.);
#1338=ORIENTED_EDGE('',*,*,#1049,.F.);
#1339=ORIENTED_EDGE('',*,*,#1048,.F.);
#1340=ORIENTED_EDGE('',*,*,#1050,.F.);
#1341=ORIENTED_EDGE('',*,*,#1051,.T.);
#1342=ORIENTED_EDGE('',*,*,#1052,.F.);
#1343=ORIENTED_EDGE('',*,*,#1051,.F.);
#1344=ORIENTED_EDGE('',*,*,#1053,.F.);
#1345=ORIENTED_EDGE('',*,*,#1054,.T.);
#1346=ORIENTED_EDGE('',*,*,#1055,.F.);
#1347=ORIENTED_EDGE('',*,*,#1054,.F.);
#1348=ORIENTED_EDGE('',*,*,#1056,.F.);
#1349=ORIENTED_EDGE('',*,*,#1057,.T.);
#1350=ORIENTED_EDGE('',*,*,#1058,.F.);
#1351=ORIENTED_EDGE('',*,*,#1057,.F.);
#1352=ORIENTED_EDGE('',*,*,#1059,.F.);
#1353=ORIENTED_EDGE('',*,*,#1060,.T.);
#1354=ORIENTED_EDGE('',*,*,#1061,.F.);
#1355=ORIENTED_EDGE('',*,*,#1060,.F.);
#1356=ORIENTED_EDGE('',*,*,#1062,.F.);
#1357=ORIENTED_EDGE('',*,*,#1063,.T.);
#1358=ORIENTED_EDGE('',*,*,#1064,.F.);
#1359=ORIENTED_EDGE('',*,*,#1063,.F.);
#1360=ORIENTED_EDGE('',*,*,#1065,.F.);
#1361=ORIENTED_EDGE('',*,*,#1066,.T.);
#1362=ORIENTED_EDGE('',*,*,#1067,.F.);
#1363=ORIENTED_EDGE('',*,*,#1066,.F.);
#1364=ORIENTED_EDGE('',*,*,#1068,.F.);
#1365=ORIENTED_EDGE('',*,*,#1069,.T.);
#1366=ORIENTED_EDGE('',*,*,#1070,.F.);
#1367=ORIENTED_EDGE('',*,*,#1069,.F.);
#1368=ORIENTED_EDGE('',*,*,#1071,.F.);
#1369=ORIENTED_EDGE('',*,*,#1072,.T.);
#1370=ORIENTED_EDGE('',*,*,#1073,.F.);
#1371=ORIENTED_EDGE('',*,*,#1074,.F.);
#1372=ORIENTED_EDGE('',*,*,#1075,.F.);
#1373=ORIENTED_EDGE('',*,*,#1076,.F.);
#1374=ORIENTED_EDGE('',*,*,#1077,.F.);
#1375=ORIENTED_EDGE('',*,*,#1078,.F.);
#1376=ORIENTED_EDGE('',*,*,#1072,.F.);
#1377=ORIENTED_EDGE('',*,*,#1071,.T.);
#1378=ORIENTED_EDGE('',*,*,#1070,.T.);
#1379=ORIENTED_EDGE('',*,*,#1079,.F.);
#1380=ORIENTED_EDGE('',*,*,#1080,.T.);
#1381=ORIENTED_EDGE('',*,*,#1081,.F.);
#1382=ORIENTED_EDGE('',*,*,#1082,.F.);
#1383=ORIENTED_EDGE('',*,*,#1083,.F.);
#1384=ORIENTED_EDGE('',*,*,#1084,.F.);
#1385=ORIENTED_EDGE('',*,*,#1085,.F.);
#1386=ORIENTED_EDGE('',*,*,#1080,.F.);
#1387=ORIENTED_EDGE('',*,*,#1079,.T.);
#1388=ORIENTED_EDGE('',*,*,#1064,.T.);
#1389=ORIENTED_EDGE('',*,*,#1086,.F.);
#1390=ORIENTED_EDGE('',*,*,#1087,.T.);
#1391=ORIENTED_EDGE('',*,*,#1088,.F.);
#1392=ORIENTED_EDGE('',*,*,#1089,.F.);
#1393=ORIENTED_EDGE('',*,*,#1090,.F.);
#1394=ORIENTED_EDGE('',*,*,#1087,.F.);
#1395=ORIENTED_EDGE('',*,*,#1086,.T.);
#1396=ORIENTED_EDGE('',*,*,#1067,.T.);
#1397=ORIENTED_EDGE('',*,*,#1091,.F.);
#1398=ORIENTED_EDGE('',*,*,#1092,.T.);
#1399=ORIENTED_EDGE('',*,*,#1093,.F.);
#1400=ORIENTED_EDGE('',*,*,#1094,.F.);
#1401=ORIENTED_EDGE('',*,*,#1095,.F.);
#1402=ORIENTED_EDGE('',*,*,#1092,.F.);
#1403=ORIENTED_EDGE('',*,*,#1091,.T.);
#1404=ORIENTED_EDGE('',*,*,#1061,.T.);
#1405=ORIENTED_EDGE('',*,*,#1075,.T.);
#1406=ORIENTED_EDGE('',*,*,#1096,.F.);
#1407=ORIENTED_EDGE('',*,*,#1097,.T.);
#1408=ORIENTED_EDGE('',*,*,#1098,.F.);
#1409=ORIENTED_EDGE('',*,*,#1074,.T.);
#1410=ORIENTED_EDGE('',*,*,#1099,.F.);
#1411=ORIENTED_EDGE('',*,*,#1100,.T.);
#1412=ORIENTED_EDGE('',*,*,#1096,.T.);
#1413=ORIENTED_EDGE('',*,*,#1073,.T.);
#1414=ORIENTED_EDGE('',*,*,#1078,.T.);
#1415=ORIENTED_EDGE('',*,*,#1101,.T.);
#1416=ORIENTED_EDGE('',*,*,#1102,.T.);
#1417=ORIENTED_EDGE('',*,*,#1103,.T.);
#1418=ORIENTED_EDGE('',*,*,#1099,.T.);
#1419=ORIENTED_EDGE('',*,*,#1081,.T.);
#1420=ORIENTED_EDGE('',*,*,#1085,.T.);
#1421=ORIENTED_EDGE('',*,*,#1104,.F.);
#1422=ORIENTED_EDGE('',*,*,#1105,.T.);
#1423=ORIENTED_EDGE('',*,*,#1106,.T.);
#1424=ORIENTED_EDGE('',*,*,#1107,.T.);
#1425=ORIENTED_EDGE('',*,*,#1084,.T.);
#1426=ORIENTED_EDGE('',*,*,#1108,.F.);
#1427=ORIENTED_EDGE('',*,*,#1109,.T.);
#1428=ORIENTED_EDGE('',*,*,#1104,.T.);
#1429=ORIENTED_EDGE('',*,*,#1110,.T.);
#1430=ORIENTED_EDGE('',*,*,#1111,.T.);
#1431=ORIENTED_EDGE('',*,*,#1112,.F.);
#1432=ORIENTED_EDGE('',*,*,#1113,.T.);
#1433=ORIENTED_EDGE('',*,*,#1114,.T.);
#1434=ORIENTED_EDGE('',*,*,#1113,.F.);
#1435=ORIENTED_EDGE('',*,*,#1115,.F.);
#1436=ORIENTED_EDGE('',*,*,#1116,.F.);
#1437=ORIENTED_EDGE('',*,*,#1117,.F.);
#1438=ORIENTED_EDGE('',*,*,#1118,.T.);
#1439=ORIENTED_EDGE('',*,*,#1119,.T.);
#1440=ORIENTED_EDGE('',*,*,#1120,.F.);
#1441=ORIENTED_EDGE('',*,*,#1121,.T.);
#1442=ORIENTED_EDGE('',*,*,#1122,.T.);
#1443=ORIENTED_EDGE('',*,*,#1123,.T.);
#1444=ORIENTED_EDGE('',*,*,#1124,.T.);
#1445=ORIENTED_EDGE('',*,*,#1125,.T.);
#1446=ORIENTED_EDGE('',*,*,#1126,.T.);
#1447=ORIENTED_EDGE('',*,*,#1089,.T.);
#1448=ORIENTED_EDGE('',*,*,#1127,.T.);
#1449=ORIENTED_EDGE('',*,*,#1124,.F.);
#1450=ORIENTED_EDGE('',*,*,#1128,.T.);
#1451=ORIENTED_EDGE('',*,*,#1129,.T.);
#1452=ORIENTED_EDGE('',*,*,#1110,.F.);
#1453=ORIENTED_EDGE('',*,*,#1130,.T.);
#1454=ORIENTED_EDGE('',*,*,#1131,.F.);
#1455=ORIENTED_EDGE('',*,*,#1119,.F.);
#1456=ORIENTED_EDGE('',*,*,#1132,.F.);
#1457=ORIENTED_EDGE('',*,*,#1128,.F.);
#1458=ORIENTED_EDGE('',*,*,#1133,.T.);
#1459=ORIENTED_EDGE('',*,*,#1134,.F.);
#1460=ORIENTED_EDGE('',*,*,#1135,.T.);
#1461=ORIENTED_EDGE('',*,*,#1136,.T.);
#1462=ORIENTED_EDGE('',*,*,#1137,.T.);
#1463=ORIENTED_EDGE('',*,*,#1083,.T.);
#1464=ORIENTED_EDGE('',*,*,#1138,.T.);
#1465=ORIENTED_EDGE('',*,*,#1094,.T.);
#1466=ORIENTED_EDGE('',*,*,#1139,.T.);
#1467=ORIENTED_EDGE('',*,*,#1133,.F.);
#1468=ORIENTED_EDGE('',*,*,#1140,.F.);
#1469=ORIENTED_EDGE('',*,*,#1141,.T.);
#1470=ORIENTED_EDGE('',*,*,#1108,.T.);
#1471=ORIENTED_EDGE('',*,*,#1137,.F.);
#1472=ORIENTED_EDGE('',*,*,#1142,.T.);
#1473=ORIENTED_EDGE('',*,*,#1140,.T.);
#1474=ORIENTED_EDGE('',*,*,#1076,.T.);
#1475=ORIENTED_EDGE('',*,*,#1098,.T.);
#1476=ORIENTED_EDGE('',*,*,#1143,.F.);
#1477=ORIENTED_EDGE('',*,*,#1144,.T.);
#1478=ORIENTED_EDGE('',*,*,#1145,.T.);
#1479=ORIENTED_EDGE('',*,*,#1144,.F.);
#1480=ORIENTED_EDGE('',*,*,#1146,.F.);
#1481=ORIENTED_EDGE('',*,*,#1147,.F.);
#1482=ORIENTED_EDGE('',*,*,#1148,.F.);
#1483=ORIENTED_EDGE('',*,*,#1149,.T.);
#1484=ORIENTED_EDGE('',*,*,#1150,.T.);
#1485=ORIENTED_EDGE('',*,*,#1151,.T.);
#1486=ORIENTED_EDGE('',*,*,#1152,.F.);
#1487=ORIENTED_EDGE('',*,*,#1153,.T.);
#1488=ORIENTED_EDGE('',*,*,#1154,.T.);
#1489=ORIENTED_EDGE('',*,*,#1155,.T.);
#1490=ORIENTED_EDGE('',*,*,#1117,.T.);
#1491=ORIENTED_EDGE('',*,*,#1156,.T.);
#1492=ORIENTED_EDGE('',*,*,#1157,.T.);
#1493=ORIENTED_EDGE('',*,*,#1158,.T.);
#1494=ORIENTED_EDGE('',*,*,#1115,.T.);
#1495=ORIENTED_EDGE('',*,*,#1112,.T.);
#1496=ORIENTED_EDGE('',*,*,#1159,.T.);
#1497=ORIENTED_EDGE('',*,*,#1160,.T.);
#1498=ORIENTED_EDGE('',*,*,#1161,.T.);
#1499=ORIENTED_EDGE('',*,*,#1136,.F.);
#1500=ORIENTED_EDGE('',*,*,#1162,.T.);
#1501=ORIENTED_EDGE('',*,*,#1163,.T.);
#1502=ORIENTED_EDGE('',*,*,#1164,.F.);
#1503=ORIENTED_EDGE('',*,*,#1165,.T.);
#1504=ORIENTED_EDGE('',*,*,#1077,.T.);
#1505=ORIENTED_EDGE('',*,*,#1145,.F.);
#1506=ORIENTED_EDGE('',*,*,#1147,.T.);
#1507=ORIENTED_EDGE('',*,*,#1166,.F.);
#1508=ORIENTED_EDGE('',*,*,#1167,.F.);
#1509=ORIENTED_EDGE('',*,*,#1168,.F.);
#1510=ORIENTED_EDGE('',*,*,#1169,.F.);
#1511=ORIENTED_EDGE('',*,*,#1170,.F.);
#1512=ORIENTED_EDGE('',*,*,#1171,.F.);
#1513=ORIENTED_EDGE('',*,*,#1172,.F.);
#1514=ORIENTED_EDGE('',*,*,#1173,.F.);
#1515=ORIENTED_EDGE('',*,*,#1174,.F.);
#1516=ORIENTED_EDGE('',*,*,#1175,.T.);
#1517=ORIENTED_EDGE('',*,*,#1125,.F.);
#1518=ORIENTED_EDGE('',*,*,#1127,.F.);
#1519=ORIENTED_EDGE('',*,*,#1088,.T.);
#1520=ORIENTED_EDGE('',*,*,#1090,.T.);
#1521=ORIENTED_EDGE('',*,*,#1130,.F.);
#1522=ORIENTED_EDGE('',*,*,#1114,.F.);
#1523=ORIENTED_EDGE('',*,*,#1116,.T.);
#1524=ORIENTED_EDGE('',*,*,#1158,.F.);
#1525=ORIENTED_EDGE('',*,*,#1176,.F.);
#1526=ORIENTED_EDGE('',*,*,#1177,.F.);
#1527=ORIENTED_EDGE('',*,*,#1178,.F.);
#1528=ORIENTED_EDGE('',*,*,#1163,.F.);
#1529=ORIENTED_EDGE('',*,*,#1179,.T.);
#1530=ORIENTED_EDGE('',*,*,#1134,.T.);
#1531=ORIENTED_EDGE('',*,*,#1139,.F.);
#1532=ORIENTED_EDGE('',*,*,#1093,.T.);
#1533=ORIENTED_EDGE('',*,*,#1095,.T.);
#1534=ORIENTED_EDGE('',*,*,#1138,.F.);
#1535=ORIENTED_EDGE('',*,*,#1082,.T.);
#1536=ORIENTED_EDGE('',*,*,#1107,.F.);
#1537=ORIENTED_EDGE('',*,*,#1180,.F.);
#1538=ORIENTED_EDGE('',*,*,#1181,.F.);
#1539=ORIENTED_EDGE('',*,*,#1182,.F.);
#1540=ORIENTED_EDGE('',*,*,#1101,.F.);
#1541=ORIENTED_EDGE('',*,*,#1053,.T.);
#1542=ORIENTED_EDGE('',*,*,#1135,.F.);
#1543=ORIENTED_EDGE('',*,*,#1179,.F.);
#1544=ORIENTED_EDGE('',*,*,#1162,.F.);
#1545=ORIENTED_EDGE('',*,*,#1160,.F.);
#1546=ORIENTED_EDGE('',*,*,#1183,.T.);
#1547=ORIENTED_EDGE('',*,*,#1184,.T.);
#1548=ORIENTED_EDGE('',*,*,#1185,.T.);
#1549=ORIENTED_EDGE('',*,*,#1186,.T.);
#1550=ORIENTED_EDGE('',*,*,#1187,.F.);
#1551=ORIENTED_EDGE('',*,*,#1188,.T.);
#1552=ORIENTED_EDGE('',*,*,#1189,.T.);
#1553=ORIENTED_EDGE('',*,*,#1190,.T.);
#1554=ORIENTED_EDGE('',*,*,#1191,.T.);
#1555=ORIENTED_EDGE('',*,*,#1120,.T.);
#1556=ORIENTED_EDGE('',*,*,#1131,.T.);
#1557=ORIENTED_EDGE('',*,*,#1123,.F.);
#1558=ORIENTED_EDGE('',*,*,#1192,.T.);
#1559=ORIENTED_EDGE('',*,*,#1174,.T.);
#1560=ORIENTED_EDGE('',*,*,#1193,.T.);
#1561=ORIENTED_EDGE('',*,*,#1193,.F.);
#1562=ORIENTED_EDGE('',*,*,#1173,.T.);
#1563=ORIENTED_EDGE('',*,*,#1194,.T.);
#1564=ORIENTED_EDGE('',*,*,#1195,.F.);
#1565=ORIENTED_EDGE('',*,*,#1196,.F.);
#1566=ORIENTED_EDGE('',*,*,#1197,.F.);
#1567=ORIENTED_EDGE('',*,*,#1198,.T.);
#1568=ORIENTED_EDGE('',*,*,#1199,.F.);
#1569=ORIENTED_EDGE('',*,*,#1200,.F.);
#1570=ORIENTED_EDGE('',*,*,#1121,.F.);
#1571=ORIENTED_EDGE('',*,*,#1111,.F.);
#1572=ORIENTED_EDGE('',*,*,#1129,.F.);
#1573=ORIENTED_EDGE('',*,*,#1201,.T.);
#1574=ORIENTED_EDGE('',*,*,#1159,.F.);
#1575=ORIENTED_EDGE('',*,*,#1201,.F.);
#1576=ORIENTED_EDGE('',*,*,#1132,.T.);
#1577=ORIENTED_EDGE('',*,*,#1118,.F.);
#1578=ORIENTED_EDGE('',*,*,#1148,.T.);
#1579=ORIENTED_EDGE('',*,*,#1202,.T.);
#1580=ORIENTED_EDGE('',*,*,#1166,.T.);
#1581=ORIENTED_EDGE('',*,*,#1146,.T.);
#1582=ORIENTED_EDGE('',*,*,#1143,.T.);
#1583=ORIENTED_EDGE('',*,*,#1203,.T.);
#1584=ORIENTED_EDGE('',*,*,#1167,.T.);
#1585=ORIENTED_EDGE('',*,*,#1202,.F.);
#1586=ORIENTED_EDGE('',*,*,#1155,.F.);
#1587=ORIENTED_EDGE('',*,*,#1204,.T.);
#1588=ORIENTED_EDGE('',*,*,#1205,.F.);
#1589=ORIENTED_EDGE('',*,*,#1206,.F.);
#1590=ORIENTED_EDGE('',*,*,#1102,.F.);
#1591=ORIENTED_EDGE('',*,*,#1207,.F.);
#1592=ORIENTED_EDGE('',*,*,#1208,.T.);
#1593=ORIENTED_EDGE('',*,*,#1209,.F.);
#1594=ORIENTED_EDGE('',*,*,#1106,.F.);
#1595=ORIENTED_EDGE('',*,*,#1210,.F.);
#1596=ORIENTED_EDGE('',*,*,#1211,.T.);
#1597=ORIENTED_EDGE('',*,*,#1212,.F.);
#1598=ORIENTED_EDGE('',*,*,#1109,.F.);
#1599=ORIENTED_EDGE('',*,*,#1213,.T.);
#1600=ORIENTED_EDGE('',*,*,#1189,.F.);
#1601=ORIENTED_EDGE('',*,*,#1214,.F.);
#1602=ORIENTED_EDGE('',*,*,#1141,.F.);
#1603=ORIENTED_EDGE('',*,*,#1215,.T.);
#1604=ORIENTED_EDGE('',*,*,#1190,.F.);
#1605=ORIENTED_EDGE('',*,*,#1213,.F.);
#1606=ORIENTED_EDGE('',*,*,#1161,.F.);
#1607=ORIENTED_EDGE('',*,*,#1191,.F.);
#1608=ORIENTED_EDGE('',*,*,#1215,.F.);
#1609=ORIENTED_EDGE('',*,*,#1142,.F.);
#1610=ORIENTED_EDGE('',*,*,#1216,.T.);
#1611=ORIENTED_EDGE('',*,*,#1217,.T.);
#1612=ORIENTED_EDGE('',*,*,#1218,.T.);
#1613=ORIENTED_EDGE('',*,*,#1219,.T.);
#1614=ORIENTED_EDGE('',*,*,#1217,.F.);
#1615=ORIENTED_EDGE('',*,*,#1220,.F.);
#1616=ORIENTED_EDGE('',*,*,#1221,.F.);
#1617=ORIENTED_EDGE('',*,*,#1222,.T.);
#1618=ORIENTED_EDGE('',*,*,#1223,.F.);
#1619=ORIENTED_EDGE('',*,*,#1224,.F.);
#1620=ORIENTED_EDGE('',*,*,#1184,.F.);
#1621=ORIENTED_EDGE('',*,*,#1225,.T.);
#1622=ORIENTED_EDGE('',*,*,#1226,.F.);
#1623=ORIENTED_EDGE('',*,*,#1227,.F.);
#1624=ORIENTED_EDGE('',*,*,#1228,.F.);
#1625=ORIENTED_EDGE('',*,*,#1229,.T.);
#1626=ORIENTED_EDGE('',*,*,#1230,.T.);
#1627=ORIENTED_EDGE('',*,*,#1195,.T.);
#1628=ORIENTED_EDGE('',*,*,#1231,.T.);
#1629=ORIENTED_EDGE('',*,*,#1232,.T.);
#1630=ORIENTED_EDGE('',*,*,#1233,.F.);
#1631=ORIENTED_EDGE('',*,*,#1234,.F.);
#1632=ORIENTED_EDGE('',*,*,#1235,.F.);
#1633=ORIENTED_EDGE('',*,*,#1187,.T.);
#1634=ORIENTED_EDGE('',*,*,#1236,.T.);
#1635=ORIENTED_EDGE('',*,*,#1234,.T.);
#1636=ORIENTED_EDGE('',*,*,#1237,.T.);
#1637=ORIENTED_EDGE('',*,*,#1210,.T.);
#1638=ORIENTED_EDGE('',*,*,#1238,.T.);
#1639=ORIENTED_EDGE('',*,*,#1239,.T.);
#1640=ORIENTED_EDGE('',*,*,#1240,.T.);
#1641=ORIENTED_EDGE('',*,*,#1235,.T.);
#1642=ORIENTED_EDGE('',*,*,#1241,.T.);
#1643=ORIENTED_EDGE('',*,*,#1242,.T.);
#1644=ORIENTED_EDGE('',*,*,#1243,.T.);
#1645=ORIENTED_EDGE('',*,*,#1239,.F.);
#1646=ORIENTED_EDGE('',*,*,#1244,.T.);
#1647=ORIENTED_EDGE('',*,*,#1245,.T.);
#1648=ORIENTED_EDGE('',*,*,#1246,.T.);
#1649=ORIENTED_EDGE('',*,*,#1242,.F.);
#1650=ORIENTED_EDGE('',*,*,#1223,.T.);
#1651=ORIENTED_EDGE('',*,*,#1247,.T.);
#1652=ORIENTED_EDGE('',*,*,#1233,.T.);
#1653=ORIENTED_EDGE('',*,*,#1248,.T.);
#1654=ORIENTED_EDGE('',*,*,#1249,.T.);
#1655=ORIENTED_EDGE('',*,*,#1180,.T.);
#1656=ORIENTED_EDGE('',*,*,#1212,.T.);
#1657=ORIENTED_EDGE('',*,*,#1250,.T.);
#1658=ORIENTED_EDGE('',*,*,#1251,.T.);
#1659=ORIENTED_EDGE('',*,*,#1181,.T.);
#1660=ORIENTED_EDGE('',*,*,#1249,.F.);
#1661=ORIENTED_EDGE('',*,*,#1252,.F.);
#1662=ORIENTED_EDGE('',*,*,#1253,.F.);
#1663=ORIENTED_EDGE('',*,*,#1254,.F.);
#1664=ORIENTED_EDGE('',*,*,#1152,.T.);
#1665=ORIENTED_EDGE('',*,*,#1255,.T.);
#1666=ORIENTED_EDGE('',*,*,#1209,.T.);
#1667=ORIENTED_EDGE('',*,*,#1256,.T.);
#1668=ORIENTED_EDGE('',*,*,#1253,.T.);
#1669=ORIENTED_EDGE('',*,*,#1257,.T.);
#1670=ORIENTED_EDGE('',*,*,#1258,.T.);
#1671=ORIENTED_EDGE('',*,*,#1254,.T.);
#1672=ORIENTED_EDGE('',*,*,#1259,.T.);
#1673=ORIENTED_EDGE('',*,*,#1207,.T.);
#1674=ORIENTED_EDGE('',*,*,#1182,.T.);
#1675=ORIENTED_EDGE('',*,*,#1251,.F.);
#1676=ORIENTED_EDGE('',*,*,#1260,.T.);
#1677=ORIENTED_EDGE('',*,*,#1261,.T.);
#1678=ORIENTED_EDGE('',*,*,#1262,.T.);
#1679=ORIENTED_EDGE('',*,*,#1205,.T.);
#1680=ORIENTED_EDGE('',*,*,#1263,.T.);
#1681=ORIENTED_EDGE('',*,*,#1264,.T.);
#1682=ORIENTED_EDGE('',*,*,#1260,.F.);
#1683=ORIENTED_EDGE('',*,*,#1265,.T.);
#1684=ORIENTED_EDGE('',*,*,#1252,.T.);
#1685=ORIENTED_EDGE('',*,*,#1266,.T.);
#1686=ORIENTED_EDGE('',*,*,#1263,.F.);
#1687=ORIENTED_EDGE('',*,*,#1267,.T.);
#1688=ORIENTED_EDGE('',*,*,#1244,.F.);
#1689=ORIENTED_EDGE('',*,*,#1268,.F.);
#1690=ORIENTED_EDGE('',*,*,#1185,.F.);
#1691=ORIENTED_EDGE('',*,*,#1224,.T.);
#1692=ORIENTED_EDGE('',*,*,#1241,.F.);
#1693=ORIENTED_EDGE('',*,*,#1236,.F.);
#1694=ORIENTED_EDGE('',*,*,#1186,.F.);
#1695=ORIENTED_EDGE('',*,*,#1268,.T.);
#1696=ORIENTED_EDGE('',*,*,#1211,.F.);
#1697=ORIENTED_EDGE('',*,*,#1237,.F.);
#1698=ORIENTED_EDGE('',*,*,#1247,.F.);
#1699=ORIENTED_EDGE('',*,*,#1208,.F.);
#1700=ORIENTED_EDGE('',*,*,#1259,.F.);
#1701=ORIENTED_EDGE('',*,*,#1256,.F.);
#1702=ORIENTED_EDGE('',*,*,#1257,.F.);
#1703=ORIENTED_EDGE('',*,*,#1267,.F.);
#1704=ORIENTED_EDGE('',*,*,#1269,.F.);
#1705=ORIENTED_EDGE('',*,*,#1153,.F.);
#1706=ORIENTED_EDGE('',*,*,#1265,.F.);
#1707=ORIENTED_EDGE('',*,*,#1204,.F.);
#1708=ORIENTED_EDGE('',*,*,#1154,.F.);
#1709=ORIENTED_EDGE('',*,*,#1269,.T.);
#1710=ORIENTED_EDGE('',*,*,#1270,.T.);
#1711=ORIENTED_EDGE('',*,*,#1271,.T.);
#1712=ORIENTED_EDGE('',*,*,#1272,.T.);
#1713=ORIENTED_EDGE('',*,*,#1226,.T.);
#1714=ORIENTED_EDGE('',*,*,#1273,.T.);
#1715=ORIENTED_EDGE('',*,*,#1274,.T.);
#1716=ORIENTED_EDGE('',*,*,#1270,.F.);
#1717=ORIENTED_EDGE('',*,*,#1275,.T.);
#1718=ORIENTED_EDGE('',*,*,#1164,.T.);
#1719=ORIENTED_EDGE('',*,*,#1178,.T.);
#1720=ORIENTED_EDGE('',*,*,#1276,.T.);
#1721=ORIENTED_EDGE('',*,*,#1277,.T.);
#1722=ORIENTED_EDGE('',*,*,#1273,.F.);
#1723=ORIENTED_EDGE('',*,*,#1177,.T.);
#1724=ORIENTED_EDGE('',*,*,#1278,.T.);
#1725=ORIENTED_EDGE('',*,*,#1279,.T.);
#1726=ORIENTED_EDGE('',*,*,#1276,.F.);
#1727=ORIENTED_EDGE('',*,*,#1176,.T.);
#1728=ORIENTED_EDGE('',*,*,#1157,.F.);
#1729=ORIENTED_EDGE('',*,*,#1280,.T.);
#1730=ORIENTED_EDGE('',*,*,#1281,.T.);
#1731=ORIENTED_EDGE('',*,*,#1282,.T.);
#1732=ORIENTED_EDGE('',*,*,#1278,.F.);
#1733=ORIENTED_EDGE('',*,*,#1199,.T.);
#1734=ORIENTED_EDGE('',*,*,#1156,.F.);
#1735=ORIENTED_EDGE('',*,*,#1122,.F.);
#1736=ORIENTED_EDGE('',*,*,#1200,.T.);
#1737=ORIENTED_EDGE('',*,*,#1280,.F.);
#1738=ORIENTED_EDGE('',*,*,#1165,.F.);
#1739=ORIENTED_EDGE('',*,*,#1275,.F.);
#1740=ORIENTED_EDGE('',*,*,#1225,.F.);
#1741=ORIENTED_EDGE('',*,*,#1183,.F.);
#1742=ORIENTED_EDGE('',*,*,#1126,.F.);
#1743=ORIENTED_EDGE('',*,*,#1175,.F.);
#1744=ORIENTED_EDGE('',*,*,#1192,.F.);
#1745=ORIENTED_EDGE('',*,*,#1255,.F.);
#1746=ORIENTED_EDGE('',*,*,#1151,.F.);
#1747=ORIENTED_EDGE('',*,*,#1283,.F.);
#1748=ORIENTED_EDGE('',*,*,#1103,.F.);
#1749=ORIENTED_EDGE('',*,*,#1100,.F.);
#1750=ORIENTED_EDGE('',*,*,#1283,.T.);
#1751=ORIENTED_EDGE('',*,*,#1150,.F.);
#1752=ORIENTED_EDGE('',*,*,#1284,.F.);
#1753=ORIENTED_EDGE('',*,*,#1203,.F.);
#1754=ORIENTED_EDGE('',*,*,#1097,.F.);
#1755=ORIENTED_EDGE('',*,*,#1284,.T.);
#1756=ORIENTED_EDGE('',*,*,#1149,.F.);
#1757=ORIENTED_EDGE('',*,*,#1105,.F.);
#1758=ORIENTED_EDGE('',*,*,#1214,.T.);
#1759=ORIENTED_EDGE('',*,*,#1188,.F.);
#1760=ORIENTED_EDGE('',*,*,#1238,.F.);
#1761=ORIENTED_EDGE('',*,*,#1221,.T.);
#1762=ORIENTED_EDGE('',*,*,#1285,.F.);
#1763=ORIENTED_EDGE('',*,*,#1286,.F.);
#1764=ORIENTED_EDGE('',*,*,#1287,.F.);
#1765=ORIENTED_EDGE('',*,*,#1288,.F.);
#1766=ORIENTED_EDGE('',*,*,#1289,.F.);
#1767=ORIENTED_EDGE('',*,*,#1050,.T.);
#1768=ORIENTED_EDGE('',*,*,#1228,.T.);
#1769=ORIENTED_EDGE('',*,*,#1290,.F.);
#1770=ORIENTED_EDGE('',*,*,#1291,.F.);
#1771=ORIENTED_EDGE('',*,*,#1292,.F.);
#1772=ORIENTED_EDGE('',*,*,#1293,.F.);
#1773=ORIENTED_EDGE('',*,*,#1294,.F.);
#1774=ORIENTED_EDGE('',*,*,#1047,.T.);
#1775=ORIENTED_EDGE('',*,*,#1197,.T.);
#1776=ORIENTED_EDGE('',*,*,#1295,.F.);
#1777=ORIENTED_EDGE('',*,*,#1296,.F.);
#1778=ORIENTED_EDGE('',*,*,#1297,.F.);
#1779=ORIENTED_EDGE('',*,*,#1298,.F.);
#1780=ORIENTED_EDGE('',*,*,#1299,.F.);
#1781=ORIENTED_EDGE('',*,*,#1056,.T.);
#1782=ORIENTED_EDGE('',*,*,#1290,.T.);
#1783=ORIENTED_EDGE('',*,*,#1227,.T.);
#1784=ORIENTED_EDGE('',*,*,#1272,.F.);
#1785=ORIENTED_EDGE('',*,*,#1300,.F.);
#1786=ORIENTED_EDGE('',*,*,#1301,.F.);
#1787=ORIENTED_EDGE('',*,*,#1291,.T.);
#1788=ORIENTED_EDGE('',*,*,#1301,.T.);
#1789=ORIENTED_EDGE('',*,*,#1302,.F.);
#1790=ORIENTED_EDGE('',*,*,#1303,.F.);
#1791=ORIENTED_EDGE('',*,*,#1292,.T.);
#1792=ORIENTED_EDGE('',*,*,#1303,.T.);
#1793=ORIENTED_EDGE('',*,*,#1304,.F.);
#1794=ORIENTED_EDGE('',*,*,#1305,.F.);
#1795=ORIENTED_EDGE('',*,*,#1293,.T.);
#1796=ORIENTED_EDGE('',*,*,#1305,.T.);
#1797=ORIENTED_EDGE('',*,*,#1306,.F.);
#1798=ORIENTED_EDGE('',*,*,#1307,.F.);
#1799=ORIENTED_EDGE('',*,*,#1294,.T.);
#1800=ORIENTED_EDGE('',*,*,#1307,.T.);
#1801=ORIENTED_EDGE('',*,*,#1308,.F.);
#1802=ORIENTED_EDGE('',*,*,#1218,.F.);
#1803=ORIENTED_EDGE('',*,*,#1229,.F.);
#1804=ORIENTED_EDGE('',*,*,#1285,.T.);
#1805=ORIENTED_EDGE('',*,*,#1220,.T.);
#1806=ORIENTED_EDGE('',*,*,#1216,.F.);
#1807=ORIENTED_EDGE('',*,*,#1309,.F.);
#1808=ORIENTED_EDGE('',*,*,#1310,.F.);
#1809=ORIENTED_EDGE('',*,*,#1286,.T.);
#1810=ORIENTED_EDGE('',*,*,#1310,.T.);
#1811=ORIENTED_EDGE('',*,*,#1311,.F.);
#1812=ORIENTED_EDGE('',*,*,#1312,.F.);
#1813=ORIENTED_EDGE('',*,*,#1287,.T.);
#1814=ORIENTED_EDGE('',*,*,#1312,.T.);
#1815=ORIENTED_EDGE('',*,*,#1313,.F.);
#1816=ORIENTED_EDGE('',*,*,#1314,.F.);
#1817=ORIENTED_EDGE('',*,*,#1288,.T.);
#1818=ORIENTED_EDGE('',*,*,#1314,.T.);
#1819=ORIENTED_EDGE('',*,*,#1315,.F.);
#1820=ORIENTED_EDGE('',*,*,#1316,.F.);
#1821=ORIENTED_EDGE('',*,*,#1289,.T.);
#1822=ORIENTED_EDGE('',*,*,#1316,.T.);
#1823=ORIENTED_EDGE('',*,*,#1317,.F.);
#1824=ORIENTED_EDGE('',*,*,#1245,.F.);
#1825=ORIENTED_EDGE('',*,*,#1222,.F.);
#1826=ORIENTED_EDGE('',*,*,#1168,.T.);
#1827=ORIENTED_EDGE('',*,*,#1206,.T.);
#1828=ORIENTED_EDGE('',*,*,#1262,.F.);
#1829=ORIENTED_EDGE('',*,*,#1318,.F.);
#1830=ORIENTED_EDGE('',*,*,#1319,.F.);
#1831=ORIENTED_EDGE('',*,*,#1169,.T.);
#1832=ORIENTED_EDGE('',*,*,#1319,.T.);
#1833=ORIENTED_EDGE('',*,*,#1320,.F.);
#1834=ORIENTED_EDGE('',*,*,#1321,.F.);
#1835=ORIENTED_EDGE('',*,*,#1170,.T.);
#1836=ORIENTED_EDGE('',*,*,#1321,.T.);
#1837=ORIENTED_EDGE('',*,*,#1322,.F.);
#1838=ORIENTED_EDGE('',*,*,#1323,.F.);
#1839=ORIENTED_EDGE('',*,*,#1171,.T.);
#1840=ORIENTED_EDGE('',*,*,#1323,.T.);
#1841=ORIENTED_EDGE('',*,*,#1324,.F.);
#1842=ORIENTED_EDGE('',*,*,#1325,.F.);
#1843=ORIENTED_EDGE('',*,*,#1172,.T.);
#1844=ORIENTED_EDGE('',*,*,#1325,.T.);
#1845=ORIENTED_EDGE('',*,*,#1326,.F.);
#1846=ORIENTED_EDGE('',*,*,#1231,.F.);
#1847=ORIENTED_EDGE('',*,*,#1194,.F.);
#1848=ORIENTED_EDGE('',*,*,#1295,.T.);
#1849=ORIENTED_EDGE('',*,*,#1196,.T.);
#1850=ORIENTED_EDGE('',*,*,#1230,.F.);
#1851=ORIENTED_EDGE('',*,*,#1327,.F.);
#1852=ORIENTED_EDGE('',*,*,#1328,.F.);
#1853=ORIENTED_EDGE('',*,*,#1296,.T.);
#1854=ORIENTED_EDGE('',*,*,#1328,.T.);
#1855=ORIENTED_EDGE('',*,*,#1329,.F.);
#1856=ORIENTED_EDGE('',*,*,#1330,.F.);
#1857=ORIENTED_EDGE('',*,*,#1297,.T.);
#1858=ORIENTED_EDGE('',*,*,#1330,.T.);
#1859=ORIENTED_EDGE('',*,*,#1331,.F.);
#1860=ORIENTED_EDGE('',*,*,#1332,.F.);
#1861=ORIENTED_EDGE('',*,*,#1298,.T.);
#1862=ORIENTED_EDGE('',*,*,#1332,.T.);
#1863=ORIENTED_EDGE('',*,*,#1333,.F.);
#1864=ORIENTED_EDGE('',*,*,#1334,.F.);
#1865=ORIENTED_EDGE('',*,*,#1299,.T.);
#1866=ORIENTED_EDGE('',*,*,#1334,.T.);
#1867=ORIENTED_EDGE('',*,*,#1335,.F.);
#1868=ORIENTED_EDGE('',*,*,#1281,.F.);
#1869=ORIENTED_EDGE('',*,*,#1198,.F.);
#1870=ORIENTED_EDGE('',*,*,#1308,.T.);
#1871=ORIENTED_EDGE('',*,*,#1306,.T.);
#1872=ORIENTED_EDGE('',*,*,#1304,.T.);
#1873=ORIENTED_EDGE('',*,*,#1302,.T.);
#1874=ORIENTED_EDGE('',*,*,#1300,.T.);
#1875=ORIENTED_EDGE('',*,*,#1271,.F.);
#1876=ORIENTED_EDGE('',*,*,#1274,.F.);
#1877=ORIENTED_EDGE('',*,*,#1277,.F.);
#1878=ORIENTED_EDGE('',*,*,#1279,.F.);
#1879=ORIENTED_EDGE('',*,*,#1282,.F.);
#1880=ORIENTED_EDGE('',*,*,#1335,.T.);
#1881=ORIENTED_EDGE('',*,*,#1333,.T.);
#1882=ORIENTED_EDGE('',*,*,#1331,.T.);
#1883=ORIENTED_EDGE('',*,*,#1329,.T.);
#1884=ORIENTED_EDGE('',*,*,#1327,.T.);
#1885=ORIENTED_EDGE('',*,*,#1232,.F.);
#1886=ORIENTED_EDGE('',*,*,#1326,.T.);
#1887=ORIENTED_EDGE('',*,*,#1324,.T.);
#1888=ORIENTED_EDGE('',*,*,#1322,.T.);
#1889=ORIENTED_EDGE('',*,*,#1320,.T.);
#1890=ORIENTED_EDGE('',*,*,#1318,.T.);
#1891=ORIENTED_EDGE('',*,*,#1261,.F.);
#1892=ORIENTED_EDGE('',*,*,#1264,.F.);
#1893=ORIENTED_EDGE('',*,*,#1266,.F.);
#1894=ORIENTED_EDGE('',*,*,#1258,.F.);
#1895=ORIENTED_EDGE('',*,*,#1250,.F.);
#1896=ORIENTED_EDGE('',*,*,#1248,.F.);
#1897=ORIENTED_EDGE('',*,*,#1240,.F.);
#1898=ORIENTED_EDGE('',*,*,#1243,.F.);
#1899=ORIENTED_EDGE('',*,*,#1246,.F.);
#1900=ORIENTED_EDGE('',*,*,#1317,.T.);
#1901=ORIENTED_EDGE('',*,*,#1315,.T.);
#1902=ORIENTED_EDGE('',*,*,#1313,.T.);
#1903=ORIENTED_EDGE('',*,*,#1311,.T.);
#1904=ORIENTED_EDGE('',*,*,#1309,.T.);
#1905=ORIENTED_EDGE('',*,*,#1219,.F.);
#1906=ORIENTED_EDGE('',*,*,#1049,.T.);
#1907=ORIENTED_EDGE('',*,*,#1052,.T.);
#1908=ORIENTED_EDGE('',*,*,#1055,.T.);
#1909=ORIENTED_EDGE('',*,*,#1058,.T.);
#1910=ORIENTED_EDGE('',*,*,#1059,.T.);
#1911=ORIENTED_EDGE('',*,*,#1062,.T.);
#1912=ORIENTED_EDGE('',*,*,#1065,.T.);
#1913=ORIENTED_EDGE('',*,*,#1068,.T.);
#1914=CYLINDRICAL_SURFACE('',#2095,1.6);
#1915=CYLINDRICAL_SURFACE('',#2098,1.6);
#1916=CYLINDRICAL_SURFACE('',#2101,1.6);
#1917=CYLINDRICAL_SURFACE('',#2104,1.6);
#1918=CYLINDRICAL_SURFACE('',#2107,1.6);
#1919=CYLINDRICAL_SURFACE('',#2110,1.6);
#1920=CYLINDRICAL_SURFACE('',#2113,1.6);
#1921=CYLINDRICAL_SURFACE('',#2116,1.6);
#1922=CYLINDRICAL_SURFACE('',#2119,3.);
#1923=CYLINDRICAL_SURFACE('',#2123,3.);
#1924=CYLINDRICAL_SURFACE('',#2127,3.);
#1925=CYLINDRICAL_SURFACE('',#2132,3.);
#1926=CYLINDRICAL_SURFACE('',#2137,1.5);
#1927=CYLINDRICAL_SURFACE('',#2142,1.5);
#1928=CYLINDRICAL_SURFACE('',#2144,1.5);
#1929=CYLINDRICAL_SURFACE('',#2160,1.5);
#1930=CYLINDRICAL_SURFACE('',#2164,1.5);
#1931=CYLINDRICAL_SURFACE('',#2176,1.5);
#1932=CYLINDRICAL_SURFACE('',#2178,1.5);
#1933=CYLINDRICAL_SURFACE('',#2195,1.5);
#1934=CYLINDRICAL_SURFACE('',#2198,3.00000000000002);
#1935=CYLINDRICAL_SURFACE('',#2199,1.5);
#1936=CYLINDRICAL_SURFACE('',#2209,3.);
#1937=CYLINDRICAL_SURFACE('',#2211,3.00000000000001);
#1938=CYLINDRICAL_SURFACE('',#2212,1.5);
#1939=CYLINDRICAL_SURFACE('',#2216,1.5);
#1940=CYLINDRICAL_SURFACE('',#2223,1.5);
#1941=CYLINDRICAL_SURFACE('',#2224,1.5);
#1942=CYLINDRICAL_SURFACE('',#2230,1.5);
#1943=CYLINDRICAL_SURFACE('',#2232,1.5);
#1944=CYLINDRICAL_SURFACE('',#2234,1.5);
#1945=CYLINDRICAL_SURFACE('',#2240,1.5);
#1946=CYLINDRICAL_SURFACE('',#2241,1.5);
#1947=CYLINDRICAL_SURFACE('',#2242,1.5);
#1948=CYLINDRICAL_SURFACE('',#2249,1.5);
#1949=CYLINDRICAL_SURFACE('',#2250,6.00000000000001);
#1950=CYLINDRICAL_SURFACE('',#2255,6.);
#1951=CYLINDRICAL_SURFACE('',#2256,1.5);
#1952=CYLINDRICAL_SURFACE('',#2263,1.5);
#1953=CYLINDRICAL_SURFACE('',#2269,1.5);
#1954=CYLINDRICAL_SURFACE('',#2271,6.);
#1955=CYLINDRICAL_SURFACE('',#2272,6.00000000000001);
#1956=CYLINDRICAL_SURFACE('',#2275,3.00000000000001);
#1957=CYLINDRICAL_SURFACE('',#2288,3.00000000000001);
#1958=CYLINDRICAL_SURFACE('',#2291,3.);
#1959=CYLINDRICAL_SURFACE('',#2295,3.);
#1960=CYLINDRICAL_SURFACE('',#2298,3.00000000000001);
#1961=CYLINDRICAL_SURFACE('',#2302,3.00000000000001);
#1962=CYLINDRICAL_SURFACE('',#2305,3.);
#1963=CYLINDRICAL_SURFACE('',#2309,3.);
#1964=CYLINDRICAL_SURFACE('',#2312,3.00000000000001);
#1965=ADVANCED_FACE('',(#207),#1914,.F.);
#1966=ADVANCED_FACE('',(#208),#1915,.F.);
#1967=ADVANCED_FACE('',(#209),#1916,.F.);
#1968=ADVANCED_FACE('',(#210),#1917,.F.);
#1969=ADVANCED_FACE('',(#211),#1918,.F.);
#1970=ADVANCED_FACE('',(#212),#1919,.F.);
#1971=ADVANCED_FACE('',(#213),#1920,.F.);
#1972=ADVANCED_FACE('',(#214),#1921,.F.);
#1973=ADVANCED_FACE('',(#215),#1922,.T.);
#1974=ADVANCED_FACE('',(#216,#128),#144,.T.);
#1975=ADVANCED_FACE('',(#217),#1923,.T.);
#1976=ADVANCED_FACE('',(#218,#129),#145,.T.);
#1977=ADVANCED_FACE('',(#219),#1924,.T.);
#1978=ADVANCED_FACE('',(#220,#130),#146,.T.);
#1979=ADVANCED_FACE('',(#221),#1925,.T.);
#1980=ADVANCED_FACE('',(#222,#131),#147,.T.);
#1981=ADVANCED_FACE('',(#223),#1926,.F.);
#1982=ADVANCED_FACE('',(#224),#124,.T.);
#1983=ADVANCED_FACE('',(#225),#1927,.F.);
#1984=ADVANCED_FACE('',(#226),#1928,.F.);
#1985=ADVANCED_FACE('',(#227),#125,.T.);
#1986=ADVANCED_FACE('',(#228),#122,.F.);
#1987=ADVANCED_FACE('',(#229),#148,.T.);
#1988=ADVANCED_FACE('',(#230),#149,.F.);
#1989=ADVANCED_FACE('',(#231),#114,.T.);
#1990=ADVANCED_FACE('',(#232),#1929,.F.);
#1991=ADVANCED_FACE('',(#233),#150,.T.);
#1992=ADVANCED_FACE('',(#234),#123,.F.);
#1993=ADVANCED_FACE('',(#235),#1930,.F.);
#1994=ADVANCED_FACE('',(#236),#126,.T.);
#1995=ADVANCED_FACE('',(#237),#115,.T.);
#1996=ADVANCED_FACE('',(#238),#151,.T.);
#1997=ADVANCED_FACE('',(#239),#152,.F.);
#1998=ADVANCED_FACE('',(#240),#1931,.T.);
#1999=ADVANCED_FACE('',(#241),#1932,.T.);
#2000=ADVANCED_FACE('',(#242,#132),#153,.F.);
#2001=ADVANCED_FACE('',(#243),#154,.T.);
#2002=ADVANCED_FACE('',(#244),#155,.F.);
#2003=ADVANCED_FACE('',(#245),#1933,.T.);
#2004=ADVANCED_FACE('',(#246),#156,.T.);
#2005=ADVANCED_FACE('',(#247),#127,.T.);
#2006=ADVANCED_FACE('',(#248),#1934,.F.);
#2007=ADVANCED_FACE('',(#249),#1935,.T.);
#2008=ADVANCED_FACE('',(#250),#157,.T.);
#2009=ADVANCED_FACE('',(#251),#116,.T.);
#2010=ADVANCED_FACE('',(#252),#117,.T.);
#2011=ADVANCED_FACE('',(#253),#1936,.F.);
#2012=ADVANCED_FACE('',(#254),#158,.T.);
#2013=ADVANCED_FACE('',(#255),#1937,.F.);
#2014=ADVANCED_FACE('',(#256),#1938,.T.);
#2015=ADVANCED_FACE('',(#257),#159,.T.);
#2016=ADVANCED_FACE('',(#258),#1939,.T.);
#2017=ADVANCED_FACE('',(#259),#112,.T.);
#2018=ADVANCED_FACE('',(#260),#1940,.T.);
#2019=ADVANCED_FACE('',(#261),#1941,.T.);
#2020=ADVANCED_FACE('',(#262),#118,.T.);
#2021=ADVANCED_FACE('',(#263),#1942,.T.);
#2022=ADVANCED_FACE('',(#264),#1943,.T.);
#2023=ADVANCED_FACE('',(#265),#1944,.T.);
#2024=ADVANCED_FACE('',(#266),#113,.T.);
#2025=ADVANCED_FACE('',(#267),#1945,.T.);
#2026=ADVANCED_FACE('',(#268),#1946,.T.);
#2027=ADVANCED_FACE('',(#269),#1947,.T.);
#2028=ADVANCED_FACE('',(#270),#119,.T.);
#2029=ADVANCED_FACE('',(#271),#1948,.T.);
#2030=ADVANCED_FACE('',(#272),#1949,.T.);
#2031=ADVANCED_FACE('',(#273),#160,.T.);
#2032=ADVANCED_FACE('',(#274),#161,.T.);
#2033=ADVANCED_FACE('',(#275),#162,.T.);
#2034=ADVANCED_FACE('',(#276),#163,.T.);
#2035=ADVANCED_FACE('',(#277),#1950,.T.);
#2036=ADVANCED_FACE('',(#278),#1951,.T.);
#2037=ADVANCED_FACE('',(#279),#120,.T.);
#2038=ADVANCED_FACE('',(#280),#1952,.T.);
#2039=ADVANCED_FACE('',(#281),#121,.T.);
#2040=ADVANCED_FACE('',(#282),#1953,.T.);
#2041=ADVANCED_FACE('',(#283),#1954,.T.);
#2042=ADVANCED_FACE('',(#284),#1955,.T.);
#2043=ADVANCED_FACE('',(#285),#164,.T.);
#2044=ADVANCED_FACE('',(#286),#165,.T.);
#2045=ADVANCED_FACE('',(#287),#1956,.F.);
#2046=ADVANCED_FACE('',(#288),#166,.T.);
#2047=ADVANCED_FACE('',(#289),#167,.T.);
#2048=ADVANCED_FACE('',(#290,#133),#168,.F.);
#2049=ADVANCED_FACE('',(#291,#134),#169,.F.);
#2050=ADVANCED_FACE('',(#292,#135),#170,.F.);
#2051=ADVANCED_FACE('',(#293),#171,.T.);
#2052=ADVANCED_FACE('',(#294),#1957,.T.);
#2053=ADVANCED_FACE('',(#295),#172,.T.);
#2054=ADVANCED_FACE('',(#296),#1958,.T.);
#2055=ADVANCED_FACE('',(#297),#173,.T.);
#2056=ADVANCED_FACE('',(#298),#174,.T.);
#2057=ADVANCED_FACE('',(#299),#1959,.T.);
#2058=ADVANCED_FACE('',(#300),#175,.T.);
#2059=ADVANCED_FACE('',(#301),#1960,.T.);
#2060=ADVANCED_FACE('',(#302),#176,.T.);
#2061=ADVANCED_FACE('',(#303),#177,.T.);
#2062=ADVANCED_FACE('',(#304),#1961,.T.);
#2063=ADVANCED_FACE('',(#305),#178,.T.);
#2064=ADVANCED_FACE('',(#306),#1962,.T.);
#2065=ADVANCED_FACE('',(#307),#179,.T.);
#2066=ADVANCED_FACE('',(#308),#180,.T.);
#2067=ADVANCED_FACE('',(#309),#1963,.T.);
#2068=ADVANCED_FACE('',(#310),#181,.T.);
#2069=ADVANCED_FACE('',(#311),#1964,.T.);
#2070=ADVANCED_FACE('',(#312),#182,.T.);
#2071=ADVANCED_FACE('',(#313,#136,#137,#138,#139,#140,#141,#142,#143),#183,
 .T.);
#2072=CLOSED_SHELL('',(#1965,#1966,#1967,#1968,#1969,#1970,#1971,#1972,
#1973,#1974,#1975,#1976,#1977,#1978,#1979,#1980,#1981,#1982,#1983,#1984,
#1985,#1986,#1987,#1988,#1989,#1990,#1991,#1992,#1993,#1994,#1995,#1996,
#1997,#1998,#1999,#2000,#2001,#2002,#2003,#2004,#2005,#2006,#2007,#2008,
#2009,#2010,#2011,#2012,#2013,#2014,#2015,#2016,#2017,#2018,#2019,#2020,
#2021,#2022,#2023,#2024,#2025,#2026,#2027,#2028,#2029,#2030,#2031,#2032,
#2033,#2034,#2035,#2036,#2037,#2038,#2039,#2040,#2041,#2042,#2043,#2044,
#2045,#2046,#2047,#2048,#2049,#2050,#2051,#2052,#2053,#2054,#2055,#2056,
#2057,#2058,#2059,#2060,#2061,#2062,#2063,#2064,#2065,#2066,#2067,#2068,
#2069,#2070,#2071));
#2073=DERIVED_UNIT_ELEMENT(#2076,1.);
#2074=DERIVED_UNIT_ELEMENT(#4060,-3.);
#2075=DIMENSIONAL_EXPONENTS(0.,1.,0.,0.,0.,0.,0.);
#2076=(
CONVERSION_BASED_UNIT('gram',#2078)
MASS_UNIT()
NAMED_UNIT(#2075)
);
#2077=(
MASS_UNIT()
NAMED_UNIT(*)
SI_UNIT(.KILO.,.GRAM.)
);
#2078=MASS_MEASURE_WITH_UNIT(MASS_MEASURE(0.001),#2077);
#2079=DERIVED_UNIT((#2073,#2074));
#2080=MEASURE_REPRESENTATION_ITEM('density measure',
POSITIVE_RATIO_MEASURE(1.),#2079);
#2081=PROPERTY_DEFINITION_REPRESENTATION(#2086,#2083);
#2082=PROPERTY_DEFINITION_REPRESENTATION(#2087,#2084);
#2083=REPRESENTATION('material name',(#2085),#4057);
#2084=REPRESENTATION('density',(#2080),#4057);
#2085=DESCRIPTIVE_REPRESENTATION_ITEM('Generic','Generic');
#2086=PROPERTY_DEFINITION('material property','material name',#4067);
#2087=PROPERTY_DEFINITION('material property','density of part',#4067);
#2088=DATE_TIME_ROLE('creation_date');
#2089=APPLIED_DATE_AND_TIME_ASSIGNMENT(#2090,#2088,(#4067));
#2090=DATE_AND_TIME(#2091,#2092);
#2091=CALENDAR_DATE(2026,3,5);
#2092=LOCAL_TIME(0,0,0.,#2093);
#2093=COORDINATED_UNIVERSAL_TIME_OFFSET(0,0,.BEHIND.);
#2094=AXIS2_PLACEMENT_3D('',#2954,#2332,#2333);
#2095=AXIS2_PLACEMENT_3D('',#2955,#2334,#2335);
#2096=AXIS2_PLACEMENT_3D('',#2957,#2336,#2337);
#2097=AXIS2_PLACEMENT_3D('',#2960,#2339,#2340);
#2098=AXIS2_PLACEMENT_3D('',#2961,#2341,#2342);
#2099=AXIS2_PLACEMENT_3D('',#2963,#2343,#2344);
#2100=AXIS2_PLACEMENT_3D('',#2966,#2346,#2347);
#2101=AXIS2_PLACEMENT_3D('',#2967,#2348,#2349);
#2102=AXIS2_PLACEMENT_3D('',#2969,#2350,#2351);
#2103=AXIS2_PLACEMENT_3D('',#2972,#2353,#2354);
#2104=AXIS2_PLACEMENT_3D('',#2973,#2355,#2356);
#2105=AXIS2_PLACEMENT_3D('',#2975,#2357,#2358);
#2106=AXIS2_PLACEMENT_3D('',#2978,#2360,#2361);
#2107=AXIS2_PLACEMENT_3D('',#2979,#2362,#2363);
#2108=AXIS2_PLACEMENT_3D('',#2981,#2364,#2365);
#2109=AXIS2_PLACEMENT_3D('',#2984,#2367,#2368);
#2110=AXIS2_PLACEMENT_3D('',#2985,#2369,#2370);
#2111=AXIS2_PLACEMENT_3D('',#2987,#2371,#2372);
#2112=AXIS2_PLACEMENT_3D('',#2990,#2374,#2375);
#2113=AXIS2_PLACEMENT_3D('',#2991,#2376,#2377);
#2114=AXIS2_PLACEMENT_3D('',#2993,#2378,#2379);
#2115=AXIS2_PLACEMENT_3D('',#2996,#2381,#2382);
#2116=AXIS2_PLACEMENT_3D('',#2997,#2383,#2384);
#2117=AXIS2_PLACEMENT_3D('',#2999,#2385,#2386);
#2118=AXIS2_PLACEMENT_3D('',#3002,#2388,#2389);
#2119=AXIS2_PLACEMENT_3D('',#3003,#2390,#2391);
#2120=AXIS2_PLACEMENT_3D('',#3005,#2392,#2393);
#2121=AXIS2_PLACEMENT_3D('',#3035,#2395,#2396);
#2122=AXIS2_PLACEMENT_3D('',#3042,#2397,#2398);
#2123=AXIS2_PLACEMENT_3D('',#3043,#2399,#2400);
#2124=AXIS2_PLACEMENT_3D('',#3045,#2401,#2402);
#2125=AXIS2_PLACEMENT_3D('',#3056,#2404,#2405);
#2126=AXIS2_PLACEMENT_3D('',#3079,#2406,#2407);
#2127=AXIS2_PLACEMENT_3D('',#3080,#2408,#2409);
#2128=AXIS2_PLACEMENT_3D('',#3082,#2410,#2411);
#2129=AXIS2_PLACEMENT_3D('',#3086,#2413,#2414);
#2130=AXIS2_PLACEMENT_3D('',#3098,#2415,#2416);
#2131=AXIS2_PLACEMENT_3D('',#3099,#2417,#2418);
#2132=AXIS2_PLACEMENT_3D('',#3100,#2419,#2420);
#2133=AXIS2_PLACEMENT_3D('',#3102,#2421,#2422);
#2134=AXIS2_PLACEMENT_3D('',#3106,#2424,#2425);
#2135=AXIS2_PLACEMENT_3D('',#3118,#2426,#2427);
#2136=AXIS2_PLACEMENT_3D('',#3119,#2428,#2429);
#2137=AXIS2_PLACEMENT_3D('',#3120,#2430,#2431);
#2138=AXIS2_PLACEMENT_3D('',#3122,#2432,#2433);
#2139=AXIS2_PLACEMENT_3D('',#3125,#2435,#2436);
#2140=AXIS2_PLACEMENT_3D('',#3136,#2437,#2438);
#2141=AXIS2_PLACEMENT_3D('',#3137,#2439,#2440);
#2142=AXIS2_PLACEMENT_3D('',#3138,#2441,#2442);
#2143=AXIS2_PLACEMENT_3D('',#3142,#2444,#2445);
#2144=AXIS2_PLACEMENT_3D('',#3144,#2447,#2448);
#2145=AXIS2_PLACEMENT_3D('',#3146,#2449,#2450);
#2146=AXIS2_PLACEMENT_3D('',#3150,#2452,#2453);
#2147=AXIS2_PLACEMENT_3D('',#3162,#2455,#2456);
#2148=AXIS2_PLACEMENT_3D('',#3163,#2457,#2458);
#2149=AXIS2_PLACEMENT_3D('',#3280,#2459,#2460);
#2150=AXIS2_PLACEMENT_3D('',#3307,#2461,#2462);
#2151=AXIS2_PLACEMENT_3D('',#3311,#2465,#2466);
#2152=AXIS2_PLACEMENT_3D('',#3314,#2467,#2468);
#2153=AXIS2_PLACEMENT_3D('',#3316,#2469,#2470);
#2154=AXIS2_PLACEMENT_3D('',#3320,#2472,#2473);
#2155=AXIS2_PLACEMENT_3D('',#3323,#2475,#2476);
#2156=AXIS2_PLACEMENT_3D('',#3324,#2477,#2478);
#2157=AXIS2_PLACEMENT_3D('',#3327,#2479,#2480);
#2158=AXIS2_PLACEMENT_3D('',#3329,#2481,#2482);
#2159=AXIS2_PLACEMENT_3D('',#3339,#2483,#2484);
#2160=AXIS2_PLACEMENT_3D('',#3340,#2485,#2486);
#2161=AXIS2_PLACEMENT_3D('',#3344,#2489,#2490);
#2162=AXIS2_PLACEMENT_3D('',#3346,#2492,#2493);
#2163=AXIS2_PLACEMENT_3D('',#3430,#2496,#2497);
#2164=AXIS2_PLACEMENT_3D('',#3486,#2498,#2499);
#2165=AXIS2_PLACEMENT_3D('',#3490,#2502,#2503);
#2166=AXIS2_PLACEMENT_3D('',#3501,#2505,#2506);
#2167=AXIS2_PLACEMENT_3D('',#3502,#2507,#2508);
#2168=AXIS2_PLACEMENT_3D('',#3504,#2509,#2510);
#2169=AXIS2_PLACEMENT_3D('',#3506,#2511,#2512);
#2170=AXIS2_PLACEMENT_3D('',#3515,#2513,#2514);
#2171=AXIS2_PLACEMENT_3D('',#3519,#2517,#2518);
#2172=AXIS2_PLACEMENT_3D('',#3522,#2519,#2520);
#2173=AXIS2_PLACEMENT_3D('',#3526,#2522,#2523);
#2174=AXIS2_PLACEMENT_3D('',#3530,#2525,#2526);
#2175=AXIS2_PLACEMENT_3D('',#3534,#2528,#2529);
#2176=AXIS2_PLACEMENT_3D('',#3536,#2531,#2532);
#2177=AXIS2_PLACEMENT_3D('',#3556,#2534,#2535);
#2178=AXIS2_PLACEMENT_3D('',#3558,#2537,#2538);
#2179=AXIS2_PLACEMENT_3D('',#3561,#2539,#2540);
#2180=AXIS2_PLACEMENT_3D('',#3566,#2543,#2544);
#2181=AXIS2_PLACEMENT_3D('',#3585,#2546,#2547);
#2182=AXIS2_PLACEMENT_3D('',#3587,#2548,#2549);
#2183=AXIS2_PLACEMENT_3D('',#3593,#2552,#2553);
#2184=AXIS2_PLACEMENT_3D('',#3597,#2555,#2556);
#2185=AXIS2_PLACEMENT_3D('',#3603,#2559,#2560);
#2186=AXIS2_PLACEMENT_3D('',#3606,#2562,#2563);
#2187=AXIS2_PLACEMENT_3D('',#3609,#2565,#2566);
#2188=AXIS2_PLACEMENT_3D('',#3616,#2571,#2572);
#2189=AXIS2_PLACEMENT_3D('',#3617,#2573,#2574);
#2190=AXIS2_PLACEMENT_3D('',#3619,#2575,#2576);
#2191=AXIS2_PLACEMENT_3D('',#3623,#2578,#2579);
#2192=AXIS2_PLACEMENT_3D('',#3627,#2581,#2582);
#2193=AXIS2_PLACEMENT_3D('',#3631,#2584,#2585);
#2194=AXIS2_PLACEMENT_3D('',#3634,#2587,#2588);
#2195=AXIS2_PLACEMENT_3D('',#3635,#2589,#2590);
#2196=AXIS2_PLACEMENT_3D('',#3638,#2593,#2594);
#2197=AXIS2_PLACEMENT_3D('',#3661,#2602,#2603);
#2198=AXIS2_PLACEMENT_3D('',#3662,#2604,#2605);
#2199=AXIS2_PLACEMENT_3D('',#3663,#2606,#2607);
#2200=AXIS2_PLACEMENT_3D('',#3666,#2610,#2611);
#2201=AXIS2_PLACEMENT_3D('',#3672,#2615,#2616);
#2202=AXIS2_PLACEMENT_3D('',#3674,#2617,#2618);
#2203=AXIS2_PLACEMENT_3D('',#3676,#2619,#2620);
#2204=AXIS2_PLACEMENT_3D('',#3677,#2621,#2622);
#2205=AXIS2_PLACEMENT_3D('',#3678,#2623,#2624);
#2206=AXIS2_PLACEMENT_3D('',#3680,#2625,#2626);
#2207=AXIS2_PLACEMENT_3D('',#3682,#2627,#2628);
#2208=AXIS2_PLACEMENT_3D('',#3683,#2629,#2630);
#2209=AXIS2_PLACEMENT_3D('',#3684,#2631,#2632);
#2210=AXIS2_PLACEMENT_3D('',#3687,#2635,#2636);
#2211=AXIS2_PLACEMENT_3D('',#3689,#2638,#2639);
#2212=AXIS2_PLACEMENT_3D('',#3690,#2640,#2641);
#2213=AXIS2_PLACEMENT_3D('',#3693,#2642,#2643);
#2214=AXIS2_PLACEMENT_3D('',#3697,#2645,#2646);
#2215=AXIS2_PLACEMENT_3D('',#3699,#2648,#2649);
#2216=AXIS2_PLACEMENT_3D('',#3718,#2660,#2661);
#2217=AXIS2_PLACEMENT_3D('',#3720,#2662,#2663);
#2218=AXIS2_PLACEMENT_3D('',#3722,#2664,#2665);
#2219=AXIS2_PLACEMENT_3D('',#3724,#2667,#2668);
#2220=AXIS2_PLACEMENT_3D('',#3727,#2669,#2670);
#2221=AXIS2_PLACEMENT_3D('',#3729,#2671,#2672);
#2222=AXIS2_PLACEMENT_3D('',#3730,#2673,#2674);
#2223=AXIS2_PLACEMENT_3D('',#3731,#2675,#2676);
#2224=AXIS2_PLACEMENT_3D('',#3735,#2680,#2681);
#2225=AXIS2_PLACEMENT_3D('',#3738,#2682,#2683);
#2226=AXIS2_PLACEMENT_3D('',#3741,#2686,#2687);
#2227=AXIS2_PLACEMENT_3D('',#3743,#2688,#2689);
#2228=AXIS2_PLACEMENT_3D('',#3744,#2690,#2691);
#2229=AXIS2_PLACEMENT_3D('',#3745,#2692,#2693);
#2230=AXIS2_PLACEMENT_3D('',#3746,#2694,#2695);
#2231=AXIS2_PLACEMENT_3D('',#3748,#2696,#2697);
#2232=AXIS2_PLACEMENT_3D('',#3750,#2699,#2700);
#2233=AXIS2_PLACEMENT_3D('',#3754,#2703,#2704);
#2234=AXIS2_PLACEMENT_3D('',#3755,#2705,#2706);
#2235=AXIS2_PLACEMENT_3D('',#3758,#2708,#2709);
#2236=AXIS2_PLACEMENT_3D('',#3759,#2710,#2711);
#2237=AXIS2_PLACEMENT_3D('',#3762,#2712,#2713);
#2238=AXIS2_PLACEMENT_3D('',#3764,#2714,#2715);
#2239=AXIS2_PLACEMENT_3D('',#3765,#2716,#2717);
#2240=AXIS2_PLACEMENT_3D('',#3766,#2718,#2719);
#2241=AXIS2_PLACEMENT_3D('',#3770,#2723,#2724);
#2242=AXIS2_PLACEMENT_3D('',#3773,#2727,#2728);
#2243=AXIS2_PLACEMENT_3D('',#3775,#2729,#2730);
#2244=AXIS2_PLACEMENT_3D('',#3778,#2732,#2733);
#2245=AXIS2_PLACEMENT_3D('',#3779,#2734,#2735);
#2246=AXIS2_PLACEMENT_3D('',#3782,#2736,#2737);
#2247=AXIS2_PLACEMENT_3D('',#3783,#2738,#2739);
#2248=AXIS2_PLACEMENT_3D('',#3784,#2740,#2741);
#2249=AXIS2_PLACEMENT_3D('',#3785,#2742,#2743);
#2250=AXIS2_PLACEMENT_3D('',#3788,#2746,#2747);
#2251=AXIS2_PLACEMENT_3D('',#3790,#2749,#2750);
#2252=AXIS2_PLACEMENT_3D('',#3791,#2751,#2752);
#2253=AXIS2_PLACEMENT_3D('',#3792,#2753,#2754);
#2254=AXIS2_PLACEMENT_3D('',#3793,#2755,#2756);
#2255=AXIS2_PLACEMENT_3D('',#3795,#2758,#2759);
#2256=AXIS2_PLACEMENT_3D('',#3796,#2760,#2761);
#2257=AXIS2_PLACEMENT_3D('',#3798,#2762,#2763);
#2258=AXIS2_PLACEMENT_3D('',#3801,#2765,#2766);
#2259=AXIS2_PLACEMENT_3D('',#3802,#2767,#2768);
#2260=AXIS2_PLACEMENT_3D('',#3804,#2769,#2770);
#2261=AXIS2_PLACEMENT_3D('',#3805,#2771,#2772);
#2262=AXIS2_PLACEMENT_3D('',#3806,#2773,#2774);
#2263=AXIS2_PLACEMENT_3D('',#3807,#2775,#2776);
#2264=AXIS2_PLACEMENT_3D('',#3809,#2777,#2778);
#2265=AXIS2_PLACEMENT_3D('',#3811,#2780,#2781);
#2266=AXIS2_PLACEMENT_3D('',#3813,#2782,#2783);
#2267=AXIS2_PLACEMENT_3D('',#3814,#2784,#2785);
#2268=AXIS2_PLACEMENT_3D('',#3815,#2786,#2787);
#2269=AXIS2_PLACEMENT_3D('',#3816,#2788,#2789);
#2270=AXIS2_PLACEMENT_3D('',#3818,#2790,#2791);
#2271=AXIS2_PLACEMENT_3D('',#3820,#2793,#2794);
#2272=AXIS2_PLACEMENT_3D('',#3821,#2795,#2796);
#2273=AXIS2_PLACEMENT_3D('',#3822,#2797,#2798);
#2274=AXIS2_PLACEMENT_3D('',#3823,#2799,#2800);
#2275=AXIS2_PLACEMENT_3D('',#3825,#2802,#2803);
#2276=AXIS2_PLACEMENT_3D('',#3827,#2805,#2806);
#2277=AXIS2_PLACEMENT_3D('',#3828,#2807,#2808);
#2278=AXIS2_PLACEMENT_3D('',#3829,#2809,#2810);
#2279=AXIS2_PLACEMENT_3D('',#3833,#2812,#2813);
#2280=AXIS2_PLACEMENT_3D('',#3837,#2815,#2816);
#2281=AXIS2_PLACEMENT_3D('',#3839,#2818,#2819);
#2282=AXIS2_PLACEMENT_3D('',#3843,#2821,#2822);
#2283=AXIS2_PLACEMENT_3D('',#3847,#2824,#2825);
#2284=AXIS2_PLACEMENT_3D('',#3849,#2827,#2828);
#2285=AXIS2_PLACEMENT_3D('',#3853,#2830,#2831);
#2286=AXIS2_PLACEMENT_3D('',#3857,#2833,#2834);
#2287=AXIS2_PLACEMENT_3D('',#3859,#2836,#2837);
#2288=AXIS2_PLACEMENT_3D('',#3863,#2840,#2841);
#2289=AXIS2_PLACEMENT_3D('',#3865,#2842,#2843);
#2290=AXIS2_PLACEMENT_3D('',#3867,#2845,#2846);
#2291=AXIS2_PLACEMENT_3D('',#3871,#2849,#2850);
#2292=AXIS2_PLACEMENT_3D('',#3873,#2851,#2852);
#2293=AXIS2_PLACEMENT_3D('',#3875,#2854,#2855);
#2294=AXIS2_PLACEMENT_3D('',#3877,#2857,#2858);
#2295=AXIS2_PLACEMENT_3D('',#3881,#2861,#2862);
#2296=AXIS2_PLACEMENT_3D('',#3883,#2863,#2864);
#2297=AXIS2_PLACEMENT_3D('',#3885,#2866,#2867);
#2298=AXIS2_PLACEMENT_3D('',#3889,#2870,#2871);
#2299=AXIS2_PLACEMENT_3D('',#3891,#2872,#2873);
#2300=AXIS2_PLACEMENT_3D('',#3893,#2875,#2876);
#2301=AXIS2_PLACEMENT_3D('',#3895,#2878,#2879);
#2302=AXIS2_PLACEMENT_3D('',#3899,#2882,#2883);
#2303=AXIS2_PLACEMENT_3D('',#3901,#2884,#2885);
#2304=AXIS2_PLACEMENT_3D('',#3903,#2887,#2888);
#2305=AXIS2_PLACEMENT_3D('',#3907,#2891,#2892);
#2306=AXIS2_PLACEMENT_3D('',#3909,#2893,#2894);
#2307=AXIS2_PLACEMENT_3D('',#3911,#2896,#2897);
#2308=AXIS2_PLACEMENT_3D('',#3913,#2899,#2900);
#2309=AXIS2_PLACEMENT_3D('',#3917,#2903,#2904);
#2310=AXIS2_PLACEMENT_3D('',#3919,#2905,#2906);
#2311=AXIS2_PLACEMENT_3D('',#3921,#2908,#2909);
#2312=AXIS2_PLACEMENT_3D('',#3925,#2912,#2913);
#2313=AXIS2_PLACEMENT_3D('',#3927,#2914,#2915);
#2314=AXIS2_PLACEMENT_3D('',#3929,#2917,#2918);
#2315=AXIS2_PLACEMENT_3D('',#3931,#2920,#2921);
#2316=AXIS2_PLACEMENT_3D('',#3952,#2922,#2923);
#2317=AXIS2_PLACEMENT_3D('',#3955,#2924,#2925);
#2318=AXIS2_PLACEMENT_3D('',#3958,#2926,#2927);
#2319=AXIS2_PLACEMENT_3D('',#3961,#2928,#2929);
#2320=AXIS2_PLACEMENT_3D('',#3964,#2930,#2931);
#2321=AXIS2_PLACEMENT_3D('',#3967,#2932,#2933);
#2322=AXIS2_PLACEMENT_3D('',#3970,#2934,#2935);
#2323=AXIS2_PLACEMENT_3D('',#3973,#2936,#2937);
#2324=AXIS2_PLACEMENT_3D('',#3998,#2938,#2939);
#2325=AXIS2_PLACEMENT_3D('',#4001,#2940,#2941);
#2326=AXIS2_PLACEMENT_3D('',#4006,#2942,#2943);
#2327=AXIS2_PLACEMENT_3D('',#4011,#2944,#2945);
#2328=AXIS2_PLACEMENT_3D('',#4018,#2946,#2947);
#2329=AXIS2_PLACEMENT_3D('',#4023,#2948,#2949);
#2330=AXIS2_PLACEMENT_3D('',#4030,#2950,#2951);
#2331=AXIS2_PLACEMENT_3D('',#4035,#2952,#2953);
#2332=DIRECTION('axis',(0.,0.,1.));
#2333=DIRECTION('refdir',(1.,0.,0.));
#2334=DIRECTION('center_axis',(0.,0.,1.));
#2335=DIRECTION('ref_axis',(1.,0.,0.));
#2336=DIRECTION('center_axis',(0.,0.,1.));
#2337=DIRECTION('ref_axis',(1.,0.,0.));
#2338=DIRECTION('',(0.,0.,1.));
#2339=DIRECTION('center_axis',(0.,0.,-1.));
#2340=DIRECTION('ref_axis',(1.,0.,0.));
#2341=DIRECTION('center_axis',(0.,0.,1.));
#2342=DIRECTION('ref_axis',(1.,0.,0.));
#2343=DIRECTION('center_axis',(0.,0.,1.));
#2344=DIRECTION('ref_axis',(1.,0.,0.));
#2345=DIRECTION('',(0.,0.,1.));
#2346=DIRECTION('center_axis',(0.,0.,-1.));
#2347=DIRECTION('ref_axis',(1.,0.,0.));
#2348=DIRECTION('center_axis',(0.,0.,1.));
#2349=DIRECTION('ref_axis',(1.,0.,0.));
#2350=DIRECTION('center_axis',(0.,0.,1.));
#2351=DIRECTION('ref_axis',(1.,0.,0.));
#2352=DIRECTION('',(0.,0.,1.));
#2353=DIRECTION('center_axis',(0.,0.,-1.));
#2354=DIRECTION('ref_axis',(1.,0.,0.));
#2355=DIRECTION('center_axis',(0.,0.,1.));
#2356=DIRECTION('ref_axis',(1.,0.,0.));
#2357=DIRECTION('center_axis',(0.,0.,1.));
#2358=DIRECTION('ref_axis',(1.,0.,0.));
#2359=DIRECTION('',(0.,0.,1.));
#2360=DIRECTION('center_axis',(0.,0.,-1.));
#2361=DIRECTION('ref_axis',(1.,0.,0.));
#2362=DIRECTION('center_axis',(0.,0.,-1.));
#2363=DIRECTION('ref_axis',(-1.,0.,0.));
#2364=DIRECTION('center_axis',(0.,0.,-1.));
#2365=DIRECTION('ref_axis',(-1.,0.,0.));
#2366=DIRECTION('',(0.,0.,-1.));
#2367=DIRECTION('center_axis',(0.,0.,1.));
#2368=DIRECTION('ref_axis',(-1.,0.,0.));
#2369=DIRECTION('center_axis',(0.,0.,-1.));
#2370=DIRECTION('ref_axis',(-1.,0.,0.));
#2371=DIRECTION('center_axis',(0.,0.,-1.));
#2372=DIRECTION('ref_axis',(-1.,0.,0.));
#2373=DIRECTION('',(0.,0.,-1.));
#2374=DIRECTION('center_axis',(0.,0.,1.));
#2375=DIRECTION('ref_axis',(-1.,0.,0.));
#2376=DIRECTION('center_axis',(0.,0.,-1.));
#2377=DIRECTION('ref_axis',(-1.,0.,0.));
#2378=DIRECTION('center_axis',(0.,0.,-1.));
#2379=DIRECTION('ref_axis',(-1.,0.,0.));
#2380=DIRECTION('',(0.,0.,-1.));
#2381=DIRECTION('center_axis',(0.,0.,1.));
#2382=DIRECTION('ref_axis',(-1.,0.,0.));
#2383=DIRECTION('center_axis',(0.,0.,-1.));
#2384=DIRECTION('ref_axis',(-1.,0.,0.));
#2385=DIRECTION('center_axis',(0.,0.,-1.));
#2386=DIRECTION('ref_axis',(-1.,0.,0.));
#2387=DIRECTION('',(0.,0.,-1.));
#2388=DIRECTION('center_axis',(0.,0.,1.));
#2389=DIRECTION('ref_axis',(-1.,0.,0.));
#2390=DIRECTION('center_axis',(0.,0.,-1.));
#2391=DIRECTION('ref_axis',(-1.,0.,0.));
#2392=DIRECTION('center_axis',(0.,0.,-1.));
#2393=DIRECTION('ref_axis',(-1.,0.,0.));
#2394=DIRECTION('',(0.,0.,1.));
#2395=DIRECTION('center_axis',(0.,0.,1.));
#2396=DIRECTION('ref_axis',(-1.,0.,0.));
#2397=DIRECTION('center_axis',(0.,0.,-1.));
#2398=DIRECTION('ref_axis',(-1.,0.,0.));
#2399=DIRECTION('center_axis',(0.,0.,-1.));
#2400=DIRECTION('ref_axis',(-1.,0.,0.));
#2401=DIRECTION('center_axis',(0.,0.,-1.));
#2402=DIRECTION('ref_axis',(-1.,0.,0.));
#2403=DIRECTION('',(0.,0.,1.));
#2404=DIRECTION('center_axis',(0.,0.,1.));
#2405=DIRECTION('ref_axis',(-1.,0.,0.));
#2406=DIRECTION('center_axis',(0.,0.,-1.));
#2407=DIRECTION('ref_axis',(-1.,0.,0.));
#2408=DIRECTION('center_axis',(0.,0.,-1.));
#2409=DIRECTION('ref_axis',(-1.,0.,0.));
#2410=DIRECTION('center_axis',(0.,0.,-1.));
#2411=DIRECTION('ref_axis',(-1.,0.,0.));
#2412=DIRECTION('',(0.,0.,1.));
#2413=DIRECTION('center_axis',(0.,0.,1.));
#2414=DIRECTION('ref_axis',(-1.,0.,0.));
#2415=DIRECTION('center_axis',(0.,0.,1.));
#2416=DIRECTION('ref_axis',(-1.,0.,0.));
#2417=DIRECTION('center_axis',(0.,0.,-1.));
#2418=DIRECTION('ref_axis',(-1.,0.,0.));
#2419=DIRECTION('center_axis',(0.,0.,-1.));
#2420=DIRECTION('ref_axis',(-1.,0.,0.));
#2421=DIRECTION('center_axis',(0.,0.,-1.));
#2422=DIRECTION('ref_axis',(-1.,0.,0.));
#2423=DIRECTION('',(0.,0.,1.));
#2424=DIRECTION('center_axis',(0.,0.,1.));
#2425=DIRECTION('ref_axis',(-1.,0.,0.));
#2426=DIRECTION('center_axis',(0.,0.,1.));
#2427=DIRECTION('ref_axis',(-1.,0.,0.));
#2428=DIRECTION('center_axis',(0.,0.,-1.));
#2429=DIRECTION('ref_axis',(-1.,0.,0.));
#2430=DIRECTION('center_axis',(-1.,6.93889390390723E-18,0.));
#2431=DIRECTION('ref_axis',(0.,-0.707106781186547,0.707106781186548));
#2432=DIRECTION('center_axis',(-1.,-9.92139382537801E-16,0.));
#2433=DIRECTION('ref_axis',(9.92139382537801E-16,-1.,0.));
#2434=DIRECTION('',(-1.,6.93889390390723E-18,0.));
#2435=DIRECTION('center_axis',(1.,6.47630097697998E-16,0.));
#2436=DIRECTION('ref_axis',(3.70074341541719E-16,-0.707106781186547,0.707106781186548));
#2437=DIRECTION('center_axis',(-3.70074341541719E-16,-1.,0.));
#2438=DIRECTION('ref_axis',(1.,-3.70074341541719E-16,0.));
#2439=DIRECTION('center_axis',(0.,0.,-1.));
#2440=DIRECTION('ref_axis',(0.707106781186547,-0.707106781186548,0.));
#2441=DIRECTION('center_axis',(3.26536183713281E-17,-1.,0.));
#2442=DIRECTION('ref_axis',(0.707106781186548,0.,0.707106781186547));
#2443=DIRECTION('',(-3.26536183713281E-17,1.,0.));
#2444=DIRECTION('center_axis',(0.,-1.,0.));
#2445=DIRECTION('ref_axis',(0.,0.,1.));
#2446=DIRECTION('',(3.26536183713281E-17,-1.,0.));
#2447=DIRECTION('center_axis',(3.26536183713281E-17,-1.,0.));
#2448=DIRECTION('ref_axis',(0.707106781186548,0.,0.707106781186547));
#2449=DIRECTION('center_axis',(0.,-1.,0.));
#2450=DIRECTION('ref_axis',(1.,0.,0.));
#2451=DIRECTION('',(3.26536183713281E-17,-1.,0.));
#2452=DIRECTION('center_axis',(0.,1.,2.96059473233375E-15));
#2453=DIRECTION('ref_axis',(1.,0.,0.));
#2454=DIRECTION('',(-3.26536183713281E-17,1.,0.));
#2455=DIRECTION('center_axis',(1.,1.48029736616687E-15,0.));
#2456=DIRECTION('ref_axis',(-1.48029736616687E-15,1.,0.));
#2457=DIRECTION('center_axis',(0.,0.,-1.));
#2458=DIRECTION('ref_axis',(0.707106781186548,0.707106781186547,0.));
#2459=DIRECTION('center_axis',(0.,0.,-1.));
#2460=DIRECTION('ref_axis',(0.,1.,0.));
#2461=DIRECTION('center_axis',(-2.82754077791548E-15,1.,0.));
#2462=DIRECTION('ref_axis',(1.,2.82754077791548E-15,0.));
#2463=DIRECTION('',(0.,0.,-1.));
#2464=DIRECTION('',(-1.,-2.82754077791548E-15,0.));
#2465=DIRECTION('center_axis',(0.,0.,1.));
#2466=DIRECTION('ref_axis',(1.,0.,0.));
#2467=DIRECTION('center_axis',(0.,0.,1.));
#2468=DIRECTION('ref_axis',(0.440958551844098,0.897527467855751,0.));
#2469=DIRECTION('center_axis',(0.,0.,1.));
#2470=DIRECTION('ref_axis',(1.,6.80011602582903E-15,0.));
#2471=DIRECTION('',(1.,-6.93889390390723E-18,0.));
#2472=DIRECTION('center_axis',(0.,0.,1.));
#2473=DIRECTION('ref_axis',(0.707106781186552,-0.707106781186543,0.));
#2474=DIRECTION('',(-1.,-1.38777878078145E-16,0.));
#2475=DIRECTION('center_axis',(0.,0.,-1.));
#2476=DIRECTION('ref_axis',(-1.,1.61907524424502E-16,0.));
#2477=DIRECTION('center_axis',(1.,0.,0.));
#2478=DIRECTION('ref_axis',(0.,0.,-1.));
#2479=DIRECTION('center_axis',(0.,0.,1.));
#2480=DIRECTION('ref_axis',(1.,-1.03620815631681E-14,0.));
#2481=DIRECTION('center_axis',(-1.,0.,0.));
#2482=DIRECTION('ref_axis',(0.,-0.707106781186547,0.707106781186547));
#2483=DIRECTION('center_axis',(1.,0.,0.));
#2484=DIRECTION('ref_axis',(0.,-0.707106781186547,0.707106781186547));
#2485=DIRECTION('center_axis',(-1.,6.93889390390723E-18,0.));
#2486=DIRECTION('ref_axis',(0.,-0.707106781186548,0.707106781186547));
#2487=DIRECTION('',(1.,-6.93889390390723E-18,0.));
#2488=DIRECTION('',(-1.,6.93889390390723E-18,0.));
#2489=DIRECTION('center_axis',(-1.,0.,0.));
#2490=DIRECTION('ref_axis',(0.,-1.,0.));
#2491=DIRECTION('',(1.,-6.93889390390723E-18,0.));
#2492=DIRECTION('center_axis',(6.93889390390723E-18,1.,0.));
#2493=DIRECTION('ref_axis',(1.,-6.93889390390723E-18,0.));
#2494=DIRECTION('',(0.,0.,1.));
#2495=DIRECTION('',(0.,0.,-1.));
#2496=DIRECTION('center_axis',(-8.31172057217575E-16,7.40148683083436E-16,
1.));
#2497=DIRECTION('ref_axis',(0.,-1.,7.40148683083436E-16));
#2498=DIRECTION('center_axis',(1.,1.11022302462516E-16,0.));
#2499=DIRECTION('ref_axis',(0.,0.707106781186548,0.707106781186547));
#2500=DIRECTION('',(-1.,-1.11022302462516E-16,0.));
#2501=DIRECTION('',(-1.,-1.11022302462516E-16,0.));
#2502=DIRECTION('center_axis',(1.,0.,0.));
#2503=DIRECTION('ref_axis',(0.,1.,0.));
#2504=DIRECTION('',(1.,1.11022302462516E-16,0.));
#2505=DIRECTION('center_axis',(0.,0.,-1.));
#2506=DIRECTION('ref_axis',(-0.540061724867323,0.841625411530172,0.));
#2507=DIRECTION('center_axis',(-1.,-6.47630097697998E-16,0.));
#2508=DIRECTION('ref_axis',(0.,0.,1.));
#2509=DIRECTION('center_axis',(0.,0.,-1.));
#2510=DIRECTION('ref_axis',(-1.,-7.40148683083438E-16,0.));
#2511=DIRECTION('center_axis',(-1.,-6.47630097697998E-16,0.));
#2512=DIRECTION('ref_axis',(4.57943633782761E-16,-0.707106781186547,0.707106781186548));
#2513=DIRECTION('center_axis',(-1.,-6.47630097697998E-16,0.));
#2514=DIRECTION('ref_axis',(-6.47630097697998E-16,1.,0.));
#2515=DIRECTION('',(0.,0.,-1.));
#2516=DIRECTION('',(6.47630097697998E-16,-1.,0.));
#2517=DIRECTION('center_axis',(0.,0.,1.));
#2518=DIRECTION('ref_axis',(1.,0.,0.));
#2519=DIRECTION('center_axis',(0.,0.,1.));
#2520=DIRECTION('ref_axis',(-0.707106781186548,0.707106781186547,0.));
#2521=DIRECTION('',(1.,-6.93889390390723E-18,0.));
#2522=DIRECTION('center_axis',(0.,0.,1.));
#2523=DIRECTION('ref_axis',(-9.12403325503331E-16,1.,0.));
#2524=DIRECTION('',(-3.26536183713281E-17,1.,0.));
#2525=DIRECTION('center_axis',(0.,0.,1.));
#2526=DIRECTION('ref_axis',(0.707106781186547,0.707106781186548,0.));
#2527=DIRECTION('',(4.35381578284375E-17,-1.,0.));
#2528=DIRECTION('center_axis',(0.,0.,-1.));
#2529=DIRECTION('ref_axis',(-3.08842001584351E-16,-1.,0.));
#2530=DIRECTION('',(-1.,-1.38777878078145E-16,0.));
#2531=DIRECTION('center_axis',(0.,0.,-1.));
#2532=DIRECTION('ref_axis',(-0.897527467855749,0.440958551844101,0.));
#2533=DIRECTION('',(0.,0.,1.));
#2534=DIRECTION('center_axis',(0.,0.,-1.));
#2535=DIRECTION('ref_axis',(-0.897527467855749,0.440958551844101,0.));
#2536=DIRECTION('',(0.,0.,-1.));
#2537=DIRECTION('center_axis',(0.,0.,-1.));
#2538=DIRECTION('ref_axis',(-0.897527467855745,-0.44095855184411,0.));
#2539=DIRECTION('center_axis',(0.,0.,1.));
#2540=DIRECTION('ref_axis',(-0.897527467855745,-0.44095855184411,0.));
#2541=DIRECTION('',(0.,0.,1.));
#2542=DIRECTION('',(0.,0.,1.));
#2543=DIRECTION('center_axis',(0.,0.,-1.));
#2544=DIRECTION('ref_axis',(-0.897527467855745,-0.44095855184411,0.));
#2545=DIRECTION('',(0.,0.,-1.));
#2546=DIRECTION('center_axis',(0.,0.,1.));
#2547=DIRECTION('ref_axis',(1.,0.,0.));
#2548=DIRECTION('center_axis',(0.,0.,1.));
#2549=DIRECTION('ref_axis',(-0.707106781186547,-0.707106781186548,0.));
#2550=DIRECTION('',(1.,1.38777878078145E-16,0.));
#2551=DIRECTION('',(-5.55111512312578E-16,1.,0.));
#2552=DIRECTION('center_axis',(0.,0.,1.));
#2553=DIRECTION('ref_axis',(1.48029736616687E-15,-1.,0.));
#2554=DIRECTION('',(1.,0.,0.));
#2555=DIRECTION('center_axis',(0.,0.,1.));
#2556=DIRECTION('ref_axis',(-1.,0.,0.));
#2557=DIRECTION('',(-2.77555756156289E-16,-1.,0.));
#2558=DIRECTION('',(1.,1.38777878078145E-16,0.));
#2559=DIRECTION('center_axis',(0.,0.,1.));
#2560=DIRECTION('ref_axis',(0.707106781186552,-0.707106781186543,0.));
#2561=DIRECTION('',(0.,1.,0.));
#2562=DIRECTION('center_axis',(0.,0.,1.));
#2563=DIRECTION('ref_axis',(-0.99449934209601,-0.104742821093401,0.));
#2564=DIRECTION('',(-3.483052626275E-16,-1.,0.));
#2565=DIRECTION('center_axis',(0.,0.,1.));
#2566=DIRECTION('ref_axis',(-0.99449934209601,0.104742821093399,0.));
#2567=DIRECTION('',(1.,0.,0.));
#2568=DIRECTION('',(1.,-2.22044604925031E-16,0.));
#2569=DIRECTION('',(-2.22044604925031E-16,1.,0.));
#2570=DIRECTION('',(-1.,-4.44089209850063E-16,0.));
#2571=DIRECTION('center_axis',(0.,-1.,0.));
#2572=DIRECTION('ref_axis',(-1.,0.,0.));
#2573=DIRECTION('center_axis',(0.,0.,1.));
#2574=DIRECTION('ref_axis',(1.,0.,0.));
#2575=DIRECTION('center_axis',(0.,0.,-1.));
#2576=DIRECTION('ref_axis',(-2.96059473233374E-15,1.,0.));
#2577=DIRECTION('',(1.,0.,0.));
#2578=DIRECTION('center_axis',(0.,0.,-1.));
#2579=DIRECTION('ref_axis',(1.,1.48029736616687E-15,0.));
#2580=DIRECTION('',(4.35381578284375E-17,-1.,0.));
#2581=DIRECTION('center_axis',(0.,0.,1.));
#2582=DIRECTION('ref_axis',(-0.707106781186547,-0.707106781186548,0.));
#2583=DIRECTION('',(-3.26536183713281E-17,1.,0.));
#2584=DIRECTION('center_axis',(0.,0.,1.));
#2585=DIRECTION('ref_axis',(-1.,0.,0.));
#2586=DIRECTION('',(-1.,-1.11022302462516E-16,0.));
#2587=DIRECTION('center_axis',(0.,0.,1.));
#2588=DIRECTION('ref_axis',(5.92118946466749E-15,-1.,0.));
#2589=DIRECTION('center_axis',(0.,0.,-1.));
#2590=DIRECTION('ref_axis',(0.707106781186552,-0.707106781186543,0.));
#2591=DIRECTION('',(0.,0.,1.));
#2592=DIRECTION('',(0.,0.,-1.));
#2593=DIRECTION('center_axis',(1.38777878078145E-16,-1.,0.));
#2594=DIRECTION('ref_axis',(1.,1.38777878078145E-16,0.));
#2595=DIRECTION('',(0.,0.,1.));
#2596=DIRECTION('',(1.,1.38777878078145E-16,0.));
#2597=DIRECTION('',(0.,0.,1.));
#2598=DIRECTION('',(1.,1.38777878078145E-16,0.));
#2599=DIRECTION('',(0.,0.,1.));
#2600=DIRECTION('',(1.,1.38777878078145E-16,0.));
#2601=DIRECTION('',(0.,0.,1.));
#2602=DIRECTION('center_axis',(0.,0.,-1.));
#2603=DIRECTION('ref_axis',(-0.54006172486732,-0.841625411530174,0.));
#2604=DIRECTION('center_axis',(0.,0.,-1.));
#2605=DIRECTION('ref_axis',(1.,6.80011602582903E-15,0.));
#2606=DIRECTION('center_axis',(0.,0.,-1.));
#2607=DIRECTION('ref_axis',(-0.707106781186547,-0.707106781186548,0.));
#2608=DIRECTION('',(0.,0.,1.));
#2609=DIRECTION('',(0.,0.,-1.));
#2610=DIRECTION('center_axis',(1.38777878078145E-16,-1.,0.));
#2611=DIRECTION('ref_axis',(1.,1.38777878078145E-16,0.));
#2612=DIRECTION('',(0.,0.,1.));
#2613=DIRECTION('',(1.,1.38777878078145E-16,0.));
#2614=DIRECTION('',(0.,0.,1.));
#2615=DIRECTION('center_axis',(0.,-1.,0.));
#2616=DIRECTION('ref_axis',(0.,0.,-1.));
#2617=DIRECTION('center_axis',(-1.,0.,0.));
#2618=DIRECTION('ref_axis',(0.,1.,0.));
#2619=DIRECTION('center_axis',(-4.44089209850063E-16,1.,0.));
#2620=DIRECTION('ref_axis',(0.707106781186548,0.,0.707106781186548));
#2621=DIRECTION('center_axis',(0.,0.,-1.));
#2622=DIRECTION('ref_axis',(-1.,0.,0.));
#2623=DIRECTION('center_axis',(0.,1.,0.));
#2624=DIRECTION('ref_axis',(0.,0.,1.));
#2625=DIRECTION('center_axis',(0.,0.,-1.));
#2626=DIRECTION('ref_axis',(-3.70074341541718E-16,-1.,0.));
#2627=DIRECTION('center_axis',(-2.22044604925031E-16,-1.,0.));
#2628=DIRECTION('ref_axis',(0.707106781186548,-2.09345661157837E-15,0.707106781186547));
#2629=DIRECTION('center_axis',(-1.,0.,0.));
#2630=DIRECTION('ref_axis',(0.,0.,-1.));
#2631=DIRECTION('center_axis',(0.,0.,-1.));
#2632=DIRECTION('ref_axis',(-1.,0.,0.));
#2633=DIRECTION('',(0.,0.,-1.));
#2634=DIRECTION('',(0.,0.,-1.));
#2635=DIRECTION('center_axis',(1.11022302462516E-16,-1.,0.));
#2636=DIRECTION('ref_axis',(-1.,-1.11022302462516E-16,0.));
#2637=DIRECTION('',(0.,0.,-1.));
#2638=DIRECTION('center_axis',(0.,0.,-1.));
#2639=DIRECTION('ref_axis',(5.92118946466749E-15,-1.,0.));
#2640=DIRECTION('center_axis',(-1.,0.,0.));
#2641=DIRECTION('ref_axis',(0.,0.707106781186548,0.707106781186547));
#2642=DIRECTION('center_axis',(1.,5.55111512312578E-16,0.));
#2643=DIRECTION('ref_axis',(0.,0.707106781186548,0.707106781186547));
#2644=DIRECTION('',(-1.,0.,0.));
#2645=DIRECTION('center_axis',(-1.,1.11022302462516E-15,0.));
#2646=DIRECTION('ref_axis',(0.,0.707106781186548,0.707106781186547));
#2647=DIRECTION('',(1.,0.,0.));
#2648=DIRECTION('center_axis',(0.,1.,0.));
#2649=DIRECTION('ref_axis',(-1.,0.,0.));
#2650=DIRECTION('',(0.,0.,1.));
#2651=DIRECTION('',(-1.,0.,0.));
#2652=DIRECTION('',(0.,0.,1.));
#2653=DIRECTION('',(-1.,0.,0.));
#2654=DIRECTION('',(0.,0.,1.));
#2655=DIRECTION('',(0.,0.,1.));
#2656=DIRECTION('',(-1.,0.,0.));
#2657=DIRECTION('',(0.,0.,1.));
#2658=DIRECTION('',(-1.,0.,0.));
#2659=DIRECTION('',(0.,0.,1.));
#2660=DIRECTION('center_axis',(1.,1.38777878078145E-16,0.));
#2661=DIRECTION('ref_axis',(0.,-0.707106781186547,0.707106781186548));
#2662=DIRECTION('center_axis',(-1.,-2.22044604925031E-15,0.));
#2663=DIRECTION('ref_axis',(0.,-0.707106781186547,0.707106781186548));
#2664=DIRECTION('center_axis',(1.,-2.77555756156289E-16,0.));
#2665=DIRECTION('ref_axis',(0.,-0.707106781186547,0.707106781186548));
#2666=DIRECTION('',(-1.,-1.38777878078145E-16,0.));
#2667=DIRECTION('center_axis',(-0.816496580927726,-0.408248290463864,0.408248290463862));
#2668=DIRECTION('ref_axis',(0.577350269189625,-0.577350269189628,0.577350269189625));
#2669=DIRECTION('center_axis',(1.,0.,-2.96059473233375E-15));
#2670=DIRECTION('ref_axis',(0.,-1.,0.));
#2671=DIRECTION('center_axis',(0.,0.,1.));
#2672=DIRECTION('ref_axis',(1.,0.,0.));
#2673=DIRECTION('center_axis',(0.,-1.,0.));
#2674=DIRECTION('ref_axis',(0.,0.,1.));
#2675=DIRECTION('center_axis',(0.,0.,1.));
#2676=DIRECTION('ref_axis',(0.707106781186546,-0.707106781186549,0.));
#2677=DIRECTION('',(0.,0.,1.));
#2678=DIRECTION('',(0.,0.,-1.));
#2679=DIRECTION('',(0.,0.,-1.));
#2680=DIRECTION('center_axis',(-4.35381578284375E-17,1.,0.));
#2681=DIRECTION('ref_axis',(0.707106781186547,0.,0.707106781186548));
#2682=DIRECTION('center_axis',(0.,-1.,0.));
#2683=DIRECTION('ref_axis',(1.,0.,0.));
#2684=DIRECTION('',(4.35381578284375E-17,-1.,0.));
#2685=DIRECTION('',(-4.35381578284375E-17,1.,0.));
#2686=DIRECTION('center_axis',(0.,0.,1.));
#2687=DIRECTION('ref_axis',(1.,0.,0.));
#2688=DIRECTION('center_axis',(1.,-3.51570624464632E-15,0.));
#2689=DIRECTION('ref_axis',(3.51570624464632E-15,1.,0.));
#2690=DIRECTION('center_axis',(0.,0.,-1.));
#2691=DIRECTION('ref_axis',(0.707106781186548,0.707106781186547,0.));
#2692=DIRECTION('center_axis',(0.,0.,1.));
#2693=DIRECTION('ref_axis',(0.707106781186548,0.707106781186547,0.));
#2694=DIRECTION('center_axis',(-1.,0.,0.));
#2695=DIRECTION('ref_axis',(0.,0.707106781186548,0.707106781186547));
#2696=DIRECTION('center_axis',(-1.,2.77555756156289E-16,0.));
#2697=DIRECTION('ref_axis',(0.,0.707106781186548,0.707106781186547));
#2698=DIRECTION('',(1.,0.,0.));
#2699=DIRECTION('center_axis',(1.,-2.22044604925031E-16,0.));
#2700=DIRECTION('ref_axis',(0.,-0.707106781186546,0.707106781186549));
#2701=DIRECTION('',(1.,-2.22044604925031E-16,0.));
#2702=DIRECTION('',(-1.,2.22044604925031E-16,0.));
#2703=DIRECTION('center_axis',(0.707106781186548,0.707106781186548,0.));
#2704=DIRECTION('ref_axis',(-0.707106781186548,0.707106781186548,0.));
#2705=DIRECTION('center_axis',(-2.22044604925031E-16,1.,0.));
#2706=DIRECTION('ref_axis',(0.707106781186547,0.,0.707106781186548));
#2707=DIRECTION('',(2.22044604925031E-16,-1.,0.));
#2708=DIRECTION('center_axis',(-0.707106781186549,0.707106781186547,0.));
#2709=DIRECTION('ref_axis',(-0.707106781186546,-0.707106781186548,0.));
#2710=DIRECTION('center_axis',(0.408248290463863,-0.816496580927726,0.408248290463863));
#2711=DIRECTION('ref_axis',(0.577350269189626,0.577350269189626,0.577350269189626));
#2712=DIRECTION('center_axis',(0.,1.,0.));
#2713=DIRECTION('ref_axis',(1.,0.,0.));
#2714=DIRECTION('center_axis',(0.,0.,1.));
#2715=DIRECTION('ref_axis',(-3.70074341541719E-16,1.,0.));
#2716=DIRECTION('center_axis',(1.,2.96059473233375E-15,0.));
#2717=DIRECTION('ref_axis',(0.,0.,1.));
#2718=DIRECTION('center_axis',(0.,0.,1.));
#2719=DIRECTION('ref_axis',(0.707106781186547,0.707106781186548,0.));
#2720=DIRECTION('',(0.,0.,1.));
#2721=DIRECTION('',(0.,0.,1.));
#2722=DIRECTION('',(0.,0.,-1.));
#2723=DIRECTION('center_axis',(-1.,-4.44089209850063E-16,0.));
#2724=DIRECTION('ref_axis',(0.,0.707106781186547,0.707106781186548));
#2725=DIRECTION('',(1.,4.44089209850063E-16,0.));
#2726=DIRECTION('',(-1.,-4.44089209850063E-16,0.));
#2727=DIRECTION('center_axis',(1.,1.38777878078145E-16,0.));
#2728=DIRECTION('ref_axis',(0.,-0.707106781186547,0.707106781186548));
#2729=DIRECTION('center_axis',(-1.,-4.29966530600331E-16,0.));
#2730=DIRECTION('ref_axis',(4.29966530600331E-16,-1.,0.));
#2731=DIRECTION('',(-1.,-1.38777878078145E-16,0.));
#2732=DIRECTION('center_axis',(-1.,-5.55111512312578E-16,0.));
#2733=DIRECTION('ref_axis',(0.,-0.707106781186547,0.707106781186548));
#2734=DIRECTION('center_axis',(0.,0.,1.));
#2735=DIRECTION('ref_axis',(1.,0.,0.));
#2736=DIRECTION('center_axis',(1.11022302462516E-15,-1.,0.));
#2737=DIRECTION('ref_axis',(1.,1.11022302462516E-15,0.));
#2738=DIRECTION('center_axis',(0.,0.,-1.));
#2739=DIRECTION('ref_axis',(0.707106781186548,-0.707106781186547,0.));
#2740=DIRECTION('center_axis',(0.,0.,1.));
#2741=DIRECTION('ref_axis',(0.707106781186548,-0.707106781186547,0.));
#2742=DIRECTION('center_axis',(-4.35381578284375E-17,1.,0.));
#2743=DIRECTION('ref_axis',(0.707106781186547,0.,0.707106781186548));
#2744=DIRECTION('',(4.35381578284375E-17,-1.,0.));
#2745=DIRECTION('',(-4.35381578284375E-17,1.,0.));
#2746=DIRECTION('center_axis',(0.,0.,1.));
#2747=DIRECTION('ref_axis',(1.,1.48029736616687E-15,0.));
#2748=DIRECTION('',(0.,0.,1.));
#2749=DIRECTION('center_axis',(1.,4.35381578284375E-17,0.));
#2750=DIRECTION('ref_axis',(-4.35381578284375E-17,1.,0.));
#2751=DIRECTION('center_axis',(-2.22044604925031E-16,-1.,0.));
#2752=DIRECTION('ref_axis',(1.,-2.22044604925031E-16,0.));
#2753=DIRECTION('center_axis',(-4.44089209850063E-16,1.,0.));
#2754=DIRECTION('ref_axis',(-1.,-4.44089209850063E-16,0.));
#2755=DIRECTION('center_axis',(1.,4.35381578284375E-17,0.));
#2756=DIRECTION('ref_axis',(-4.35381578284375E-17,1.,0.));
#2757=DIRECTION('',(0.,0.,1.));
#2758=DIRECTION('center_axis',(0.,0.,1.));
#2759=DIRECTION('ref_axis',(-3.08842001584351E-16,-1.,0.));
#2760=DIRECTION('center_axis',(-1.,0.,0.));
#2761=DIRECTION('ref_axis',(0.,0.707106781186548,0.707106781186547));
#2762=DIRECTION('center_axis',(1.,0.,0.));
#2763=DIRECTION('ref_axis',(0.,1.,0.));
#2764=DIRECTION('',(1.,0.,0.));
#2765=DIRECTION('center_axis',(1.,0.,0.));
#2766=DIRECTION('ref_axis',(0.,0.707106781186548,0.707106781186547));
#2767=DIRECTION('center_axis',(0.,0.,1.));
#2768=DIRECTION('ref_axis',(1.,0.,0.));
#2769=DIRECTION('center_axis',(0.,1.,0.));
#2770=DIRECTION('ref_axis',(-1.,0.,0.));
#2771=DIRECTION('center_axis',(0.,0.,-1.));
#2772=DIRECTION('ref_axis',(-0.707106781186548,0.707106781186547,0.));
#2773=DIRECTION('center_axis',(0.,0.,1.));
#2774=DIRECTION('ref_axis',(-0.707106781186548,0.707106781186547,0.));
#2775=DIRECTION('center_axis',(-3.483052626275E-16,-1.,0.));
#2776=DIRECTION('ref_axis',(-0.707106781186544,0.,0.707106781186551));
#2777=DIRECTION('center_axis',(8.32667268468865E-16,1.,0.));
#2778=DIRECTION('ref_axis',(-1.,8.32667268468865E-16,0.));
#2779=DIRECTION('',(3.483052626275E-16,1.,0.));
#2780=DIRECTION('center_axis',(0.,0.,1.));
#2781=DIRECTION('ref_axis',(1.,0.,0.));
#2782=DIRECTION('center_axis',(-1.,0.,0.));
#2783=DIRECTION('ref_axis',(0.,-1.,0.));
#2784=DIRECTION('center_axis',(0.,0.,-1.));
#2785=DIRECTION('ref_axis',(-0.707106781186548,-0.707106781186547,0.));
#2786=DIRECTION('center_axis',(0.,0.,1.));
#2787=DIRECTION('ref_axis',(-0.707106781186548,-0.707106781186547,0.));
#2788=DIRECTION('center_axis',(1.,1.38777878078145E-16,0.));
#2789=DIRECTION('ref_axis',(0.,-0.707106781186547,0.707106781186548));
#2790=DIRECTION('center_axis',(1.,1.11022302462516E-15,0.));
#2791=DIRECTION('ref_axis',(0.,-0.707106781186547,0.707106781186548));
#2792=DIRECTION('',(-1.,-1.38777878078145E-16,0.));
#2793=DIRECTION('center_axis',(0.,0.,1.));
#2794=DIRECTION('ref_axis',(-1.,1.61907524424502E-16,0.));
#2795=DIRECTION('center_axis',(0.,0.,1.));
#2796=DIRECTION('ref_axis',(-2.96059473233374E-15,1.,0.));
#2797=DIRECTION('center_axis',(1.,0.,0.));
#2798=DIRECTION('ref_axis',(0.,-1.,0.));
#2799=DIRECTION('center_axis',(-1.,-3.26536183713281E-17,0.));
#2800=DIRECTION('ref_axis',(-3.26536183713281E-17,1.,0.));
#2801=DIRECTION('',(0.,0.,-1.));
#2802=DIRECTION('center_axis',(0.,0.,-1.));
#2803=DIRECTION('ref_axis',(-9.12403325503331E-16,1.,0.));
#2804=DIRECTION('',(0.,0.,-1.));
#2805=DIRECTION('center_axis',(6.93889390390723E-18,1.,0.));
#2806=DIRECTION('ref_axis',(1.,-6.93889390390723E-18,0.));
#2807=DIRECTION('center_axis',(-1.,-3.26536183713281E-17,0.));
#2808=DIRECTION('ref_axis',(-3.26536183713281E-17,1.,0.));
#2809=DIRECTION('center_axis',(0.,0.,1.));
#2810=DIRECTION('ref_axis',(1.,0.,0.));
#2811=DIRECTION('',(5.55111512312578E-16,-1.,0.));
#2812=DIRECTION('center_axis',(0.,0.,1.));
#2813=DIRECTION('ref_axis',(7.40148683083438E-16,1.,0.));
#2814=DIRECTION('',(-1.,0.,0.));
#2815=DIRECTION('center_axis',(0.,0.,1.));
#2816=DIRECTION('ref_axis',(1.,2.96059473233374E-15,0.));
#2817=DIRECTION('',(2.77555756156289E-16,1.,0.));
#2818=DIRECTION('center_axis',(0.,0.,1.));
#2819=DIRECTION('ref_axis',(1.,0.,0.));
#2820=DIRECTION('',(0.,-1.,0.));
#2821=DIRECTION('center_axis',(0.,0.,1.));
#2822=DIRECTION('ref_axis',(0.,1.,0.));
#2823=DIRECTION('',(-1.,0.,0.));
#2824=DIRECTION('center_axis',(0.,0.,1.));
#2825=DIRECTION('ref_axis',(1.,0.,0.));
#2826=DIRECTION('',(1.11022302462516E-15,1.,0.));
#2827=DIRECTION('center_axis',(0.,0.,1.));
#2828=DIRECTION('ref_axis',(1.,0.,0.));
#2829=DIRECTION('',(-2.22044604925031E-15,1.,0.));
#2830=DIRECTION('center_axis',(0.,0.,1.));
#2831=DIRECTION('ref_axis',(0.,-1.,0.));
#2832=DIRECTION('',(1.,0.,0.));
#2833=DIRECTION('center_axis',(0.,0.,1.));
#2834=DIRECTION('ref_axis',(-1.,0.,0.));
#2835=DIRECTION('',(1.11022302462516E-15,-1.,0.));
#2836=DIRECTION('center_axis',(-1.,0.,0.));
#2837=DIRECTION('ref_axis',(0.,-1.,0.));
#2838=DIRECTION('',(0.,-1.,0.));
#2839=DIRECTION('',(0.,0.,1.));
#2840=DIRECTION('center_axis',(0.,0.,1.));
#2841=DIRECTION('ref_axis',(0.,1.,0.));
#2842=DIRECTION('center_axis',(0.,0.,1.));
#2843=DIRECTION('ref_axis',(0.,1.,0.));
#2844=DIRECTION('',(0.,0.,1.));
#2845=DIRECTION('center_axis',(0.,1.,0.));
#2846=DIRECTION('ref_axis',(-1.,0.,0.));
#2847=DIRECTION('',(-1.,0.,0.));
#2848=DIRECTION('',(0.,0.,1.));
#2849=DIRECTION('center_axis',(0.,0.,1.));
#2850=DIRECTION('ref_axis',(1.,0.,0.));
#2851=DIRECTION('center_axis',(0.,0.,1.));
#2852=DIRECTION('ref_axis',(1.,0.,0.));
#2853=DIRECTION('',(0.,0.,1.));
#2854=DIRECTION('center_axis',(1.,-1.11022302462516E-15,0.));
#2855=DIRECTION('ref_axis',(1.11022302462516E-15,1.,0.));
#2856=DIRECTION('',(1.11022302462516E-15,1.,0.));
#2857=DIRECTION('center_axis',(-1.,-5.55111512312578E-16,0.));
#2858=DIRECTION('ref_axis',(5.55111512312578E-16,-1.,0.));
#2859=DIRECTION('',(5.55111512312578E-16,-1.,0.));
#2860=DIRECTION('',(0.,0.,1.));
#2861=DIRECTION('center_axis',(0.,0.,1.));
#2862=DIRECTION('ref_axis',(7.40148683083438E-16,1.,0.));
#2863=DIRECTION('center_axis',(0.,0.,1.));
#2864=DIRECTION('ref_axis',(7.40148683083438E-16,1.,0.));
#2865=DIRECTION('',(0.,0.,1.));
#2866=DIRECTION('center_axis',(0.,1.,0.));
#2867=DIRECTION('ref_axis',(-1.,0.,0.));
#2868=DIRECTION('',(-1.,0.,0.));
#2869=DIRECTION('',(0.,0.,1.));
#2870=DIRECTION('center_axis',(0.,0.,1.));
#2871=DIRECTION('ref_axis',(1.,2.96059473233374E-15,0.));
#2872=DIRECTION('center_axis',(0.,0.,1.));
#2873=DIRECTION('ref_axis',(1.,2.96059473233374E-15,0.));
#2874=DIRECTION('',(0.,0.,1.));
#2875=DIRECTION('center_axis',(1.,-2.77555756156289E-16,0.));
#2876=DIRECTION('ref_axis',(2.77555756156289E-16,1.,0.));
#2877=DIRECTION('',(2.77555756156289E-16,1.,0.));
#2878=DIRECTION('center_axis',(1.,5.55111512312578E-16,0.));
#2879=DIRECTION('ref_axis',(-5.55111512312578E-16,1.,0.));
#2880=DIRECTION('',(-5.55111512312578E-16,1.,0.));
#2881=DIRECTION('',(0.,0.,1.));
#2882=DIRECTION('center_axis',(0.,0.,1.));
#2883=DIRECTION('ref_axis',(1.48029736616687E-15,-1.,0.));
#2884=DIRECTION('center_axis',(0.,0.,1.));
#2885=DIRECTION('ref_axis',(1.48029736616687E-15,-1.,0.));
#2886=DIRECTION('',(0.,0.,1.));
#2887=DIRECTION('center_axis',(0.,-1.,0.));
#2888=DIRECTION('ref_axis',(1.,0.,0.));
#2889=DIRECTION('',(1.,0.,0.));
#2890=DIRECTION('',(0.,0.,1.));
#2891=DIRECTION('center_axis',(0.,0.,1.));
#2892=DIRECTION('ref_axis',(-1.,0.,0.));
#2893=DIRECTION('center_axis',(0.,0.,1.));
#2894=DIRECTION('ref_axis',(-1.,0.,0.));
#2895=DIRECTION('',(0.,0.,1.));
#2896=DIRECTION('center_axis',(-1.,2.77555756156289E-16,0.));
#2897=DIRECTION('ref_axis',(-2.77555756156289E-16,-1.,0.));
#2898=DIRECTION('',(-2.77555756156289E-16,-1.,0.));
#2899=DIRECTION('center_axis',(1.,2.22044604925031E-15,0.));
#2900=DIRECTION('ref_axis',(-2.22044604925031E-15,1.,0.));
#2901=DIRECTION('',(-2.22044604925031E-15,1.,0.));
#2902=DIRECTION('',(0.,0.,1.));
#2903=DIRECTION('center_axis',(0.,0.,1.));
#2904=DIRECTION('ref_axis',(0.,-1.,0.));
#2905=DIRECTION('center_axis',(0.,0.,1.));
#2906=DIRECTION('ref_axis',(0.,-1.,0.));
#2907=DIRECTION('',(0.,0.,1.));
#2908=DIRECTION('center_axis',(0.,-1.,0.));
#2909=DIRECTION('ref_axis',(1.,0.,0.));
#2910=DIRECTION('',(1.,0.,0.));
#2911=DIRECTION('',(0.,0.,1.));
#2912=DIRECTION('center_axis',(0.,0.,1.));
#2913=DIRECTION('ref_axis',(-1.,0.,0.));
#2914=DIRECTION('center_axis',(0.,0.,1.));
#2915=DIRECTION('ref_axis',(-1.,0.,0.));
#2916=DIRECTION('',(0.,0.,1.));
#2917=DIRECTION('center_axis',(-1.,-1.11022302462516E-15,0.));
#2918=DIRECTION('ref_axis',(1.11022302462516E-15,-1.,0.));
#2919=DIRECTION('',(1.11022302462516E-15,-1.,0.));
#2920=DIRECTION('center_axis',(0.,0.,1.));
#2921=DIRECTION('ref_axis',(1.,0.,0.));
#2922=DIRECTION('center_axis',(0.,0.,1.));
#2923=DIRECTION('ref_axis',(1.,0.,0.));
#2924=DIRECTION('center_axis',(0.,0.,1.));
#2925=DIRECTION('ref_axis',(1.,0.,0.));
#2926=DIRECTION('center_axis',(0.,0.,1.));
#2927=DIRECTION('ref_axis',(1.,0.,0.));
#2928=DIRECTION('center_axis',(0.,0.,1.));
#2929=DIRECTION('ref_axis',(1.,0.,0.));
#2930=DIRECTION('center_axis',(0.,0.,1.));
#2931=DIRECTION('ref_axis',(1.,0.,0.));
#2932=DIRECTION('center_axis',(0.,0.,1.));
#2933=DIRECTION('ref_axis',(1.,0.,0.));
#2934=DIRECTION('center_axis',(0.,0.,1.));
#2935=DIRECTION('ref_axis',(1.,0.,0.));
#2936=DIRECTION('center_axis',(0.,0.,1.));
#2937=DIRECTION('ref_axis',(1.,0.,0.));
#2938=DIRECTION('center_axis',(0.,0.,1.));
#2939=DIRECTION('ref_axis',(1.,0.,0.));
#2940=DIRECTION('center_axis',(0.,0.,1.));
#2941=DIRECTION('ref_axis',(1.,0.,0.));
#2942=DIRECTION('center_axis',(0.,0.,1.));
#2943=DIRECTION('ref_axis',(1.,0.,0.));
#2944=DIRECTION('center_axis',(0.,0.,1.));
#2945=DIRECTION('ref_axis',(1.,0.,0.));
#2946=DIRECTION('center_axis',(0.,0.,1.));
#2947=DIRECTION('ref_axis',(1.,0.,0.));
#2948=DIRECTION('center_axis',(0.,0.,1.));
#2949=DIRECTION('ref_axis',(1.,0.,0.));
#2950=DIRECTION('center_axis',(0.,0.,1.));
#2951=DIRECTION('ref_axis',(1.,0.,0.));
#2952=DIRECTION('center_axis',(0.,0.,1.));
#2953=DIRECTION('ref_axis',(1.,0.,0.));
#2954=CARTESIAN_POINT('',(0.,0.,0.));
#2955=CARTESIAN_POINT('Origin',(-65.,62.5,126.542482984964));
#2956=CARTESIAN_POINT('',(-66.6,62.5,0.));
#2957=CARTESIAN_POINT('Origin',(-65.,62.5,0.));
#2958=CARTESIAN_POINT('',(-66.6,62.5,3.00000000000001));
#2959=CARTESIAN_POINT('',(-66.6,62.5,126.542482984964));
#2960=CARTESIAN_POINT('Origin',(-65.,62.5,3.00000000000001));
#2961=CARTESIAN_POINT('Origin',(-15.,62.5,126.542482984964));
#2962=CARTESIAN_POINT('',(-16.6,62.5,0.));
#2963=CARTESIAN_POINT('Origin',(-15.,62.5,0.));
#2964=CARTESIAN_POINT('',(-16.6,62.5,3.00000000000001));
#2965=CARTESIAN_POINT('',(-16.6,62.5,126.542482984964));
#2966=CARTESIAN_POINT('Origin',(-15.,62.5,3.00000000000001));
#2967=CARTESIAN_POINT('Origin',(-15.,-12.5,126.542482984964));
#2968=CARTESIAN_POINT('',(-16.6,-12.5,0.));
#2969=CARTESIAN_POINT('Origin',(-15.,-12.5,0.));
#2970=CARTESIAN_POINT('',(-16.6,-12.5,3.00000000000001));
#2971=CARTESIAN_POINT('',(-16.6,-12.5,126.542482984964));
#2972=CARTESIAN_POINT('Origin',(-15.,-12.5,3.00000000000001));
#2973=CARTESIAN_POINT('Origin',(-65.,-12.5,126.542482984964));
#2974=CARTESIAN_POINT('',(-66.6,-12.5,0.));
#2975=CARTESIAN_POINT('Origin',(-65.,-12.5,0.));
#2976=CARTESIAN_POINT('',(-66.6,-12.5,3.00000000000001));
#2977=CARTESIAN_POINT('',(-66.6,-12.5,126.542482984964));
#2978=CARTESIAN_POINT('Origin',(-65.,-12.5,3.00000000000001));
#2979=CARTESIAN_POINT('Origin',(-59.,49.5,0.));
#2980=CARTESIAN_POINT('',(-57.4,49.5,3.));
#2981=CARTESIAN_POINT('Origin',(-59.,49.5,3.));
#2982=CARTESIAN_POINT('',(-57.4,49.5,-3.));
#2983=CARTESIAN_POINT('',(-57.4,49.5,0.));
#2984=CARTESIAN_POINT('Origin',(-59.,49.5,-3.));
#2985=CARTESIAN_POINT('Origin',(-1.,49.5,0.));
#2986=CARTESIAN_POINT('',(0.600000000000001,49.5,3.));
#2987=CARTESIAN_POINT('Origin',(-1.,49.5,3.));
#2988=CARTESIAN_POINT('',(0.600000000000001,49.5,-3.));
#2989=CARTESIAN_POINT('',(0.600000000000001,49.5,0.));
#2990=CARTESIAN_POINT('Origin',(-1.,49.5,-3.));
#2991=CARTESIAN_POINT('Origin',(-59.,0.5,0.));
#2992=CARTESIAN_POINT('',(-57.4,0.5,3.));
#2993=CARTESIAN_POINT('Origin',(-59.,0.5,3.));
#2994=CARTESIAN_POINT('',(-57.4,0.500000000000001,-3.));
#2995=CARTESIAN_POINT('',(-57.4,0.5,0.));
#2996=CARTESIAN_POINT('Origin',(-59.,0.5,-3.));
#2997=CARTESIAN_POINT('Origin',(-1.,0.5,0.));
#2998=CARTESIAN_POINT('',(0.6,0.5,3.));
#2999=CARTESIAN_POINT('Origin',(-1.,0.5,3.));
#3000=CARTESIAN_POINT('',(0.6,0.500000000000001,-3.));
#3001=CARTESIAN_POINT('',(0.6,0.5,0.));
#3002=CARTESIAN_POINT('Origin',(-1.,0.5,-3.));
#3003=CARTESIAN_POINT('Origin',(-1.,0.5,0.));
#3004=CARTESIAN_POINT('',(2.,0.5,-3.));
#3005=CARTESIAN_POINT('Origin',(-1.,0.5,-3.));
#3006=CARTESIAN_POINT('',(2.,0.5,-0.0857864376269031));
#3007=CARTESIAN_POINT('',(2.,0.5,0.));
#3008=CARTESIAN_POINT('',(1.82842712474619,-0.500000000000001,-0.0363963570245678));
#3009=CARTESIAN_POINT('Ctrl Pts',(1.82842712474619,-0.500000000000001,-0.0363963570245686));
#3010=CARTESIAN_POINT('Ctrl Pts',(1.94377213225337,-0.173755052062627,-0.06227934068017));
#3011=CARTESIAN_POINT('Ctrl Pts',(2.,0.173814090443185,-0.0857864376269032));
#3012=CARTESIAN_POINT('Ctrl Pts',(2.,0.5,-0.0857864376269032));
#3013=CARTESIAN_POINT('',(-1.0619332960271E-15,-2.32842712474619,-0.0363963570245698));
#3014=CARTESIAN_POINT('Ctrl Pts',(-1.04083408558608E-15,-2.32842712474619,
-0.0363963570245698));
#3015=CARTESIAN_POINT('Ctrl Pts',(0.158602444676332,-2.27235269267449,-0.0238134664411299));
#3016=CARTESIAN_POINT('Ctrl Pts',(0.3124762651794,-2.20293790417128,-0.0162398847150956));
#3017=CARTESIAN_POINT('Ctrl Pts',(0.804140767106901,-1.92906767107759,-0.000190755319562272));
#3018=CARTESIAN_POINT('Ctrl Pts',(1.10886705762883,-1.67004935926577,-0.000781574330020261));
#3019=CARTESIAN_POINT('Ctrl Pts',(1.55876394315591,-1.10055826019629,-0.00595918412921404));
#3020=CARTESIAN_POINT('Ctrl Pts',(1.71890461181839,-0.809776446335347,-0.0118199191422966));
#3021=CARTESIAN_POINT('Ctrl Pts',(1.82842712474619,-0.500000000000001,-0.0363963570245685));
#3022=CARTESIAN_POINT('',(-0.499999999999985,-2.45803989154981,-0.071644491819686));
#3023=CARTESIAN_POINT('Ctrl Pts',(-0.499999999999985,-2.45803989154981,
-0.071644491819686));
#3024=CARTESIAN_POINT('Ctrl Pts',(-0.331524843752207,-2.42956239252603,
-0.0625124301657381));
#3025=CARTESIAN_POINT('Ctrl Pts',(-0.163167800150724,-2.38611565372512,
-0.0493414448523585));
#3026=CARTESIAN_POINT('Ctrl Pts',(-1.31838984174237E-15,-2.32842712474619,
-0.0363963570245698));
#3027=CARTESIAN_POINT('',(-0.98662740938095,-2.49997019548864,0.));
#3028=CARTESIAN_POINT('Ctrl Pts',(-0.986627409380951,-2.49997019548864,
-1.13967431982037E-17));
#3029=CARTESIAN_POINT('Ctrl Pts',(-0.907693490855788,-2.4996183416669,-0.0284187553695704));
#3030=CARTESIAN_POINT('Ctrl Pts',(-0.826676196508214,-2.49614055430099,
-0.0488648070896651));
#3031=CARTESIAN_POINT('Ctrl Pts',(-0.66257350154364,-2.48208126730833,-0.0726509798813714));
#3032=CARTESIAN_POINT('Ctrl Pts',(-0.58118531485249,-2.47176271440362,-0.076045077147162));
#3033=CARTESIAN_POINT('Ctrl Pts',(-0.499999999999985,-2.45803989154981,
-0.0716444918196857));
#3034=CARTESIAN_POINT('',(1.50000000000001,2.15831239517769,0.));
#3035=CARTESIAN_POINT('Origin',(-1.,0.5,0.));
#3036=CARTESIAN_POINT('Ctrl Pts',(2.,0.5,-0.0857864376269031));
#3037=CARTESIAN_POINT('Ctrl Pts',(2.,0.835220043762182,-0.0857864376269031));
#3038=CARTESIAN_POINT('Ctrl Pts',(1.9404543073467,1.19294885531316,-0.0607213791503373));
#3039=CARTESIAN_POINT('Ctrl Pts',(1.73710854050231,1.75102204841892,-0.0165065522361942));
#3040=CARTESIAN_POINT('Ctrl Pts',(1.6282448988656,1.96497593571667,-3.91757275820481E-16));
#3041=CARTESIAN_POINT('Ctrl Pts',(1.50000000000001,2.15831239517769,-5.00901403688303E-16));
#3042=CARTESIAN_POINT('Origin',(-1.,0.5,-3.));
#3043=CARTESIAN_POINT('Origin',(-1.,49.5,0.));
#3044=CARTESIAN_POINT('',(2.,49.5,-3.));
#3045=CARTESIAN_POINT('Origin',(-1.,49.5,-3.));
#3046=CARTESIAN_POINT('',(2.,49.5,-0.0857864376269052));
#3047=CARTESIAN_POINT('',(2.,49.5,0.));
#3048=CARTESIAN_POINT('',(1.5,47.8416876048223,0.));
#3049=CARTESIAN_POINT('Ctrl Pts',(1.5,47.8416876048223,1.0842021724855E-16));
#3050=CARTESIAN_POINT('Ctrl Pts',(1.6282448988656,48.0350240642833,6.94401715814709E-17));
#3051=CARTESIAN_POINT('Ctrl Pts',(1.7371085405023,48.2489779515811,-0.0165065522361938));
#3052=CARTESIAN_POINT('Ctrl Pts',(1.94045430734669,48.8070511446868,-0.0607213791503374));
#3053=CARTESIAN_POINT('Ctrl Pts',(2.,49.1647799562378,-0.0857864376269048));
#3054=CARTESIAN_POINT('Ctrl Pts',(2.,49.5,-0.0857864376269052));
#3055=CARTESIAN_POINT('',(-2.65831239517772,52.,0.));
#3056=CARTESIAN_POINT('Origin',(-1.,49.5,0.));
#3057=CARTESIAN_POINT('',(8.3956143892617E-15,52.3284271247462,-0.0363963570245685));
#3058=CARTESIAN_POINT('Ctrl Pts',(8.67361737988404E-15,52.3284271247462,
-0.0363963570245719));
#3059=CARTESIAN_POINT('Ctrl Pts',(-0.326244947937366,52.4437721322534,-0.0622793406801749));
#3060=CARTESIAN_POINT('Ctrl Pts',(-0.673814090443183,52.5,-0.0857864376269108));
#3061=CARTESIAN_POINT('Ctrl Pts',(-1.33522004376219,52.5,-0.0857864376269107));
#3062=CARTESIAN_POINT('Ctrl Pts',(-1.69294885531316,52.4404543073467,-0.0607213791503432));
#3063=CARTESIAN_POINT('Ctrl Pts',(-2.25102204841893,52.2371085405023,-0.0165065522361959));
#3064=CARTESIAN_POINT('Ctrl Pts',(-2.46497593571669,52.1282448988656,-2.94933064938924E-16));
#3065=CARTESIAN_POINT('Ctrl Pts',(-2.65831239517772,52.,-3.83807569059869E-16));
#3066=CARTESIAN_POINT('',(1.82842712474619,50.5,-0.0363963570245697));
#3067=CARTESIAN_POINT('Ctrl Pts',(1.82842712474619,50.5,-0.0363963570245694));
#3068=CARTESIAN_POINT('Ctrl Pts',(1.77235269267449,50.6586024446763,-0.0238134664411293));
#3069=CARTESIAN_POINT('Ctrl Pts',(1.70293790417127,50.8124762651794,-0.0162398847150941));
#3070=CARTESIAN_POINT('Ctrl Pts',(1.42906767107759,51.3041407671069,-0.000190755319562036));
#3071=CARTESIAN_POINT('Ctrl Pts',(1.17004935926579,51.6088670576288,-0.00078157433002039));
#3072=CARTESIAN_POINT('Ctrl Pts',(0.600558260196288,52.0587639431559,-0.00595918412921483));
#3073=CARTESIAN_POINT('Ctrl Pts',(0.309776446335353,52.2189046118184,-0.0118199191422977));
#3074=CARTESIAN_POINT('Ctrl Pts',(8.67361737988404E-15,52.3284271247462,
-0.036396357024571));
#3075=CARTESIAN_POINT('Ctrl Pts',(2.,49.5,-0.0857864376269052));
#3076=CARTESIAN_POINT('Ctrl Pts',(2.,49.8261859095568,-0.0857864376269055));
#3077=CARTESIAN_POINT('Ctrl Pts',(1.94377213225338,50.1737550520626,-0.0622793406801721));
#3078=CARTESIAN_POINT('Ctrl Pts',(1.82842712474619,50.5,-0.03639635702457));
#3079=CARTESIAN_POINT('Origin',(-1.,49.5,-3.));
#3080=CARTESIAN_POINT('Origin',(-59.,0.5,0.));
#3081=CARTESIAN_POINT('',(-56.,0.5,-3.));
#3082=CARTESIAN_POINT('Origin',(-59.,0.5,-3.));
#3083=CARTESIAN_POINT('',(-56.,0.5,1.83576678106919E-14));
#3084=CARTESIAN_POINT('',(-56.,0.5,0.));
#3085=CARTESIAN_POINT('',(-57.341687604822,-1.99999999999978,0.));
#3086=CARTESIAN_POINT('Origin',(-59.,0.5,0.));
#3087=CARTESIAN_POINT('',(-60.6583123951777,-2.,0.));
#3088=CARTESIAN_POINT('Ctrl Pts',(-60.6583123951777,-2.00000000000001,-7.37257477290143E-17));
#3089=CARTESIAN_POINT('Ctrl Pts',(-60.4649759357167,-2.1282448988656,-4.46374984306293E-16));
#3090=CARTESIAN_POINT('Ctrl Pts',(-60.2510220484189,-2.23710854050231,-0.0165065522361949));
#3091=CARTESIAN_POINT('Ctrl Pts',(-59.6929488553131,-2.4404543073467,-0.0607213791503396));
#3092=CARTESIAN_POINT('Ctrl Pts',(-59.3352200437622,-2.5,-0.0857864376269055));
#3093=CARTESIAN_POINT('Ctrl Pts',(-58.6647799562378,-2.5,-0.0857864376269055));
#3094=CARTESIAN_POINT('Ctrl Pts',(-58.3070511446868,-2.44045430734669,-0.0607213791503386));
#3095=CARTESIAN_POINT('Ctrl Pts',(-57.7489779515809,-2.23710854050225,-0.0165065522361838));
#3096=CARTESIAN_POINT('Ctrl Pts',(-57.5350240642831,-2.12824489886547,1.83576678106919E-14));
#3097=CARTESIAN_POINT('Ctrl Pts',(-57.341687604822,-1.99999999999978,-2.35813972515597E-16));
#3098=CARTESIAN_POINT('Origin',(-59.,0.5,0.));
#3099=CARTESIAN_POINT('Origin',(-59.,0.5,-3.));
#3100=CARTESIAN_POINT('Origin',(-59.,49.5,0.));
#3101=CARTESIAN_POINT('',(-56.,49.5,-3.));
#3102=CARTESIAN_POINT('Origin',(-59.,49.5,-3.));
#3103=CARTESIAN_POINT('',(-56.,49.5,8.45677694538693E-17));
#3104=CARTESIAN_POINT('',(-56.,49.5,0.));
#3105=CARTESIAN_POINT('',(-60.6583123951777,52.,0.));
#3106=CARTESIAN_POINT('Origin',(-59.,49.5,0.));
#3107=CARTESIAN_POINT('',(-57.3416876048223,52.,0.));
#3108=CARTESIAN_POINT('Ctrl Pts',(-57.3416876048223,52.,8.45677694538693E-17));
#3109=CARTESIAN_POINT('Ctrl Pts',(-57.5350240642833,52.1282448988656,1.28444854264424E-17));
#3110=CARTESIAN_POINT('Ctrl Pts',(-57.7489779515811,52.2371085405023,-0.0165065522361948));
#3111=CARTESIAN_POINT('Ctrl Pts',(-58.3070511446868,52.4404543073467,-0.0607213791503413));
#3112=CARTESIAN_POINT('Ctrl Pts',(-58.6647799562378,52.5,-0.0857864376269074));
#3113=CARTESIAN_POINT('Ctrl Pts',(-59.3352200437622,52.5,-0.0857864376269074));
#3114=CARTESIAN_POINT('Ctrl Pts',(-59.6929488553132,52.4404543073467,-0.0607213791503451));
#3115=CARTESIAN_POINT('Ctrl Pts',(-60.2510220484189,52.2371085405023,-0.0165065522361978));
#3116=CARTESIAN_POINT('Ctrl Pts',(-60.4649759357167,52.1282448988656,-1.1314337321771E-15));
#3117=CARTESIAN_POINT('Ctrl Pts',(-60.6583123951777,52.,-9.69276742202041E-16));
#3118=CARTESIAN_POINT('Origin',(-59.,49.5,0.));
#3119=CARTESIAN_POINT('Origin',(-59.,49.5,-3.));
#3120=CARTESIAN_POINT('Origin',(-21.,-2.,-1.5));
#3121=CARTESIAN_POINT('',(1.00430293025256E-16,-3.5,-1.5));
#3122=CARTESIAN_POINT('Origin',(-1.38777878078145E-15,-2.,-1.5));
#3123=CARTESIAN_POINT('',(-0.499999999999985,-3.5,-1.5));
#3124=CARTESIAN_POINT('',(-21.,-3.5,-1.5));
#3125=CARTESIAN_POINT('Origin',(-0.499999999999985,-2.,-1.5));
#3126=CARTESIAN_POINT('Ctrl Pts',(1.56323838226823,-0.499999999999992,-0.0013336238481565));
#3127=CARTESIAN_POINT('Ctrl Pts',(1.56323838226822,-2.06323838226822,-0.0013336238481565));
#3128=CARTESIAN_POINT('Ctrl Pts',(-2.63677968348475E-15,-2.06323838226822,
-0.0013336238481565));
#3129=CARTESIAN_POINT('Ctrl Pts',(3.00000000000001,-0.499999999999992,-0.0619598458387563));
#3130=CARTESIAN_POINT('Ctrl Pts',(3.,-3.5,-0.0619598458387563));
#3131=CARTESIAN_POINT('Ctrl Pts',(-2.63677968348475E-15,-3.5,-0.0619598458387563));
#3132=CARTESIAN_POINT('Ctrl Pts',(3.00000000000001,-0.499999999999992,-1.5));
#3133=CARTESIAN_POINT('Ctrl Pts',(3.,-3.5,-1.5));
#3134=CARTESIAN_POINT('Ctrl Pts',(-2.63677968348475E-15,-3.5,-1.5));
#3135=CARTESIAN_POINT('',(3.00000000000001,-0.500000000000001,-1.5));
#3136=CARTESIAN_POINT('Origin',(1.50000000000001,-0.5,-1.5));
#3137=CARTESIAN_POINT('Origin',(-2.63677968348475E-15,-0.499999999999992,
-1.5));
#3138=CARTESIAN_POINT('Origin',(1.50000000000001,12.25,-1.5));
#3139=CARTESIAN_POINT('',(1.50000000000001,13.5,0.));
#3140=CARTESIAN_POINT('',(1.50000000000001,12.25,0.));
#3141=CARTESIAN_POINT('',(3.00000000000001,13.5,-1.5));
#3142=CARTESIAN_POINT('Origin',(1.50000000000001,13.5,-1.5));
#3143=CARTESIAN_POINT('',(3.00000000000001,12.25,-1.5));
#3144=CARTESIAN_POINT('Origin',(1.5,30.,-1.5));
#3145=CARTESIAN_POINT('',(3.00000000000001,50.5,-1.5));
#3146=CARTESIAN_POINT('Origin',(1.50000000000001,50.5,-1.5));
#3147=CARTESIAN_POINT('',(3.00000000000001,36.5,-1.5));
#3148=CARTESIAN_POINT('',(3.00000000000001,30.,-1.5));
#3149=CARTESIAN_POINT('',(1.5,36.5,0.));
#3150=CARTESIAN_POINT('Origin',(1.5,36.5,-1.5));
#3151=CARTESIAN_POINT('',(1.5,30.,0.));
#3152=CARTESIAN_POINT('Ctrl Pts',(7.21644966006352E-15,52.0632383822682,
-0.0013336238481565));
#3153=CARTESIAN_POINT('Ctrl Pts',(1.56323838226822,52.0632383822682,-0.0013336238481565));
#3154=CARTESIAN_POINT('Ctrl Pts',(1.56323838226822,50.5,-0.0013336238481565));
#3155=CARTESIAN_POINT('Ctrl Pts',(7.21644966006352E-15,53.5,-0.0619598458387538));
#3156=CARTESIAN_POINT('Ctrl Pts',(3.00000000000001,53.5,-0.0619598458387538));
#3157=CARTESIAN_POINT('Ctrl Pts',(3.00000000000001,50.5,-0.0619598458387538));
#3158=CARTESIAN_POINT('Ctrl Pts',(7.21644966006352E-15,53.5,-1.5));
#3159=CARTESIAN_POINT('Ctrl Pts',(3.00000000000001,53.5,-1.5));
#3160=CARTESIAN_POINT('Ctrl Pts',(3.00000000000001,50.5,-1.5));
#3161=CARTESIAN_POINT('',(6.66133814775094E-15,53.5,-1.5));
#3162=CARTESIAN_POINT('Origin',(8.88178419700125E-15,52.,-1.5));
#3163=CARTESIAN_POINT('Origin',(7.21644966006352E-15,50.5,-1.5));
#3164=CARTESIAN_POINT('Ctrl Pts',(-83.5619517121937,-1.75000000000002,-1.5));
#3165=CARTESIAN_POINT('Ctrl Pts',(-83.5619517121937,-1.75000000000002,-1.15312709063996));
#3166=CARTESIAN_POINT('Ctrl Pts',(-83.3323158419594,-1.75000000000002,-0.0950008559751659));
#3167=CARTESIAN_POINT('Ctrl Pts',(-81.917159978815,-1.75000000000001,1.09132116585888));
#3168=CARTESIAN_POINT('Ctrl Pts',(-80.1495448530569,-1.75000000000001,1.28584601021968));
#3169=CARTESIAN_POINT('Ctrl Pts',(-78.7718705722034,-1.75,1.13639613223177));
#3170=CARTESIAN_POINT('Ctrl Pts',(-78.1114355883274,-1.75,0.892524902326902));
#3171=CARTESIAN_POINT('Ctrl Pts',(-77.8094404908233,-1.75,0.721808931939917));
#3172=CARTESIAN_POINT('Ctrl Pts',(-83.3336185195904,-1.75000000000002,-1.5));
#3173=CARTESIAN_POINT('Ctrl Pts',(-83.3336185195904,-1.75000000000002,-1.1864869122379));
#3174=CARTESIAN_POINT('Ctrl Pts',(-83.1204882231801,-1.75003433046666,-0.229501669064243));
#3175=CARTESIAN_POINT('Ctrl Pts',(-81.8203496961392,-1.74989770812736,0.833248360679898));
#3176=CARTESIAN_POINT('Ctrl Pts',(-80.1426427845695,-1.74955698268627,0.989983764441889));
#3177=CARTESIAN_POINT('Ctrl Pts',(-78.8312797508174,-1.74980874497727,0.866078194751137));
#3178=CARTESIAN_POINT('Ctrl Pts',(-78.2154847435928,-1.74994693114658,0.652089937974294));
#3179=CARTESIAN_POINT('Ctrl Pts',(-77.9346082939032,-1.75,0.500388154435697));
#3180=CARTESIAN_POINT('Ctrl Pts',(-82.8771618033854,-1.85617794961548,-1.5));
#3181=CARTESIAN_POINT('Ctrl Pts',(-82.8771618033854,-1.85617794961548,-1.25314361219935));
#3182=CARTESIAN_POINT('Ctrl Pts',(-82.6971108900349,-1.85885454195448,-0.498350276802143));
#3183=CARTESIAN_POINT('Ctrl Pts',(-81.6270647314688,-1.88743604003387,0.317635761984764));
#3184=CARTESIAN_POINT('Ctrl Pts',(-80.1289527199031,-1.92803275903291,0.399527004437397));
#3185=CARTESIAN_POINT('Ctrl Pts',(-78.9499499427952,-1.90398444865035,0.3261838383788));
#3186=CARTESIAN_POINT('Ctrl Pts',(-78.4234292784453,-1.88889977235894,0.171657160527583));
#3187=CARTESIAN_POINT('Ctrl Pts',(-78.1847644771146,-1.88233074266349,0.0578639970946455));
#3188=CARTESIAN_POINT('Ctrl Pts',(-82.5141714258312,-2.15259737636801,-1.5));
#3189=CARTESIAN_POINT('Ctrl Pts',(-82.5141714258312,-2.15259737636801,-1.30621763872271));
#3190=CARTESIAN_POINT('Ctrl Pts',(-82.3632796277048,-2.16226529705862,-0.713852437609981));
#3191=CARTESIAN_POINT('Ctrl Pts',(-81.4926510361995,-2.2641278187746,-0.0686319283470917));
#3192=CARTESIAN_POINT('Ctrl Pts',(-80.1194124630038,-2.40073598664522,0.00609752053793708));
#3193=CARTESIAN_POINT('Ctrl Pts',(-79.0317619118587,-2.31995452233251,-0.0574757363136023));
#3194=CARTESIAN_POINT('Ctrl Pts',(-78.5757552410428,-2.26809384469222,-0.182076145919671));
#3195=CARTESIAN_POINT('Ctrl Pts',(-78.3716424801825,-2.24524526042123,-0.272721598558276));
#3196=CARTESIAN_POINT('Ctrl Pts',(-82.3746344747958,-2.33333333333335,-1.5));
#3197=CARTESIAN_POINT('Ctrl Pts',(-82.3746344747958,-2.33333333333335,-1.32656354531973));
#3198=CARTESIAN_POINT('Ctrl Pts',(-82.2367195149031,-2.34681377094703,-0.797500427987451));
#3199=CARTESIAN_POINT('Ctrl Pts',(-81.4509375419917,-2.48879180102402,-0.204339417070324));
#3200=CARTESIAN_POINT('Ctrl Pts',(-80.1166343736264,-2.67229625529936,-0.107076994890108));
#3201=CARTESIAN_POINT('Ctrl Pts',(-79.0570571088419,-2.56377298855893,-0.181801933884044));
#3202=CARTESIAN_POINT('Ctrl Pts',(-78.6278388575178,-2.49302807268253,-0.303737548836528));
#3203=CARTESIAN_POINT('Ctrl Pts',(-78.4374279498342,-2.46163268788395,-0.389095534030042));
#3204=CARTESIAN_POINT('',(-78.2174746386244,-2.,0.));
#3205=CARTESIAN_POINT('',(-80.,-2.625,-0.136410985670537));
#3206=CARTESIAN_POINT('Ctrl Pts',(-78.2174746386244,-2.,-8.32667268468867E-16));
#3207=CARTESIAN_POINT('Ctrl Pts',(-78.224363077613,-2.00224857466592,-8.29828259340123E-16));
#3208=CARTESIAN_POINT('Ctrl Pts',(-78.2312696229871,-2.00451062678333,-5.05604222057434E-6));
#3209=CARTESIAN_POINT('Ctrl Pts',(-78.7048732164374,-2.16012984669858,-0.000709089696026407));
#3210=CARTESIAN_POINT('Ctrl Pts',(-79.3496498443042,-2.39835561996632,-0.0332040154191461));
#3211=CARTESIAN_POINT('Ctrl Pts',(-79.99351893621,-2.62274083630829,-0.13537719827683));
#3212=CARTESIAN_POINT('Ctrl Pts',(-79.9967596333329,-2.62387038114098,-0.135893225715395));
#3213=CARTESIAN_POINT('Ctrl Pts',(-80.,-2.625,-0.136410985670537));
#3214=CARTESIAN_POINT('',(-82.3746344747958,-2.33333333333334,-1.5));
#3215=CARTESIAN_POINT('Ctrl Pts',(-80.0000000730395,-2.62497119516794,-0.136474091330256));
#3216=CARTESIAN_POINT('Ctrl Pts',(-80.0087341017583,-2.62497102982288,-0.136463906950222));
#3217=CARTESIAN_POINT('Ctrl Pts',(-80.0174682814479,-2.62489660067234,-0.136444273251393));
#3218=CARTESIAN_POINT('Ctrl Pts',(-80.0262019114754,-2.62480183424286,-0.136439856509218));
#3219=CARTESIAN_POINT('Ctrl Pts',(-80.116865795275,-2.62381806317358,-0.136394006273058));
#3220=CARTESIAN_POINT('Ctrl Pts',(-80.2073636284896,-2.62064016324203,-0.137990967481373));
#3221=CARTESIAN_POINT('Ctrl Pts',(-80.2969148329767,-2.6157418334612,-0.141469163542592));
#3222=CARTESIAN_POINT('Ctrl Pts',(-80.3848347443238,-2.61093273320906,-0.144883999681333));
#3223=CARTESIAN_POINT('Ctrl Pts',(-80.4718405802994,-2.6044668124237,-0.150112758355865));
#3224=CARTESIAN_POINT('Ctrl Pts',(-80.5572160008341,-2.5968177554173,-0.157343879430885));
#3225=CARTESIAN_POINT('Ctrl Pts',(-80.6343579679975,-2.58990635983385,-0.163877644079185));
#3226=CARTESIAN_POINT('Ctrl Pts',(-80.7101682815744,-2.58203004863206,-0.172046059918616));
#3227=CARTESIAN_POINT('Ctrl Pts',(-80.7841506997195,-2.57354175009971,-0.181955312217667));
#3228=CARTESIAN_POINT('Ctrl Pts',(-80.7920469306882,-2.57263578396042,-0.183012938432674));
#3229=CARTESIAN_POINT('Ctrl Pts',(-80.7999223761123,-2.57172284223186,-0.184090362824969));
#3230=CARTESIAN_POINT('Ctrl Pts',(-80.8077764604419,-2.57080334995884,-0.185187690591398));
#3231=CARTESIAN_POINT('Ctrl Pts',(-80.8893283693279,-2.56125591617493,-0.196581657127806));
#3232=CARTESIAN_POINT('Ctrl Pts',(-80.968646966738,-2.55099665734405,-0.210127759323767));
#3233=CARTESIAN_POINT('Ctrl Pts',(-81.0454899906209,-2.54040648662858,-0.226015426145018));
#3234=CARTESIAN_POINT('Ctrl Pts',(-81.1161163555308,-2.53067306876427,-0.240617768658192));
#3235=CARTESIAN_POINT('Ctrl Pts',(-81.184652420272,-2.52065881103458,-0.257197977760543));
#3236=CARTESIAN_POINT('Ctrl Pts',(-81.2508882547593,-2.51064755037716,-0.275937787973732));
#3237=CARTESIAN_POINT('Ctrl Pts',(-81.2815270843988,-2.50601662344565,-0.28460629584476));
#3238=CARTESIAN_POINT('Ctrl Pts',(-81.3116733273154,-2.50138627518017,-0.293737421752702));
#3239=CARTESIAN_POINT('Ctrl Pts',(-81.3413036713472,-2.49678468018518,-0.30335213221902));
#3240=CARTESIAN_POINT('Ctrl Pts',(-81.3730703887072,-2.49185130622723,-0.313660071592083));
#3241=CARTESIAN_POINT('Ctrl Pts',(-81.4042441674338,-2.48695097512068,-0.324523824353896));
#3242=CARTESIAN_POINT('Ctrl Pts',(-81.434824717794,-2.48208953154356,-0.335942202089996));
#3243=CARTESIAN_POINT('Ctrl Pts',(-81.5109970461204,-2.46998028328168,-0.36438395371395));
#3244=CARTESIAN_POINT('Ctrl Pts',(-81.5834903134052,-2.4581929300843,-0.396320396075726));
#3245=CARTESIAN_POINT('Ctrl Pts',(-81.6519804120708,-2.44695290092036,-0.431728859850379));
#3246=CARTESIAN_POINT('Ctrl Pts',(-81.7195267283744,-2.43586775752065,-0.466649400783232));
#3247=CARTESIAN_POINT('Ctrl Pts',(-81.7831794491633,-2.42531462757755,-0.504947708471034));
#3248=CARTESIAN_POINT('Ctrl Pts',(-81.8425775476106,-2.41550748524644,-0.546594083855422));
#3249=CARTESIAN_POINT('Ctrl Pts',(-81.8862545395703,-2.40829603424142,-0.577217764585355));
#3250=CARTESIAN_POINT('Ctrl Pts',(-81.9276299246472,-2.40148784482109,-0.609651654738872));
#3251=CARTESIAN_POINT('Ctrl Pts',(-81.9665433533524,-2.39516906032601,-0.643877454004116));
#3252=CARTESIAN_POINT('Ctrl Pts',(-82.0026096398517,-2.38931259638773,-0.675599086433914));
#3253=CARTESIAN_POINT('Ctrl Pts',(-82.0366164626602,-2.38374771291679,-0.708794607554587));
#3254=CARTESIAN_POINT('Ctrl Pts',(-82.068375727563,-2.3785589162259,-0.743356385923683));
#3255=CARTESIAN_POINT('Ctrl Pts',(-82.0998007062301,-2.37342473488329,-0.777554379840393));
#3256=CARTESIAN_POINT('Ctrl Pts',(-82.1290250027774,-2.36865889989272,-0.813089882795046));
#3257=CARTESIAN_POINT('Ctrl Pts',(-82.1559075580166,-2.36433360583277,-0.849830496970039));
#3258=CARTESIAN_POINT('Ctrl Pts',(-82.1824258929382,-2.36006691334407,-0.886073328175838));
#3259=CARTESIAN_POINT('Ctrl Pts',(-82.2066653700698,-2.35622900278698,-0.923488676166137));
#3260=CARTESIAN_POINT('Ctrl Pts',(-82.2285332597329,-2.3528780055332,-0.961924165724159));
#3261=CARTESIAN_POINT('Ctrl Pts',(-82.2344036372188,-2.35197843913073,-0.972242071843015));
#3262=CARTESIAN_POINT('Ctrl Pts',(-82.2401033557655,-2.35111389432119,-0.982633358397019));
#3263=CARTESIAN_POINT('Ctrl Pts',(-82.2456311745748,-2.35028534324737,-0.993094784958027));
#3264=CARTESIAN_POINT('Ctrl Pts',(-82.2550142061804,-2.34887894387341,-1.0108522222854));
#3265=CARTESIAN_POINT('Ctrl Pts',(-82.2639018259243,-2.34757625729338,-1.02881172481751));
#3266=CARTESIAN_POINT('Ctrl Pts',(-82.2722837573171,-2.34637246655524,-1.04692913048163));
#3267=CARTESIAN_POINT('Ctrl Pts',(-82.2906552136156,-2.34373400676573,-1.08663872852081));
#3268=CARTESIAN_POINT('Ctrl Pts',(-82.3066454801561,-2.34156516182227,-1.12720220814533));
#3269=CARTESIAN_POINT('Ctrl Pts',(-82.320202458544,-2.33980170097646,-1.16838039398364));
#3270=CARTESIAN_POINT('Ctrl Pts',(-82.333720550533,-2.33804329838478,-1.20944046564392));
#3271=CARTESIAN_POINT('Ctrl Pts',(-82.3448196909651,-2.3366881393135,-1.25111284335602));
#3272=CARTESIAN_POINT('Ctrl Pts',(-82.3534015232071,-2.3356816477358,-1.29317999476218));
#3273=CARTESIAN_POINT('Ctrl Pts',(-82.3616824629058,-2.33471044533669,-1.33377220564045));
#3274=CARTESIAN_POINT('Ctrl Pts',(-82.3676196425613,-2.33406407405552,-1.37473297703107));
#3275=CARTESIAN_POINT('Ctrl Pts',(-82.371077789053,-2.33369925899584,-1.41586972687911));
#3276=CARTESIAN_POINT('Ctrl Pts',(-82.3734301715675,-2.33345109583401,-1.44385274358532));
#3277=CARTESIAN_POINT('Ctrl Pts',(-82.3746344747958,-2.33333333333334,-1.47191724304029));
#3278=CARTESIAN_POINT('Ctrl Pts',(-82.3746344747958,-2.33333333333334,-1.5));
#3279=CARTESIAN_POINT('',(-83.5619517121937,-1.75000000000002,-1.5));
#3280=CARTESIAN_POINT('Origin',(-83.5619517121937,-3.25000000000002,-1.5));
#3281=CARTESIAN_POINT('',(-83.0383759881049,-1.75000000000002,-1.16574845263062E-9));
#3282=CARTESIAN_POINT('Ctrl Pts',(-83.5619517121937,-1.75000000000002,-1.5));
#3283=CARTESIAN_POINT('Ctrl Pts',(-83.5619517121937,-1.75000000000002,-1.15312709063996));
#3284=CARTESIAN_POINT('Ctrl Pts',(-83.4429349249547,-1.75000000000002,-0.604716318339422));
#3285=CARTESIAN_POINT('Ctrl Pts',(-83.1575199436791,-1.75000000000002,-0.149337231969243));
#3286=CARTESIAN_POINT('Ctrl Pts',(-83.0388523920121,-1.75000000000002,0.000370360492180491));
#3287=CARTESIAN_POINT('Ctrl Pts',(-78.2174746386244,-2.,2.61347942901321E-16));
#3288=CARTESIAN_POINT('Ctrl Pts',(-78.5214110827806,-2.09921315838152,2.62409996301163E-16));
#3289=CARTESIAN_POINT('Ctrl Pts',(-78.8257272626468,-2.20760111585779,1.57762691799235E-12));
#3290=CARTESIAN_POINT('Ctrl Pts',(-79.3026362814045,-2.31924524511975,1.57762691799235E-12));
#3291=CARTESIAN_POINT('Ctrl Pts',(-79.451008437513,-2.34635693973897,-1.38777878078145E-16));
#3292=CARTESIAN_POINT('Ctrl Pts',(-79.6854513170953,-2.37373028185616,-1.38777878078145E-16));
#3293=CARTESIAN_POINT('Ctrl Pts',(-79.7683968973586,-2.38047771478462,-9.6034291630076E-14));
#3294=CARTESIAN_POINT('Ctrl Pts',(-79.9182790118453,-2.38708708134097,-9.6034291630076E-14));
#3295=CARTESIAN_POINT('Ctrl Pts',(-79.9847180405444,-2.38805114918408,-1.17961196366423E-14));
#3296=CARTESIAN_POINT('Ctrl Pts',(-80.1232561926682,-2.38593411514774,-1.17961196366423E-14));
#3297=CARTESIAN_POINT('Ctrl Pts',(-80.1950128033004,-2.38252258870047,-4.22717416626028E-13));
#3298=CARTESIAN_POINT('Ctrl Pts',(-80.3744862571815,-2.36834168756702,-4.22717416626028E-13));
#3299=CARTESIAN_POINT('Ctrl Pts',(-80.4811183423282,-2.35483340177633,-6.92356528880622E-16));
#3300=CARTESIAN_POINT('Ctrl Pts',(-80.7057949841712,-2.31676371665418,-6.95588261986836E-16));
#3301=CARTESIAN_POINT('Ctrl Pts',(-80.8219700675843,-2.29148634564563,4.16333634234434E-16));
#3302=CARTESIAN_POINT('Ctrl Pts',(-81.2412775629103,-2.18482123061052,4.16333634234434E-16));
#3303=CARTESIAN_POINT('Ctrl Pts',(-81.5331801168051,-2.08071141987702,-4.02395059597066E-16));
#3304=CARTESIAN_POINT('Ctrl Pts',(-82.1934256447243,-1.86687122926924,-4.34716548597104E-16));
#3305=CARTESIAN_POINT('Ctrl Pts',(-82.6048370244387,-1.75000000000002,2.98379680156753E-16));
#3306=CARTESIAN_POINT('Ctrl Pts',(-83.0383759862894,-1.75000000000002,2.97973100485764E-16));
#3307=CARTESIAN_POINT('Origin',(-85.8683472971528,-1.75000000000002,0.));
#3308=CARTESIAN_POINT('',(-83.5619517121938,-1.75000000000002,0.));
#3309=CARTESIAN_POINT('',(-83.5619517121938,-1.75000000000002,0.));
#3310=CARTESIAN_POINT('',(-62.9341736485763,-1.74999999999996,0.));
#3311=CARTESIAN_POINT('Origin',(-63.9341736485764,-4.12500000000002,-15.));
#3312=CARTESIAN_POINT('',(-82.3746344747958,-2.33333333333334,-15.));
#3313=CARTESIAN_POINT('',(-84.7492689495917,-4.16666666666668,-15.));
#3314=CARTESIAN_POINT('Origin',(-83.5619517121937,-3.25000000000002,-15.));
#3315=CARTESIAN_POINT('',(-80.,-3.5,-15.));
#3316=CARTESIAN_POINT('Origin',(-80.,-0.499999999999978,-15.));
#3317=CARTESIAN_POINT('',(-43.5,-3.5,-15.));
#3318=CARTESIAN_POINT('',(0.,-3.5,-15.));
#3319=CARTESIAN_POINT('',(-43.5,-6.50000000000002,-15.));
#3320=CARTESIAN_POINT('Origin',(-43.5,-5.00000000000002,-15.));
#3321=CARTESIAN_POINT('',(-80.,-6.50000000000002,-15.));
#3322=CARTESIAN_POINT('',(-80.,-6.50000000000002,-15.));
#3323=CARTESIAN_POINT('Origin',(-80.,-0.50000000000002,-15.));
#3324=CARTESIAN_POINT('Origin',(-43.5,-2.,-1.5));
#3325=CARTESIAN_POINT('',(-42.,-5.00000000000002,-1.5));
#3326=CARTESIAN_POINT('',(-43.5,-3.5,-1.5));
#3327=CARTESIAN_POINT('Origin',(-43.5,-5.,-1.5));
#3328=CARTESIAN_POINT('',(-43.5,-2.,0.));
#3329=CARTESIAN_POINT('Origin',(-43.5,-2.,-1.5));
#3330=CARTESIAN_POINT('',(-42.,-4.59807621135332,0.));
#3331=CARTESIAN_POINT('Ctrl Pts',(-42.,-4.59807621135332,0.));
#3332=CARTESIAN_POINT('Ctrl Pts',(-42.,-4.40691814494664,-3.94685308577512E-19));
#3333=CARTESIAN_POINT('Ctrl Pts',(-42.0291814921971,-4.20042653889469,0.));
#3334=CARTESIAN_POINT('Ctrl Pts',(-42.1418716962852,-3.80141220061345,0.));
#3335=CARTESIAN_POINT('Ctrl Pts',(-42.2249533662372,-3.60876898593921,0.));
#3336=CARTESIAN_POINT('Ctrl Pts',(-42.5941309257169,-2.92283490830601,0.));
#3337=CARTESIAN_POINT('Ctrl Pts',(-43.0843526668786,-2.41564733312143,0.));
#3338=CARTESIAN_POINT('Ctrl Pts',(-43.5,-2.,0.));
#3339=CARTESIAN_POINT('Origin',(-42.,-2.,-1.5));
#3340=CARTESIAN_POINT('Origin',(-60.,-2.,-1.5));
#3341=CARTESIAN_POINT('',(-60.,-2.,0.));
#3342=CARTESIAN_POINT('',(-80.,-3.5,-1.5));
#3343=CARTESIAN_POINT('',(-60.,-3.5,-1.5));
#3344=CARTESIAN_POINT('Origin',(-80.,-2.,-1.5));
#3345=CARTESIAN_POINT('',(-60.,-2.,0.));
#3346=CARTESIAN_POINT('Origin',(-80.,-3.5,0.));
#3347=CARTESIAN_POINT('',(-43.5,-3.5,0.));
#3348=CARTESIAN_POINT('',(-80.,-3.5,0.));
#3349=CARTESIAN_POINT('Ctrl Pts',(-77.8094404908101,51.75,0.721808931932435));
#3350=CARTESIAN_POINT('Ctrl Pts',(-78.1114355883139,51.75,0.892524902321184));
#3351=CARTESIAN_POINT('Ctrl Pts',(-79.1000142544663,51.75,1.2416368693967));
#3352=CARTESIAN_POINT('Ctrl Pts',(-80.5117547172203,51.75,1.27819233641333));
#3353=CARTESIAN_POINT('Ctrl Pts',(-81.8645103345615,51.75,0.940369631725455));
#3354=CARTESIAN_POINT('Ctrl Pts',(-82.6148968608979,51.75,0.477565619850255));
#3355=CARTESIAN_POINT('Ctrl Pts',(-83.321957515174,51.75,-0.292437640916325));
#3356=CARTESIAN_POINT('Ctrl Pts',(-83.5619517121938,51.75,-0.979690635958861));
#3357=CARTESIAN_POINT('Ctrl Pts',(-83.5619517121938,51.75,-1.5));
#3358=CARTESIAN_POINT('Ctrl Pts',(-77.9346082938909,51.75,0.500388154429048));
#3359=CARTESIAN_POINT('Ctrl Pts',(-78.2154847435802,51.7499469311466,0.652089937969251));
#3360=CARTESIAN_POINT('Ctrl Pts',(-79.1380884958958,51.7497011051314,0.955969218932621));
#3361=CARTESIAN_POINT('Ctrl Pts',(-80.4920458219593,51.7495657428274,0.985616711519147));
#3362=CARTESIAN_POINT('Ctrl Pts',(-81.7636450556392,51.7498711819081,0.69572482295129));
#3363=CARTESIAN_POINT('Ctrl Pts',(-82.4595634349829,51.7499439995694,0.283069359567151));
#3364=CARTESIAN_POINT('Ctrl Pts',(-83.1129551559322,51.7500355606861,-0.408583419532824));
#3365=CARTESIAN_POINT('Ctrl Pts',(-83.3336185195904,51.75,-1.02973036835596));
#3366=CARTESIAN_POINT('Ctrl Pts',(-83.3336185195904,51.75,-1.5));
#3367=CARTESIAN_POINT('Ctrl Pts',(-78.1847588887513,51.8823511064519,0.0578738828381996));
#3368=CARTESIAN_POINT('Ctrl Pts',(-78.4234236900816,51.8889201361473,0.171667046272427));
#3369=CARTESIAN_POINT('Ctrl Pts',(-79.2141323173287,51.9155270114318,0.385612987941466));
#3370=CARTESIAN_POINT('Ctrl Pts',(-80.4527254271953,51.9227462265699,0.401703460575624));
#3371=CARTESIAN_POINT('Ctrl Pts',(-81.5621801698545,51.8884290972474,0.207014763666319));
#3372=CARTESIAN_POINT('Ctrl Pts',(-82.1491620685848,51.8734170822161,-0.105538734370686));
#3373=CARTESIAN_POINT('Ctrl Pts',(-82.6952317577585,51.8596679297845,-0.640752857734707));
#3374=CARTESIAN_POINT('Ctrl Pts',(-82.8771685370303,51.856191655283,-1.12971541829853));
#3375=CARTESIAN_POINT('Ctrl Pts',(-82.8771685370303,51.856191655283,-1.5));
#3376=CARTESIAN_POINT('Ctrl Pts',(-78.3716424801736,52.2452452604202,-0.272721598562253));
#3377=CARTESIAN_POINT('Ctrl Pts',(-78.5757552410335,52.2680938446912,-0.182076145922645));
#3378=CARTESIAN_POINT('Ctrl Pts',(-79.2624556489281,52.3589269353739,-0.00802539818655418));
#3379=CARTESIAN_POINT('Ctrl Pts',(-80.4292497884826,52.383052423264,0.00626492948319103));
#3380=CARTESIAN_POINT('Ctrl Pts',(-81.4160450372039,52.266689189765,-0.154836206249314));
#3381=CARTESIAN_POINT('Ctrl Pts',(-81.9126127537526,52.2137705328732,-0.403063117928891));
#3382=CARTESIAN_POINT('Ctrl Pts',(-82.3665688359346,52.1652791239139,-0.825357454246771));
#3383=CARTESIAN_POINT('Ctrl Pts',(-82.5141714258312,52.152597376368,-1.20932645808389));
#3384=CARTESIAN_POINT('Ctrl Pts',(-82.5141714258312,52.152597376368,-1.5));
#3385=CARTESIAN_POINT('Ctrl Pts',(-78.4374279498259,52.4616326878826,-0.389095534033783));
#3386=CARTESIAN_POINT('Ctrl Pts',(-78.627838857509,52.4930280726811,-0.303737548839392));
#3387=CARTESIAN_POINT('Ctrl Pts',(-79.2752011132786,52.6163461699342,-0.129181565301648));
#3388=CARTESIAN_POINT('Ctrl Pts',(-80.4240244151653,52.6487955193607,-0.110903831793349));
#3389=CARTESIAN_POINT('Ctrl Pts',(-81.3671294161616,52.4915899264662,-0.279815184137285));
#3390=CARTESIAN_POINT('Ctrl Pts',(-81.8270862351144,52.4183587829854,-0.511217190074936));
#3391=CARTESIAN_POINT('Ctrl Pts',(-82.24223786353,52.351146611055,-0.896218820458133));
#3392=CARTESIAN_POINT('Ctrl Pts',(-82.3746344747958,52.3333333333333,-1.23984531797955));
#3393=CARTESIAN_POINT('Ctrl Pts',(-82.3746344747958,52.3333333333333,-1.5));
#3394=CARTESIAN_POINT('',(-80.,52.625,-0.136410985670535));
#3395=CARTESIAN_POINT('',(-78.2174746386244,52.,0.));
#3396=CARTESIAN_POINT('Ctrl Pts',(-80.,52.625,-0.136410985670537));
#3397=CARTESIAN_POINT('Ctrl Pts',(-79.9967596331662,52.6238703810829,-0.135893225688764));
#3398=CARTESIAN_POINT('Ctrl Pts',(-79.9935189363761,52.6227408363657,-0.135377198302959));
#3399=CARTESIAN_POINT('Ctrl Pts',(-79.354953003045,52.400203744766,-0.0340455538957408));
#3400=CARTESIAN_POINT('Ctrl Pts',(-78.7198331331541,52.1639835361648,-7.83541085324311E-16));
#3401=CARTESIAN_POINT('Ctrl Pts',(-78.2174746386244,52.,-1.38777878078145E-15));
#3402=CARTESIAN_POINT('',(-83.0383759862894,51.75,-1.34094124693007E-14));
#3403=CARTESIAN_POINT('Ctrl Pts',(-83.0383759862894,51.75,2.09512499104127E-16));
#3404=CARTESIAN_POINT('Ctrl Pts',(-82.814227950668,51.75,2.08917253902344E-16));
#3405=CARTESIAN_POINT('Ctrl Pts',(-82.5934505465586,51.7810563716197,-1.81817725165982E-15));
#3406=CARTESIAN_POINT('Ctrl Pts',(-81.8596531129269,51.9472610664309,-1.77122420802058E-15));
#3407=CARTESIAN_POINT('Ctrl Pts',(-81.3849189610619,52.158291752354,1.52891588278692E-12));
#3408=CARTESIAN_POINT('Ctrl Pts',(-80.6973462647382,52.3192485583203,1.52891588278692E-12));
#3409=CARTESIAN_POINT('Ctrl Pts',(-80.5489791512938,52.3463586926727,3.60996096342719E-15));
#3410=CARTESIAN_POINT('Ctrl Pts',(-80.3145418545324,52.3737309128863,3.60727489438971E-15));
#3411=CARTESIAN_POINT('Ctrl Pts',(-80.2315964884174,52.3804781643508,-9.67283709508071E-14));
#3412=CARTESIAN_POINT('Ctrl Pts',(-80.0817164233479,52.387087156696,-9.67280295449484E-14));
#3413=CARTESIAN_POINT('Ctrl Pts',(-80.0152792167343,52.3880511253031,-1.24899362116424E-14));
#3414=CARTESIAN_POINT('Ctrl Pts',(-79.8767390453641,52.3859340228764,-1.24900877830839E-14));
#3415=CARTESIAN_POINT('Ctrl Pts',(-79.8049786172405,52.3825221709324,-4.24521170442703E-13));
#3416=CARTESIAN_POINT('Ctrl Pts',(-79.6255139095596,52.3683413103771,-4.24522067097938E-13));
#3417=CARTESIAN_POINT('Ctrl Pts',(-79.5188940783181,52.3548348010505,2.8062097770338E-16));
#3418=CARTESIAN_POINT('Ctrl Pts',(-79.2942313717642,52.3167689640581,2.74158223303777E-16));
#3419=CARTESIAN_POINT('Ctrl Pts',(-79.1780578126724,52.2914927155749,-1.38777878078145E-15));
#3420=CARTESIAN_POINT('Ctrl Pts',(-78.7712841287997,52.1880185293982,-1.38777878078145E-15));
#3421=CARTESIAN_POINT('Ctrl Pts',(-78.4909967995116,52.0892851054578,4.27841786387265E-16));
#3422=CARTESIAN_POINT('Ctrl Pts',(-78.2174746386245,52.,4.27833441673072E-16));
#3423=CARTESIAN_POINT('',(-83.5619517121938,51.75,-1.5));
#3424=CARTESIAN_POINT('Ctrl Pts',(-83.037094799619,51.75,-0.000997697309378733));
#3425=CARTESIAN_POINT('Ctrl Pts',(-83.0488387784385,51.75,-0.0160786532943333));
#3426=CARTESIAN_POINT('Ctrl Pts',(-83.3753414894802,51.75,-0.44530923816664));
#3427=CARTESIAN_POINT('Ctrl Pts',(-83.5619517121938,51.75,-0.979690635958861));
#3428=CARTESIAN_POINT('Ctrl Pts',(-83.5619517121938,51.75,-1.5));
#3429=CARTESIAN_POINT('',(-82.3746344747958,52.3333333333333,-1.5));
#3430=CARTESIAN_POINT('Origin',(-83.5619517121938,53.25,-1.5));
#3431=CARTESIAN_POINT('Ctrl Pts',(-82.3746344747958,52.3333333333333,-1.5));
#3432=CARTESIAN_POINT('Ctrl Pts',(-82.3746344747958,52.3333333333333,-1.43966882771857));
#3433=CARTESIAN_POINT('Ctrl Pts',(-82.369333547194,52.3339965215192,-1.37938596031095));
#3434=CARTESIAN_POINT('Ctrl Pts',(-82.3589055149538,52.3353891478907,-1.31979286709415));
#3435=CARTESIAN_POINT('Ctrl Pts',(-82.3483997786839,52.3367921513572,-1.25975571852923));
#3436=CARTESIAN_POINT('Ctrl Pts',(-82.3326899912499,52.338935350466,-1.20041961894262));
#3437=CARTESIAN_POINT('Ctrl Pts',(-82.3120039663693,52.3418801902088,-1.14245568573199));
#3438=CARTESIAN_POINT('Ctrl Pts',(-82.3004514600457,52.3435247922988,-1.11008461836519));
#3439=CARTESIAN_POINT('Ctrl Pts',(-82.2873478461552,52.3454193167448,-1.07814170899679));
#3440=CARTESIAN_POINT('Ctrl Pts',(-82.2727398644442,52.3475739052315,-1.04674403239615));
#3441=CARTESIAN_POINT('Ctrl Pts',(-82.2356022466528,52.3530514780612,-0.966922265351456));
#3442=CARTESIAN_POINT('Ctrl Pts',(-82.1887686758802,52.3601012067925,-0.890457906577604));
#3443=CARTESIAN_POINT('Ctrl Pts',(-82.1328904182844,52.3687776271548,-0.818982739190913));
#3444=CARTESIAN_POINT('Ctrl Pts',(-82.1207386546322,52.3706644757097,-0.803439138183016));
#3445=CARTESIAN_POINT('Ctrl Pts',(-82.1081589545966,52.3726282712229,-0.788131533682541));
#3446=CARTESIAN_POINT('Ctrl Pts',(-82.095157706953,52.3746696011454,-0.773076811267488));
#3447=CARTESIAN_POINT('Ctrl Pts',(-82.0559645828809,52.3808233257044,-0.727693351182847));
#3448=CARTESIAN_POINT('Ctrl Pts',(-82.0129411402058,52.3876816283394,-0.684607609392412));
#3449=CARTESIAN_POINT('Ctrl Pts',(-81.9664657152984,52.3950932342331,-0.643954774946942));
#3450=CARTESIAN_POINT('Ctrl Pts',(-81.9416394937221,52.3990523625363,-0.622238862125156));
#3451=CARTESIAN_POINT('Ctrl Pts',(-81.9158049503129,52.4032079303553,-0.601231887845405));
#3452=CARTESIAN_POINT('Ctrl Pts',(-81.8890317280107,52.4075278716862,-0.580957188688902));
#3453=CARTESIAN_POINT('Ctrl Pts',(-81.8300007891593,52.4170526942746,-0.536254518512397));
#3454=CARTESIAN_POINT('Ctrl Pts',(-81.7664077682573,52.4273779504669,-0.495114708627073));
#3455=CARTESIAN_POINT('Ctrl Pts',(-81.6986009873079,52.4384138535642,-0.457586205013855));
#3456=CARTESIAN_POINT('Ctrl Pts',(-81.6265312130692,52.4501435807921,-0.417698294910333));
#3457=CARTESIAN_POINT('Ctrl Pts',(-81.5497016268499,52.4626769190713,-0.381888883550259));
#3458=CARTESIAN_POINT('Ctrl Pts',(-81.4685078073013,52.4758765298773,-0.350171568813189));
#3459=CARTESIAN_POINT('Ctrl Pts',(-81.4571755668739,52.4777188026517,-0.345744775760363));
#3460=CARTESIAN_POINT('Ctrl Pts',(-81.4457582747321,52.4795739986635,-0.34139764747042));
#3461=CARTESIAN_POINT('Ctrl Pts',(-81.4342569722431,52.4814416887427,-0.337130180015096));
#3462=CARTESIAN_POINT('Ctrl Pts',(-81.4038428810144,52.4863806160087,-0.325845271664437));
#3463=CARTESIAN_POINT('Ctrl Pts',(-81.3728435228835,52.4913783689008,-0.315099657727314));
#3464=CARTESIAN_POINT('Ctrl Pts',(-81.3412649486216,52.4964507160951,-0.304904940901225));
#3465=CARTESIAN_POINT('Ctrl Pts',(-81.2699351404589,52.5079081539548,-0.281877074302619));
#3466=CARTESIAN_POINT('Ctrl Pts',(-81.1956475983096,52.5197437255595,-0.261659146930538));
#3467=CARTESIAN_POINT('Ctrl Pts',(-81.1186682458246,52.5313287054946,-0.243974461363869));
#3468=CARTESIAN_POINT('Ctrl Pts',(-81.03339071395,52.5441625169491,-0.22438341144698));
#3469=CARTESIAN_POINT('Ctrl Pts',(-80.9448098343813,52.556689137387,-0.207902690020875));
#3470=CARTESIAN_POINT('Ctrl Pts',(-80.8533337934644,52.5680983828037,-0.194161578433631));
#3471=CARTESIAN_POINT('Ctrl Pts',(-80.8380669514746,52.5700025223495,-0.191868263405297));
#3472=CARTESIAN_POINT('Ctrl Pts',(-80.8227195603653,52.571875612262,-0.189651243846251));
#3473=CARTESIAN_POINT('Ctrl Pts',(-80.8072936212426,52.5737139553011,-0.187508779340114));
#3474=CARTESIAN_POINT('Ctrl Pts',(-80.7533757339119,52.5801394683326,-0.180020278385078));
#3475=CARTESIAN_POINT('Ctrl Pts',(-80.6985174645923,52.5861546902115,-0.173453134818713));
#3476=CARTESIAN_POINT('Ctrl Pts',(-80.64281802446,52.5914873203141,-0.167676536367655));
#3477=CARTESIAN_POINT('Ctrl Pts',(-80.5474314923393,52.6006195681672,-0.15778398282687));
#3478=CARTESIAN_POINT('Ctrl Pts',(-80.4495797803764,52.607751300731,-0.150209323111264));
#3479=CARTESIAN_POINT('Ctrl Pts',(-80.3503461516707,52.6127147818721,-0.144882062086682));
#3480=CARTESIAN_POINT('Ctrl Pts',(-80.2434645878034,52.6180607984745,-0.139144229087288));
#3481=CARTESIAN_POINT('Ctrl Pts',(-80.1349789577634,52.6208883829028,-0.13601405641071));
#3482=CARTESIAN_POINT('Ctrl Pts',(-80.0262034139268,52.6209689567674,-0.135412676181654));
#3483=CARTESIAN_POINT('Ctrl Pts',(-80.0174680997073,52.6209754273213,-0.135364381821719));
#3484=CARTESIAN_POINT('Ctrl Pts',(-80.0087318641207,52.6209670209798,-0.135333710958272));
#3485=CARTESIAN_POINT('Ctrl Pts',(-79.9999955839719,52.6209438252062,-0.135320699860935));
#3486=CARTESIAN_POINT('Origin',(-20.,52.,-1.5));
#3487=CARTESIAN_POINT('',(-20.,52.,0.));
#3488=CARTESIAN_POINT('',(-20.,52.,0.));
#3489=CARTESIAN_POINT('',(-80.,53.5,-1.5));
#3490=CARTESIAN_POINT('Origin',(-80.,52.,-1.5));
#3491=CARTESIAN_POINT('',(-20.,53.5,-1.5));
#3492=CARTESIAN_POINT('Ctrl Pts',(-81.6820327529804,51.7986111111111,-0.136410985670534));
#3493=CARTESIAN_POINT('Ctrl Pts',(-81.0440203294361,52.625,-0.136410985670534));
#3494=CARTESIAN_POINT('Ctrl Pts',(-80.,52.625,-0.136410985670534));
#3495=CARTESIAN_POINT('Ctrl Pts',(-82.3746344747958,52.3333333333333,-0.537466578120375));
#3496=CARTESIAN_POINT('Ctrl Pts',(-81.4739110533216,53.5,-0.537466578120375));
#3497=CARTESIAN_POINT('Ctrl Pts',(-80.,53.5,-0.537466578120375));
#3498=CARTESIAN_POINT('Ctrl Pts',(-82.3746344747958,52.3333333333333,-1.5));
#3499=CARTESIAN_POINT('Ctrl Pts',(-81.4739110533216,53.5,-1.5));
#3500=CARTESIAN_POINT('Ctrl Pts',(-80.,53.5,-1.5));
#3501=CARTESIAN_POINT('Origin',(-80.,50.5,-1.5));
#3502=CARTESIAN_POINT('Origin',(-0.499999999999985,-2.,-1.5));
#3503=CARTESIAN_POINT('',(-1.99999999999998,-5.,-1.5));
#3504=CARTESIAN_POINT('Origin',(-0.499999999999984,-5.,-1.5));
#3505=CARTESIAN_POINT('',(-1.99999999999999,-4.59807621135332,0.));
#3506=CARTESIAN_POINT('Origin',(-1.99999999999999,-2.,-1.5));
#3507=CARTESIAN_POINT('Ctrl Pts',(-0.986627409381289,-2.49997019548901,
-1.4438468147221E-19));
#3508=CARTESIAN_POINT('Ctrl Pts',(-1.25771881809263,-2.79400100053417,-9.92880311121031E-18));
#3509=CARTESIAN_POINT('Ctrl Pts',(-1.51038552445154,-3.11702708765962,0.));
#3510=CARTESIAN_POINT('Ctrl Pts',(-1.77504663376278,-3.60876898593921,0.));
#3511=CARTESIAN_POINT('Ctrl Pts',(-1.85812830371481,-3.80141220061345,1.03397576569128E-24));
#3512=CARTESIAN_POINT('Ctrl Pts',(-1.9708185078029,-4.20042653889468,1.03397576569128E-24));
#3513=CARTESIAN_POINT('Ctrl Pts',(-1.99999999999998,-4.40691814494664,0.));
#3514=CARTESIAN_POINT('Ctrl Pts',(-1.99999999999998,-4.59807621135332,0.));
#3515=CARTESIAN_POINT('Origin',(-1.99999999999998,-6.50000000000001,0.));
#3516=CARTESIAN_POINT('',(-1.99999999999999,-5.00000000000001,0.));
#3517=CARTESIAN_POINT('',(-1.99999999999998,-5.00000000000001,0.));
#3518=CARTESIAN_POINT('',(-2.,9.25,0.));
#3519=CARTESIAN_POINT('Origin',(2.00000000000002,4.24999999999999,-15.));
#3520=CARTESIAN_POINT('',(-0.499999999999984,-3.5,-15.));
#3521=CARTESIAN_POINT('',(-0.49999999999998,-6.50000000000001,-15.));
#3522=CARTESIAN_POINT('Origin',(-0.499999999999984,-5.,-15.));
#3523=CARTESIAN_POINT('',(0.,-3.5,-15.));
#3524=CARTESIAN_POINT('',(0.,-3.5,-15.));
#3525=CARTESIAN_POINT('',(3.00000000000001,-0.500000000000001,-15.));
#3526=CARTESIAN_POINT('Origin',(-2.63677968348475E-15,-0.499999999999992,
-15.));
#3527=CARTESIAN_POINT('',(3.00000000000001,13.5,-15.));
#3528=CARTESIAN_POINT('',(3.00000000000001,50.5,-15.));
#3529=CARTESIAN_POINT('',(6.00000000000001,13.5,-15.));
#3530=CARTESIAN_POINT('Origin',(4.50000000000001,13.5,-15.));
#3531=CARTESIAN_POINT('',(6.00000000000001,-0.500000000000007,-15.));
#3532=CARTESIAN_POINT('',(6.00000000000001,-0.500000000000007,-15.));
#3533=CARTESIAN_POINT('',(9.99200722162641E-15,-6.50000000000001,-15.));
#3534=CARTESIAN_POINT('Origin',(1.13797860024079E-14,-0.500000000000012,
-15.));
#3535=CARTESIAN_POINT('',(-80.,-6.50000000000002,-15.));
#3536=CARTESIAN_POINT('Origin',(-83.5619517121938,-3.25000000000002,0.));
#3537=CARTESIAN_POINT('',(-84.7492689495917,-4.16666666666667,1.5));
#3538=CARTESIAN_POINT('',(-84.7492689495917,-4.16666666666668,0.));
#3539=CARTESIAN_POINT('',(-84.2679110283788,-1.92651163817299,0.));
#3540=CARTESIAN_POINT('Ctrl Pts',(-84.7492689495917,-4.16666666666668,1.5));
#3541=CARTESIAN_POINT('Ctrl Pts',(-84.7505067409672,-4.16506341099055,1.49824588563963));
#3542=CARTESIAN_POINT('Ctrl Pts',(-84.7517412851776,-4.163457647948,1.49649177101297));
#3543=CARTESIAN_POINT('Ctrl Pts',(-84.8569452931639,-4.02604441934686,1.34661695194535));
#3544=CARTESIAN_POINT('Ctrl Pts',(-84.9378182195321,-3.87228950672486,1.19837972261017));
#3545=CARTESIAN_POINT('Ctrl Pts',(-85.041730749058,-3.54712925598869,0.914784810975305));
#3546=CARTESIAN_POINT('Ctrl Pts',(-85.0669263080075,-3.37619115170471,0.778788195110561));
#3547=CARTESIAN_POINT('Ctrl Pts',(-85.0549734432296,-3.01359275875826,0.51482206756941));
#3548=CARTESIAN_POINT('Ctrl Pts',(-85.0135518811362,-2.82063511507577,0.387372145524882));
#3549=CARTESIAN_POINT('Ctrl Pts',(-84.8656679127807,-2.49175239240282,0.196913956082622));
#3550=CARTESIAN_POINT('Ctrl Pts',(-84.7763825969333,-2.35337583022776,0.126104637914602));
#3551=CARTESIAN_POINT('Ctrl Pts',(-84.5649208060076,-2.12574460342836,0.034282083655652));
#3552=CARTESIAN_POINT('Ctrl Pts',(-84.4525814715847,-2.03413873728263,0.00774831477166949));
#3553=CARTESIAN_POINT('Ctrl Pts',(-84.3070311255586,-1.9479407899837,0.000482222017193173));
#3554=CARTESIAN_POINT('Ctrl Pts',(-84.287562210599,-1.93699373651442,-2.7659953952608E-16));
#3555=CARTESIAN_POINT('Ctrl Pts',(-84.2679110283788,-1.92651163817298,-7.70371977754894E-30));
#3556=CARTESIAN_POINT('Origin',(-83.5619517121938,-3.25000000000002,0.));
#3557=CARTESIAN_POINT('',(-82.3746344747958,-2.33333333333334,0.));
#3558=CARTESIAN_POINT('Origin',(-83.5619517121938,53.25,0.));
#3559=CARTESIAN_POINT('',(-84.7492689495917,54.1666666666666,-15.));
#3560=CARTESIAN_POINT('',(-82.3746344747958,52.3333333333333,-15.));
#3561=CARTESIAN_POINT('Origin',(-83.5619517121938,53.25,-15.));
#3562=CARTESIAN_POINT('',(-82.3746344747958,52.3333333333333,0.));
#3563=CARTESIAN_POINT('',(-83.5619517121938,51.75,0.));
#3564=CARTESIAN_POINT('',(-83.5619517121938,51.75,0.));
#3565=CARTESIAN_POINT('',(-84.2679110283787,51.9265116381729,0.));
#3566=CARTESIAN_POINT('Origin',(-83.5619517121938,53.25,0.));
#3567=CARTESIAN_POINT('',(-84.7492689495917,54.1666666666666,1.5));
#3568=CARTESIAN_POINT('Ctrl Pts',(-84.7492689495917,54.1666666666666,1.5));
#3569=CARTESIAN_POINT('Ctrl Pts',(-84.7505067409668,54.1650634109911,1.49824588564024));
#3570=CARTESIAN_POINT('Ctrl Pts',(-84.7517412851781,54.1634576479473,1.49649177101215));
#3571=CARTESIAN_POINT('Ctrl Pts',(-84.8569452923199,54.0260444204492,1.34661695315022));
#3572=CARTESIAN_POINT('Ctrl Pts',(-84.9378182182165,53.8722895092254,1.19837972502128));
#3573=CARTESIAN_POINT('Ctrl Pts',(-85.04173074782,53.547129261418,0.914784815489068));
#3574=CARTESIAN_POINT('Ctrl Pts',(-85.06692630725,53.3761911586518,0.778788200539009));
#3575=CARTESIAN_POINT('Ctrl Pts',(-85.0549734445406,53.0135927666661,0.514822072931167));
#3576=CARTESIAN_POINT('Ctrl Pts',(-85.0135518833395,52.8206351222954,0.387372150072222));
#3577=CARTESIAN_POINT('Ctrl Pts',(-84.8656679161936,52.4917523982065,0.196913959161397));
#3578=CARTESIAN_POINT('Ctrl Pts',(-84.7763826007613,52.3533758353387,0.126104640332549));
#3579=CARTESIAN_POINT('Ctrl Pts',(-84.5649208104089,52.1257446073427,0.0342820849384253));
#3580=CARTESIAN_POINT('Ctrl Pts',(-84.4525814762273,52.0341387406589,0.00774831553019197));
#3581=CARTESIAN_POINT('Ctrl Pts',(-84.3070311287559,51.9479407917815,0.000482222096431122));
#3582=CARTESIAN_POINT('Ctrl Pts',(-84.2875622122136,51.9369937373757,-1.88827691846157E-16));
#3583=CARTESIAN_POINT('Ctrl Pts',(-84.2679110283787,51.9265116381729,0.));
#3584=CARTESIAN_POINT('',(-84.7492689495917,54.1666666666666,0.));
#3585=CARTESIAN_POINT('Origin',(-40.,25.,0.));
#3586=CARTESIAN_POINT('',(-0.499999999999984,-6.50000000000001,0.));
#3587=CARTESIAN_POINT('Origin',(-0.499999999999984,-5.00000000000001,0.));
#3588=CARTESIAN_POINT('',(-9.99999999999999,-6.50000000000001,0.));
#3589=CARTESIAN_POINT('',(-80.,-6.50000000000002,0.));
#3590=CARTESIAN_POINT('',(-9.99999999999999,-14.5,0.));
#3591=CARTESIAN_POINT('',(-9.99999999999999,-14.5,0.));
#3592=CARTESIAN_POINT('',(-13.,-17.5,0.));
#3593=CARTESIAN_POINT('Origin',(-13.,-14.5,0.));
#3594=CARTESIAN_POINT('',(-17.,-17.5,0.));
#3595=CARTESIAN_POINT('',(-17.,-17.5,0.));
#3596=CARTESIAN_POINT('',(-20.,-14.5,0.));
#3597=CARTESIAN_POINT('Origin',(-17.,-14.5,0.));
#3598=CARTESIAN_POINT('',(-20.,-6.50000000000002,0.));
#3599=CARTESIAN_POINT('',(-20.,-6.50000000000002,0.));
#3600=CARTESIAN_POINT('',(-43.5,-6.50000000000002,0.));
#3601=CARTESIAN_POINT('',(-80.,-6.50000000000002,0.));
#3602=CARTESIAN_POINT('',(-42.,-5.00000000000002,0.));
#3603=CARTESIAN_POINT('Origin',(-43.5,-5.00000000000002,0.));
#3604=CARTESIAN_POINT('',(-42.,10.75,0.));
#3605=CARTESIAN_POINT('',(-84.5,-0.50000000000002,0.));
#3606=CARTESIAN_POINT('Origin',(-80.,-0.50000000000002,0.));
#3607=CARTESIAN_POINT('',(-84.5,50.5,0.));
#3608=CARTESIAN_POINT('',(-84.5,37.75,0.));
#3609=CARTESIAN_POINT('Origin',(-80.,50.5,0.));
#3610=CARTESIAN_POINT('',(-61.3635890143295,51.75,0.));
#3611=CARTESIAN_POINT('',(-15.5,36.5,0.));
#3612=CARTESIAN_POINT('',(-27.,36.5,0.));
#3613=CARTESIAN_POINT('',(-15.5,13.5,0.));
#3614=CARTESIAN_POINT('',(-15.5,20.,0.));
#3615=CARTESIAN_POINT('',(-17.,13.5,0.));
#3616=CARTESIAN_POINT('Origin',(-82.7271780286589,51.75,0.));
#3617=CARTESIAN_POINT('Origin',(-39.9341736485764,45.75,-15.));
#3618=CARTESIAN_POINT('',(-80.,56.5,-15.));
#3619=CARTESIAN_POINT('Origin',(-80.,50.5,-15.));
#3620=CARTESIAN_POINT('',(1.77635683940025E-14,56.5,-15.));
#3621=CARTESIAN_POINT('',(1.77635683940025E-14,56.5,-15.));
#3622=CARTESIAN_POINT('',(6.00000000000001,50.5,-15.));
#3623=CARTESIAN_POINT('Origin',(-6.66133814775094E-15,50.5,-15.));
#3624=CARTESIAN_POINT('',(6.00000000000001,36.5,-15.));
#3625=CARTESIAN_POINT('',(6.00000000000001,-0.500000000000007,-15.));
#3626=CARTESIAN_POINT('',(3.00000000000001,36.5,-15.));
#3627=CARTESIAN_POINT('Origin',(4.50000000000001,36.5,-15.));
#3628=CARTESIAN_POINT('',(3.00000000000001,50.5,-15.));
#3629=CARTESIAN_POINT('',(3.00000000000001,50.5,-15.));
#3630=CARTESIAN_POINT('',(6.66133814775094E-15,53.5,-15.));
#3631=CARTESIAN_POINT('Origin',(7.21644966006352E-15,50.5,-15.));
#3632=CARTESIAN_POINT('',(-80.,53.5,-15.));
#3633=CARTESIAN_POINT('',(-80.,53.5,-15.));
#3634=CARTESIAN_POINT('Origin',(-80.,50.5,-15.));
#3635=CARTESIAN_POINT('Origin',(-43.5,-5.00000000000002,0.));
#3636=CARTESIAN_POINT('',(-42.,-5.00000000000002,0.));
#3637=CARTESIAN_POINT('',(-43.5,-6.50000000000002,0.));
#3638=CARTESIAN_POINT('Origin',(-80.,-6.50000000000002,0.));
#3639=CARTESIAN_POINT('',(-20.,-6.50000000000002,1.5));
#3640=CARTESIAN_POINT('',(-20.,-6.50000000000002,0.));
#3641=CARTESIAN_POINT('',(-60.,-6.50000000000005,1.5));
#3642=CARTESIAN_POINT('',(-60.,-6.50000000000002,1.5));
#3643=CARTESIAN_POINT('',(-60.,-6.50000000000005,0.));
#3644=CARTESIAN_POINT('',(-60.,-6.50000000000005,0.));
#3645=CARTESIAN_POINT('',(-70.,-6.50000000000005,0.));
#3646=CARTESIAN_POINT('',(-41.,-6.50000000000002,0.));
#3647=CARTESIAN_POINT('',(-70.,-6.50000000000005,1.5));
#3648=CARTESIAN_POINT('',(-70.,-6.50000000000005,0.));
#3649=CARTESIAN_POINT('',(-80.,-6.50000000000002,1.5));
#3650=CARTESIAN_POINT('',(-60.,-6.50000000000002,1.5));
#3651=CARTESIAN_POINT('',(-80.,-6.50000000000002,0.));
#3652=CARTESIAN_POINT('Ctrl Pts',(-80.,-2.625,-0.136410985670537));
#3653=CARTESIAN_POINT('Ctrl Pts',(-81.0440203294361,-2.625,-0.136410985670537));
#3654=CARTESIAN_POINT('Ctrl Pts',(-81.6820327529804,-1.79861111111112,-0.136410985670537));
#3655=CARTESIAN_POINT('Ctrl Pts',(-80.,-3.5,-0.537466578120384));
#3656=CARTESIAN_POINT('Ctrl Pts',(-81.4739110533215,-3.5,-0.537466578120384));
#3657=CARTESIAN_POINT('Ctrl Pts',(-82.3746344747958,-2.33333333333335,-0.537466578120384));
#3658=CARTESIAN_POINT('Ctrl Pts',(-80.,-3.5,-1.5));
#3659=CARTESIAN_POINT('Ctrl Pts',(-81.4739110533215,-3.5,-1.5));
#3660=CARTESIAN_POINT('Ctrl Pts',(-82.3746344747958,-2.33333333333335,-1.5));
#3661=CARTESIAN_POINT('Origin',(-80.,-0.499999999999978,-1.5));
#3662=CARTESIAN_POINT('Origin',(-80.,-0.499999999999978,0.));
#3663=CARTESIAN_POINT('Origin',(-0.499999999999984,-5.00000000000001,0.));
#3664=CARTESIAN_POINT('',(-0.499999999999984,-6.50000000000001,0.));
#3665=CARTESIAN_POINT('',(-0.499999999999984,-3.5,0.));
#3666=CARTESIAN_POINT('Origin',(-9.99999999999999,-6.50000000000001,0.));
#3667=CARTESIAN_POINT('',(9.52673399290175E-15,-6.50000000000001,1.5));
#3668=CARTESIAN_POINT('',(9.52673399290175E-15,-6.50000000000001,0.));
#3669=CARTESIAN_POINT('',(-9.99999999999999,-6.50000000000001,1.5));
#3670=CARTESIAN_POINT('',(-25.,-6.50000000000001,1.5));
#3671=CARTESIAN_POINT('',(-9.99999999999999,-6.50000000000001,0.));
#3672=CARTESIAN_POINT('Origin',(1.50000000000001,13.5,-1.5));
#3673=CARTESIAN_POINT('',(1.50000000000001,15.,1.5));
#3674=CARTESIAN_POINT('Origin',(1.50000000000001,13.5,1.5));
#3675=CARTESIAN_POINT('',(4.50000000000001,15.,-1.5));
#3676=CARTESIAN_POINT('Origin',(1.50000000000001,15.,-1.5));
#3677=CARTESIAN_POINT('Origin',(4.50000000000001,13.5,-1.5));
#3678=CARTESIAN_POINT('Origin',(1.5,36.5,-1.5));
#3679=CARTESIAN_POINT('',(4.50000000000001,35.,-1.5));
#3680=CARTESIAN_POINT('Origin',(4.50000000000001,36.5,-1.5));
#3681=CARTESIAN_POINT('',(1.5,35.,1.5));
#3682=CARTESIAN_POINT('Origin',(1.5,35.,-1.5));
#3683=CARTESIAN_POINT('Origin',(1.5,36.5,1.5));
#3684=CARTESIAN_POINT('Origin',(7.21644966006352E-15,50.5,0.));
#3685=CARTESIAN_POINT('',(6.66133814775094E-15,53.5,0.));
#3686=CARTESIAN_POINT('',(3.00000000000001,50.5,0.));
#3687=CARTESIAN_POINT('Origin',(0.,53.5,0.));
#3688=CARTESIAN_POINT('',(-80.,53.5,0.));
#3689=CARTESIAN_POINT('Origin',(-80.,50.5,0.));
#3690=CARTESIAN_POINT('Origin',(-55.,55.,1.5));
#3691=CARTESIAN_POINT('',(-20.,55.,3.));
#3692=CARTESIAN_POINT('',(-20.,56.5,1.5));
#3693=CARTESIAN_POINT('Origin',(-20.,55.,1.5));
#3694=CARTESIAN_POINT('',(-60.,56.5,1.5));
#3695=CARTESIAN_POINT('',(-55.,56.5,1.5));
#3696=CARTESIAN_POINT('',(-60.,55.,3.));
#3697=CARTESIAN_POINT('Origin',(-60.,55.,1.5));
#3698=CARTESIAN_POINT('',(-55.,55.,3.));
#3699=CARTESIAN_POINT('Origin',(-70.,56.5,0.));
#3700=CARTESIAN_POINT('',(-20.,56.5,0.));
#3701=CARTESIAN_POINT('',(-20.,56.5,0.));
#3702=CARTESIAN_POINT('',(-10.,56.5,0.));
#3703=CARTESIAN_POINT('',(-60.,56.5,0.));
#3704=CARTESIAN_POINT('',(-10.,56.5,1.5));
#3705=CARTESIAN_POINT('',(-10.,56.5,0.));
#3706=CARTESIAN_POINT('',(1.77635683940025E-14,56.5,1.5));
#3707=CARTESIAN_POINT('',(-55.,56.5,1.5));
#3708=CARTESIAN_POINT('',(1.77635683940025E-14,56.5,0.));
#3709=CARTESIAN_POINT('',(-80.,56.5,1.5));
#3710=CARTESIAN_POINT('',(-80.,56.5,0.));
#3711=CARTESIAN_POINT('',(-70.,56.5,1.5));
#3712=CARTESIAN_POINT('',(-55.,56.5,1.5));
#3713=CARTESIAN_POINT('',(-70.,56.5,0.));
#3714=CARTESIAN_POINT('',(-70.,56.5,0.));
#3715=CARTESIAN_POINT('',(-60.,56.5,0.));
#3716=CARTESIAN_POINT('',(-60.,56.5,0.));
#3717=CARTESIAN_POINT('',(-60.,56.5,0.));
#3718=CARTESIAN_POINT('Origin',(-60.,-5.00000000000002,1.5));
#3719=CARTESIAN_POINT('',(-60.,-5.00000000000002,3.));
#3720=CARTESIAN_POINT('Origin',(-60.,-5.00000000000002,1.5));
#3721=CARTESIAN_POINT('',(-20.,-5.00000000000001,3.));
#3722=CARTESIAN_POINT('Origin',(-20.,-5.00000000000001,1.5));
#3723=CARTESIAN_POINT('',(-60.,-5.00000000000002,3.));
#3724=CARTESIAN_POINT('Origin',(4.50000000000001,36.5,1.5));
#3725=CARTESIAN_POINT('',(4.50000000000001,35.,1.5));
#3726=CARTESIAN_POINT('',(4.50000000000001,36.5,3.));
#3727=CARTESIAN_POINT('Origin',(4.50000000000001,36.5,1.5));
#3728=CARTESIAN_POINT('',(6.00000000000001,36.5,1.5));
#3729=CARTESIAN_POINT('Origin',(4.50000000000001,36.5,1.5));
#3730=CARTESIAN_POINT('Origin',(4.50000000000001,36.5,1.5));
#3731=CARTESIAN_POINT('Origin',(4.50000000000001,36.5,0.));
#3732=CARTESIAN_POINT('',(6.00000000000001,36.5,0.));
#3733=CARTESIAN_POINT('',(4.50000000000001,35.,0.));
#3734=CARTESIAN_POINT('',(3.00000000000001,36.5,0.));
#3735=CARTESIAN_POINT('Origin',(4.50000000000001,30.,1.5));
#3736=CARTESIAN_POINT('',(6.00000000000001,50.5,1.5));
#3737=CARTESIAN_POINT('',(4.50000000000001,50.5,3.));
#3738=CARTESIAN_POINT('Origin',(4.50000000000001,50.5,1.5));
#3739=CARTESIAN_POINT('',(4.50000000000001,30.,3.));
#3740=CARTESIAN_POINT('',(6.00000000000001,30.,1.5));
#3741=CARTESIAN_POINT('Origin',(-6.66133814775094E-15,50.5,1.5));
#3742=CARTESIAN_POINT('',(1.2490009027033E-14,55.,3.));
#3743=CARTESIAN_POINT('Origin',(1.2490009027033E-14,55.,1.5));
#3744=CARTESIAN_POINT('Origin',(-6.66133814775094E-15,50.5,3.));
#3745=CARTESIAN_POINT('Origin',(-6.66133814775094E-15,50.5,1.5));
#3746=CARTESIAN_POINT('Origin',(-55.,55.,1.5));
#3747=CARTESIAN_POINT('',(-10.,55.,3.));
#3748=CARTESIAN_POINT('Origin',(-10.,55.,1.5));
#3749=CARTESIAN_POINT('',(-55.,55.,3.));
#3750=CARTESIAN_POINT('Origin',(-27.,36.5,1.5));
#3751=CARTESIAN_POINT('',(-27.,35.,1.5));
#3752=CARTESIAN_POINT('',(-15.5,36.5,3.));
#3753=CARTESIAN_POINT('',(-27.,36.5,3.));
#3754=CARTESIAN_POINT('Origin',(-15.5,36.5,1.5));
#3755=CARTESIAN_POINT('Origin',(-15.5,20.,1.5));
#3756=CARTESIAN_POINT('',(-15.5,13.5,3.));
#3757=CARTESIAN_POINT('',(-15.5,20.,3.));
#3758=CARTESIAN_POINT('Origin',(-15.5,13.5,1.5));
#3759=CARTESIAN_POINT('Origin',(4.50000000000001,13.5,1.5));
#3760=CARTESIAN_POINT('',(6.00000000000001,13.5,1.5));
#3761=CARTESIAN_POINT('',(4.50000000000001,13.5,3.));
#3762=CARTESIAN_POINT('Origin',(4.50000000000001,13.5,1.5));
#3763=CARTESIAN_POINT('',(4.50000000000001,15.,1.5));
#3764=CARTESIAN_POINT('Origin',(4.50000000000001,13.5,1.5));
#3765=CARTESIAN_POINT('Origin',(4.50000000000001,13.5,1.5));
#3766=CARTESIAN_POINT('Origin',(4.50000000000001,13.5,0.));
#3767=CARTESIAN_POINT('',(3.00000000000001,13.5,0.));
#3768=CARTESIAN_POINT('',(4.50000000000001,15.,0.));
#3769=CARTESIAN_POINT('',(6.00000000000001,13.5,0.));
#3770=CARTESIAN_POINT('Origin',(-17.,13.5,1.5));
#3771=CARTESIAN_POINT('',(-17.,13.5,3.));
#3772=CARTESIAN_POINT('',(-17.,15.,1.5));
#3773=CARTESIAN_POINT('Origin',(-25.,-5.00000000000001,1.5));
#3774=CARTESIAN_POINT('',(8.88178419700125E-15,-5.00000000000001,3.));
#3775=CARTESIAN_POINT('Origin',(8.88178419700125E-15,-5.00000000000001,
1.5));
#3776=CARTESIAN_POINT('',(-9.99999999999999,-5.00000000000001,3.));
#3777=CARTESIAN_POINT('',(-25.,-5.00000000000001,3.));
#3778=CARTESIAN_POINT('Origin',(-9.99999999999999,-5.00000000000001,1.5));
#3779=CARTESIAN_POINT('Origin',(1.13797860024079E-14,-0.500000000000012,
1.5));
#3780=CARTESIAN_POINT('',(6.00000000000001,-0.500000000000007,1.5));
#3781=CARTESIAN_POINT('',(4.50000000000001,-0.500000000000009,3.));
#3782=CARTESIAN_POINT('Origin',(4.50000000000001,-0.500000000000009,1.5));
#3783=CARTESIAN_POINT('Origin',(1.13797860024079E-14,-0.500000000000012,
3.));
#3784=CARTESIAN_POINT('Origin',(1.13797860024079E-14,-0.500000000000012,
1.5));
#3785=CARTESIAN_POINT('Origin',(4.50000000000001,12.25,1.5));
#3786=CARTESIAN_POINT('',(4.50000000000001,12.25,3.));
#3787=CARTESIAN_POINT('',(6.00000000000001,12.25,1.5));
#3788=CARTESIAN_POINT('Origin',(-6.66133814775094E-15,50.5,0.));
#3789=CARTESIAN_POINT('',(6.00000000000001,50.5,0.));
#3790=CARTESIAN_POINT('Origin',(6.00000000000001,35.,0.));
#3791=CARTESIAN_POINT('Origin',(-14.,35.,0.));
#3792=CARTESIAN_POINT('Origin',(6.00000000000002,15.,0.));
#3793=CARTESIAN_POINT('Origin',(6.00000000000001,-0.500000000000007,0.));
#3794=CARTESIAN_POINT('',(6.00000000000001,-0.500000000000007,0.));
#3795=CARTESIAN_POINT('Origin',(1.13797860024079E-14,-0.500000000000012,
0.));
#3796=CARTESIAN_POINT('Origin',(-55.,55.,1.5));
#3797=CARTESIAN_POINT('',(-80.,55.,3.));
#3798=CARTESIAN_POINT('Origin',(-80.,55.,1.5));
#3799=CARTESIAN_POINT('',(-70.,55.,3.));
#3800=CARTESIAN_POINT('',(-55.,55.,3.));
#3801=CARTESIAN_POINT('Origin',(-70.,55.,1.5));
#3802=CARTESIAN_POINT('Origin',(-80.,50.5,1.5));
#3803=CARTESIAN_POINT('',(-84.5,50.5,3.));
#3804=CARTESIAN_POINT('Origin',(-84.5,50.5,1.5));
#3805=CARTESIAN_POINT('Origin',(-80.,50.5,3.));
#3806=CARTESIAN_POINT('Origin',(-80.,50.5,1.5));
#3807=CARTESIAN_POINT('Origin',(-84.5,37.75,1.5));
#3808=CARTESIAN_POINT('',(-84.5,-0.50000000000002,3.));
#3809=CARTESIAN_POINT('Origin',(-84.5,-0.50000000000002,1.5));
#3810=CARTESIAN_POINT('',(-84.5,37.75,3.));
#3811=CARTESIAN_POINT('Origin',(-80.,-0.50000000000002,1.5));
#3812=CARTESIAN_POINT('',(-80.,-5.00000000000002,3.));
#3813=CARTESIAN_POINT('Origin',(-80.,-5.00000000000002,1.5));
#3814=CARTESIAN_POINT('Origin',(-80.,-0.50000000000002,3.));
#3815=CARTESIAN_POINT('Origin',(-80.,-0.50000000000002,1.5));
#3816=CARTESIAN_POINT('Origin',(-60.,-5.00000000000002,1.5));
#3817=CARTESIAN_POINT('',(-70.,-5.00000000000002,3.));
#3818=CARTESIAN_POINT('Origin',(-70.,-5.00000000000002,1.5));
#3819=CARTESIAN_POINT('',(-60.,-5.00000000000002,3.));
#3820=CARTESIAN_POINT('Origin',(-80.,-0.50000000000002,0.));
#3821=CARTESIAN_POINT('Origin',(-80.,50.5,0.));
#3822=CARTESIAN_POINT('Origin',(-42.,-3.5,0.));
#3823=CARTESIAN_POINT('Origin',(3.00000000000001,-0.499999999999998,0.));
#3824=CARTESIAN_POINT('',(3.00000000000001,-0.500000000000001,0.));
#3825=CARTESIAN_POINT('Origin',(-2.63677968348475E-15,-0.499999999999992,
0.));
#3826=CARTESIAN_POINT('',(1.00430293025256E-16,-3.5,0.));
#3827=CARTESIAN_POINT('Origin',(-1.99999999999999,-3.5,0.));
#3828=CARTESIAN_POINT('Origin',(3.00000000000001,35.,0.));
#3829=CARTESIAN_POINT('Origin',(-40.,25.,0.));
#3830=CARTESIAN_POINT('',(-20.,64.5,0.));
#3831=CARTESIAN_POINT('',(-20.,64.5,0.));
#3832=CARTESIAN_POINT('',(-17.,67.5,0.));
#3833=CARTESIAN_POINT('Origin',(-17.,64.5,0.));
#3834=CARTESIAN_POINT('',(-13.,67.5,0.));
#3835=CARTESIAN_POINT('',(-13.,67.5,0.));
#3836=CARTESIAN_POINT('',(-10.,64.5,0.));
#3837=CARTESIAN_POINT('Origin',(-13.,64.5,0.));
#3838=CARTESIAN_POINT('',(-10.,56.5,0.));
#3839=CARTESIAN_POINT('Origin',(-40.,25.,0.));
#3840=CARTESIAN_POINT('',(-70.,64.5,0.));
#3841=CARTESIAN_POINT('',(-70.,64.5,0.));
#3842=CARTESIAN_POINT('',(-67.,67.5,0.));
#3843=CARTESIAN_POINT('Origin',(-67.,64.5,0.));
#3844=CARTESIAN_POINT('',(-63.,67.5,0.));
#3845=CARTESIAN_POINT('',(-63.,67.5,0.));
#3846=CARTESIAN_POINT('',(-60.,64.5,0.));
#3847=CARTESIAN_POINT('Origin',(-63.,64.5,0.));
#3848=CARTESIAN_POINT('',(-60.,56.5,0.));
#3849=CARTESIAN_POINT('Origin',(-40.,25.,0.));
#3850=CARTESIAN_POINT('',(-60.,-14.5000000000001,0.));
#3851=CARTESIAN_POINT('',(-60.,-14.5000000000001,0.));
#3852=CARTESIAN_POINT('',(-63.,-17.5000000000001,0.));
#3853=CARTESIAN_POINT('Origin',(-63.,-14.5000000000001,0.));
#3854=CARTESIAN_POINT('',(-67.,-17.5000000000001,0.));
#3855=CARTESIAN_POINT('',(-67.,-17.5000000000001,0.));
#3856=CARTESIAN_POINT('',(-70.,-14.5000000000001,0.));
#3857=CARTESIAN_POINT('Origin',(-67.,-14.5000000000001,0.));
#3858=CARTESIAN_POINT('',(-70.,-6.50000000000005,0.));
#3859=CARTESIAN_POINT('Origin',(-70.,64.5,0.));
#3860=CARTESIAN_POINT('',(-70.,64.5,3.));
#3861=CARTESIAN_POINT('',(-70.,64.5,3.));
#3862=CARTESIAN_POINT('',(-70.,64.5,0.));
#3863=CARTESIAN_POINT('Origin',(-67.,64.5,0.));
#3864=CARTESIAN_POINT('',(-67.,67.5,3.));
#3865=CARTESIAN_POINT('Origin',(-67.,64.5,3.));
#3866=CARTESIAN_POINT('',(-67.,67.5,0.));
#3867=CARTESIAN_POINT('Origin',(-63.,67.5,0.));
#3868=CARTESIAN_POINT('',(-63.,67.5,3.));
#3869=CARTESIAN_POINT('',(-63.,67.5,3.));
#3870=CARTESIAN_POINT('',(-63.,67.5,0.));
#3871=CARTESIAN_POINT('Origin',(-63.,64.5,0.));
#3872=CARTESIAN_POINT('',(-60.,64.5,3.));
#3873=CARTESIAN_POINT('Origin',(-63.,64.5,3.));
#3874=CARTESIAN_POINT('',(-60.,64.5,0.));
#3875=CARTESIAN_POINT('Origin',(-60.,56.5,0.));
#3876=CARTESIAN_POINT('',(-60.,56.5,3.));
#3877=CARTESIAN_POINT('Origin',(-20.,64.5,0.));
#3878=CARTESIAN_POINT('',(-20.,64.5,3.));
#3879=CARTESIAN_POINT('',(-20.,64.5,3.));
#3880=CARTESIAN_POINT('',(-20.,64.5,0.));
#3881=CARTESIAN_POINT('Origin',(-17.,64.5,0.));
#3882=CARTESIAN_POINT('',(-17.,67.5,3.));
#3883=CARTESIAN_POINT('Origin',(-17.,64.5,3.));
#3884=CARTESIAN_POINT('',(-17.,67.5,0.));
#3885=CARTESIAN_POINT('Origin',(-13.,67.5,0.));
#3886=CARTESIAN_POINT('',(-13.,67.5,3.));
#3887=CARTESIAN_POINT('',(-13.,67.5,3.));
#3888=CARTESIAN_POINT('',(-13.,67.5,0.));
#3889=CARTESIAN_POINT('Origin',(-13.,64.5,0.));
#3890=CARTESIAN_POINT('',(-10.,64.5,3.));
#3891=CARTESIAN_POINT('Origin',(-13.,64.5,3.));
#3892=CARTESIAN_POINT('',(-10.,64.5,0.));
#3893=CARTESIAN_POINT('Origin',(-10.,56.5,0.));
#3894=CARTESIAN_POINT('',(-10.,56.5,3.));
#3895=CARTESIAN_POINT('Origin',(-9.99999999999999,-14.5,0.));
#3896=CARTESIAN_POINT('',(-9.99999999999999,-14.5,3.));
#3897=CARTESIAN_POINT('',(-9.99999999999999,-14.5,3.));
#3898=CARTESIAN_POINT('',(-9.99999999999999,-14.5,0.));
#3899=CARTESIAN_POINT('Origin',(-13.,-14.5,0.));
#3900=CARTESIAN_POINT('',(-13.,-17.5,3.));
#3901=CARTESIAN_POINT('Origin',(-13.,-14.5,3.));
#3902=CARTESIAN_POINT('',(-13.,-17.5,0.));
#3903=CARTESIAN_POINT('Origin',(-17.,-17.5,0.));
#3904=CARTESIAN_POINT('',(-17.,-17.5,3.));
#3905=CARTESIAN_POINT('',(-17.,-17.5,3.));
#3906=CARTESIAN_POINT('',(-17.,-17.5,0.));
#3907=CARTESIAN_POINT('Origin',(-17.,-14.5,0.));
#3908=CARTESIAN_POINT('',(-20.,-14.5,3.));
#3909=CARTESIAN_POINT('Origin',(-17.,-14.5,3.));
#3910=CARTESIAN_POINT('',(-20.,-14.5,0.));
#3911=CARTESIAN_POINT('Origin',(-20.,-6.50000000000002,0.));
#3912=CARTESIAN_POINT('',(-20.,-6.50000000000002,3.));
#3913=CARTESIAN_POINT('Origin',(-60.,-14.5000000000001,0.));
#3914=CARTESIAN_POINT('',(-60.,-14.5000000000001,3.));
#3915=CARTESIAN_POINT('',(-60.,-14.5000000000001,3.));
#3916=CARTESIAN_POINT('',(-60.,-14.5000000000001,0.));
#3917=CARTESIAN_POINT('Origin',(-63.,-14.5000000000001,0.));
#3918=CARTESIAN_POINT('',(-63.,-17.5000000000001,3.));
#3919=CARTESIAN_POINT('Origin',(-63.,-14.5000000000001,3.));
#3920=CARTESIAN_POINT('',(-63.,-17.5000000000001,0.));
#3921=CARTESIAN_POINT('Origin',(-67.,-17.5000000000001,0.));
#3922=CARTESIAN_POINT('',(-67.,-17.5000000000001,3.));
#3923=CARTESIAN_POINT('',(-67.,-17.5000000000001,3.));
#3924=CARTESIAN_POINT('',(-67.,-17.5000000000001,0.));
#3925=CARTESIAN_POINT('Origin',(-67.,-14.5000000000001,0.));
#3926=CARTESIAN_POINT('',(-70.,-14.5000000000001,3.));
#3927=CARTESIAN_POINT('Origin',(-67.,-14.5000000000001,3.));
#3928=CARTESIAN_POINT('',(-70.,-14.5000000000001,0.));
#3929=CARTESIAN_POINT('Origin',(-70.,-6.50000000000005,0.));
#3930=CARTESIAN_POINT('',(-70.,-6.50000000000005,3.));
#3931=CARTESIAN_POINT('Origin',(-40.,25.,3.));
#3932=CARTESIAN_POINT('polyline point',(0.,-35.3698486789735,0.));
#3933=CARTESIAN_POINT('polyline point',(0.,85.3698486789734,0.));
#3934=CARTESIAN_POINT('polyline point',(-106.139697159957,0.,0.));
#3935=CARTESIAN_POINT('polyline point',(26.1396971599569,0.,0.));
#3936=CARTESIAN_POINT('polyline point',(9.52673399290175E-15,-6.50000000000001,
0.));
#3937=CARTESIAN_POINT('polyline point',(-80.,-6.50000000000002,0.));
#3938=CARTESIAN_POINT('polyline point',(-86.,-0.500000000000019,0.));
#3939=CARTESIAN_POINT('polyline point',(-86.,50.5,0.));
#3940=CARTESIAN_POINT('polyline point',(-80.,56.5,0.));
#3941=CARTESIAN_POINT('polyline point',(1.77635683940025E-14,56.5,0.));
#3942=CARTESIAN_POINT('polyline point',(6.00000000000001,50.5,0.));
#3943=CARTESIAN_POINT('polyline point',(6.00000000000001,-0.500000000000007,
0.));
#3944=CARTESIAN_POINT('polyline point',(6.66133814775094E-15,53.5,0.));
#3945=CARTESIAN_POINT('polyline point',(-80.,53.5,0.));
#3946=CARTESIAN_POINT('polyline point',(-83.,50.5,0.));
#3947=CARTESIAN_POINT('polyline point',(-83.,-0.499999999999998,0.));
#3948=CARTESIAN_POINT('polyline point',(-80.,-3.5,0.));
#3949=CARTESIAN_POINT('polyline point',(1.00430293025256E-16,-3.5,0.));
#3950=CARTESIAN_POINT('polyline point',(3.00000000000001,-0.500000000000001,
0.));
#3951=CARTESIAN_POINT('polyline point',(3.00000000000001,50.5,0.));
#3952=CARTESIAN_POINT('Origin',(-80.,50.5,0.));
#3953=CARTESIAN_POINT('',(-80.,53.5,0.));
#3954=CARTESIAN_POINT('',(-83.,50.5,0.));
#3955=CARTESIAN_POINT('Origin',(-80.,-0.499999999999978,0.));
#3956=CARTESIAN_POINT('',(-83.,-0.499999999999996,0.));
#3957=CARTESIAN_POINT('',(-80.,-3.5,0.));
#3958=CARTESIAN_POINT('Origin',(-2.63677968348475E-15,-0.499999999999992,
0.));
#3959=CARTESIAN_POINT('',(-3.18787074310106E-15,-3.5,0.));
#3960=CARTESIAN_POINT('',(3.00000000000001,-0.500000000000003,0.));
#3961=CARTESIAN_POINT('Origin',(7.21644966006352E-15,50.5,0.));
#3962=CARTESIAN_POINT('',(3.00000000000001,50.5,0.));
#3963=CARTESIAN_POINT('',(7.40014667993562E-15,53.5,0.));
#3964=CARTESIAN_POINT('Origin',(-6.66133814775094E-15,50.5,0.));
#3965=CARTESIAN_POINT('',(6.00000000000001,50.5,0.));
#3966=CARTESIAN_POINT('',(-6.29394410800673E-15,56.5,0.));
#3967=CARTESIAN_POINT('Origin',(1.13797860024079E-14,-0.500000000000012,
0.));
#3968=CARTESIAN_POINT('',(1.02776038831752E-14,-6.50000000000001,0.));
#3969=CARTESIAN_POINT('',(6.00000000000001,-0.500000000000008,0.));
#3970=CARTESIAN_POINT('Origin',(-80.,50.5,0.));
#3971=CARTESIAN_POINT('',(-80.,56.5,0.));
#3972=CARTESIAN_POINT('',(-86.,50.5,0.));
#3973=CARTESIAN_POINT('Origin',(-80.,-0.50000000000002,0.));
#3974=CARTESIAN_POINT('',(-86.,-0.500000000000019,0.));
#3975=CARTESIAN_POINT('',(-80.,-6.50000000000002,0.));
#3976=CARTESIAN_POINT('polyline point',(-85.8683472971528,51.75,0.));
#3977=CARTESIAN_POINT('polyline point',(-82.7271780286589,51.75,0.));
#3978=CARTESIAN_POINT('polyline point',(-85.8683472971528,-1.75000000000002,
0.));
#3979=CARTESIAN_POINT('polyline point',(-82.7271780286589,-1.75000000000002,
0.));
#3980=CARTESIAN_POINT('polyline point',(-42.,-3.5,0.));
#3981=CARTESIAN_POINT('polyline point',(-42.,-6.50000000000002,0.));
#3982=CARTESIAN_POINT('polyline point',(-1.99999999999999,-3.49999999999996,
0.));
#3983=CARTESIAN_POINT('polyline point',(-1.99999999999998,-6.50000000000001,
0.));
#3984=CARTESIAN_POINT('polyline point',(6.00000000000001,35.,0.));
#3985=CARTESIAN_POINT('polyline point',(-14.,35.,0.));
#3986=CARTESIAN_POINT('polyline point',(-14.,35.,0.));
#3987=CARTESIAN_POINT('polyline point',(-14.,15.,0.));
#3988=CARTESIAN_POINT('polyline point',(-14.,15.,0.));
#3989=CARTESIAN_POINT('polyline point',(6.00000000000002,15.,0.));
#3990=CARTESIAN_POINT('polyline point',(-10.,56.5,0.));
#3991=CARTESIAN_POINT('polyline point',(-20.,56.5,0.));
#3992=CARTESIAN_POINT('polyline point',(-20.,56.5,0.));
#3993=CARTESIAN_POINT('polyline point',(-20.,64.5,0.));
#3994=CARTESIAN_POINT('polyline point',(-17.,67.5,0.));
#3995=CARTESIAN_POINT('polyline point',(-13.,67.5,0.));
#3996=CARTESIAN_POINT('polyline point',(-10.,64.5,0.));
#3997=CARTESIAN_POINT('polyline point',(-10.,56.5,0.));
#3998=CARTESIAN_POINT('Origin',(-13.,64.5,0.));
#3999=CARTESIAN_POINT('',(-10.,64.5,0.));
#4000=CARTESIAN_POINT('',(-13.,67.5,0.));
#4001=CARTESIAN_POINT('Origin',(-17.,64.5,0.));
#4002=CARTESIAN_POINT('',(-17.,67.5,0.));
#4003=CARTESIAN_POINT('',(-20.,64.5,0.));
#4004=CARTESIAN_POINT('polyline point',(-70.,64.5,0.));
#4005=CARTESIAN_POINT('polyline point',(-70.,56.5,0.));
#4006=CARTESIAN_POINT('Origin',(-67.,64.5,0.));
#4007=CARTESIAN_POINT('',(-67.,67.5,0.));
#4008=CARTESIAN_POINT('',(-70.,64.5,0.));
#4009=CARTESIAN_POINT('polyline point',(-63.,67.5,0.));
#4010=CARTESIAN_POINT('polyline point',(-67.,67.5,0.));
#4011=CARTESIAN_POINT('Origin',(-63.,64.5,0.));
#4012=CARTESIAN_POINT('',(-60.,64.5,0.));
#4013=CARTESIAN_POINT('',(-63.,67.5,0.));
#4014=CARTESIAN_POINT('polyline point',(-60.,56.5,0.));
#4015=CARTESIAN_POINT('polyline point',(-60.,64.5,0.));
#4016=CARTESIAN_POINT('polyline point',(-9.99999999999999,-14.5,0.));
#4017=CARTESIAN_POINT('polyline point',(-9.99999999999999,-6.50000000000001,
0.));
#4018=CARTESIAN_POINT('Origin',(-13.,-14.5,0.));
#4019=CARTESIAN_POINT('',(-13.,-17.5,0.));
#4020=CARTESIAN_POINT('',(-9.99999999999999,-14.5,0.));
#4021=CARTESIAN_POINT('polyline point',(-17.,-17.5,0.));
#4022=CARTESIAN_POINT('polyline point',(-13.,-17.5,0.));
#4023=CARTESIAN_POINT('Origin',(-17.,-14.5,0.));
#4024=CARTESIAN_POINT('',(-20.,-14.5,0.));
#4025=CARTESIAN_POINT('',(-17.,-17.5,0.));
#4026=CARTESIAN_POINT('polyline point',(-20.,-6.50000000000002,0.));
#4027=CARTESIAN_POINT('polyline point',(-20.,-14.5,0.));
#4028=CARTESIAN_POINT('polyline point',(-60.,-6.50000000000005,0.));
#4029=CARTESIAN_POINT('polyline point',(-60.,-14.5000000000001,0.));
#4030=CARTESIAN_POINT('Origin',(-63.,-14.5000000000001,0.));
#4031=CARTESIAN_POINT('',(-63.,-17.5000000000001,0.));
#4032=CARTESIAN_POINT('',(-60.,-14.5000000000001,0.));
#4033=CARTESIAN_POINT('polyline point',(-63.,-17.5000000000001,0.));
#4034=CARTESIAN_POINT('polyline point',(-67.,-17.5000000000001,0.));
#4035=CARTESIAN_POINT('Origin',(-67.,-14.5000000000001,0.));
#4036=CARTESIAN_POINT('',(-70.,-14.5000000000001,0.));
#4037=CARTESIAN_POINT('',(-67.,-17.5000000000001,0.));
#4038=CARTESIAN_POINT('polyline point',(-70.,-14.5000000000001,0.));
#4039=CARTESIAN_POINT('polyline point',(-70.,-6.50000000000005,0.));
#4040=CARTESIAN_POINT('',(-82.7271780286589,-1.75000000000002,0.));
#4041=CARTESIAN_POINT('',(-85.8683472971528,-1.75000000000002,0.));
#4042=CARTESIAN_POINT('',(3.00000000000001,15.,0.));
#4043=CARTESIAN_POINT('',(3.00000000000001,35.,0.));
#4044=CARTESIAN_POINT('',(-15.,62.5,0.));
#4045=CARTESIAN_POINT('',(-65.,62.5,0.));
#4046=CARTESIAN_POINT('',(-15.,-12.5,0.));
#4047=CARTESIAN_POINT('',(-65.,-12.5,0.));
#4048=CARTESIAN_POINT('',(-70.,56.5,0.));
#4049=CARTESIAN_POINT('',(-60.,56.5,0.));
#4050=CARTESIAN_POINT('',(-20.,56.5,0.));
#4051=CARTESIAN_POINT('',(-60.,-6.50000000000005,0.));
#4052=CARTESIAN_POINT('',(-70.,-6.50000000000005,0.));
#4053=CARTESIAN_POINT('',(-9.99999999999999,-6.50000000000001,0.));
#4054=CARTESIAN_POINT('',(-20.,-6.50000000000002,0.));
#4055=UNCERTAINTY_MEASURE_WITH_UNIT(LENGTH_MEASURE(0.01),#4059,
'DISTANCE_ACCURACY_VALUE',
'Maximum model space distance between geometric entities at asserted c
onnectivities');
#4056=UNCERTAINTY_MEASURE_WITH_UNIT(LENGTH_MEASURE(0.01),#4059,
'DISTANCE_ACCURACY_VALUE',
'Maximum model space distance between geometric entities at asserted c
onnectivities');
#4057=(
GEOMETRIC_REPRESENTATION_CONTEXT(3)
GLOBAL_UNCERTAINTY_ASSIGNED_CONTEXT((#4055))
GLOBAL_UNIT_ASSIGNED_CONTEXT((#4059,#4061,#4062))
REPRESENTATION_CONTEXT('','3D')
);
#4058=(
GEOMETRIC_REPRESENTATION_CONTEXT(3)
GLOBAL_UNCERTAINTY_ASSIGNED_CONTEXT((#4056))
GLOBAL_UNIT_ASSIGNED_CONTEXT((#4059,#4061,#4062))
REPRESENTATION_CONTEXT('','3D')
);
#4059=(
LENGTH_UNIT()
NAMED_UNIT(*)
SI_UNIT(.MILLI.,.METRE.)
);
#4060=(
LENGTH_UNIT()
NAMED_UNIT(*)
SI_UNIT(.CENTI.,.METRE.)
);
#4061=(
NAMED_UNIT(*)
PLANE_ANGLE_UNIT()
SI_UNIT($,.RADIAN.)
);
#4062=(
NAMED_UNIT(*)
SI_UNIT($,.STERADIAN.)
SOLID_ANGLE_UNIT()
);
#4063=SHAPE_DEFINITION_REPRESENTATION(#4064,#4065);
#4064=PRODUCT_DEFINITION_SHAPE('',$,#4067);
#4065=SHAPE_REPRESENTATION('',(#2094),#4057);
#4066=PRODUCT_DEFINITION_CONTEXT('part definition',#4071,'design');
#4067=PRODUCT_DEFINITION('RPi_case_bottom','RPi_case_bottom',#4068,#4066);
#4068=PRODUCT_DEFINITION_FORMATION('',$,#4073);
#4069=PRODUCT_RELATED_PRODUCT_CATEGORY('RPi_case_bottom',
'RPi_case_bottom',(#4073));
#4070=APPLICATION_PROTOCOL_DEFINITION('international standard',
'automotive_design',2009,#4071);
#4071=APPLICATION_CONTEXT(
'Core Data for Automotive Mechanical Design Process');
#4072=PRODUCT_CONTEXT('part definition',#4071,'mechanical');
#4073=PRODUCT('RPi_case_bottom','RPi_case_bottom',$,(#4072));
#4074=PRESENTATION_STYLE_ASSIGNMENT((#4077));
#4075=PRESENTATION_STYLE_ASSIGNMENT((#4078));
#4076=PRESENTATION_STYLE_ASSIGNMENT((#4079));
#4077=SURFACE_STYLE_USAGE(.BOTH.,#4082);
#4078=SURFACE_STYLE_USAGE(.BOTH.,#4083);
#4079=SURFACE_STYLE_USAGE(.BOTH.,#4084);
#4080=SURFACE_STYLE_RENDERING_WITH_PROPERTIES($,#4094,(#4081));
#4081=SURFACE_STYLE_TRANSPARENT(0.);
#4082=SURFACE_SIDE_STYLE('',(#4085,#4080));
#4083=SURFACE_SIDE_STYLE('',(#4086));
#4084=SURFACE_SIDE_STYLE('',(#4087));
#4085=SURFACE_STYLE_FILL_AREA(#4088);
#4086=SURFACE_STYLE_FILL_AREA(#4089);
#4087=SURFACE_STYLE_FILL_AREA(#4090);
#4088=FILL_AREA_STYLE('',(#4091));
#4089=FILL_AREA_STYLE('',(#4092));
#4090=FILL_AREA_STYLE('',(#4093));
#4091=FILL_AREA_STYLE_COLOUR('',#4094);
#4092=FILL_AREA_STYLE_COLOUR('',#4095);
#4093=FILL_AREA_STYLE_COLOUR('',#4096);
#4094=COLOUR_RGB('',0.749019607843137,0.749019607843137,0.749019607843137);
#4095=COLOUR_RGB('',0.,0.,0.);
#4096=COLOUR_RGB('',1.,1.,0.);
ENDSEC;
END-ISO-10303-21;
