ISO-10303-21;
HEADER;
/* Generated by software containing ST-Developer
 * from STEP Tools, Inc. (www.steptools.com) 
 */

FILE_DESCRIPTION(
/* description */ (''),
/* implementation_level */ '2;1');

FILE_NAME(
/* name */ 'attachments_hub.stp',
/* time_stamp */ '2026-05-04T11:39:59+02:00',
/* author */ ('owozn'),
/* organization */ (''),
/* preprocessor_version */ 'ST-DEVELOPER v20',
/* originating_system */ 'Autodesk Inventor 2024',
/* authorisation */ '');

FILE_SCHEMA (('AUTOMOTIVE_DESIGN { 1 0 10303 214 3 1 1 }'));
ENDSEC;

DATA;
#10=MECHANICAL_DESIGN_GEOMETRIC_PRESENTATION_REPRESENTATION('',(#13),#12571);
#11=SHAPE_REPRESENTATION_RELATIONSHIP('SRR','None',#12578,#12);
#12=ADVANCED_BREP_SHAPE_REPRESENTATION('',(#14),#12570);
#13=STYLED_ITEM('',(#12587),#14);
#14=MANIFOLD_SOLID_BREP('Solid1',#7394);
#15=FACE_BOUND('',#1557,.T.);
#16=FACE_BOUND('',#1558,.T.);
#17=FACE_BOUND('',#1559,.T.);
#18=FACE_BOUND('',#1560,.T.);
#19=FACE_BOUND('',#1561,.T.);
#20=FACE_BOUND('',#1562,.T.);
#21=FACE_BOUND('',#1563,.T.);
#22=FACE_BOUND('',#1564,.T.);
#23=FACE_BOUND('',#1565,.T.);
#24=FACE_BOUND('',#1566,.T.);
#25=FACE_BOUND('',#1567,.T.);
#26=FACE_BOUND('',#1568,.T.);
#27=FACE_BOUND('',#1569,.T.);
#28=FACE_BOUND('',#1570,.T.);
#29=FACE_BOUND('',#1571,.T.);
#30=FACE_BOUND('',#1572,.T.);
#31=FACE_BOUND('',#1573,.T.);
#32=FACE_BOUND('',#1574,.T.);
#33=FACE_BOUND('',#1575,.T.);
#34=FACE_BOUND('',#1576,.T.);
#35=FACE_BOUND('',#1577,.T.);
#36=FACE_BOUND('',#1578,.T.);
#37=FACE_BOUND('',#1579,.T.);
#38=FACE_BOUND('',#1580,.T.);
#39=FACE_BOUND('',#1581,.T.);
#40=FACE_BOUND('',#1582,.T.);
#41=FACE_BOUND('',#1583,.T.);
#42=FACE_BOUND('',#1584,.T.);
#43=FACE_BOUND('',#1585,.T.);
#44=FACE_BOUND('',#1586,.T.);
#45=FACE_BOUND('',#1587,.T.);
#46=FACE_BOUND('',#1588,.T.);
#47=FACE_BOUND('',#1589,.T.);
#48=FACE_BOUND('',#1590,.T.);
#49=FACE_BOUND('',#1591,.T.);
#50=FACE_BOUND('',#1592,.T.);
#51=FACE_BOUND('',#1593,.T.);
#52=FACE_BOUND('',#1594,.T.);
#53=FACE_BOUND('',#1595,.T.);
#54=FACE_BOUND('',#1596,.T.);
#55=FACE_BOUND('',#1597,.T.);
#56=FACE_BOUND('',#1598,.T.);
#57=FACE_BOUND('',#1599,.T.);
#58=FACE_BOUND('',#1600,.T.);
#59=FACE_BOUND('',#1601,.T.);
#60=FACE_BOUND('',#1602,.T.);
#61=FACE_BOUND('',#1603,.T.);
#62=FACE_BOUND('',#1604,.T.);
#63=FACE_BOUND('',#1605,.T.);
#64=FACE_BOUND('',#1606,.T.);
#65=FACE_BOUND('',#1607,.T.);
#66=FACE_BOUND('',#1608,.T.);
#67=FACE_BOUND('',#1609,.T.);
#68=FACE_BOUND('',#1610,.T.);
#69=FACE_BOUND('',#1611,.T.);
#70=FACE_BOUND('',#1612,.T.);
#71=FACE_BOUND('',#1613,.T.);
#72=FACE_BOUND('',#1614,.T.);
#73=FACE_BOUND('',#1615,.T.);
#74=FACE_BOUND('',#1616,.T.);
#75=FACE_BOUND('',#1617,.T.);
#76=FACE_BOUND('',#1618,.T.);
#77=FACE_BOUND('',#1619,.T.);
#78=FACE_BOUND('',#1620,.T.);
#79=FACE_BOUND('',#1621,.T.);
#80=FACE_BOUND('',#1622,.T.);
#81=FACE_BOUND('',#1623,.T.);
#82=FACE_BOUND('',#1624,.T.);
#83=FACE_BOUND('',#1625,.T.);
#84=FACE_BOUND('',#1626,.T.);
#85=FACE_BOUND('',#1627,.T.);
#86=FACE_BOUND('',#1628,.T.);
#87=FACE_BOUND('',#1629,.T.);
#88=FACE_BOUND('',#1630,.T.);
#89=FACE_BOUND('',#1631,.T.);
#90=FACE_BOUND('',#1632,.T.);
#91=FACE_BOUND('',#1633,.T.);
#92=FACE_BOUND('',#1634,.T.);
#93=FACE_BOUND('',#1635,.T.);
#94=FACE_BOUND('',#1636,.T.);
#95=FACE_BOUND('',#1637,.T.);
#96=FACE_BOUND('',#1638,.T.);
#97=FACE_BOUND('',#1639,.T.);
#98=FACE_BOUND('',#1640,.T.);
#99=FACE_BOUND('',#1641,.T.);
#100=FACE_BOUND('',#1642,.T.);
#101=FACE_BOUND('',#1643,.T.);
#102=FACE_BOUND('',#1644,.T.);
#103=FACE_BOUND('',#1645,.T.);
#104=FACE_BOUND('',#1646,.T.);
#105=FACE_BOUND('',#1647,.T.);
#106=FACE_BOUND('',#1648,.T.);
#107=FACE_BOUND('',#1649,.T.);
#108=FACE_BOUND('',#1650,.T.);
#109=FACE_BOUND('',#1651,.T.);
#110=FACE_BOUND('',#1652,.T.);
#111=FACE_BOUND('',#1653,.T.);
#112=FACE_BOUND('',#1654,.T.);
#113=FACE_BOUND('',#1655,.T.);
#114=FACE_BOUND('',#1656,.T.);
#115=FACE_BOUND('',#1657,.T.);
#116=FACE_BOUND('',#1658,.T.);
#117=FACE_BOUND('',#1659,.T.);
#118=FACE_BOUND('',#1660,.T.);
#119=FACE_BOUND('',#1661,.T.);
#120=FACE_BOUND('',#1662,.T.);
#121=FACE_BOUND('',#1663,.T.);
#122=FACE_BOUND('',#1664,.T.);
#123=FACE_BOUND('',#1665,.T.);
#124=FACE_BOUND('',#1666,.T.);
#125=FACE_BOUND('',#1667,.T.);
#126=FACE_BOUND('',#1668,.T.);
#127=FACE_BOUND('',#1669,.T.);
#128=FACE_BOUND('',#1670,.T.);
#129=FACE_BOUND('',#1671,.T.);
#130=FACE_BOUND('',#1672,.T.);
#131=FACE_BOUND('',#1673,.T.);
#132=FACE_BOUND('',#1674,.T.);
#133=FACE_BOUND('',#1675,.T.);
#134=FACE_BOUND('',#1676,.T.);
#135=FACE_BOUND('',#1677,.T.);
#136=FACE_BOUND('',#1678,.T.);
#137=FACE_BOUND('',#1679,.T.);
#138=FACE_BOUND('',#1680,.T.);
#139=FACE_BOUND('',#1681,.T.);
#140=FACE_BOUND('',#1682,.T.);
#141=FACE_BOUND('',#1683,.T.);
#142=FACE_BOUND('',#1684,.T.);
#143=FACE_BOUND('',#1685,.T.);
#144=FACE_BOUND('',#1686,.T.);
#145=FACE_BOUND('',#1687,.T.);
#146=FACE_BOUND('',#1688,.T.);
#147=FACE_BOUND('',#1689,.T.);
#148=FACE_BOUND('',#1690,.T.);
#149=FACE_BOUND('',#1691,.T.);
#150=FACE_BOUND('',#1692,.T.);
#151=FACE_BOUND('',#1693,.T.);
#152=FACE_BOUND('',#1694,.T.);
#153=FACE_BOUND('',#1695,.T.);
#154=FACE_BOUND('',#1696,.T.);
#155=FACE_BOUND('',#1697,.T.);
#156=FACE_BOUND('',#1698,.T.);
#157=FACE_BOUND('',#1699,.T.);
#158=FACE_BOUND('',#1700,.T.);
#159=FACE_BOUND('',#1701,.T.);
#160=FACE_BOUND('',#1702,.T.);
#161=FACE_BOUND('',#1703,.T.);
#162=FACE_BOUND('',#1704,.T.);
#163=FACE_BOUND('',#1705,.T.);
#164=FACE_BOUND('',#1706,.T.);
#165=FACE_BOUND('',#1707,.T.);
#166=FACE_BOUND('',#1708,.T.);
#167=FACE_BOUND('',#1709,.T.);
#168=FACE_BOUND('',#1710,.T.);
#169=FACE_BOUND('',#1711,.T.);
#170=FACE_BOUND('',#1712,.T.);
#171=FACE_BOUND('',#1713,.T.);
#172=FACE_BOUND('',#1714,.T.);
#173=FACE_BOUND('',#1715,.T.);
#174=FACE_BOUND('',#1716,.T.);
#175=FACE_BOUND('',#1717,.T.);
#176=FACE_BOUND('',#1718,.T.);
#177=FACE_BOUND('',#1719,.T.);
#178=FACE_BOUND('',#1720,.T.);
#179=FACE_BOUND('',#1721,.T.);
#180=FACE_BOUND('',#1722,.T.);
#181=FACE_BOUND('',#1723,.T.);
#182=FACE_BOUND('',#1724,.T.);
#183=FACE_BOUND('',#1725,.T.);
#184=FACE_BOUND('',#1726,.T.);
#185=FACE_BOUND('',#1727,.T.);
#186=FACE_BOUND('',#1728,.T.);
#187=FACE_BOUND('',#1729,.T.);
#188=FACE_BOUND('',#1730,.T.);
#189=FACE_BOUND('',#1731,.T.);
#190=FACE_BOUND('',#1732,.T.);
#191=FACE_BOUND('',#1733,.T.);
#192=FACE_BOUND('',#1734,.T.);
#193=FACE_BOUND('',#1735,.T.);
#194=FACE_BOUND('',#1736,.T.);
#195=FACE_BOUND('',#1737,.T.);
#196=FACE_BOUND('',#1738,.T.);
#197=FACE_BOUND('',#1739,.T.);
#198=FACE_BOUND('',#1740,.T.);
#199=FACE_BOUND('',#1741,.T.);
#200=FACE_BOUND('',#1742,.T.);
#201=FACE_BOUND('',#1743,.T.);
#202=FACE_BOUND('',#1744,.T.);
#203=FACE_BOUND('',#1745,.T.);
#204=FACE_BOUND('',#1746,.T.);
#205=FACE_BOUND('',#1747,.T.);
#206=FACE_BOUND('',#1748,.T.);
#207=FACE_BOUND('',#1749,.T.);
#208=FACE_BOUND('',#1750,.T.);
#209=FACE_BOUND('',#1751,.T.);
#210=FACE_BOUND('',#1752,.T.);
#211=FACE_BOUND('',#1753,.T.);
#212=FACE_BOUND('',#1754,.T.);
#213=FACE_BOUND('',#1755,.T.);
#214=FACE_BOUND('',#1756,.T.);
#215=FACE_BOUND('',#1757,.T.);
#216=FACE_BOUND('',#1758,.T.);
#217=FACE_BOUND('',#1759,.T.);
#218=FACE_BOUND('',#1760,.T.);
#219=FACE_BOUND('',#1761,.T.);
#220=FACE_BOUND('',#1762,.T.);
#221=FACE_BOUND('',#1763,.T.);
#222=FACE_BOUND('',#1764,.T.);
#223=FACE_BOUND('',#1765,.T.);
#224=FACE_BOUND('',#1766,.T.);
#225=FACE_BOUND('',#1767,.T.);
#226=FACE_BOUND('',#1768,.T.);
#227=FACE_BOUND('',#1769,.T.);
#228=FACE_BOUND('',#1770,.T.);
#229=FACE_BOUND('',#1771,.T.);
#230=FACE_BOUND('',#1772,.T.);
#231=FACE_BOUND('',#1773,.T.);
#232=FACE_BOUND('',#1774,.T.);
#233=FACE_BOUND('',#1775,.T.);
#234=FACE_BOUND('',#1776,.T.);
#235=FACE_BOUND('',#1777,.T.);
#236=FACE_BOUND('',#1778,.T.);
#237=FACE_BOUND('',#1779,.T.);
#238=FACE_BOUND('',#1780,.T.);
#239=FACE_BOUND('',#1781,.T.);
#240=FACE_BOUND('',#1782,.T.);
#241=FACE_BOUND('',#1783,.T.);
#242=FACE_BOUND('',#1784,.T.);
#243=FACE_BOUND('',#1785,.T.);
#244=FACE_BOUND('',#1786,.T.);
#245=FACE_BOUND('',#1787,.T.);
#246=FACE_BOUND('',#1788,.T.);
#247=FACE_BOUND('',#1789,.T.);
#248=FACE_BOUND('',#1790,.T.);
#249=FACE_BOUND('',#1791,.T.);
#250=FACE_BOUND('',#1792,.T.);
#251=FACE_BOUND('',#1793,.T.);
#252=FACE_BOUND('',#1794,.T.);
#253=FACE_BOUND('',#1795,.T.);
#254=FACE_BOUND('',#1796,.T.);
#255=FACE_BOUND('',#1797,.T.);
#256=FACE_BOUND('',#1798,.T.);
#257=FACE_BOUND('',#1799,.T.);
#258=FACE_BOUND('',#1800,.T.);
#259=FACE_BOUND('',#1801,.T.);
#260=FACE_BOUND('',#1802,.T.);
#261=FACE_BOUND('',#1803,.T.);
#262=FACE_BOUND('',#1804,.T.);
#263=FACE_BOUND('',#1805,.T.);
#264=FACE_BOUND('',#1806,.T.);
#265=FACE_BOUND('',#1807,.T.);
#266=FACE_BOUND('',#1808,.T.);
#267=FACE_BOUND('',#1809,.T.);
#268=FACE_BOUND('',#1810,.T.);
#269=FACE_BOUND('',#1811,.T.);
#270=FACE_BOUND('',#1812,.T.);
#271=FACE_BOUND('',#1813,.T.);
#272=FACE_BOUND('',#1814,.T.);
#273=FACE_BOUND('',#1815,.T.);
#274=FACE_BOUND('',#1816,.T.);
#275=FACE_BOUND('',#1817,.T.);
#276=FACE_BOUND('',#1818,.T.);
#277=FACE_BOUND('',#1819,.T.);
#278=FACE_BOUND('',#1820,.T.);
#279=FACE_BOUND('',#1821,.T.);
#280=FACE_BOUND('',#1822,.T.);
#281=FACE_BOUND('',#1823,.T.);
#282=FACE_BOUND('',#1824,.T.);
#283=FACE_BOUND('',#1825,.T.);
#284=FACE_BOUND('',#1826,.T.);
#285=FACE_BOUND('',#1827,.T.);
#286=FACE_BOUND('',#1828,.T.);
#287=FACE_BOUND('',#1829,.T.);
#288=FACE_BOUND('',#1830,.T.);
#289=FACE_BOUND('',#1831,.T.);
#290=FACE_BOUND('',#1832,.T.);
#291=FACE_BOUND('',#1833,.T.);
#292=FACE_BOUND('',#1834,.T.);
#293=FACE_BOUND('',#1835,.T.);
#294=FACE_BOUND('',#1838,.T.);
#295=FACE_BOUND('',#1844,.T.);
#296=FACE_BOUND('',#1852,.T.);
#297=FACE_BOUND('',#2144,.T.);
#298=FACE_BOUND('',#2145,.T.);
#299=FACE_BOUND('',#2146,.T.);
#300=FACE_BOUND('',#2147,.T.);
#301=FACE_BOUND('',#2148,.T.);
#302=FACE_BOUND('',#2149,.T.);
#303=FACE_BOUND('',#2150,.T.);
#304=FACE_BOUND('',#2151,.T.);
#305=FACE_BOUND('',#2152,.T.);
#306=FACE_BOUND('',#2153,.T.);
#307=FACE_BOUND('',#2154,.T.);
#308=FACE_BOUND('',#2155,.T.);
#309=FACE_BOUND('',#2156,.T.);
#310=FACE_BOUND('',#2157,.T.);
#311=FACE_BOUND('',#2158,.T.);
#312=FACE_BOUND('',#2159,.T.);
#313=FACE_BOUND('',#2160,.T.);
#314=FACE_BOUND('',#2161,.T.);
#315=FACE_BOUND('',#2162,.T.);
#316=FACE_BOUND('',#2163,.T.);
#317=FACE_BOUND('',#2164,.T.);
#318=FACE_BOUND('',#2165,.T.);
#319=FACE_BOUND('',#2166,.T.);
#320=FACE_BOUND('',#2167,.T.);
#321=FACE_BOUND('',#2168,.T.);
#322=FACE_BOUND('',#2169,.T.);
#323=FACE_BOUND('',#2170,.T.);
#324=FACE_BOUND('',#2171,.T.);
#325=FACE_BOUND('',#2172,.T.);
#326=FACE_BOUND('',#2173,.T.);
#327=FACE_BOUND('',#2174,.T.);
#328=FACE_BOUND('',#2175,.T.);
#329=FACE_BOUND('',#2176,.T.);
#330=FACE_BOUND('',#2177,.T.);
#331=FACE_BOUND('',#2178,.T.);
#332=FACE_BOUND('',#2179,.T.);
#333=FACE_BOUND('',#2180,.T.);
#334=FACE_BOUND('',#2181,.T.);
#335=FACE_BOUND('',#2182,.T.);
#336=FACE_BOUND('',#2183,.T.);
#337=FACE_BOUND('',#2184,.T.);
#338=FACE_BOUND('',#2185,.T.);
#339=FACE_BOUND('',#2186,.T.);
#340=FACE_BOUND('',#2187,.T.);
#341=FACE_BOUND('',#2188,.T.);
#342=FACE_BOUND('',#2189,.T.);
#343=FACE_BOUND('',#2190,.T.);
#344=FACE_BOUND('',#2191,.T.);
#345=FACE_BOUND('',#2192,.T.);
#346=FACE_BOUND('',#2193,.T.);
#347=FACE_BOUND('',#2194,.T.);
#348=FACE_BOUND('',#2195,.T.);
#349=FACE_BOUND('',#2196,.T.);
#350=FACE_BOUND('',#2197,.T.);
#351=FACE_BOUND('',#2198,.T.);
#352=FACE_BOUND('',#2199,.T.);
#353=FACE_BOUND('',#2200,.T.);
#354=FACE_BOUND('',#2201,.T.);
#355=FACE_BOUND('',#2202,.T.);
#356=FACE_BOUND('',#2203,.T.);
#357=FACE_BOUND('',#2204,.T.);
#358=FACE_BOUND('',#2205,.T.);
#359=FACE_BOUND('',#2206,.T.);
#360=FACE_BOUND('',#2207,.T.);
#361=FACE_BOUND('',#2208,.T.);
#362=FACE_BOUND('',#2209,.T.);
#363=FACE_BOUND('',#2210,.T.);
#364=FACE_BOUND('',#2211,.T.);
#365=FACE_BOUND('',#2212,.T.);
#366=FACE_BOUND('',#2213,.T.);
#367=FACE_BOUND('',#2214,.T.);
#368=FACE_BOUND('',#2215,.T.);
#369=FACE_BOUND('',#2216,.T.);
#370=FACE_BOUND('',#2217,.T.);
#371=FACE_BOUND('',#2218,.T.);
#372=FACE_BOUND('',#2219,.T.);
#373=FACE_BOUND('',#2220,.T.);
#374=FACE_BOUND('',#2221,.T.);
#375=FACE_BOUND('',#2222,.T.);
#376=FACE_BOUND('',#2223,.T.);
#377=FACE_BOUND('',#2224,.T.);
#378=FACE_BOUND('',#2225,.T.);
#379=FACE_BOUND('',#2226,.T.);
#380=FACE_BOUND('',#2227,.T.);
#381=FACE_BOUND('',#2228,.T.);
#382=FACE_BOUND('',#2229,.T.);
#383=FACE_BOUND('',#2230,.T.);
#384=FACE_BOUND('',#2231,.T.);
#385=FACE_BOUND('',#2232,.T.);
#386=FACE_BOUND('',#2233,.T.);
#387=FACE_BOUND('',#2234,.T.);
#388=FACE_BOUND('',#2235,.T.);
#389=FACE_BOUND('',#2236,.T.);
#390=FACE_BOUND('',#2237,.T.);
#391=FACE_BOUND('',#2238,.T.);
#392=FACE_BOUND('',#2239,.T.);
#393=FACE_BOUND('',#2240,.T.);
#394=FACE_BOUND('',#2241,.T.);
#395=FACE_BOUND('',#2242,.T.);
#396=FACE_BOUND('',#2243,.T.);
#397=FACE_BOUND('',#2244,.T.);
#398=FACE_BOUND('',#2245,.T.);
#399=FACE_BOUND('',#2246,.T.);
#400=FACE_BOUND('',#2247,.T.);
#401=FACE_BOUND('',#2248,.T.);
#402=FACE_BOUND('',#2249,.T.);
#403=FACE_BOUND('',#2250,.T.);
#404=FACE_BOUND('',#2251,.T.);
#405=FACE_BOUND('',#2252,.T.);
#406=FACE_BOUND('',#2253,.T.);
#407=FACE_BOUND('',#2254,.T.);
#408=FACE_BOUND('',#2255,.T.);
#409=FACE_BOUND('',#2256,.T.);
#410=FACE_BOUND('',#2257,.T.);
#411=FACE_BOUND('',#2258,.T.);
#412=FACE_BOUND('',#2259,.T.);
#413=FACE_BOUND('',#2260,.T.);
#414=FACE_BOUND('',#2261,.T.);
#415=FACE_BOUND('',#2262,.T.);
#416=FACE_BOUND('',#2263,.T.);
#417=FACE_BOUND('',#2264,.T.);
#418=FACE_BOUND('',#2265,.T.);
#419=FACE_BOUND('',#2266,.T.);
#420=FACE_BOUND('',#2267,.T.);
#421=FACE_BOUND('',#2268,.T.);
#422=FACE_BOUND('',#2269,.T.);
#423=FACE_BOUND('',#2270,.T.);
#424=FACE_BOUND('',#2271,.T.);
#425=FACE_BOUND('',#2272,.T.);
#426=FACE_BOUND('',#2273,.T.);
#427=FACE_BOUND('',#2274,.T.);
#428=FACE_BOUND('',#2275,.T.);
#429=FACE_BOUND('',#2276,.T.);
#430=FACE_BOUND('',#2277,.T.);
#431=FACE_BOUND('',#2278,.T.);
#432=FACE_BOUND('',#2279,.T.);
#433=FACE_BOUND('',#2280,.T.);
#434=FACE_BOUND('',#2281,.T.);
#435=FACE_BOUND('',#2282,.T.);
#436=FACE_BOUND('',#2283,.T.);
#437=FACE_BOUND('',#2284,.T.);
#438=FACE_BOUND('',#2285,.T.);
#439=FACE_BOUND('',#2286,.T.);
#440=FACE_BOUND('',#2287,.T.);
#441=FACE_BOUND('',#2288,.T.);
#442=FACE_BOUND('',#2289,.T.);
#443=FACE_BOUND('',#2290,.T.);
#444=FACE_BOUND('',#2291,.T.);
#445=FACE_BOUND('',#2292,.T.);
#446=FACE_BOUND('',#2293,.T.);
#447=FACE_BOUND('',#2294,.T.);
#448=FACE_BOUND('',#2295,.T.);
#449=FACE_BOUND('',#2296,.T.);
#450=FACE_BOUND('',#2297,.T.);
#451=FACE_BOUND('',#2298,.T.);
#452=FACE_BOUND('',#2299,.T.);
#453=FACE_BOUND('',#2300,.T.);
#454=FACE_BOUND('',#2301,.T.);
#455=FACE_BOUND('',#2302,.T.);
#456=FACE_BOUND('',#2303,.T.);
#457=FACE_BOUND('',#2304,.T.);
#458=FACE_BOUND('',#2305,.T.);
#459=FACE_BOUND('',#2306,.T.);
#460=FACE_BOUND('',#2307,.T.);
#461=FACE_BOUND('',#2308,.T.);
#462=FACE_BOUND('',#2309,.T.);
#463=FACE_BOUND('',#2310,.T.);
#464=FACE_BOUND('',#2311,.T.);
#465=FACE_BOUND('',#2312,.T.);
#466=FACE_BOUND('',#2313,.T.);
#467=FACE_BOUND('',#2314,.T.);
#468=FACE_BOUND('',#2315,.T.);
#469=FACE_BOUND('',#2316,.T.);
#470=FACE_BOUND('',#2317,.T.);
#471=FACE_BOUND('',#2318,.T.);
#472=FACE_BOUND('',#2319,.T.);
#473=FACE_BOUND('',#2320,.T.);
#474=FACE_BOUND('',#2321,.T.);
#475=FACE_BOUND('',#2322,.T.);
#476=FACE_BOUND('',#2323,.T.);
#477=FACE_BOUND('',#2324,.T.);
#478=FACE_BOUND('',#2325,.T.);
#479=FACE_BOUND('',#2326,.T.);
#480=FACE_BOUND('',#2327,.T.);
#481=FACE_BOUND('',#2328,.T.);
#482=FACE_BOUND('',#2329,.T.);
#483=FACE_BOUND('',#2330,.T.);
#484=FACE_BOUND('',#2331,.T.);
#485=FACE_BOUND('',#2332,.T.);
#486=FACE_BOUND('',#2333,.T.);
#487=FACE_BOUND('',#2334,.T.);
#488=FACE_BOUND('',#2335,.T.);
#489=FACE_BOUND('',#2336,.T.);
#490=FACE_BOUND('',#2337,.T.);
#491=FACE_BOUND('',#2338,.T.);
#492=FACE_BOUND('',#2339,.T.);
#493=FACE_BOUND('',#2340,.T.);
#494=FACE_BOUND('',#2341,.T.);
#495=FACE_BOUND('',#2342,.T.);
#496=FACE_BOUND('',#2343,.T.);
#497=FACE_BOUND('',#2344,.T.);
#498=FACE_BOUND('',#2345,.T.);
#499=FACE_BOUND('',#2346,.T.);
#500=FACE_BOUND('',#2347,.T.);
#501=FACE_BOUND('',#2348,.T.);
#502=FACE_BOUND('',#2349,.T.);
#503=FACE_BOUND('',#2350,.T.);
#504=FACE_BOUND('',#2351,.T.);
#505=FACE_BOUND('',#2352,.T.);
#506=FACE_BOUND('',#2353,.T.);
#507=FACE_BOUND('',#2354,.T.);
#508=FACE_BOUND('',#2355,.T.);
#509=FACE_BOUND('',#2356,.T.);
#510=FACE_BOUND('',#2357,.T.);
#511=FACE_BOUND('',#2358,.T.);
#512=FACE_BOUND('',#2359,.T.);
#513=FACE_BOUND('',#2360,.T.);
#514=FACE_BOUND('',#2361,.T.);
#515=FACE_BOUND('',#2362,.T.);
#516=FACE_BOUND('',#2363,.T.);
#517=FACE_BOUND('',#2364,.T.);
#518=FACE_BOUND('',#2365,.T.);
#519=FACE_BOUND('',#2366,.T.);
#520=FACE_BOUND('',#2367,.T.);
#521=FACE_BOUND('',#2368,.T.);
#522=FACE_BOUND('',#2369,.T.);
#523=FACE_BOUND('',#2370,.T.);
#524=FACE_BOUND('',#2371,.T.);
#525=FACE_BOUND('',#2372,.T.);
#526=FACE_BOUND('',#2373,.T.);
#527=FACE_BOUND('',#2374,.T.);
#528=FACE_BOUND('',#2375,.T.);
#529=FACE_BOUND('',#2376,.T.);
#530=FACE_BOUND('',#2377,.T.);
#531=FACE_BOUND('',#2378,.T.);
#532=FACE_BOUND('',#2379,.T.);
#533=FACE_BOUND('',#2380,.T.);
#534=FACE_BOUND('',#2381,.T.);
#535=FACE_BOUND('',#2382,.T.);
#536=FACE_BOUND('',#2383,.T.);
#537=FACE_BOUND('',#2384,.T.);
#538=FACE_BOUND('',#2385,.T.);
#539=FACE_BOUND('',#2386,.T.);
#540=FACE_BOUND('',#2387,.T.);
#541=FACE_BOUND('',#2388,.T.);
#542=FACE_BOUND('',#2389,.T.);
#543=FACE_BOUND('',#2390,.T.);
#544=FACE_BOUND('',#2391,.T.);
#545=FACE_BOUND('',#2392,.T.);
#546=FACE_BOUND('',#2393,.T.);
#547=FACE_BOUND('',#2394,.T.);
#548=FACE_BOUND('',#2395,.T.);
#549=FACE_BOUND('',#2396,.T.);
#550=FACE_BOUND('',#2397,.T.);
#551=FACE_BOUND('',#2398,.T.);
#552=FACE_BOUND('',#2399,.T.);
#553=FACE_BOUND('',#2400,.T.);
#554=FACE_BOUND('',#2401,.T.);
#555=FACE_BOUND('',#2402,.T.);
#556=FACE_BOUND('',#2403,.T.);
#557=FACE_BOUND('',#2404,.T.);
#558=FACE_BOUND('',#2405,.T.);
#559=FACE_BOUND('',#2406,.T.);
#560=FACE_BOUND('',#2407,.T.);
#561=FACE_BOUND('',#2408,.T.);
#562=FACE_BOUND('',#2409,.T.);
#563=FACE_BOUND('',#2410,.T.);
#564=FACE_BOUND('',#2411,.T.);
#565=FACE_BOUND('',#2412,.T.);
#566=FACE_BOUND('',#2413,.T.);
#567=FACE_BOUND('',#2414,.T.);
#568=FACE_BOUND('',#2415,.T.);
#569=FACE_BOUND('',#2416,.T.);
#570=FACE_BOUND('',#2417,.T.);
#571=FACE_BOUND('',#2418,.T.);
#572=FACE_BOUND('',#2419,.T.);
#573=FACE_BOUND('',#2420,.T.);
#574=FACE_BOUND('',#2421,.T.);
#575=FACE_BOUND('',#2422,.T.);
#576=FACE_BOUND('',#2423,.T.);
#577=FACE_BOUND('',#2424,.T.);
#578=FACE_BOUND('',#2425,.T.);
#579=FACE_BOUND('',#2426,.T.);
#580=FACE_BOUND('',#2427,.T.);
#581=FACE_BOUND('',#2428,.T.);
#582=FACE_BOUND('',#2446,.T.);
#583=CIRCLE('',#7428,1.6);
#584=CIRCLE('',#7429,1.6);
#585=CIRCLE('',#7430,3.);
#586=CIRCLE('',#7431,3.);
#587=CIRCLE('',#7432,3.);
#588=CIRCLE('',#7433,3.);
#589=CIRCLE('',#7434,1.6);
#590=CIRCLE('',#7435,1.6);
#591=CIRCLE('',#7436,1.6);
#592=CIRCLE('',#7437,1.6);
#593=CIRCLE('',#7438,1.6);
#594=CIRCLE('',#7439,1.6);
#595=CIRCLE('',#7440,1.6);
#596=CIRCLE('',#7441,1.6);
#597=CIRCLE('',#7442,1.6);
#598=CIRCLE('',#7443,1.6);
#599=CIRCLE('',#7444,3.);
#600=CIRCLE('',#7445,3.);
#601=CIRCLE('',#7446,3.);
#602=CIRCLE('',#7447,3.);
#603=CIRCLE('',#7448,1.6);
#604=CIRCLE('',#7449,1.6);
#605=CIRCLE('',#7450,1.6);
#606=CIRCLE('',#7451,1.6);
#607=CIRCLE('',#7452,1.6);
#608=CIRCLE('',#7453,1.6);
#609=CIRCLE('',#7454,1.6);
#610=CIRCLE('',#7455,1.6);
#611=CIRCLE('',#7456,1.6);
#612=CIRCLE('',#7457,1.6);
#613=CIRCLE('',#7458,1.6);
#614=CIRCLE('',#7459,1.6);
#615=CIRCLE('',#7460,1.6);
#616=CIRCLE('',#7461,1.6);
#617=CIRCLE('',#7462,1.6);
#618=CIRCLE('',#7463,1.6);
#619=CIRCLE('',#7464,1.6);
#620=CIRCLE('',#7465,1.6);
#621=CIRCLE('',#7466,1.6);
#622=CIRCLE('',#7467,1.6);
#623=CIRCLE('',#7468,1.6);
#624=CIRCLE('',#7469,1.6);
#625=CIRCLE('',#7470,1.6);
#626=CIRCLE('',#7471,1.6);
#627=CIRCLE('',#7472,1.6);
#628=CIRCLE('',#7473,1.6);
#629=CIRCLE('',#7474,1.6);
#630=CIRCLE('',#7475,1.6);
#631=CIRCLE('',#7476,1.6);
#632=CIRCLE('',#7477,1.6);
#633=CIRCLE('',#7478,1.6);
#634=CIRCLE('',#7479,1.6);
#635=CIRCLE('',#7480,1.6);
#636=CIRCLE('',#7481,1.6);
#637=CIRCLE('',#7482,1.6);
#638=CIRCLE('',#7483,1.6);
#639=CIRCLE('',#7484,1.6);
#640=CIRCLE('',#7485,1.6);
#641=CIRCLE('',#7486,1.6);
#642=CIRCLE('',#7487,1.6);
#643=CIRCLE('',#7488,1.6);
#644=CIRCLE('',#7489,1.6);
#645=CIRCLE('',#7490,1.6);
#646=CIRCLE('',#7491,1.6);
#647=CIRCLE('',#7492,1.6);
#648=CIRCLE('',#7493,1.6);
#649=CIRCLE('',#7494,1.6);
#650=CIRCLE('',#7495,1.6);
#651=CIRCLE('',#7496,1.6);
#652=CIRCLE('',#7497,1.6);
#653=CIRCLE('',#7498,1.6);
#654=CIRCLE('',#7499,1.6);
#655=CIRCLE('',#7500,1.6);
#656=CIRCLE('',#7501,1.6);
#657=CIRCLE('',#7502,1.6);
#658=CIRCLE('',#7503,1.6);
#659=CIRCLE('',#7504,1.6);
#660=CIRCLE('',#7505,1.6);
#661=CIRCLE('',#7506,1.6);
#662=CIRCLE('',#7507,1.6);
#663=CIRCLE('',#7508,1.6);
#664=CIRCLE('',#7509,1.6);
#665=CIRCLE('',#7510,1.6);
#666=CIRCLE('',#7511,1.6);
#667=CIRCLE('',#7512,1.6);
#668=CIRCLE('',#7513,1.6);
#669=CIRCLE('',#7514,1.6);
#670=CIRCLE('',#7515,1.6);
#671=CIRCLE('',#7516,1.6);
#672=CIRCLE('',#7517,1.6);
#673=CIRCLE('',#7518,1.6);
#674=CIRCLE('',#7519,1.6);
#675=CIRCLE('',#7520,1.6);
#676=CIRCLE('',#7521,1.6);
#677=CIRCLE('',#7522,1.6);
#678=CIRCLE('',#7523,1.6);
#679=CIRCLE('',#7524,1.6);
#680=CIRCLE('',#7525,1.6);
#681=CIRCLE('',#7526,1.6);
#682=CIRCLE('',#7527,1.6);
#683=CIRCLE('',#7528,1.6);
#684=CIRCLE('',#7529,1.6);
#685=CIRCLE('',#7530,1.6);
#686=CIRCLE('',#7531,1.6);
#687=CIRCLE('',#7532,1.6);
#688=CIRCLE('',#7533,1.6);
#689=CIRCLE('',#7534,1.6);
#690=CIRCLE('',#7535,1.6);
#691=CIRCLE('',#7536,1.6);
#692=CIRCLE('',#7537,1.6);
#693=CIRCLE('',#7538,1.6);
#694=CIRCLE('',#7539,1.6);
#695=CIRCLE('',#7540,1.6);
#696=CIRCLE('',#7541,1.6);
#697=CIRCLE('',#7542,1.6);
#698=CIRCLE('',#7543,1.6);
#699=CIRCLE('',#7544,1.6);
#700=CIRCLE('',#7545,1.6);
#701=CIRCLE('',#7546,1.6);
#702=CIRCLE('',#7547,1.6);
#703=CIRCLE('',#7548,1.6);
#704=CIRCLE('',#7549,1.6);
#705=CIRCLE('',#7550,1.6);
#706=CIRCLE('',#7551,1.6);
#707=CIRCLE('',#7552,1.6);
#708=CIRCLE('',#7553,1.6);
#709=CIRCLE('',#7554,1.6);
#710=CIRCLE('',#7555,1.6);
#711=CIRCLE('',#7556,1.6);
#712=CIRCLE('',#7557,1.6);
#713=CIRCLE('',#7558,1.6);
#714=CIRCLE('',#7559,1.6);
#715=CIRCLE('',#7560,1.6);
#716=CIRCLE('',#7561,1.6);
#717=CIRCLE('',#7562,1.6);
#718=CIRCLE('',#7563,1.6);
#719=CIRCLE('',#7564,1.6);
#720=CIRCLE('',#7565,1.6);
#721=CIRCLE('',#7566,1.6);
#722=CIRCLE('',#7567,1.6);
#723=CIRCLE('',#7568,1.6);
#724=CIRCLE('',#7569,1.6);
#725=CIRCLE('',#7570,1.6);
#726=CIRCLE('',#7571,1.6);
#727=CIRCLE('',#7572,1.6);
#728=CIRCLE('',#7573,1.6);
#729=CIRCLE('',#7574,1.6);
#730=CIRCLE('',#7575,1.6);
#731=CIRCLE('',#7576,1.6);
#732=CIRCLE('',#7577,1.6);
#733=CIRCLE('',#7578,1.6);
#734=CIRCLE('',#7579,1.6);
#735=CIRCLE('',#7580,1.6);
#736=CIRCLE('',#7581,1.6);
#737=CIRCLE('',#7582,1.6);
#738=CIRCLE('',#7583,1.6);
#739=CIRCLE('',#7584,1.6);
#740=CIRCLE('',#7585,1.6);
#741=CIRCLE('',#7586,1.6);
#742=CIRCLE('',#7587,1.6);
#743=CIRCLE('',#7588,1.6);
#744=CIRCLE('',#7589,1.6);
#745=CIRCLE('',#7590,1.6);
#746=CIRCLE('',#7591,1.6);
#747=CIRCLE('',#7592,1.6);
#748=CIRCLE('',#7593,1.6);
#749=CIRCLE('',#7594,1.6);
#750=CIRCLE('',#7595,1.6);
#751=CIRCLE('',#7596,1.6);
#752=CIRCLE('',#7597,1.6);
#753=CIRCLE('',#7598,1.6);
#754=CIRCLE('',#7599,1.6);
#755=CIRCLE('',#7600,1.6);
#756=CIRCLE('',#7601,1.6);
#757=CIRCLE('',#7602,1.6);
#758=CIRCLE('',#7603,1.6);
#759=CIRCLE('',#7604,1.6);
#760=CIRCLE('',#7605,1.6);
#761=CIRCLE('',#7606,1.6);
#762=CIRCLE('',#7607,1.6);
#763=CIRCLE('',#7608,1.6);
#764=CIRCLE('',#7609,1.6);
#765=CIRCLE('',#7610,1.6);
#766=CIRCLE('',#7611,1.6);
#767=CIRCLE('',#7612,1.6);
#768=CIRCLE('',#7613,1.6);
#769=CIRCLE('',#7614,1.6);
#770=CIRCLE('',#7615,1.6);
#771=CIRCLE('',#7616,1.6);
#772=CIRCLE('',#7617,1.6);
#773=CIRCLE('',#7618,1.6);
#774=CIRCLE('',#7619,1.6);
#775=CIRCLE('',#7620,1.6);
#776=CIRCLE('',#7621,1.6);
#777=CIRCLE('',#7622,1.6);
#778=CIRCLE('',#7623,1.6);
#779=CIRCLE('',#7624,1.6);
#780=CIRCLE('',#7625,1.6);
#781=CIRCLE('',#7626,1.6);
#782=CIRCLE('',#7627,1.6);
#783=CIRCLE('',#7628,1.6);
#784=CIRCLE('',#7629,1.6);
#785=CIRCLE('',#7630,1.6);
#786=CIRCLE('',#7631,1.6);
#787=CIRCLE('',#7632,1.6);
#788=CIRCLE('',#7633,1.6);
#789=CIRCLE('',#7634,1.6);
#790=CIRCLE('',#7635,1.6);
#791=CIRCLE('',#7636,1.6);
#792=CIRCLE('',#7637,1.6);
#793=CIRCLE('',#7638,1.6);
#794=CIRCLE('',#7639,1.6);
#795=CIRCLE('',#7640,1.6);
#796=CIRCLE('',#7641,1.6);
#797=CIRCLE('',#7642,1.6);
#798=CIRCLE('',#7643,1.6);
#799=CIRCLE('',#7644,1.6);
#800=CIRCLE('',#7645,1.6);
#801=CIRCLE('',#7646,1.6);
#802=CIRCLE('',#7647,1.6);
#803=CIRCLE('',#7648,1.6);
#804=CIRCLE('',#7649,1.6);
#805=CIRCLE('',#7650,1.6);
#806=CIRCLE('',#7651,1.6);
#807=CIRCLE('',#7652,1.6);
#808=CIRCLE('',#7653,1.6);
#809=CIRCLE('',#7654,1.6);
#810=CIRCLE('',#7655,1.6);
#811=CIRCLE('',#7656,1.6);
#812=CIRCLE('',#7657,1.6);
#813=CIRCLE('',#7658,1.6);
#814=CIRCLE('',#7659,1.6);
#815=CIRCLE('',#7660,1.6);
#816=CIRCLE('',#7661,1.6);
#817=CIRCLE('',#7662,1.6);
#818=CIRCLE('',#7663,1.6);
#819=CIRCLE('',#7664,1.6);
#820=CIRCLE('',#7665,1.6);
#821=CIRCLE('',#7666,1.6);
#822=CIRCLE('',#7667,1.6);
#823=CIRCLE('',#7668,1.6);
#824=CIRCLE('',#7669,1.6);
#825=CIRCLE('',#7670,1.6);
#826=CIRCLE('',#7671,1.6);
#827=CIRCLE('',#7672,1.6);
#828=CIRCLE('',#7673,1.6);
#829=CIRCLE('',#7674,1.6);
#830=CIRCLE('',#7675,1.6);
#831=CIRCLE('',#7676,1.6);
#832=CIRCLE('',#7677,1.6);
#833=CIRCLE('',#7678,1.6);
#834=CIRCLE('',#7679,1.6);
#835=CIRCLE('',#7680,1.6);
#836=CIRCLE('',#7681,1.6);
#837=CIRCLE('',#7682,1.6);
#838=CIRCLE('',#7683,1.6);
#839=CIRCLE('',#7684,1.6);
#840=CIRCLE('',#7685,1.6);
#841=CIRCLE('',#7686,1.6);
#842=CIRCLE('',#7687,1.6);
#843=CIRCLE('',#7688,1.6);
#844=CIRCLE('',#7689,1.6);
#845=CIRCLE('',#7690,1.6);
#846=CIRCLE('',#7691,1.6);
#847=CIRCLE('',#7692,1.6);
#848=CIRCLE('',#7693,1.6);
#849=CIRCLE('',#7694,1.6);
#850=CIRCLE('',#7695,1.6);
#851=CIRCLE('',#7696,1.6);
#852=CIRCLE('',#7697,1.6);
#853=CIRCLE('',#7698,1.6);
#854=CIRCLE('',#7699,1.6);
#855=CIRCLE('',#7700,1.6);
#856=CIRCLE('',#7701,1.6);
#857=CIRCLE('',#7702,1.6);
#858=CIRCLE('',#7703,1.6);
#859=CIRCLE('',#7704,1.6);
#860=CIRCLE('',#7705,1.6);
#861=CIRCLE('',#7706,1.6);
#862=CIRCLE('',#7707,1.6);
#863=CIRCLE('',#7708,1.6);
#864=CIRCLE('',#7709,1.6);
#865=CIRCLE('',#7710,1.6);
#866=CIRCLE('',#7711,1.6);
#867=CIRCLE('',#7712,1.6);
#868=CIRCLE('',#7713,1.6);
#869=CIRCLE('',#7714,1.6);
#870=CIRCLE('',#7715,1.6);
#871=CIRCLE('',#7716,1.6);
#872=CIRCLE('',#7717,1.6);
#873=CIRCLE('',#7718,1.6);
#874=CIRCLE('',#7719,1.6);
#875=CIRCLE('',#7720,1.6);
#876=CIRCLE('',#7721,1.6);
#877=CIRCLE('',#7722,1.6);
#878=CIRCLE('',#7723,1.6);
#879=CIRCLE('',#7724,1.6);
#880=CIRCLE('',#7726,3.);
#881=CIRCLE('',#7728,1.6);
#882=CIRCLE('',#7729,1.6);
#883=CIRCLE('',#7731,3.);
#884=CIRCLE('',#7732,3.);
#885=CIRCLE('',#7733,3.);
#886=CIRCLE('',#7738,1.6);
#887=CIRCLE('',#7739,1.6);
#888=CIRCLE('',#7743,3.);
#889=CIRCLE('',#7746,3.);
#890=CIRCLE('',#7747,3.);
#891=CIRCLE('',#7748,3.);
#892=CIRCLE('',#7751,1.6);
#893=CIRCLE('',#7752,1.6);
#894=CIRCLE('',#7757,1.6);
#895=CIRCLE('',#7759,1.6);
#896=CIRCLE('',#7760,1.6);
#897=CIRCLE('',#7762,1.6);
#898=CIRCLE('',#7764,1.6);
#899=CIRCLE('',#7766,1.6);
#900=CIRCLE('',#7768,1.6);
#901=CIRCLE('',#7770,1.6);
#902=CIRCLE('',#7772,1.6);
#903=CIRCLE('',#7774,1.6);
#904=CIRCLE('',#7776,1.6);
#905=CIRCLE('',#7778,1.6);
#906=CIRCLE('',#7780,1.6);
#907=CIRCLE('',#7782,1.6);
#908=CIRCLE('',#7784,1.6);
#909=CIRCLE('',#7786,1.6);
#910=CIRCLE('',#7788,1.6);
#911=CIRCLE('',#7790,1.6);
#912=CIRCLE('',#7792,1.6);
#913=CIRCLE('',#7794,1.6);
#914=CIRCLE('',#7796,1.6);
#915=CIRCLE('',#7798,1.6);
#916=CIRCLE('',#7800,1.6);
#917=CIRCLE('',#7802,1.6);
#918=CIRCLE('',#7804,1.6);
#919=CIRCLE('',#7806,1.6);
#920=CIRCLE('',#7808,1.6);
#921=CIRCLE('',#7810,1.6);
#922=CIRCLE('',#7812,1.6);
#923=CIRCLE('',#7814,1.6);
#924=CIRCLE('',#7816,1.6);
#925=CIRCLE('',#7818,1.6);
#926=CIRCLE('',#7820,1.6);
#927=CIRCLE('',#7822,1.6);
#928=CIRCLE('',#7824,1.6);
#929=CIRCLE('',#7826,1.6);
#930=CIRCLE('',#7828,1.6);
#931=CIRCLE('',#7830,1.6);
#932=CIRCLE('',#7832,1.6);
#933=CIRCLE('',#7834,1.6);
#934=CIRCLE('',#7836,1.6);
#935=CIRCLE('',#7838,1.6);
#936=CIRCLE('',#7840,1.6);
#937=CIRCLE('',#7842,1.6);
#938=CIRCLE('',#7844,1.6);
#939=CIRCLE('',#7846,1.6);
#940=CIRCLE('',#7848,1.6);
#941=CIRCLE('',#7850,1.6);
#942=CIRCLE('',#7852,1.6);
#943=CIRCLE('',#7854,1.6);
#944=CIRCLE('',#7856,1.6);
#945=CIRCLE('',#7858,1.6);
#946=CIRCLE('',#7860,1.6);
#947=CIRCLE('',#7862,1.6);
#948=CIRCLE('',#7864,1.6);
#949=CIRCLE('',#7866,1.6);
#950=CIRCLE('',#7868,1.6);
#951=CIRCLE('',#7870,1.6);
#952=CIRCLE('',#7872,1.6);
#953=CIRCLE('',#7874,1.6);
#954=CIRCLE('',#7876,1.6);
#955=CIRCLE('',#7878,1.6);
#956=CIRCLE('',#7880,1.6);
#957=CIRCLE('',#7882,1.6);
#958=CIRCLE('',#7884,1.6);
#959=CIRCLE('',#7885,1.6);
#960=CIRCLE('',#7887,1.6);
#961=CIRCLE('',#7889,1.6);
#962=CIRCLE('',#7891,1.6);
#963=CIRCLE('',#7893,1.6);
#964=CIRCLE('',#7895,1.6);
#965=CIRCLE('',#7897,1.6);
#966=CIRCLE('',#7899,1.6);
#967=CIRCLE('',#7901,1.6);
#968=CIRCLE('',#7903,1.6);
#969=CIRCLE('',#7905,1.6);
#970=CIRCLE('',#7907,1.6);
#971=CIRCLE('',#7909,1.6);
#972=CIRCLE('',#7911,1.6);
#973=CIRCLE('',#7913,1.6);
#974=CIRCLE('',#7915,1.6);
#975=CIRCLE('',#7917,1.6);
#976=CIRCLE('',#7919,1.6);
#977=CIRCLE('',#7921,1.6);
#978=CIRCLE('',#7923,1.6);
#979=CIRCLE('',#7925,1.6);
#980=CIRCLE('',#7927,1.6);
#981=CIRCLE('',#7929,1.6);
#982=CIRCLE('',#7931,1.6);
#983=CIRCLE('',#7933,1.6);
#984=CIRCLE('',#7935,1.6);
#985=CIRCLE('',#7937,1.6);
#986=CIRCLE('',#7939,1.6);
#987=CIRCLE('',#7941,1.6);
#988=CIRCLE('',#7943,1.6);
#989=CIRCLE('',#7945,1.6);
#990=CIRCLE('',#7947,1.6);
#991=CIRCLE('',#7949,1.6);
#992=CIRCLE('',#7951,1.6);
#993=CIRCLE('',#7953,1.6);
#994=CIRCLE('',#7955,1.6);
#995=CIRCLE('',#7957,1.6);
#996=CIRCLE('',#7959,1.6);
#997=CIRCLE('',#7961,1.6);
#998=CIRCLE('',#7963,1.6);
#999=CIRCLE('',#7965,1.6);
#1000=CIRCLE('',#7967,1.6);
#1001=CIRCLE('',#7969,1.6);
#1002=CIRCLE('',#7971,1.6);
#1003=CIRCLE('',#7973,1.6);
#1004=CIRCLE('',#7975,1.6);
#1005=CIRCLE('',#7977,1.6);
#1006=CIRCLE('',#7978,1.6);
#1007=CIRCLE('',#7979,1.6);
#1008=CIRCLE('',#7981,1.6);
#1009=CIRCLE('',#7983,1.6);
#1010=CIRCLE('',#7985,1.6);
#1011=CIRCLE('',#7987,1.6);
#1012=CIRCLE('',#7989,1.6);
#1013=CIRCLE('',#7991,1.6);
#1014=CIRCLE('',#7993,1.6);
#1015=CIRCLE('',#7995,1.6);
#1016=CIRCLE('',#7997,1.6);
#1017=CIRCLE('',#7999,1.6);
#1018=CIRCLE('',#8001,1.6);
#1019=CIRCLE('',#8003,1.6);
#1020=CIRCLE('',#8005,1.6);
#1021=CIRCLE('',#8007,1.6);
#1022=CIRCLE('',#8009,1.6);
#1023=CIRCLE('',#8011,1.6);
#1024=CIRCLE('',#8013,1.6);
#1025=CIRCLE('',#8015,1.6);
#1026=CIRCLE('',#8017,1.6);
#1027=CIRCLE('',#8019,1.6);
#1028=CIRCLE('',#8021,1.6);
#1029=CIRCLE('',#8023,1.6);
#1030=CIRCLE('',#8025,1.6);
#1031=CIRCLE('',#8027,1.6);
#1032=CIRCLE('',#8029,1.6);
#1033=CIRCLE('',#8031,1.6);
#1034=CIRCLE('',#8033,1.6);
#1035=CIRCLE('',#8035,1.6);
#1036=CIRCLE('',#8037,1.6);
#1037=CIRCLE('',#8039,1.6);
#1038=CIRCLE('',#8041,1.6);
#1039=CIRCLE('',#8043,1.6);
#1040=CIRCLE('',#8044,1.6);
#1041=CIRCLE('',#8045,1.6);
#1042=CIRCLE('',#8047,1.6);
#1043=CIRCLE('',#8049,1.6);
#1044=CIRCLE('',#8051,1.6);
#1045=CIRCLE('',#8053,1.6);
#1046=CIRCLE('',#8055,1.6);
#1047=CIRCLE('',#8057,1.6);
#1048=CIRCLE('',#8059,1.6);
#1049=CIRCLE('',#8061,1.6);
#1050=CIRCLE('',#8063,1.6);
#1051=CIRCLE('',#8065,1.6);
#1052=CIRCLE('',#8067,1.6);
#1053=CIRCLE('',#8069,1.6);
#1054=CIRCLE('',#8071,1.6);
#1055=CIRCLE('',#8073,1.6);
#1056=CIRCLE('',#8075,1.6);
#1057=CIRCLE('',#8077,1.6);
#1058=CIRCLE('',#8079,1.6);
#1059=CIRCLE('',#8081,1.6);
#1060=CIRCLE('',#8083,1.6);
#1061=CIRCLE('',#8085,1.6);
#1062=CIRCLE('',#8087,1.6);
#1063=CIRCLE('',#8089,1.6);
#1064=CIRCLE('',#8091,1.6);
#1065=CIRCLE('',#8093,1.6);
#1066=CIRCLE('',#8095,1.6);
#1067=CIRCLE('',#8097,1.6);
#1068=CIRCLE('',#8099,1.6);
#1069=CIRCLE('',#8101,1.6);
#1070=CIRCLE('',#8103,1.6);
#1071=CIRCLE('',#8105,1.6);
#1072=CIRCLE('',#8107,1.6);
#1073=CIRCLE('',#8109,1.6);
#1074=CIRCLE('',#8111,1.6);
#1075=CIRCLE('',#8113,1.6);
#1076=CIRCLE('',#8115,1.6);
#1077=CIRCLE('',#8117,1.6);
#1078=CIRCLE('',#8119,1.6);
#1079=CIRCLE('',#8121,1.6);
#1080=CIRCLE('',#8123,1.6);
#1081=CIRCLE('',#8125,1.6);
#1082=CIRCLE('',#8127,1.6);
#1083=CIRCLE('',#8129,1.6);
#1084=CIRCLE('',#8131,1.6);
#1085=CIRCLE('',#8133,1.6);
#1086=CIRCLE('',#8135,1.6);
#1087=CIRCLE('',#8136,1.6);
#1088=CIRCLE('',#8137,1.6);
#1089=CIRCLE('',#8139,1.6);
#1090=CIRCLE('',#8141,1.6);
#1091=CIRCLE('',#8143,1.6);
#1092=CIRCLE('',#8145,1.6);
#1093=CIRCLE('',#8147,1.6);
#1094=CIRCLE('',#8149,1.6);
#1095=CIRCLE('',#8151,1.6);
#1096=CIRCLE('',#8153,1.6);
#1097=CIRCLE('',#8155,1.6);
#1098=CIRCLE('',#8157,1.6);
#1099=CIRCLE('',#8159,1.6);
#1100=CIRCLE('',#8160,1.6);
#1101=CIRCLE('',#8161,1.6);
#1102=CIRCLE('',#8163,1.6);
#1103=CIRCLE('',#8165,1.6);
#1104=CIRCLE('',#8167,1.6);
#1105=CIRCLE('',#8169,1.6);
#1106=CIRCLE('',#8171,1.6);
#1107=CIRCLE('',#8173,1.6);
#1108=CIRCLE('',#8175,1.6);
#1109=CIRCLE('',#8177,1.6);
#1110=CIRCLE('',#8179,1.6);
#1111=CIRCLE('',#8181,1.6);
#1112=CIRCLE('',#8183,1.6);
#1113=CIRCLE('',#8185,1.6);
#1114=CIRCLE('',#8187,1.6);
#1115=CIRCLE('',#8189,1.6);
#1116=CIRCLE('',#8191,1.6);
#1117=CIRCLE('',#8193,1.6);
#1118=CIRCLE('',#8195,1.6);
#1119=CIRCLE('',#8197,1.6);
#1120=CIRCLE('',#8199,1.6);
#1121=CIRCLE('',#8201,1.6);
#1122=CIRCLE('',#8203,1.6);
#1123=CIRCLE('',#8205,1.6);
#1124=CIRCLE('',#8207,1.6);
#1125=CIRCLE('',#8209,1.6);
#1126=CIRCLE('',#8211,1.6);
#1127=CIRCLE('',#8213,1.6);
#1128=CIRCLE('',#8215,1.6);
#1129=CIRCLE('',#8217,1.6);
#1130=CIRCLE('',#8219,1.6);
#1131=CIRCLE('',#8221,1.6);
#1132=CIRCLE('',#8223,1.6);
#1133=CIRCLE('',#8225,1.6);
#1134=CIRCLE('',#8226,1.6);
#1135=CIRCLE('',#8228,1.6);
#1136=CIRCLE('',#8230,1.6);
#1137=CIRCLE('',#8232,1.6);
#1138=CIRCLE('',#8234,1.6);
#1139=CIRCLE('',#8236,1.6);
#1140=CIRCLE('',#8238,1.6);
#1141=CIRCLE('',#8240,1.6);
#1142=CIRCLE('',#8242,1.6);
#1143=CIRCLE('',#8244,1.6);
#1144=CIRCLE('',#8246,1.6);
#1145=CIRCLE('',#8248,1.6);
#1146=CIRCLE('',#8250,1.6);
#1147=CIRCLE('',#8252,1.6);
#1148=CIRCLE('',#8254,1.6);
#1149=CIRCLE('',#8256,1.6);
#1150=CIRCLE('',#8258,1.6);
#1151=CIRCLE('',#8260,1.6);
#1152=CIRCLE('',#8262,1.6);
#1153=CIRCLE('',#8264,1.6);
#1154=CIRCLE('',#8266,1.6);
#1155=CIRCLE('',#8268,1.6);
#1156=CIRCLE('',#8270,1.6);
#1157=CIRCLE('',#8272,1.6);
#1158=CIRCLE('',#8274,1.6);
#1159=CIRCLE('',#8276,1.6);
#1160=CIRCLE('',#8278,1.6);
#1161=CIRCLE('',#8280,1.6);
#1162=CIRCLE('',#8282,1.6);
#1163=CIRCLE('',#8284,1.6);
#1164=CIRCLE('',#8286,1.6);
#1165=CIRCLE('',#8288,1.6);
#1166=CIRCLE('',#8290,1.6);
#1167=CIRCLE('',#8292,1.6);
#1168=CIRCLE('',#8294,1.6);
#1169=CIRCLE('',#8296,1.6);
#1170=CIRCLE('',#8298,1.6);
#1171=CIRCLE('',#8300,1.6);
#1172=CIRCLE('',#8302,1.6);
#1173=CIRCLE('',#8304,1.6);
#1174=CIRCLE('',#8306,1.6);
#1175=CIRCLE('',#8308,1.6);
#1176=CIRCLE('',#8310,1.6);
#1177=CIRCLE('',#8312,1.6);
#1178=CIRCLE('',#8314,1.6);
#1179=CIRCLE('',#8316,1.6);
#1180=CIRCLE('',#8318,1.6);
#1181=CIRCLE('',#8320,1.6);
#1182=CIRCLE('',#8322,1.6);
#1183=CIRCLE('',#8324,1.6);
#1184=CIRCLE('',#8326,1.6);
#1185=CIRCLE('',#8328,1.6);
#1186=CIRCLE('',#8330,1.6);
#1187=CIRCLE('',#8332,1.6);
#1188=CIRCLE('',#8333,1.6);
#1189=CIRCLE('',#8335,1.6);
#1190=CIRCLE('',#8337,1.6);
#1191=CIRCLE('',#8355,1.6);
#1192=CIRCLE('',#8357,1.6);
#1193=PLANE('',#7425);
#1194=PLANE('',#7426);
#1195=PLANE('',#7427);
#1196=PLANE('',#7727);
#1197=PLANE('',#7730);
#1198=PLANE('',#7735);
#1199=PLANE('',#7737);
#1200=PLANE('',#7741);
#1201=PLANE('',#7744);
#1202=PLANE('',#7745);
#1203=PLANE('',#7750);
#1204=PLANE('',#7754);
#1205=PLANE('',#8338);
#1206=PLANE('',#8339);
#1207=PLANE('',#8340);
#1208=PLANE('',#8341);
#1209=PLANE('',#8342);
#1210=PLANE('',#8343);
#1211=PLANE('',#8344);
#1212=PLANE('',#8346);
#1213=PLANE('',#8348);
#1214=PLANE('',#8349);
#1215=PLANE('',#8350);
#1216=PLANE('',#8351);
#1217=PLANE('',#8352);
#1218=PLANE('',#8353);
#1219=PLANE('',#8358);
#1220=PLANE('',#8359);
#1221=FACE_OUTER_BOUND('',#1550,.T.);
#1222=FACE_OUTER_BOUND('',#1551,.T.);
#1223=FACE_OUTER_BOUND('',#1552,.T.);
#1224=FACE_OUTER_BOUND('',#1553,.T.);
#1225=FACE_OUTER_BOUND('',#1554,.T.);
#1226=FACE_OUTER_BOUND('',#1555,.T.);
#1227=FACE_OUTER_BOUND('',#1556,.T.);
#1228=FACE_OUTER_BOUND('',#1836,.T.);
#1229=FACE_OUTER_BOUND('',#1837,.T.);
#1230=FACE_OUTER_BOUND('',#1839,.T.);
#1231=FACE_OUTER_BOUND('',#1840,.T.);
#1232=FACE_OUTER_BOUND('',#1841,.T.);
#1233=FACE_OUTER_BOUND('',#1842,.T.);
#1234=FACE_OUTER_BOUND('',#1843,.T.);
#1235=FACE_OUTER_BOUND('',#1845,.T.);
#1236=FACE_OUTER_BOUND('',#1846,.T.);
#1237=FACE_OUTER_BOUND('',#1847,.T.);
#1238=FACE_OUTER_BOUND('',#1848,.T.);
#1239=FACE_OUTER_BOUND('',#1849,.T.);
#1240=FACE_OUTER_BOUND('',#1850,.T.);
#1241=FACE_OUTER_BOUND('',#1851,.T.);
#1242=FACE_OUTER_BOUND('',#1853,.T.);
#1243=FACE_OUTER_BOUND('',#1854,.T.);
#1244=FACE_OUTER_BOUND('',#1855,.T.);
#1245=FACE_OUTER_BOUND('',#1856,.T.);
#1246=FACE_OUTER_BOUND('',#1857,.T.);
#1247=FACE_OUTER_BOUND('',#1858,.T.);
#1248=FACE_OUTER_BOUND('',#1859,.T.);
#1249=FACE_OUTER_BOUND('',#1860,.T.);
#1250=FACE_OUTER_BOUND('',#1861,.T.);
#1251=FACE_OUTER_BOUND('',#1862,.T.);
#1252=FACE_OUTER_BOUND('',#1863,.T.);
#1253=FACE_OUTER_BOUND('',#1864,.T.);
#1254=FACE_OUTER_BOUND('',#1865,.T.);
#1255=FACE_OUTER_BOUND('',#1866,.T.);
#1256=FACE_OUTER_BOUND('',#1867,.T.);
#1257=FACE_OUTER_BOUND('',#1868,.T.);
#1258=FACE_OUTER_BOUND('',#1869,.T.);
#1259=FACE_OUTER_BOUND('',#1870,.T.);
#1260=FACE_OUTER_BOUND('',#1871,.T.);
#1261=FACE_OUTER_BOUND('',#1872,.T.);
#1262=FACE_OUTER_BOUND('',#1873,.T.);
#1263=FACE_OUTER_BOUND('',#1874,.T.);
#1264=FACE_OUTER_BOUND('',#1875,.T.);
#1265=FACE_OUTER_BOUND('',#1876,.T.);
#1266=FACE_OUTER_BOUND('',#1877,.T.);
#1267=FACE_OUTER_BOUND('',#1878,.T.);
#1268=FACE_OUTER_BOUND('',#1879,.T.);
#1269=FACE_OUTER_BOUND('',#1880,.T.);
#1270=FACE_OUTER_BOUND('',#1881,.T.);
#1271=FACE_OUTER_BOUND('',#1882,.T.);
#1272=FACE_OUTER_BOUND('',#1883,.T.);
#1273=FACE_OUTER_BOUND('',#1884,.T.);
#1274=FACE_OUTER_BOUND('',#1885,.T.);
#1275=FACE_OUTER_BOUND('',#1886,.T.);
#1276=FACE_OUTER_BOUND('',#1887,.T.);
#1277=FACE_OUTER_BOUND('',#1888,.T.);
#1278=FACE_OUTER_BOUND('',#1889,.T.);
#1279=FACE_OUTER_BOUND('',#1890,.T.);
#1280=FACE_OUTER_BOUND('',#1891,.T.);
#1281=FACE_OUTER_BOUND('',#1892,.T.);
#1282=FACE_OUTER_BOUND('',#1893,.T.);
#1283=FACE_OUTER_BOUND('',#1894,.T.);
#1284=FACE_OUTER_BOUND('',#1895,.T.);
#1285=FACE_OUTER_BOUND('',#1896,.T.);
#1286=FACE_OUTER_BOUND('',#1897,.T.);
#1287=FACE_OUTER_BOUND('',#1898,.T.);
#1288=FACE_OUTER_BOUND('',#1899,.T.);
#1289=FACE_OUTER_BOUND('',#1900,.T.);
#1290=FACE_OUTER_BOUND('',#1901,.T.);
#1291=FACE_OUTER_BOUND('',#1902,.T.);
#1292=FACE_OUTER_BOUND('',#1903,.T.);
#1293=FACE_OUTER_BOUND('',#1904,.T.);
#1294=FACE_OUTER_BOUND('',#1905,.T.);
#1295=FACE_OUTER_BOUND('',#1906,.T.);
#1296=FACE_OUTER_BOUND('',#1907,.T.);
#1297=FACE_OUTER_BOUND('',#1908,.T.);
#1298=FACE_OUTER_BOUND('',#1909,.T.);
#1299=FACE_OUTER_BOUND('',#1910,.T.);
#1300=FACE_OUTER_BOUND('',#1911,.T.);
#1301=FACE_OUTER_BOUND('',#1912,.T.);
#1302=FACE_OUTER_BOUND('',#1913,.T.);
#1303=FACE_OUTER_BOUND('',#1914,.T.);
#1304=FACE_OUTER_BOUND('',#1915,.T.);
#1305=FACE_OUTER_BOUND('',#1916,.T.);
#1306=FACE_OUTER_BOUND('',#1917,.T.);
#1307=FACE_OUTER_BOUND('',#1918,.T.);
#1308=FACE_OUTER_BOUND('',#1919,.T.);
#1309=FACE_OUTER_BOUND('',#1920,.T.);
#1310=FACE_OUTER_BOUND('',#1921,.T.);
#1311=FACE_OUTER_BOUND('',#1922,.T.);
#1312=FACE_OUTER_BOUND('',#1923,.T.);
#1313=FACE_OUTER_BOUND('',#1924,.T.);
#1314=FACE_OUTER_BOUND('',#1925,.T.);
#1315=FACE_OUTER_BOUND('',#1926,.T.);
#1316=FACE_OUTER_BOUND('',#1927,.T.);
#1317=FACE_OUTER_BOUND('',#1928,.T.);
#1318=FACE_OUTER_BOUND('',#1929,.T.);
#1319=FACE_OUTER_BOUND('',#1930,.T.);
#1320=FACE_OUTER_BOUND('',#1931,.T.);
#1321=FACE_OUTER_BOUND('',#1932,.T.);
#1322=FACE_OUTER_BOUND('',#1933,.T.);
#1323=FACE_OUTER_BOUND('',#1934,.T.);
#1324=FACE_OUTER_BOUND('',#1935,.T.);
#1325=FACE_OUTER_BOUND('',#1936,.T.);
#1326=FACE_OUTER_BOUND('',#1937,.T.);
#1327=FACE_OUTER_BOUND('',#1938,.T.);
#1328=FACE_OUTER_BOUND('',#1939,.T.);
#1329=FACE_OUTER_BOUND('',#1940,.T.);
#1330=FACE_OUTER_BOUND('',#1941,.T.);
#1331=FACE_OUTER_BOUND('',#1942,.T.);
#1332=FACE_OUTER_BOUND('',#1943,.T.);
#1333=FACE_OUTER_BOUND('',#1944,.T.);
#1334=FACE_OUTER_BOUND('',#1945,.T.);
#1335=FACE_OUTER_BOUND('',#1946,.T.);
#1336=FACE_OUTER_BOUND('',#1947,.T.);
#1337=FACE_OUTER_BOUND('',#1948,.T.);
#1338=FACE_OUTER_BOUND('',#1949,.T.);
#1339=FACE_OUTER_BOUND('',#1950,.T.);
#1340=FACE_OUTER_BOUND('',#1951,.T.);
#1341=FACE_OUTER_BOUND('',#1952,.T.);
#1342=FACE_OUTER_BOUND('',#1953,.T.);
#1343=FACE_OUTER_BOUND('',#1954,.T.);
#1344=FACE_OUTER_BOUND('',#1955,.T.);
#1345=FACE_OUTER_BOUND('',#1956,.T.);
#1346=FACE_OUTER_BOUND('',#1957,.T.);
#1347=FACE_OUTER_BOUND('',#1958,.T.);
#1348=FACE_OUTER_BOUND('',#1959,.T.);
#1349=FACE_OUTER_BOUND('',#1960,.T.);
#1350=FACE_OUTER_BOUND('',#1961,.T.);
#1351=FACE_OUTER_BOUND('',#1962,.T.);
#1352=FACE_OUTER_BOUND('',#1963,.T.);
#1353=FACE_OUTER_BOUND('',#1964,.T.);
#1354=FACE_OUTER_BOUND('',#1965,.T.);
#1355=FACE_OUTER_BOUND('',#1966,.T.);
#1356=FACE_OUTER_BOUND('',#1967,.T.);
#1357=FACE_OUTER_BOUND('',#1968,.T.);
#1358=FACE_OUTER_BOUND('',#1969,.T.);
#1359=FACE_OUTER_BOUND('',#1970,.T.);
#1360=FACE_OUTER_BOUND('',#1971,.T.);
#1361=FACE_OUTER_BOUND('',#1972,.T.);
#1362=FACE_OUTER_BOUND('',#1973,.T.);
#1363=FACE_OUTER_BOUND('',#1974,.T.);
#1364=FACE_OUTER_BOUND('',#1975,.T.);
#1365=FACE_OUTER_BOUND('',#1976,.T.);
#1366=FACE_OUTER_BOUND('',#1977,.T.);
#1367=FACE_OUTER_BOUND('',#1978,.T.);
#1368=FACE_OUTER_BOUND('',#1979,.T.);
#1369=FACE_OUTER_BOUND('',#1980,.T.);
#1370=FACE_OUTER_BOUND('',#1981,.T.);
#1371=FACE_OUTER_BOUND('',#1982,.T.);
#1372=FACE_OUTER_BOUND('',#1983,.T.);
#1373=FACE_OUTER_BOUND('',#1984,.T.);
#1374=FACE_OUTER_BOUND('',#1985,.T.);
#1375=FACE_OUTER_BOUND('',#1986,.T.);
#1376=FACE_OUTER_BOUND('',#1987,.T.);
#1377=FACE_OUTER_BOUND('',#1988,.T.);
#1378=FACE_OUTER_BOUND('',#1989,.T.);
#1379=FACE_OUTER_BOUND('',#1990,.T.);
#1380=FACE_OUTER_BOUND('',#1991,.T.);
#1381=FACE_OUTER_BOUND('',#1992,.T.);
#1382=FACE_OUTER_BOUND('',#1993,.T.);
#1383=FACE_OUTER_BOUND('',#1994,.T.);
#1384=FACE_OUTER_BOUND('',#1995,.T.);
#1385=FACE_OUTER_BOUND('',#1996,.T.);
#1386=FACE_OUTER_BOUND('',#1997,.T.);
#1387=FACE_OUTER_BOUND('',#1998,.T.);
#1388=FACE_OUTER_BOUND('',#1999,.T.);
#1389=FACE_OUTER_BOUND('',#2000,.T.);
#1390=FACE_OUTER_BOUND('',#2001,.T.);
#1391=FACE_OUTER_BOUND('',#2002,.T.);
#1392=FACE_OUTER_BOUND('',#2003,.T.);
#1393=FACE_OUTER_BOUND('',#2004,.T.);
#1394=FACE_OUTER_BOUND('',#2005,.T.);
#1395=FACE_OUTER_BOUND('',#2006,.T.);
#1396=FACE_OUTER_BOUND('',#2007,.T.);
#1397=FACE_OUTER_BOUND('',#2008,.T.);
#1398=FACE_OUTER_BOUND('',#2009,.T.);
#1399=FACE_OUTER_BOUND('',#2010,.T.);
#1400=FACE_OUTER_BOUND('',#2011,.T.);
#1401=FACE_OUTER_BOUND('',#2012,.T.);
#1402=FACE_OUTER_BOUND('',#2013,.T.);
#1403=FACE_OUTER_BOUND('',#2014,.T.);
#1404=FACE_OUTER_BOUND('',#2015,.T.);
#1405=FACE_OUTER_BOUND('',#2016,.T.);
#1406=FACE_OUTER_BOUND('',#2017,.T.);
#1407=FACE_OUTER_BOUND('',#2018,.T.);
#1408=FACE_OUTER_BOUND('',#2019,.T.);
#1409=FACE_OUTER_BOUND('',#2020,.T.);
#1410=FACE_OUTER_BOUND('',#2021,.T.);
#1411=FACE_OUTER_BOUND('',#2022,.T.);
#1412=FACE_OUTER_BOUND('',#2023,.T.);
#1413=FACE_OUTER_BOUND('',#2024,.T.);
#1414=FACE_OUTER_BOUND('',#2025,.T.);
#1415=FACE_OUTER_BOUND('',#2026,.T.);
#1416=FACE_OUTER_BOUND('',#2027,.T.);
#1417=FACE_OUTER_BOUND('',#2028,.T.);
#1418=FACE_OUTER_BOUND('',#2029,.T.);
#1419=FACE_OUTER_BOUND('',#2030,.T.);
#1420=FACE_OUTER_BOUND('',#2031,.T.);
#1421=FACE_OUTER_BOUND('',#2032,.T.);
#1422=FACE_OUTER_BOUND('',#2033,.T.);
#1423=FACE_OUTER_BOUND('',#2034,.T.);
#1424=FACE_OUTER_BOUND('',#2035,.T.);
#1425=FACE_OUTER_BOUND('',#2036,.T.);
#1426=FACE_OUTER_BOUND('',#2037,.T.);
#1427=FACE_OUTER_BOUND('',#2038,.T.);
#1428=FACE_OUTER_BOUND('',#2039,.T.);
#1429=FACE_OUTER_BOUND('',#2040,.T.);
#1430=FACE_OUTER_BOUND('',#2041,.T.);
#1431=FACE_OUTER_BOUND('',#2042,.T.);
#1432=FACE_OUTER_BOUND('',#2043,.T.);
#1433=FACE_OUTER_BOUND('',#2044,.T.);
#1434=FACE_OUTER_BOUND('',#2045,.T.);
#1435=FACE_OUTER_BOUND('',#2046,.T.);
#1436=FACE_OUTER_BOUND('',#2047,.T.);
#1437=FACE_OUTER_BOUND('',#2048,.T.);
#1438=FACE_OUTER_BOUND('',#2049,.T.);
#1439=FACE_OUTER_BOUND('',#2050,.T.);
#1440=FACE_OUTER_BOUND('',#2051,.T.);
#1441=FACE_OUTER_BOUND('',#2052,.T.);
#1442=FACE_OUTER_BOUND('',#2053,.T.);
#1443=FACE_OUTER_BOUND('',#2054,.T.);
#1444=FACE_OUTER_BOUND('',#2055,.T.);
#1445=FACE_OUTER_BOUND('',#2056,.T.);
#1446=FACE_OUTER_BOUND('',#2057,.T.);
#1447=FACE_OUTER_BOUND('',#2058,.T.);
#1448=FACE_OUTER_BOUND('',#2059,.T.);
#1449=FACE_OUTER_BOUND('',#2060,.T.);
#1450=FACE_OUTER_BOUND('',#2061,.T.);
#1451=FACE_OUTER_BOUND('',#2062,.T.);
#1452=FACE_OUTER_BOUND('',#2063,.T.);
#1453=FACE_OUTER_BOUND('',#2064,.T.);
#1454=FACE_OUTER_BOUND('',#2065,.T.);
#1455=FACE_OUTER_BOUND('',#2066,.T.);
#1456=FACE_OUTER_BOUND('',#2067,.T.);
#1457=FACE_OUTER_BOUND('',#2068,.T.);
#1458=FACE_OUTER_BOUND('',#2069,.T.);
#1459=FACE_OUTER_BOUND('',#2070,.T.);
#1460=FACE_OUTER_BOUND('',#2071,.T.);
#1461=FACE_OUTER_BOUND('',#2072,.T.);
#1462=FACE_OUTER_BOUND('',#2073,.T.);
#1463=FACE_OUTER_BOUND('',#2074,.T.);
#1464=FACE_OUTER_BOUND('',#2075,.T.);
#1465=FACE_OUTER_BOUND('',#2076,.T.);
#1466=FACE_OUTER_BOUND('',#2077,.T.);
#1467=FACE_OUTER_BOUND('',#2078,.T.);
#1468=FACE_OUTER_BOUND('',#2079,.T.);
#1469=FACE_OUTER_BOUND('',#2080,.T.);
#1470=FACE_OUTER_BOUND('',#2081,.T.);
#1471=FACE_OUTER_BOUND('',#2082,.T.);
#1472=FACE_OUTER_BOUND('',#2083,.T.);
#1473=FACE_OUTER_BOUND('',#2084,.T.);
#1474=FACE_OUTER_BOUND('',#2085,.T.);
#1475=FACE_OUTER_BOUND('',#2086,.T.);
#1476=FACE_OUTER_BOUND('',#2087,.T.);
#1477=FACE_OUTER_BOUND('',#2088,.T.);
#1478=FACE_OUTER_BOUND('',#2089,.T.);
#1479=FACE_OUTER_BOUND('',#2090,.T.);
#1480=FACE_OUTER_BOUND('',#2091,.T.);
#1481=FACE_OUTER_BOUND('',#2092,.T.);
#1482=FACE_OUTER_BOUND('',#2093,.T.);
#1483=FACE_OUTER_BOUND('',#2094,.T.);
#1484=FACE_OUTER_BOUND('',#2095,.T.);
#1485=FACE_OUTER_BOUND('',#2096,.T.);
#1486=FACE_OUTER_BOUND('',#2097,.T.);
#1487=FACE_OUTER_BOUND('',#2098,.T.);
#1488=FACE_OUTER_BOUND('',#2099,.T.);
#1489=FACE_OUTER_BOUND('',#2100,.T.);
#1490=FACE_OUTER_BOUND('',#2101,.T.);
#1491=FACE_OUTER_BOUND('',#2102,.T.);
#1492=FACE_OUTER_BOUND('',#2103,.T.);
#1493=FACE_OUTER_BOUND('',#2104,.T.);
#1494=FACE_OUTER_BOUND('',#2105,.T.);
#1495=FACE_OUTER_BOUND('',#2106,.T.);
#1496=FACE_OUTER_BOUND('',#2107,.T.);
#1497=FACE_OUTER_BOUND('',#2108,.T.);
#1498=FACE_OUTER_BOUND('',#2109,.T.);
#1499=FACE_OUTER_BOUND('',#2110,.T.);
#1500=FACE_OUTER_BOUND('',#2111,.T.);
#1501=FACE_OUTER_BOUND('',#2112,.T.);
#1502=FACE_OUTER_BOUND('',#2113,.T.);
#1503=FACE_OUTER_BOUND('',#2114,.T.);
#1504=FACE_OUTER_BOUND('',#2115,.T.);
#1505=FACE_OUTER_BOUND('',#2116,.T.);
#1506=FACE_OUTER_BOUND('',#2117,.T.);
#1507=FACE_OUTER_BOUND('',#2118,.T.);
#1508=FACE_OUTER_BOUND('',#2119,.T.);
#1509=FACE_OUTER_BOUND('',#2120,.T.);
#1510=FACE_OUTER_BOUND('',#2121,.T.);
#1511=FACE_OUTER_BOUND('',#2122,.T.);
#1512=FACE_OUTER_BOUND('',#2123,.T.);
#1513=FACE_OUTER_BOUND('',#2124,.T.);
#1514=FACE_OUTER_BOUND('',#2125,.T.);
#1515=FACE_OUTER_BOUND('',#2126,.T.);
#1516=FACE_OUTER_BOUND('',#2127,.T.);
#1517=FACE_OUTER_BOUND('',#2128,.T.);
#1518=FACE_OUTER_BOUND('',#2129,.T.);
#1519=FACE_OUTER_BOUND('',#2130,.T.);
#1520=FACE_OUTER_BOUND('',#2131,.T.);
#1521=FACE_OUTER_BOUND('',#2132,.T.);
#1522=FACE_OUTER_BOUND('',#2133,.T.);
#1523=FACE_OUTER_BOUND('',#2134,.T.);
#1524=FACE_OUTER_BOUND('',#2135,.T.);
#1525=FACE_OUTER_BOUND('',#2136,.T.);
#1526=FACE_OUTER_BOUND('',#2137,.T.);
#1527=FACE_OUTER_BOUND('',#2138,.T.);
#1528=FACE_OUTER_BOUND('',#2139,.T.);
#1529=FACE_OUTER_BOUND('',#2140,.T.);
#1530=FACE_OUTER_BOUND('',#2141,.T.);
#1531=FACE_OUTER_BOUND('',#2142,.T.);
#1532=FACE_OUTER_BOUND('',#2143,.T.);
#1533=FACE_OUTER_BOUND('',#2429,.T.);
#1534=FACE_OUTER_BOUND('',#2430,.T.);
#1535=FACE_OUTER_BOUND('',#2431,.T.);
#1536=FACE_OUTER_BOUND('',#2432,.T.);
#1537=FACE_OUTER_BOUND('',#2433,.T.);
#1538=FACE_OUTER_BOUND('',#2434,.T.);
#1539=FACE_OUTER_BOUND('',#2435,.T.);
#1540=FACE_OUTER_BOUND('',#2436,.T.);
#1541=FACE_OUTER_BOUND('',#2437,.T.);
#1542=FACE_OUTER_BOUND('',#2438,.T.);
#1543=FACE_OUTER_BOUND('',#2439,.T.);
#1544=FACE_OUTER_BOUND('',#2440,.T.);
#1545=FACE_OUTER_BOUND('',#2441,.T.);
#1546=FACE_OUTER_BOUND('',#2442,.T.);
#1547=FACE_OUTER_BOUND('',#2443,.T.);
#1548=FACE_OUTER_BOUND('',#2444,.T.);
#1549=FACE_OUTER_BOUND('',#2445,.T.);
#1550=EDGE_LOOP('',(#4806,#4807,#4808,#4809));
#1551=EDGE_LOOP('',(#4810,#4811,#4812,#4813));
#1552=EDGE_LOOP('',(#4814,#4815,#4816,#4817));
#1553=EDGE_LOOP('',(#4818,#4819,#4820,#4821));
#1554=EDGE_LOOP('',(#4822,#4823,#4824,#4825));
#1555=EDGE_LOOP('',(#4826,#4827,#4828,#4829));
#1556=EDGE_LOOP('',(#4830,#4831,#4832,#4833));
#1557=EDGE_LOOP('',(#4834,#4835,#4836,#4837,#4838,#4839,#4840,#4841,#4842,
#4843,#4844,#4845,#4846,#4847,#4848,#4849,#4850,#4851,#4852,#4853));
#1558=EDGE_LOOP('',(#4854,#4855,#4856,#4857,#4858,#4859,#4860,#4861,#4862,
#4863,#4864,#4865,#4866,#4867,#4868,#4869));
#1559=EDGE_LOOP('',(#4870));
#1560=EDGE_LOOP('',(#4871));
#1561=EDGE_LOOP('',(#4872));
#1562=EDGE_LOOP('',(#4873));
#1563=EDGE_LOOP('',(#4874));
#1564=EDGE_LOOP('',(#4875));
#1565=EDGE_LOOP('',(#4876));
#1566=EDGE_LOOP('',(#4877));
#1567=EDGE_LOOP('',(#4878));
#1568=EDGE_LOOP('',(#4879));
#1569=EDGE_LOOP('',(#4880));
#1570=EDGE_LOOP('',(#4881));
#1571=EDGE_LOOP('',(#4882));
#1572=EDGE_LOOP('',(#4883));
#1573=EDGE_LOOP('',(#4884));
#1574=EDGE_LOOP('',(#4885));
#1575=EDGE_LOOP('',(#4886));
#1576=EDGE_LOOP('',(#4887));
#1577=EDGE_LOOP('',(#4888));
#1578=EDGE_LOOP('',(#4889));
#1579=EDGE_LOOP('',(#4890));
#1580=EDGE_LOOP('',(#4891));
#1581=EDGE_LOOP('',(#4892));
#1582=EDGE_LOOP('',(#4893));
#1583=EDGE_LOOP('',(#4894));
#1584=EDGE_LOOP('',(#4895));
#1585=EDGE_LOOP('',(#4896));
#1586=EDGE_LOOP('',(#4897));
#1587=EDGE_LOOP('',(#4898));
#1588=EDGE_LOOP('',(#4899));
#1589=EDGE_LOOP('',(#4900));
#1590=EDGE_LOOP('',(#4901));
#1591=EDGE_LOOP('',(#4902));
#1592=EDGE_LOOP('',(#4903));
#1593=EDGE_LOOP('',(#4904));
#1594=EDGE_LOOP('',(#4905));
#1595=EDGE_LOOP('',(#4906));
#1596=EDGE_LOOP('',(#4907));
#1597=EDGE_LOOP('',(#4908));
#1598=EDGE_LOOP('',(#4909));
#1599=EDGE_LOOP('',(#4910));
#1600=EDGE_LOOP('',(#4911));
#1601=EDGE_LOOP('',(#4912));
#1602=EDGE_LOOP('',(#4913));
#1603=EDGE_LOOP('',(#4914));
#1604=EDGE_LOOP('',(#4915));
#1605=EDGE_LOOP('',(#4916));
#1606=EDGE_LOOP('',(#4917));
#1607=EDGE_LOOP('',(#4918));
#1608=EDGE_LOOP('',(#4919));
#1609=EDGE_LOOP('',(#4920));
#1610=EDGE_LOOP('',(#4921));
#1611=EDGE_LOOP('',(#4922));
#1612=EDGE_LOOP('',(#4923));
#1613=EDGE_LOOP('',(#4924));
#1614=EDGE_LOOP('',(#4925));
#1615=EDGE_LOOP('',(#4926));
#1616=EDGE_LOOP('',(#4927));
#1617=EDGE_LOOP('',(#4928));
#1618=EDGE_LOOP('',(#4929));
#1619=EDGE_LOOP('',(#4930));
#1620=EDGE_LOOP('',(#4931));
#1621=EDGE_LOOP('',(#4932));
#1622=EDGE_LOOP('',(#4933));
#1623=EDGE_LOOP('',(#4934));
#1624=EDGE_LOOP('',(#4935));
#1625=EDGE_LOOP('',(#4936));
#1626=EDGE_LOOP('',(#4937));
#1627=EDGE_LOOP('',(#4938));
#1628=EDGE_LOOP('',(#4939));
#1629=EDGE_LOOP('',(#4940));
#1630=EDGE_LOOP('',(#4941));
#1631=EDGE_LOOP('',(#4942));
#1632=EDGE_LOOP('',(#4943));
#1633=EDGE_LOOP('',(#4944));
#1634=EDGE_LOOP('',(#4945));
#1635=EDGE_LOOP('',(#4946));
#1636=EDGE_LOOP('',(#4947));
#1637=EDGE_LOOP('',(#4948));
#1638=EDGE_LOOP('',(#4949));
#1639=EDGE_LOOP('',(#4950));
#1640=EDGE_LOOP('',(#4951));
#1641=EDGE_LOOP('',(#4952));
#1642=EDGE_LOOP('',(#4953));
#1643=EDGE_LOOP('',(#4954));
#1644=EDGE_LOOP('',(#4955));
#1645=EDGE_LOOP('',(#4956));
#1646=EDGE_LOOP('',(#4957));
#1647=EDGE_LOOP('',(#4958));
#1648=EDGE_LOOP('',(#4959));
#1649=EDGE_LOOP('',(#4960));
#1650=EDGE_LOOP('',(#4961));
#1651=EDGE_LOOP('',(#4962));
#1652=EDGE_LOOP('',(#4963));
#1653=EDGE_LOOP('',(#4964));
#1654=EDGE_LOOP('',(#4965));
#1655=EDGE_LOOP('',(#4966));
#1656=EDGE_LOOP('',(#4967));
#1657=EDGE_LOOP('',(#4968));
#1658=EDGE_LOOP('',(#4969));
#1659=EDGE_LOOP('',(#4970));
#1660=EDGE_LOOP('',(#4971));
#1661=EDGE_LOOP('',(#4972));
#1662=EDGE_LOOP('',(#4973));
#1663=EDGE_LOOP('',(#4974));
#1664=EDGE_LOOP('',(#4975));
#1665=EDGE_LOOP('',(#4976));
#1666=EDGE_LOOP('',(#4977));
#1667=EDGE_LOOP('',(#4978));
#1668=EDGE_LOOP('',(#4979));
#1669=EDGE_LOOP('',(#4980));
#1670=EDGE_LOOP('',(#4981));
#1671=EDGE_LOOP('',(#4982));
#1672=EDGE_LOOP('',(#4983));
#1673=EDGE_LOOP('',(#4984));
#1674=EDGE_LOOP('',(#4985));
#1675=EDGE_LOOP('',(#4986));
#1676=EDGE_LOOP('',(#4987));
#1677=EDGE_LOOP('',(#4988));
#1678=EDGE_LOOP('',(#4989));
#1679=EDGE_LOOP('',(#4990));
#1680=EDGE_LOOP('',(#4991));
#1681=EDGE_LOOP('',(#4992));
#1682=EDGE_LOOP('',(#4993));
#1683=EDGE_LOOP('',(#4994));
#1684=EDGE_LOOP('',(#4995));
#1685=EDGE_LOOP('',(#4996));
#1686=EDGE_LOOP('',(#4997));
#1687=EDGE_LOOP('',(#4998));
#1688=EDGE_LOOP('',(#4999));
#1689=EDGE_LOOP('',(#5000));
#1690=EDGE_LOOP('',(#5001));
#1691=EDGE_LOOP('',(#5002));
#1692=EDGE_LOOP('',(#5003));
#1693=EDGE_LOOP('',(#5004));
#1694=EDGE_LOOP('',(#5005));
#1695=EDGE_LOOP('',(#5006));
#1696=EDGE_LOOP('',(#5007));
#1697=EDGE_LOOP('',(#5008));
#1698=EDGE_LOOP('',(#5009));
#1699=EDGE_LOOP('',(#5010));
#1700=EDGE_LOOP('',(#5011));
#1701=EDGE_LOOP('',(#5012));
#1702=EDGE_LOOP('',(#5013));
#1703=EDGE_LOOP('',(#5014));
#1704=EDGE_LOOP('',(#5015));
#1705=EDGE_LOOP('',(#5016));
#1706=EDGE_LOOP('',(#5017));
#1707=EDGE_LOOP('',(#5018));
#1708=EDGE_LOOP('',(#5019));
#1709=EDGE_LOOP('',(#5020));
#1710=EDGE_LOOP('',(#5021));
#1711=EDGE_LOOP('',(#5022));
#1712=EDGE_LOOP('',(#5023));
#1713=EDGE_LOOP('',(#5024));
#1714=EDGE_LOOP('',(#5025));
#1715=EDGE_LOOP('',(#5026));
#1716=EDGE_LOOP('',(#5027));
#1717=EDGE_LOOP('',(#5028));
#1718=EDGE_LOOP('',(#5029));
#1719=EDGE_LOOP('',(#5030));
#1720=EDGE_LOOP('',(#5031));
#1721=EDGE_LOOP('',(#5032));
#1722=EDGE_LOOP('',(#5033));
#1723=EDGE_LOOP('',(#5034));
#1724=EDGE_LOOP('',(#5035));
#1725=EDGE_LOOP('',(#5036));
#1726=EDGE_LOOP('',(#5037));
#1727=EDGE_LOOP('',(#5038));
#1728=EDGE_LOOP('',(#5039));
#1729=EDGE_LOOP('',(#5040));
#1730=EDGE_LOOP('',(#5041));
#1731=EDGE_LOOP('',(#5042));
#1732=EDGE_LOOP('',(#5043));
#1733=EDGE_LOOP('',(#5044));
#1734=EDGE_LOOP('',(#5045));
#1735=EDGE_LOOP('',(#5046));
#1736=EDGE_LOOP('',(#5047));
#1737=EDGE_LOOP('',(#5048));
#1738=EDGE_LOOP('',(#5049));
#1739=EDGE_LOOP('',(#5050));
#1740=EDGE_LOOP('',(#5051));
#1741=EDGE_LOOP('',(#5052));
#1742=EDGE_LOOP('',(#5053));
#1743=EDGE_LOOP('',(#5054));
#1744=EDGE_LOOP('',(#5055));
#1745=EDGE_LOOP('',(#5056));
#1746=EDGE_LOOP('',(#5057));
#1747=EDGE_LOOP('',(#5058));
#1748=EDGE_LOOP('',(#5059));
#1749=EDGE_LOOP('',(#5060));
#1750=EDGE_LOOP('',(#5061));
#1751=EDGE_LOOP('',(#5062));
#1752=EDGE_LOOP('',(#5063));
#1753=EDGE_LOOP('',(#5064));
#1754=EDGE_LOOP('',(#5065));
#1755=EDGE_LOOP('',(#5066));
#1756=EDGE_LOOP('',(#5067));
#1757=EDGE_LOOP('',(#5068));
#1758=EDGE_LOOP('',(#5069));
#1759=EDGE_LOOP('',(#5070));
#1760=EDGE_LOOP('',(#5071));
#1761=EDGE_LOOP('',(#5072));
#1762=EDGE_LOOP('',(#5073));
#1763=EDGE_LOOP('',(#5074));
#1764=EDGE_LOOP('',(#5075));
#1765=EDGE_LOOP('',(#5076));
#1766=EDGE_LOOP('',(#5077));
#1767=EDGE_LOOP('',(#5078));
#1768=EDGE_LOOP('',(#5079));
#1769=EDGE_LOOP('',(#5080));
#1770=EDGE_LOOP('',(#5081));
#1771=EDGE_LOOP('',(#5082));
#1772=EDGE_LOOP('',(#5083));
#1773=EDGE_LOOP('',(#5084));
#1774=EDGE_LOOP('',(#5085));
#1775=EDGE_LOOP('',(#5086));
#1776=EDGE_LOOP('',(#5087));
#1777=EDGE_LOOP('',(#5088));
#1778=EDGE_LOOP('',(#5089));
#1779=EDGE_LOOP('',(#5090));
#1780=EDGE_LOOP('',(#5091));
#1781=EDGE_LOOP('',(#5092));
#1782=EDGE_LOOP('',(#5093));
#1783=EDGE_LOOP('',(#5094));
#1784=EDGE_LOOP('',(#5095));
#1785=EDGE_LOOP('',(#5096));
#1786=EDGE_LOOP('',(#5097));
#1787=EDGE_LOOP('',(#5098));
#1788=EDGE_LOOP('',(#5099));
#1789=EDGE_LOOP('',(#5100));
#1790=EDGE_LOOP('',(#5101));
#1791=EDGE_LOOP('',(#5102));
#1792=EDGE_LOOP('',(#5103));
#1793=EDGE_LOOP('',(#5104));
#1794=EDGE_LOOP('',(#5105));
#1795=EDGE_LOOP('',(#5106));
#1796=EDGE_LOOP('',(#5107));
#1797=EDGE_LOOP('',(#5108));
#1798=EDGE_LOOP('',(#5109));
#1799=EDGE_LOOP('',(#5110));
#1800=EDGE_LOOP('',(#5111));
#1801=EDGE_LOOP('',(#5112));
#1802=EDGE_LOOP('',(#5113));
#1803=EDGE_LOOP('',(#5114));
#1804=EDGE_LOOP('',(#5115));
#1805=EDGE_LOOP('',(#5116));
#1806=EDGE_LOOP('',(#5117));
#1807=EDGE_LOOP('',(#5118));
#1808=EDGE_LOOP('',(#5119));
#1809=EDGE_LOOP('',(#5120));
#1810=EDGE_LOOP('',(#5121));
#1811=EDGE_LOOP('',(#5122));
#1812=EDGE_LOOP('',(#5123));
#1813=EDGE_LOOP('',(#5124));
#1814=EDGE_LOOP('',(#5125));
#1815=EDGE_LOOP('',(#5126));
#1816=EDGE_LOOP('',(#5127));
#1817=EDGE_LOOP('',(#5128));
#1818=EDGE_LOOP('',(#5129));
#1819=EDGE_LOOP('',(#5130));
#1820=EDGE_LOOP('',(#5131));
#1821=EDGE_LOOP('',(#5132));
#1822=EDGE_LOOP('',(#5133));
#1823=EDGE_LOOP('',(#5134));
#1824=EDGE_LOOP('',(#5135));
#1825=EDGE_LOOP('',(#5136));
#1826=EDGE_LOOP('',(#5137));
#1827=EDGE_LOOP('',(#5138));
#1828=EDGE_LOOP('',(#5139));
#1829=EDGE_LOOP('',(#5140));
#1830=EDGE_LOOP('',(#5141));
#1831=EDGE_LOOP('',(#5142));
#1832=EDGE_LOOP('',(#5143));
#1833=EDGE_LOOP('',(#5144));
#1834=EDGE_LOOP('',(#5145));
#1835=EDGE_LOOP('',(#5146));
#1836=EDGE_LOOP('',(#5147,#5148,#5149,#5150));
#1837=EDGE_LOOP('',(#5151,#5152,#5153,#5154));
#1838=EDGE_LOOP('',(#5155,#5156,#5157,#5158));
#1839=EDGE_LOOP('',(#5159,#5160,#5161,#5162,#5163,#5164,#5165,#5166));
#1840=EDGE_LOOP('',(#5167,#5168,#5169,#5170));
#1841=EDGE_LOOP('',(#5171,#5172,#5173,#5174));
#1842=EDGE_LOOP('',(#5175,#5176,#5177,#5178));
#1843=EDGE_LOOP('',(#5179,#5180,#5181,#5182,#5183,#5184,#5185,#5186,#5187,
#5188,#5189,#5190));
#1844=EDGE_LOOP('',(#5191,#5192,#5193,#5194));
#1845=EDGE_LOOP('',(#5195,#5196,#5197,#5198));
#1846=EDGE_LOOP('',(#5199,#5200,#5201,#5202));
#1847=EDGE_LOOP('',(#5203,#5204,#5205,#5206));
#1848=EDGE_LOOP('',(#5207,#5208,#5209,#5210));
#1849=EDGE_LOOP('',(#5211,#5212,#5213,#5214,#5215,#5216,#5217,#5218));
#1850=EDGE_LOOP('',(#5219,#5220,#5221,#5222));
#1851=EDGE_LOOP('',(#5223,#5224,#5225,#5226));
#1852=EDGE_LOOP('',(#5227,#5228,#5229,#5230));
#1853=EDGE_LOOP('',(#5231,#5232,#5233,#5234));
#1854=EDGE_LOOP('',(#5235,#5236,#5237,#5238));
#1855=EDGE_LOOP('',(#5239,#5240,#5241,#5242));
#1856=EDGE_LOOP('',(#5243,#5244,#5245,#5246));
#1857=EDGE_LOOP('',(#5247,#5248,#5249,#5250,#5251,#5252));
#1858=EDGE_LOOP('',(#5253,#5254,#5255,#5256));
#1859=EDGE_LOOP('',(#5257,#5258,#5259,#5260));
#1860=EDGE_LOOP('',(#5261,#5262,#5263,#5264));
#1861=EDGE_LOOP('',(#5265,#5266,#5267,#5268));
#1862=EDGE_LOOP('',(#5269,#5270,#5271,#5272));
#1863=EDGE_LOOP('',(#5273,#5274,#5275,#5276));
#1864=EDGE_LOOP('',(#5277,#5278,#5279,#5280));
#1865=EDGE_LOOP('',(#5281,#5282,#5283,#5284));
#1866=EDGE_LOOP('',(#5285,#5286,#5287,#5288));
#1867=EDGE_LOOP('',(#5289,#5290,#5291,#5292));
#1868=EDGE_LOOP('',(#5293,#5294,#5295,#5296));
#1869=EDGE_LOOP('',(#5297,#5298,#5299,#5300));
#1870=EDGE_LOOP('',(#5301,#5302,#5303,#5304));
#1871=EDGE_LOOP('',(#5305,#5306,#5307,#5308));
#1872=EDGE_LOOP('',(#5309,#5310,#5311,#5312));
#1873=EDGE_LOOP('',(#5313,#5314,#5315,#5316));
#1874=EDGE_LOOP('',(#5317,#5318,#5319,#5320));
#1875=EDGE_LOOP('',(#5321,#5322,#5323,#5324));
#1876=EDGE_LOOP('',(#5325,#5326,#5327,#5328));
#1877=EDGE_LOOP('',(#5329,#5330,#5331,#5332));
#1878=EDGE_LOOP('',(#5333,#5334,#5335,#5336));
#1879=EDGE_LOOP('',(#5337,#5338,#5339,#5340));
#1880=EDGE_LOOP('',(#5341,#5342,#5343,#5344));
#1881=EDGE_LOOP('',(#5345,#5346,#5347,#5348));
#1882=EDGE_LOOP('',(#5349,#5350,#5351,#5352));
#1883=EDGE_LOOP('',(#5353,#5354,#5355,#5356));
#1884=EDGE_LOOP('',(#5357,#5358,#5359,#5360));
#1885=EDGE_LOOP('',(#5361,#5362,#5363,#5364));
#1886=EDGE_LOOP('',(#5365,#5366,#5367,#5368));
#1887=EDGE_LOOP('',(#5369,#5370,#5371,#5372));
#1888=EDGE_LOOP('',(#5373,#5374,#5375,#5376));
#1889=EDGE_LOOP('',(#5377,#5378,#5379,#5380));
#1890=EDGE_LOOP('',(#5381,#5382,#5383,#5384));
#1891=EDGE_LOOP('',(#5385,#5386,#5387,#5388));
#1892=EDGE_LOOP('',(#5389,#5390,#5391,#5392));
#1893=EDGE_LOOP('',(#5393,#5394,#5395,#5396));
#1894=EDGE_LOOP('',(#5397,#5398,#5399,#5400));
#1895=EDGE_LOOP('',(#5401,#5402,#5403,#5404));
#1896=EDGE_LOOP('',(#5405,#5406,#5407,#5408));
#1897=EDGE_LOOP('',(#5409,#5410,#5411,#5412));
#1898=EDGE_LOOP('',(#5413,#5414,#5415,#5416));
#1899=EDGE_LOOP('',(#5417,#5418,#5419,#5420));
#1900=EDGE_LOOP('',(#5421,#5422,#5423,#5424));
#1901=EDGE_LOOP('',(#5425,#5426,#5427,#5428));
#1902=EDGE_LOOP('',(#5429,#5430,#5431,#5432));
#1903=EDGE_LOOP('',(#5433,#5434,#5435,#5436));
#1904=EDGE_LOOP('',(#5437,#5438,#5439,#5440));
#1905=EDGE_LOOP('',(#5441,#5442,#5443,#5444));
#1906=EDGE_LOOP('',(#5445,#5446,#5447,#5448));
#1907=EDGE_LOOP('',(#5449,#5450,#5451,#5452));
#1908=EDGE_LOOP('',(#5453,#5454,#5455,#5456));
#1909=EDGE_LOOP('',(#5457,#5458,#5459,#5460));
#1910=EDGE_LOOP('',(#5461,#5462,#5463,#5464));
#1911=EDGE_LOOP('',(#5465,#5466,#5467,#5468));
#1912=EDGE_LOOP('',(#5469,#5470,#5471,#5472));
#1913=EDGE_LOOP('',(#5473,#5474,#5475,#5476));
#1914=EDGE_LOOP('',(#5477,#5478,#5479,#5480));
#1915=EDGE_LOOP('',(#5481,#5482,#5483,#5484));
#1916=EDGE_LOOP('',(#5485,#5486,#5487,#5488));
#1917=EDGE_LOOP('',(#5489,#5490,#5491,#5492));
#1918=EDGE_LOOP('',(#5493,#5494,#5495,#5496));
#1919=EDGE_LOOP('',(#5497,#5498,#5499,#5500,#5501,#5502));
#1920=EDGE_LOOP('',(#5503,#5504,#5505,#5506));
#1921=EDGE_LOOP('',(#5507,#5508,#5509,#5510));
#1922=EDGE_LOOP('',(#5511,#5512,#5513,#5514));
#1923=EDGE_LOOP('',(#5515,#5516,#5517,#5518));
#1924=EDGE_LOOP('',(#5519,#5520,#5521,#5522));
#1925=EDGE_LOOP('',(#5523,#5524,#5525,#5526));
#1926=EDGE_LOOP('',(#5527,#5528,#5529,#5530));
#1927=EDGE_LOOP('',(#5531,#5532,#5533,#5534));
#1928=EDGE_LOOP('',(#5535,#5536,#5537,#5538));
#1929=EDGE_LOOP('',(#5539,#5540,#5541,#5542));
#1930=EDGE_LOOP('',(#5543,#5544,#5545,#5546));
#1931=EDGE_LOOP('',(#5547,#5548,#5549,#5550));
#1932=EDGE_LOOP('',(#5551,#5552,#5553,#5554));
#1933=EDGE_LOOP('',(#5555,#5556,#5557,#5558));
#1934=EDGE_LOOP('',(#5559,#5560,#5561,#5562));
#1935=EDGE_LOOP('',(#5563,#5564,#5565,#5566));
#1936=EDGE_LOOP('',(#5567,#5568,#5569,#5570));
#1937=EDGE_LOOP('',(#5571,#5572,#5573,#5574));
#1938=EDGE_LOOP('',(#5575,#5576,#5577,#5578));
#1939=EDGE_LOOP('',(#5579,#5580,#5581,#5582));
#1940=EDGE_LOOP('',(#5583,#5584,#5585,#5586));
#1941=EDGE_LOOP('',(#5587,#5588,#5589,#5590));
#1942=EDGE_LOOP('',(#5591,#5592,#5593,#5594));
#1943=EDGE_LOOP('',(#5595,#5596,#5597,#5598));
#1944=EDGE_LOOP('',(#5599,#5600,#5601,#5602));
#1945=EDGE_LOOP('',(#5603,#5604,#5605,#5606));
#1946=EDGE_LOOP('',(#5607,#5608,#5609,#5610));
#1947=EDGE_LOOP('',(#5611,#5612,#5613,#5614));
#1948=EDGE_LOOP('',(#5615,#5616,#5617,#5618));
#1949=EDGE_LOOP('',(#5619,#5620,#5621,#5622));
#1950=EDGE_LOOP('',(#5623,#5624,#5625,#5626));
#1951=EDGE_LOOP('',(#5627,#5628,#5629,#5630));
#1952=EDGE_LOOP('',(#5631,#5632,#5633,#5634));
#1953=EDGE_LOOP('',(#5635,#5636,#5637,#5638));
#1954=EDGE_LOOP('',(#5639,#5640,#5641,#5642));
#1955=EDGE_LOOP('',(#5643,#5644,#5645,#5646));
#1956=EDGE_LOOP('',(#5647,#5648,#5649,#5650));
#1957=EDGE_LOOP('',(#5651,#5652,#5653,#5654));
#1958=EDGE_LOOP('',(#5655,#5656,#5657,#5658));
#1959=EDGE_LOOP('',(#5659,#5660,#5661,#5662));
#1960=EDGE_LOOP('',(#5663,#5664,#5665,#5666));
#1961=EDGE_LOOP('',(#5667,#5668,#5669,#5670));
#1962=EDGE_LOOP('',(#5671,#5672,#5673,#5674));
#1963=EDGE_LOOP('',(#5675,#5676,#5677,#5678));
#1964=EDGE_LOOP('',(#5679,#5680,#5681,#5682));
#1965=EDGE_LOOP('',(#5683,#5684,#5685,#5686,#5687,#5688));
#1966=EDGE_LOOP('',(#5689,#5690,#5691,#5692));
#1967=EDGE_LOOP('',(#5693,#5694,#5695,#5696));
#1968=EDGE_LOOP('',(#5697,#5698,#5699,#5700));
#1969=EDGE_LOOP('',(#5701,#5702,#5703,#5704));
#1970=EDGE_LOOP('',(#5705,#5706,#5707,#5708));
#1971=EDGE_LOOP('',(#5709,#5710,#5711,#5712));
#1972=EDGE_LOOP('',(#5713,#5714,#5715,#5716));
#1973=EDGE_LOOP('',(#5717,#5718,#5719,#5720));
#1974=EDGE_LOOP('',(#5721,#5722,#5723,#5724));
#1975=EDGE_LOOP('',(#5725,#5726,#5727,#5728));
#1976=EDGE_LOOP('',(#5729,#5730,#5731,#5732));
#1977=EDGE_LOOP('',(#5733,#5734,#5735,#5736));
#1978=EDGE_LOOP('',(#5737,#5738,#5739,#5740));
#1979=EDGE_LOOP('',(#5741,#5742,#5743,#5744));
#1980=EDGE_LOOP('',(#5745,#5746,#5747,#5748));
#1981=EDGE_LOOP('',(#5749,#5750,#5751,#5752));
#1982=EDGE_LOOP('',(#5753,#5754,#5755,#5756));
#1983=EDGE_LOOP('',(#5757,#5758,#5759,#5760));
#1984=EDGE_LOOP('',(#5761,#5762,#5763,#5764));
#1985=EDGE_LOOP('',(#5765,#5766,#5767,#5768));
#1986=EDGE_LOOP('',(#5769,#5770,#5771,#5772));
#1987=EDGE_LOOP('',(#5773,#5774,#5775,#5776));
#1988=EDGE_LOOP('',(#5777,#5778,#5779,#5780));
#1989=EDGE_LOOP('',(#5781,#5782,#5783,#5784));
#1990=EDGE_LOOP('',(#5785,#5786,#5787,#5788));
#1991=EDGE_LOOP('',(#5789,#5790,#5791,#5792));
#1992=EDGE_LOOP('',(#5793,#5794,#5795,#5796));
#1993=EDGE_LOOP('',(#5797,#5798,#5799,#5800));
#1994=EDGE_LOOP('',(#5801,#5802,#5803,#5804));
#1995=EDGE_LOOP('',(#5805,#5806,#5807,#5808));
#1996=EDGE_LOOP('',(#5809,#5810,#5811,#5812));
#1997=EDGE_LOOP('',(#5813,#5814,#5815,#5816,#5817,#5818));
#1998=EDGE_LOOP('',(#5819,#5820,#5821,#5822));
#1999=EDGE_LOOP('',(#5823,#5824,#5825,#5826));
#2000=EDGE_LOOP('',(#5827,#5828,#5829,#5830));
#2001=EDGE_LOOP('',(#5831,#5832,#5833,#5834));
#2002=EDGE_LOOP('',(#5835,#5836,#5837,#5838));
#2003=EDGE_LOOP('',(#5839,#5840,#5841,#5842));
#2004=EDGE_LOOP('',(#5843,#5844,#5845,#5846));
#2005=EDGE_LOOP('',(#5847,#5848,#5849,#5850));
#2006=EDGE_LOOP('',(#5851,#5852,#5853,#5854));
#2007=EDGE_LOOP('',(#5855,#5856,#5857,#5858));
#2008=EDGE_LOOP('',(#5859,#5860,#5861,#5862));
#2009=EDGE_LOOP('',(#5863,#5864,#5865,#5866));
#2010=EDGE_LOOP('',(#5867,#5868,#5869,#5870));
#2011=EDGE_LOOP('',(#5871,#5872,#5873,#5874));
#2012=EDGE_LOOP('',(#5875,#5876,#5877,#5878));
#2013=EDGE_LOOP('',(#5879,#5880,#5881,#5882));
#2014=EDGE_LOOP('',(#5883,#5884,#5885,#5886));
#2015=EDGE_LOOP('',(#5887,#5888,#5889,#5890));
#2016=EDGE_LOOP('',(#5891,#5892,#5893,#5894));
#2017=EDGE_LOOP('',(#5895,#5896,#5897,#5898));
#2018=EDGE_LOOP('',(#5899,#5900,#5901,#5902));
#2019=EDGE_LOOP('',(#5903,#5904,#5905,#5906));
#2020=EDGE_LOOP('',(#5907,#5908,#5909,#5910));
#2021=EDGE_LOOP('',(#5911,#5912,#5913,#5914));
#2022=EDGE_LOOP('',(#5915,#5916,#5917,#5918));
#2023=EDGE_LOOP('',(#5919,#5920,#5921,#5922));
#2024=EDGE_LOOP('',(#5923,#5924,#5925,#5926));
#2025=EDGE_LOOP('',(#5927,#5928,#5929,#5930));
#2026=EDGE_LOOP('',(#5931,#5932,#5933,#5934));
#2027=EDGE_LOOP('',(#5935,#5936,#5937,#5938));
#2028=EDGE_LOOP('',(#5939,#5940,#5941,#5942));
#2029=EDGE_LOOP('',(#5943,#5944,#5945,#5946));
#2030=EDGE_LOOP('',(#5947,#5948,#5949,#5950));
#2031=EDGE_LOOP('',(#5951,#5952,#5953,#5954));
#2032=EDGE_LOOP('',(#5955,#5956,#5957,#5958));
#2033=EDGE_LOOP('',(#5959,#5960,#5961,#5962));
#2034=EDGE_LOOP('',(#5963,#5964,#5965,#5966));
#2035=EDGE_LOOP('',(#5967,#5968,#5969,#5970));
#2036=EDGE_LOOP('',(#5971,#5972,#5973,#5974));
#2037=EDGE_LOOP('',(#5975,#5976,#5977,#5978));
#2038=EDGE_LOOP('',(#5979,#5980,#5981,#5982));
#2039=EDGE_LOOP('',(#5983,#5984,#5985,#5986));
#2040=EDGE_LOOP('',(#5987,#5988,#5989,#5990));
#2041=EDGE_LOOP('',(#5991,#5992,#5993,#5994));
#2042=EDGE_LOOP('',(#5995,#5996,#5997,#5998,#5999,#6000));
#2043=EDGE_LOOP('',(#6001,#6002,#6003,#6004));
#2044=EDGE_LOOP('',(#6005,#6006,#6007,#6008));
#2045=EDGE_LOOP('',(#6009,#6010,#6011,#6012));
#2046=EDGE_LOOP('',(#6013,#6014,#6015,#6016));
#2047=EDGE_LOOP('',(#6017,#6018,#6019,#6020));
#2048=EDGE_LOOP('',(#6021,#6022,#6023,#6024));
#2049=EDGE_LOOP('',(#6025,#6026,#6027,#6028));
#2050=EDGE_LOOP('',(#6029,#6030,#6031,#6032));
#2051=EDGE_LOOP('',(#6033,#6034,#6035,#6036));
#2052=EDGE_LOOP('',(#6037,#6038,#6039,#6040));
#2053=EDGE_LOOP('',(#6041,#6042,#6043,#6044,#6045,#6046));
#2054=EDGE_LOOP('',(#6047,#6048,#6049,#6050));
#2055=EDGE_LOOP('',(#6051,#6052,#6053,#6054));
#2056=EDGE_LOOP('',(#6055,#6056,#6057,#6058));
#2057=EDGE_LOOP('',(#6059,#6060,#6061,#6062));
#2058=EDGE_LOOP('',(#6063,#6064,#6065,#6066));
#2059=EDGE_LOOP('',(#6067,#6068,#6069,#6070));
#2060=EDGE_LOOP('',(#6071,#6072,#6073,#6074));
#2061=EDGE_LOOP('',(#6075,#6076,#6077,#6078));
#2062=EDGE_LOOP('',(#6079,#6080,#6081,#6082));
#2063=EDGE_LOOP('',(#6083,#6084,#6085,#6086));
#2064=EDGE_LOOP('',(#6087,#6088,#6089,#6090));
#2065=EDGE_LOOP('',(#6091,#6092,#6093,#6094));
#2066=EDGE_LOOP('',(#6095,#6096,#6097,#6098));
#2067=EDGE_LOOP('',(#6099,#6100,#6101,#6102));
#2068=EDGE_LOOP('',(#6103,#6104,#6105,#6106));
#2069=EDGE_LOOP('',(#6107,#6108,#6109,#6110));
#2070=EDGE_LOOP('',(#6111,#6112,#6113,#6114));
#2071=EDGE_LOOP('',(#6115,#6116,#6117,#6118));
#2072=EDGE_LOOP('',(#6119,#6120,#6121,#6122));
#2073=EDGE_LOOP('',(#6123,#6124,#6125,#6126));
#2074=EDGE_LOOP('',(#6127,#6128,#6129,#6130));
#2075=EDGE_LOOP('',(#6131,#6132,#6133,#6134));
#2076=EDGE_LOOP('',(#6135,#6136,#6137,#6138));
#2077=EDGE_LOOP('',(#6139,#6140,#6141,#6142));
#2078=EDGE_LOOP('',(#6143,#6144,#6145,#6146));
#2079=EDGE_LOOP('',(#6147,#6148,#6149,#6150));
#2080=EDGE_LOOP('',(#6151,#6152,#6153,#6154));
#2081=EDGE_LOOP('',(#6155,#6156,#6157,#6158));
#2082=EDGE_LOOP('',(#6159,#6160,#6161,#6162));
#2083=EDGE_LOOP('',(#6163,#6164,#6165,#6166));
#2084=EDGE_LOOP('',(#6167,#6168,#6169,#6170));
#2085=EDGE_LOOP('',(#6171,#6172,#6173,#6174,#6175,#6176));
#2086=EDGE_LOOP('',(#6177,#6178,#6179,#6180));
#2087=EDGE_LOOP('',(#6181,#6182,#6183,#6184));
#2088=EDGE_LOOP('',(#6185,#6186,#6187,#6188));
#2089=EDGE_LOOP('',(#6189,#6190,#6191,#6192));
#2090=EDGE_LOOP('',(#6193,#6194,#6195,#6196));
#2091=EDGE_LOOP('',(#6197,#6198,#6199,#6200));
#2092=EDGE_LOOP('',(#6201,#6202,#6203,#6204));
#2093=EDGE_LOOP('',(#6205,#6206,#6207,#6208));
#2094=EDGE_LOOP('',(#6209,#6210,#6211,#6212));
#2095=EDGE_LOOP('',(#6213,#6214,#6215,#6216));
#2096=EDGE_LOOP('',(#6217,#6218,#6219,#6220));
#2097=EDGE_LOOP('',(#6221,#6222,#6223,#6224));
#2098=EDGE_LOOP('',(#6225,#6226,#6227,#6228));
#2099=EDGE_LOOP('',(#6229,#6230,#6231,#6232));
#2100=EDGE_LOOP('',(#6233,#6234,#6235,#6236));
#2101=EDGE_LOOP('',(#6237,#6238,#6239,#6240));
#2102=EDGE_LOOP('',(#6241,#6242,#6243,#6244));
#2103=EDGE_LOOP('',(#6245,#6246,#6247,#6248));
#2104=EDGE_LOOP('',(#6249,#6250,#6251,#6252));
#2105=EDGE_LOOP('',(#6253,#6254,#6255,#6256));
#2106=EDGE_LOOP('',(#6257,#6258,#6259,#6260));
#2107=EDGE_LOOP('',(#6261,#6262,#6263,#6264));
#2108=EDGE_LOOP('',(#6265,#6266,#6267,#6268));
#2109=EDGE_LOOP('',(#6269,#6270,#6271,#6272));
#2110=EDGE_LOOP('',(#6273,#6274,#6275,#6276));
#2111=EDGE_LOOP('',(#6277,#6278,#6279,#6280));
#2112=EDGE_LOOP('',(#6281,#6282,#6283,#6284));
#2113=EDGE_LOOP('',(#6285,#6286,#6287,#6288));
#2114=EDGE_LOOP('',(#6289,#6290,#6291,#6292));
#2115=EDGE_LOOP('',(#6293,#6294,#6295,#6296));
#2116=EDGE_LOOP('',(#6297,#6298,#6299,#6300));
#2117=EDGE_LOOP('',(#6301,#6302,#6303,#6304));
#2118=EDGE_LOOP('',(#6305,#6306,#6307,#6308));
#2119=EDGE_LOOP('',(#6309,#6310,#6311,#6312));
#2120=EDGE_LOOP('',(#6313,#6314,#6315,#6316));
#2121=EDGE_LOOP('',(#6317,#6318,#6319,#6320));
#2122=EDGE_LOOP('',(#6321,#6322,#6323,#6324));
#2123=EDGE_LOOP('',(#6325,#6326,#6327,#6328));
#2124=EDGE_LOOP('',(#6329,#6330,#6331,#6332));
#2125=EDGE_LOOP('',(#6333,#6334,#6335,#6336));
#2126=EDGE_LOOP('',(#6337,#6338,#6339,#6340));
#2127=EDGE_LOOP('',(#6341,#6342,#6343,#6344));
#2128=EDGE_LOOP('',(#6345,#6346,#6347,#6348));
#2129=EDGE_LOOP('',(#6349,#6350,#6351,#6352));
#2130=EDGE_LOOP('',(#6353,#6354,#6355,#6356));
#2131=EDGE_LOOP('',(#6357,#6358,#6359,#6360));
#2132=EDGE_LOOP('',(#6361,#6362,#6363,#6364));
#2133=EDGE_LOOP('',(#6365,#6366,#6367,#6368));
#2134=EDGE_LOOP('',(#6369,#6370,#6371,#6372));
#2135=EDGE_LOOP('',(#6373,#6374,#6375,#6376));
#2136=EDGE_LOOP('',(#6377,#6378,#6379,#6380));
#2137=EDGE_LOOP('',(#6381,#6382,#6383,#6384));
#2138=EDGE_LOOP('',(#6385,#6386,#6387,#6388,#6389,#6390));
#2139=EDGE_LOOP('',(#6391,#6392,#6393,#6394));
#2140=EDGE_LOOP('',(#6395,#6396,#6397,#6398));
#2141=EDGE_LOOP('',(#6399,#6400,#6401,#6402));
#2142=EDGE_LOOP('',(#6403,#6404,#6405,#6406));
#2143=EDGE_LOOP('',(#6407,#6408,#6409,#6410));
#2144=EDGE_LOOP('',(#6411));
#2145=EDGE_LOOP('',(#6412));
#2146=EDGE_LOOP('',(#6413));
#2147=EDGE_LOOP('',(#6414));
#2148=EDGE_LOOP('',(#6415));
#2149=EDGE_LOOP('',(#6416));
#2150=EDGE_LOOP('',(#6417));
#2151=EDGE_LOOP('',(#6418));
#2152=EDGE_LOOP('',(#6419));
#2153=EDGE_LOOP('',(#6420));
#2154=EDGE_LOOP('',(#6421));
#2155=EDGE_LOOP('',(#6422));
#2156=EDGE_LOOP('',(#6423));
#2157=EDGE_LOOP('',(#6424));
#2158=EDGE_LOOP('',(#6425));
#2159=EDGE_LOOP('',(#6426));
#2160=EDGE_LOOP('',(#6427));
#2161=EDGE_LOOP('',(#6428));
#2162=EDGE_LOOP('',(#6429));
#2163=EDGE_LOOP('',(#6430));
#2164=EDGE_LOOP('',(#6431));
#2165=EDGE_LOOP('',(#6432));
#2166=EDGE_LOOP('',(#6433));
#2167=EDGE_LOOP('',(#6434));
#2168=EDGE_LOOP('',(#6435));
#2169=EDGE_LOOP('',(#6436));
#2170=EDGE_LOOP('',(#6437));
#2171=EDGE_LOOP('',(#6438));
#2172=EDGE_LOOP('',(#6439));
#2173=EDGE_LOOP('',(#6440));
#2174=EDGE_LOOP('',(#6441));
#2175=EDGE_LOOP('',(#6442));
#2176=EDGE_LOOP('',(#6443));
#2177=EDGE_LOOP('',(#6444));
#2178=EDGE_LOOP('',(#6445));
#2179=EDGE_LOOP('',(#6446));
#2180=EDGE_LOOP('',(#6447));
#2181=EDGE_LOOP('',(#6448));
#2182=EDGE_LOOP('',(#6449));
#2183=EDGE_LOOP('',(#6450));
#2184=EDGE_LOOP('',(#6451));
#2185=EDGE_LOOP('',(#6452));
#2186=EDGE_LOOP('',(#6453));
#2187=EDGE_LOOP('',(#6454));
#2188=EDGE_LOOP('',(#6455));
#2189=EDGE_LOOP('',(#6456));
#2190=EDGE_LOOP('',(#6457));
#2191=EDGE_LOOP('',(#6458));
#2192=EDGE_LOOP('',(#6459));
#2193=EDGE_LOOP('',(#6460));
#2194=EDGE_LOOP('',(#6461));
#2195=EDGE_LOOP('',(#6462));
#2196=EDGE_LOOP('',(#6463));
#2197=EDGE_LOOP('',(#6464));
#2198=EDGE_LOOP('',(#6465));
#2199=EDGE_LOOP('',(#6466));
#2200=EDGE_LOOP('',(#6467));
#2201=EDGE_LOOP('',(#6468));
#2202=EDGE_LOOP('',(#6469));
#2203=EDGE_LOOP('',(#6470));
#2204=EDGE_LOOP('',(#6471));
#2205=EDGE_LOOP('',(#6472));
#2206=EDGE_LOOP('',(#6473));
#2207=EDGE_LOOP('',(#6474));
#2208=EDGE_LOOP('',(#6475));
#2209=EDGE_LOOP('',(#6476));
#2210=EDGE_LOOP('',(#6477));
#2211=EDGE_LOOP('',(#6478));
#2212=EDGE_LOOP('',(#6479));
#2213=EDGE_LOOP('',(#6480));
#2214=EDGE_LOOP('',(#6481));
#2215=EDGE_LOOP('',(#6482));
#2216=EDGE_LOOP('',(#6483));
#2217=EDGE_LOOP('',(#6484));
#2218=EDGE_LOOP('',(#6485));
#2219=EDGE_LOOP('',(#6486));
#2220=EDGE_LOOP('',(#6487));
#2221=EDGE_LOOP('',(#6488));
#2222=EDGE_LOOP('',(#6489));
#2223=EDGE_LOOP('',(#6490));
#2224=EDGE_LOOP('',(#6491));
#2225=EDGE_LOOP('',(#6492));
#2226=EDGE_LOOP('',(#6493));
#2227=EDGE_LOOP('',(#6494));
#2228=EDGE_LOOP('',(#6495));
#2229=EDGE_LOOP('',(#6496));
#2230=EDGE_LOOP('',(#6497));
#2231=EDGE_LOOP('',(#6498));
#2232=EDGE_LOOP('',(#6499));
#2233=EDGE_LOOP('',(#6500));
#2234=EDGE_LOOP('',(#6501));
#2235=EDGE_LOOP('',(#6502));
#2236=EDGE_LOOP('',(#6503));
#2237=EDGE_LOOP('',(#6504));
#2238=EDGE_LOOP('',(#6505));
#2239=EDGE_LOOP('',(#6506));
#2240=EDGE_LOOP('',(#6507));
#2241=EDGE_LOOP('',(#6508));
#2242=EDGE_LOOP('',(#6509));
#2243=EDGE_LOOP('',(#6510));
#2244=EDGE_LOOP('',(#6511));
#2245=EDGE_LOOP('',(#6512));
#2246=EDGE_LOOP('',(#6513));
#2247=EDGE_LOOP('',(#6514));
#2248=EDGE_LOOP('',(#6515));
#2249=EDGE_LOOP('',(#6516));
#2250=EDGE_LOOP('',(#6517));
#2251=EDGE_LOOP('',(#6518));
#2252=EDGE_LOOP('',(#6519));
#2253=EDGE_LOOP('',(#6520));
#2254=EDGE_LOOP('',(#6521));
#2255=EDGE_LOOP('',(#6522));
#2256=EDGE_LOOP('',(#6523));
#2257=EDGE_LOOP('',(#6524));
#2258=EDGE_LOOP('',(#6525));
#2259=EDGE_LOOP('',(#6526));
#2260=EDGE_LOOP('',(#6527));
#2261=EDGE_LOOP('',(#6528));
#2262=EDGE_LOOP('',(#6529));
#2263=EDGE_LOOP('',(#6530));
#2264=EDGE_LOOP('',(#6531));
#2265=EDGE_LOOP('',(#6532));
#2266=EDGE_LOOP('',(#6533));
#2267=EDGE_LOOP('',(#6534));
#2268=EDGE_LOOP('',(#6535));
#2269=EDGE_LOOP('',(#6536));
#2270=EDGE_LOOP('',(#6537));
#2271=EDGE_LOOP('',(#6538));
#2272=EDGE_LOOP('',(#6539));
#2273=EDGE_LOOP('',(#6540));
#2274=EDGE_LOOP('',(#6541));
#2275=EDGE_LOOP('',(#6542));
#2276=EDGE_LOOP('',(#6543));
#2277=EDGE_LOOP('',(#6544));
#2278=EDGE_LOOP('',(#6545));
#2279=EDGE_LOOP('',(#6546));
#2280=EDGE_LOOP('',(#6547));
#2281=EDGE_LOOP('',(#6548));
#2282=EDGE_LOOP('',(#6549));
#2283=EDGE_LOOP('',(#6550));
#2284=EDGE_LOOP('',(#6551));
#2285=EDGE_LOOP('',(#6552));
#2286=EDGE_LOOP('',(#6553));
#2287=EDGE_LOOP('',(#6554));
#2288=EDGE_LOOP('',(#6555));
#2289=EDGE_LOOP('',(#6556));
#2290=EDGE_LOOP('',(#6557));
#2291=EDGE_LOOP('',(#6558));
#2292=EDGE_LOOP('',(#6559));
#2293=EDGE_LOOP('',(#6560));
#2294=EDGE_LOOP('',(#6561));
#2295=EDGE_LOOP('',(#6562));
#2296=EDGE_LOOP('',(#6563));
#2297=EDGE_LOOP('',(#6564));
#2298=EDGE_LOOP('',(#6565));
#2299=EDGE_LOOP('',(#6566));
#2300=EDGE_LOOP('',(#6567));
#2301=EDGE_LOOP('',(#6568));
#2302=EDGE_LOOP('',(#6569));
#2303=EDGE_LOOP('',(#6570));
#2304=EDGE_LOOP('',(#6571));
#2305=EDGE_LOOP('',(#6572));
#2306=EDGE_LOOP('',(#6573));
#2307=EDGE_LOOP('',(#6574));
#2308=EDGE_LOOP('',(#6575));
#2309=EDGE_LOOP('',(#6576));
#2310=EDGE_LOOP('',(#6577));
#2311=EDGE_LOOP('',(#6578));
#2312=EDGE_LOOP('',(#6579));
#2313=EDGE_LOOP('',(#6580));
#2314=EDGE_LOOP('',(#6581));
#2315=EDGE_LOOP('',(#6582));
#2316=EDGE_LOOP('',(#6583));
#2317=EDGE_LOOP('',(#6584));
#2318=EDGE_LOOP('',(#6585));
#2319=EDGE_LOOP('',(#6586));
#2320=EDGE_LOOP('',(#6587));
#2321=EDGE_LOOP('',(#6588));
#2322=EDGE_LOOP('',(#6589));
#2323=EDGE_LOOP('',(#6590));
#2324=EDGE_LOOP('',(#6591));
#2325=EDGE_LOOP('',(#6592));
#2326=EDGE_LOOP('',(#6593));
#2327=EDGE_LOOP('',(#6594));
#2328=EDGE_LOOP('',(#6595));
#2329=EDGE_LOOP('',(#6596));
#2330=EDGE_LOOP('',(#6597));
#2331=EDGE_LOOP('',(#6598));
#2332=EDGE_LOOP('',(#6599));
#2333=EDGE_LOOP('',(#6600));
#2334=EDGE_LOOP('',(#6601));
#2335=EDGE_LOOP('',(#6602));
#2336=EDGE_LOOP('',(#6603));
#2337=EDGE_LOOP('',(#6604));
#2338=EDGE_LOOP('',(#6605));
#2339=EDGE_LOOP('',(#6606));
#2340=EDGE_LOOP('',(#6607));
#2341=EDGE_LOOP('',(#6608));
#2342=EDGE_LOOP('',(#6609));
#2343=EDGE_LOOP('',(#6610));
#2344=EDGE_LOOP('',(#6611));
#2345=EDGE_LOOP('',(#6612));
#2346=EDGE_LOOP('',(#6613));
#2347=EDGE_LOOP('',(#6614));
#2348=EDGE_LOOP('',(#6615));
#2349=EDGE_LOOP('',(#6616));
#2350=EDGE_LOOP('',(#6617));
#2351=EDGE_LOOP('',(#6618));
#2352=EDGE_LOOP('',(#6619));
#2353=EDGE_LOOP('',(#6620));
#2354=EDGE_LOOP('',(#6621));
#2355=EDGE_LOOP('',(#6622));
#2356=EDGE_LOOP('',(#6623));
#2357=EDGE_LOOP('',(#6624));
#2358=EDGE_LOOP('',(#6625));
#2359=EDGE_LOOP('',(#6626));
#2360=EDGE_LOOP('',(#6627));
#2361=EDGE_LOOP('',(#6628));
#2362=EDGE_LOOP('',(#6629));
#2363=EDGE_LOOP('',(#6630));
#2364=EDGE_LOOP('',(#6631));
#2365=EDGE_LOOP('',(#6632));
#2366=EDGE_LOOP('',(#6633));
#2367=EDGE_LOOP('',(#6634));
#2368=EDGE_LOOP('',(#6635));
#2369=EDGE_LOOP('',(#6636));
#2370=EDGE_LOOP('',(#6637));
#2371=EDGE_LOOP('',(#6638));
#2372=EDGE_LOOP('',(#6639));
#2373=EDGE_LOOP('',(#6640));
#2374=EDGE_LOOP('',(#6641));
#2375=EDGE_LOOP('',(#6642));
#2376=EDGE_LOOP('',(#6643));
#2377=EDGE_LOOP('',(#6644));
#2378=EDGE_LOOP('',(#6645));
#2379=EDGE_LOOP('',(#6646));
#2380=EDGE_LOOP('',(#6647));
#2381=EDGE_LOOP('',(#6648));
#2382=EDGE_LOOP('',(#6649));
#2383=EDGE_LOOP('',(#6650));
#2384=EDGE_LOOP('',(#6651));
#2385=EDGE_LOOP('',(#6652));
#2386=EDGE_LOOP('',(#6653));
#2387=EDGE_LOOP('',(#6654));
#2388=EDGE_LOOP('',(#6655));
#2389=EDGE_LOOP('',(#6656));
#2390=EDGE_LOOP('',(#6657));
#2391=EDGE_LOOP('',(#6658));
#2392=EDGE_LOOP('',(#6659));
#2393=EDGE_LOOP('',(#6660));
#2394=EDGE_LOOP('',(#6661));
#2395=EDGE_LOOP('',(#6662));
#2396=EDGE_LOOP('',(#6663));
#2397=EDGE_LOOP('',(#6664));
#2398=EDGE_LOOP('',(#6665));
#2399=EDGE_LOOP('',(#6666));
#2400=EDGE_LOOP('',(#6667));
#2401=EDGE_LOOP('',(#6668));
#2402=EDGE_LOOP('',(#6669));
#2403=EDGE_LOOP('',(#6670));
#2404=EDGE_LOOP('',(#6671));
#2405=EDGE_LOOP('',(#6672));
#2406=EDGE_LOOP('',(#6673));
#2407=EDGE_LOOP('',(#6674));
#2408=EDGE_LOOP('',(#6675));
#2409=EDGE_LOOP('',(#6676));
#2410=EDGE_LOOP('',(#6677));
#2411=EDGE_LOOP('',(#6678));
#2412=EDGE_LOOP('',(#6679));
#2413=EDGE_LOOP('',(#6680));
#2414=EDGE_LOOP('',(#6681));
#2415=EDGE_LOOP('',(#6682));
#2416=EDGE_LOOP('',(#6683));
#2417=EDGE_LOOP('',(#6684));
#2418=EDGE_LOOP('',(#6685));
#2419=EDGE_LOOP('',(#6686));
#2420=EDGE_LOOP('',(#6687));
#2421=EDGE_LOOP('',(#6688));
#2422=EDGE_LOOP('',(#6689));
#2423=EDGE_LOOP('',(#6690));
#2424=EDGE_LOOP('',(#6691));
#2425=EDGE_LOOP('',(#6692));
#2426=EDGE_LOOP('',(#6693));
#2427=EDGE_LOOP('',(#6694));
#2428=EDGE_LOOP('',(#6695));
#2429=EDGE_LOOP('',(#6696,#6697,#6698));
#2430=EDGE_LOOP('',(#6699,#6700,#6701));
#2431=EDGE_LOOP('',(#6702,#6703,#6704));
#2432=EDGE_LOOP('',(#6705,#6706,#6707));
#2433=EDGE_LOOP('',(#6708,#6709,#6710,#6711));
#2434=EDGE_LOOP('',(#6712,#6713,#6714,#6715));
#2435=EDGE_LOOP('',(#6716,#6717,#6718,#6719));
#2436=EDGE_LOOP('',(#6720,#6721,#6722,#6723));
#2437=EDGE_LOOP('',(#6724,#6725));
#2438=EDGE_LOOP('',(#6726,#6727));
#2439=EDGE_LOOP('',(#6728,#6729));
#2440=EDGE_LOOP('',(#6730,#6731));
#2441=EDGE_LOOP('',(#6732,#6733,#6734,#6735));
#2442=EDGE_LOOP('',(#6736,#6737,#6738,#6739));
#2443=EDGE_LOOP('',(#6740,#6741,#6742,#6743));
#2444=EDGE_LOOP('',(#6744,#6745,#6746,#6747));
#2445=EDGE_LOOP('',(#6748,#6749,#6750,#6751,#6752,#6753,#6754,#6755,#6756,
#6757,#6758,#6759));
#2446=EDGE_LOOP('',(#6760,#6761,#6762,#6763));
#2447=ELLIPSE('',#7418,4.24264068711928,3.);
#2448=ELLIPSE('',#7419,4.24264068711931,3.);
#2449=ELLIPSE('',#7421,4.24264068711928,3.);
#2450=ELLIPSE('',#7423,4.24264068711928,3.);
#2451=LINE('',#10617,#2816);
#2452=LINE('',#10621,#2817);
#2453=LINE('',#10625,#2818);
#2454=LINE('',#10627,#2819);
#2455=LINE('',#10631,#2820);
#2456=LINE('',#10633,#2821);
#2457=LINE('',#10636,#2822);
#2458=LINE('',#10637,#2823);
#2459=LINE('',#10640,#2824);
#2460=LINE('',#10642,#2825);
#2461=LINE('',#10643,#2826);
#2462=LINE('',#10646,#2827);
#2463=LINE('',#10647,#2828);
#2464=LINE('',#10651,#2829);
#2465=LINE('',#10657,#2830);
#2466=LINE('',#10661,#2831);
#2467=LINE('',#10665,#2832);
#2468=LINE('',#10669,#2833);
#2469=LINE('',#10673,#2834);
#2470=LINE('',#10679,#2835);
#2471=LINE('',#10685,#2836);
#2472=LINE('',#10691,#2837);
#2473=LINE('',#10695,#2838);
#2474=LINE('',#10699,#2839);
#2475=LINE('',#10703,#2840);
#2476=LINE('',#10707,#2841);
#2477=LINE('',#10711,#2842);
#2478=LINE('',#10715,#2843);
#2479=LINE('',#10719,#2844);
#2480=LINE('',#11279,#2845);
#2481=LINE('',#11280,#2846);
#2482=LINE('',#11283,#2847);
#2483=LINE('',#11284,#2848);
#2484=LINE('',#11287,#2849);
#2485=LINE('',#11291,#2850);
#2486=LINE('',#11295,#2851);
#2487=LINE('',#11299,#2852);
#2488=LINE('',#11303,#2853);
#2489=LINE('',#11306,#2854);
#2490=LINE('',#11308,#2855);
#2491=LINE('',#11310,#2856);
#2492=LINE('',#11312,#2857);
#2493=LINE('',#11313,#2858);
#2494=LINE('',#11314,#2859);
#2495=LINE('',#11315,#2860);
#2496=LINE('',#11316,#2861);
#2497=LINE('',#11319,#2862);
#2498=LINE('',#11323,#2863);
#2499=LINE('',#11326,#2864);
#2500=LINE('',#11332,#2865);
#2501=LINE('',#11333,#2866);
#2502=LINE('',#11336,#2867);
#2503=LINE('',#11337,#2868);
#2504=LINE('',#11340,#2869);
#2505=LINE('',#11344,#2870);
#2506=LINE('',#11348,#2871);
#2507=LINE('',#11351,#2872);
#2508=LINE('',#11353,#2873);
#2509=LINE('',#11356,#2874);
#2510=LINE('',#11360,#2875);
#2511=LINE('',#11363,#2876);
#2512=LINE('',#11365,#2877);
#2513=LINE('',#11367,#2878);
#2514=LINE('',#11371,#2879);
#2515=LINE('',#11375,#2880);
#2516=LINE('',#11380,#2881);
#2517=LINE('',#11384,#2882);
#2518=LINE('',#11388,#2883);
#2519=LINE('',#11392,#2884);
#2520=LINE('',#11396,#2885);
#2521=LINE('',#11400,#2886);
#2522=LINE('',#11404,#2887);
#2523=LINE('',#11408,#2888);
#2524=LINE('',#11412,#2889);
#2525=LINE('',#11416,#2890);
#2526=LINE('',#11420,#2891);
#2527=LINE('',#11424,#2892);
#2528=LINE('',#11428,#2893);
#2529=LINE('',#11432,#2894);
#2530=LINE('',#11436,#2895);
#2531=LINE('',#11440,#2896);
#2532=LINE('',#11444,#2897);
#2533=LINE('',#11448,#2898);
#2534=LINE('',#11452,#2899);
#2535=LINE('',#11456,#2900);
#2536=LINE('',#11460,#2901);
#2537=LINE('',#11464,#2902);
#2538=LINE('',#11468,#2903);
#2539=LINE('',#11472,#2904);
#2540=LINE('',#11476,#2905);
#2541=LINE('',#11480,#2906);
#2542=LINE('',#11484,#2907);
#2543=LINE('',#11488,#2908);
#2544=LINE('',#11492,#2909);
#2545=LINE('',#11496,#2910);
#2546=LINE('',#11500,#2911);
#2547=LINE('',#11504,#2912);
#2548=LINE('',#11508,#2913);
#2549=LINE('',#11512,#2914);
#2550=LINE('',#11516,#2915);
#2551=LINE('',#11520,#2916);
#2552=LINE('',#11524,#2917);
#2553=LINE('',#11528,#2918);
#2554=LINE('',#11532,#2919);
#2555=LINE('',#11536,#2920);
#2556=LINE('',#11540,#2921);
#2557=LINE('',#11544,#2922);
#2558=LINE('',#11548,#2923);
#2559=LINE('',#11552,#2924);
#2560=LINE('',#11556,#2925);
#2561=LINE('',#11560,#2926);
#2562=LINE('',#11564,#2927);
#2563=LINE('',#11568,#2928);
#2564=LINE('',#11572,#2929);
#2565=LINE('',#11576,#2930);
#2566=LINE('',#11580,#2931);
#2567=LINE('',#11584,#2932);
#2568=LINE('',#11588,#2933);
#2569=LINE('',#11592,#2934);
#2570=LINE('',#11596,#2935);
#2571=LINE('',#11600,#2936);
#2572=LINE('',#11604,#2937);
#2573=LINE('',#11608,#2938);
#2574=LINE('',#11612,#2939);
#2575=LINE('',#11616,#2940);
#2576=LINE('',#11620,#2941);
#2577=LINE('',#11624,#2942);
#2578=LINE('',#11629,#2943);
#2579=LINE('',#11633,#2944);
#2580=LINE('',#11637,#2945);
#2581=LINE('',#11641,#2946);
#2582=LINE('',#11645,#2947);
#2583=LINE('',#11649,#2948);
#2584=LINE('',#11653,#2949);
#2585=LINE('',#11657,#2950);
#2586=LINE('',#11661,#2951);
#2587=LINE('',#11665,#2952);
#2588=LINE('',#11669,#2953);
#2589=LINE('',#11673,#2954);
#2590=LINE('',#11677,#2955);
#2591=LINE('',#11681,#2956);
#2592=LINE('',#11685,#2957);
#2593=LINE('',#11689,#2958);
#2594=LINE('',#11693,#2959);
#2595=LINE('',#11697,#2960);
#2596=LINE('',#11701,#2961);
#2597=LINE('',#11705,#2962);
#2598=LINE('',#11709,#2963);
#2599=LINE('',#11713,#2964);
#2600=LINE('',#11717,#2965);
#2601=LINE('',#11721,#2966);
#2602=LINE('',#11725,#2967);
#2603=LINE('',#11729,#2968);
#2604=LINE('',#11733,#2969);
#2605=LINE('',#11737,#2970);
#2606=LINE('',#11741,#2971);
#2607=LINE('',#11745,#2972);
#2608=LINE('',#11749,#2973);
#2609=LINE('',#11753,#2974);
#2610=LINE('',#11757,#2975);
#2611=LINE('',#11761,#2976);
#2612=LINE('',#11765,#2977);
#2613=LINE('',#11769,#2978);
#2614=LINE('',#11773,#2979);
#2615=LINE('',#11777,#2980);
#2616=LINE('',#11781,#2981);
#2617=LINE('',#11785,#2982);
#2618=LINE('',#11789,#2983);
#2619=LINE('',#11793,#2984);
#2620=LINE('',#11797,#2985);
#2621=LINE('',#11801,#2986);
#2622=LINE('',#11805,#2987);
#2623=LINE('',#11810,#2988);
#2624=LINE('',#11816,#2989);
#2625=LINE('',#11820,#2990);
#2626=LINE('',#11824,#2991);
#2627=LINE('',#11828,#2992);
#2628=LINE('',#11832,#2993);
#2629=LINE('',#11836,#2994);
#2630=LINE('',#11840,#2995);
#2631=LINE('',#11844,#2996);
#2632=LINE('',#11848,#2997);
#2633=LINE('',#11852,#2998);
#2634=LINE('',#11856,#2999);
#2635=LINE('',#11860,#3000);
#2636=LINE('',#11864,#3001);
#2637=LINE('',#11868,#3002);
#2638=LINE('',#11872,#3003);
#2639=LINE('',#11876,#3004);
#2640=LINE('',#11880,#3005);
#2641=LINE('',#11884,#3006);
#2642=LINE('',#11888,#3007);
#2643=LINE('',#11892,#3008);
#2644=LINE('',#11896,#3009);
#2645=LINE('',#11900,#3010);
#2646=LINE('',#11904,#3011);
#2647=LINE('',#11908,#3012);
#2648=LINE('',#11912,#3013);
#2649=LINE('',#11916,#3014);
#2650=LINE('',#11920,#3015);
#2651=LINE('',#11924,#3016);
#2652=LINE('',#11928,#3017);
#2653=LINE('',#11932,#3018);
#2654=LINE('',#11936,#3019);
#2655=LINE('',#11941,#3020);
#2656=LINE('',#11947,#3021);
#2657=LINE('',#11951,#3022);
#2658=LINE('',#11955,#3023);
#2659=LINE('',#11959,#3024);
#2660=LINE('',#11963,#3025);
#2661=LINE('',#11967,#3026);
#2662=LINE('',#11971,#3027);
#2663=LINE('',#11975,#3028);
#2664=LINE('',#11979,#3029);
#2665=LINE('',#11983,#3030);
#2666=LINE('',#11987,#3031);
#2667=LINE('',#11991,#3032);
#2668=LINE('',#11995,#3033);
#2669=LINE('',#11999,#3034);
#2670=LINE('',#12003,#3035);
#2671=LINE('',#12007,#3036);
#2672=LINE('',#12011,#3037);
#2673=LINE('',#12015,#3038);
#2674=LINE('',#12019,#3039);
#2675=LINE('',#12023,#3040);
#2676=LINE('',#12027,#3041);
#2677=LINE('',#12031,#3042);
#2678=LINE('',#12035,#3043);
#2679=LINE('',#12039,#3044);
#2680=LINE('',#12043,#3045);
#2681=LINE('',#12047,#3046);
#2682=LINE('',#12051,#3047);
#2683=LINE('',#12055,#3048);
#2684=LINE('',#12059,#3049);
#2685=LINE('',#12063,#3050);
#2686=LINE('',#12067,#3051);
#2687=LINE('',#12071,#3052);
#2688=LINE('',#12075,#3053);
#2689=LINE('',#12079,#3054);
#2690=LINE('',#12083,#3055);
#2691=LINE('',#12087,#3056);
#2692=LINE('',#12091,#3057);
#2693=LINE('',#12095,#3058);
#2694=LINE('',#12099,#3059);
#2695=LINE('',#12103,#3060);
#2696=LINE('',#12107,#3061);
#2697=LINE('',#12111,#3062);
#2698=LINE('',#12115,#3063);
#2699=LINE('',#12119,#3064);
#2700=LINE('',#12124,#3065);
#2701=LINE('',#12130,#3066);
#2702=LINE('',#12134,#3067);
#2703=LINE('',#12138,#3068);
#2704=LINE('',#12142,#3069);
#2705=LINE('',#12146,#3070);
#2706=LINE('',#12150,#3071);
#2707=LINE('',#12154,#3072);
#2708=LINE('',#12158,#3073);
#2709=LINE('',#12162,#3074);
#2710=LINE('',#12166,#3075);
#2711=LINE('',#12171,#3076);
#2712=LINE('',#12177,#3077);
#2713=LINE('',#12181,#3078);
#2714=LINE('',#12185,#3079);
#2715=LINE('',#12189,#3080);
#2716=LINE('',#12193,#3081);
#2717=LINE('',#12197,#3082);
#2718=LINE('',#12201,#3083);
#2719=LINE('',#12205,#3084);
#2720=LINE('',#12209,#3085);
#2721=LINE('',#12213,#3086);
#2722=LINE('',#12217,#3087);
#2723=LINE('',#12221,#3088);
#2724=LINE('',#12225,#3089);
#2725=LINE('',#12229,#3090);
#2726=LINE('',#12233,#3091);
#2727=LINE('',#12237,#3092);
#2728=LINE('',#12241,#3093);
#2729=LINE('',#12245,#3094);
#2730=LINE('',#12249,#3095);
#2731=LINE('',#12253,#3096);
#2732=LINE('',#12257,#3097);
#2733=LINE('',#12261,#3098);
#2734=LINE('',#12265,#3099);
#2735=LINE('',#12269,#3100);
#2736=LINE('',#12273,#3101);
#2737=LINE('',#12277,#3102);
#2738=LINE('',#12281,#3103);
#2739=LINE('',#12285,#3104);
#2740=LINE('',#12289,#3105);
#2741=LINE('',#12293,#3106);
#2742=LINE('',#12297,#3107);
#2743=LINE('',#12301,#3108);
#2744=LINE('',#12306,#3109);
#2745=LINE('',#12310,#3110);
#2746=LINE('',#12314,#3111);
#2747=LINE('',#12318,#3112);
#2748=LINE('',#12322,#3113);
#2749=LINE('',#12326,#3114);
#2750=LINE('',#12330,#3115);
#2751=LINE('',#12334,#3116);
#2752=LINE('',#12338,#3117);
#2753=LINE('',#12342,#3118);
#2754=LINE('',#12346,#3119);
#2755=LINE('',#12350,#3120);
#2756=LINE('',#12354,#3121);
#2757=LINE('',#12358,#3122);
#2758=LINE('',#12362,#3123);
#2759=LINE('',#12366,#3124);
#2760=LINE('',#12370,#3125);
#2761=LINE('',#12374,#3126);
#2762=LINE('',#12378,#3127);
#2763=LINE('',#12382,#3128);
#2764=LINE('',#12386,#3129);
#2765=LINE('',#12390,#3130);
#2766=LINE('',#12394,#3131);
#2767=LINE('',#12398,#3132);
#2768=LINE('',#12402,#3133);
#2769=LINE('',#12406,#3134);
#2770=LINE('',#12410,#3135);
#2771=LINE('',#12414,#3136);
#2772=LINE('',#12418,#3137);
#2773=LINE('',#12422,#3138);
#2774=LINE('',#12426,#3139);
#2775=LINE('',#12430,#3140);
#2776=LINE('',#12434,#3141);
#2777=LINE('',#12438,#3142);
#2778=LINE('',#12442,#3143);
#2779=LINE('',#12446,#3144);
#2780=LINE('',#12450,#3145);
#2781=LINE('',#12454,#3146);
#2782=LINE('',#12458,#3147);
#2783=LINE('',#12462,#3148);
#2784=LINE('',#12466,#3149);
#2785=LINE('',#12470,#3150);
#2786=LINE('',#12474,#3151);
#2787=LINE('',#12478,#3152);
#2788=LINE('',#12482,#3153);
#2789=LINE('',#12486,#3154);
#2790=LINE('',#12490,#3155);
#2791=LINE('',#12494,#3156);
#2792=LINE('',#12498,#3157);
#2793=LINE('',#12502,#3158);
#2794=LINE('',#12506,#3159);
#2795=LINE('',#12510,#3160);
#2796=LINE('',#12514,#3161);
#2797=LINE('',#12519,#3162);
#2798=LINE('',#12523,#3163);
#2799=LINE('',#12526,#3164);
#2800=LINE('',#12527,#3165);
#2801=LINE('',#12529,#3166);
#2802=LINE('',#12536,#3167);
#2803=LINE('',#12537,#3168);
#2804=LINE('',#12539,#3169);
#2805=LINE('',#12541,#3170);
#2806=LINE('',#12544,#3171);
#2807=LINE('',#12546,#3172);
#2808=LINE('',#12548,#3173);
#2809=LINE('',#12550,#3174);
#2810=LINE('',#12553,#3175);
#2811=LINE('',#12555,#3176);
#2812=LINE('',#12556,#3177);
#2813=LINE('',#12560,#3178);
#2814=LINE('',#12563,#3179);
#2815=LINE('',#12566,#3180);
#2816=VECTOR('',#8364,10.);
#2817=VECTOR('',#8367,10.);
#2818=VECTOR('',#8372,10.);
#2819=VECTOR('',#8373,10.);
#2820=VECTOR('',#8378,10.);
#2821=VECTOR('',#8379,10.);
#2822=VECTOR('',#8384,10.);
#2823=VECTOR('',#8385,10.);
#2824=VECTOR('',#8388,10.);
#2825=VECTOR('',#8389,10.);
#2826=VECTOR('',#8390,10.);
#2827=VECTOR('',#8393,10.);
#2828=VECTOR('',#8394,10.);
#2829=VECTOR('',#8397,10.);
#2830=VECTOR('',#8402,10.);
#2831=VECTOR('',#8405,10.);
#2832=VECTOR('',#8408,10.);
#2833=VECTOR('',#8411,10.);
#2834=VECTOR('',#8414,10.);
#2835=VECTOR('',#8419,10.);
#2836=VECTOR('',#8424,10.);
#2837=VECTOR('',#8429,10.);
#2838=VECTOR('',#8432,10.);
#2839=VECTOR('',#8435,10.);
#2840=VECTOR('',#8438,10.);
#2841=VECTOR('',#8441,10.);
#2842=VECTOR('',#8444,10.);
#2843=VECTOR('',#8447,10.);
#2844=VECTOR('',#8450,10.);
#2845=VECTOR('',#9011,10.);
#2846=VECTOR('',#9012,10.);
#2847=VECTOR('',#9015,10.);
#2848=VECTOR('',#9016,10.);
#2849=VECTOR('',#9017,10.);
#2850=VECTOR('',#9020,10.);
#2851=VECTOR('',#9025,10.);
#2852=VECTOR('',#9028,10.);
#2853=VECTOR('',#9031,10.);
#2854=VECTOR('',#9036,10.);
#2855=VECTOR('',#9039,10.);
#2856=VECTOR('',#9042,10.);
#2857=VECTOR('',#9045,10.);
#2858=VECTOR('',#9046,10.);
#2859=VECTOR('',#9047,10.);
#2860=VECTOR('',#9048,10.);
#2861=VECTOR('',#9049,10.);
#2862=VECTOR('',#9050,10.);
#2863=VECTOR('',#9053,10.);
#2864=VECTOR('',#9058,10.);
#2865=VECTOR('',#9065,10.);
#2866=VECTOR('',#9066,10.);
#2867=VECTOR('',#9069,10.);
#2868=VECTOR('',#9070,10.);
#2869=VECTOR('',#9073,10.);
#2870=VECTOR('',#9076,10.);
#2871=VECTOR('',#9079,10.);
#2872=VECTOR('',#9084,10.);
#2873=VECTOR('',#9087,10.);
#2874=VECTOR('',#9088,10.);
#2875=VECTOR('',#9091,10.);
#2876=VECTOR('',#9096,10.);
#2877=VECTOR('',#9099,10.);
#2878=VECTOR('',#9102,10.);
#2879=VECTOR('',#9107,1.6);
#2880=VECTOR('',#9112,1.6);
#2881=VECTOR('',#9119,1.6);
#2882=VECTOR('',#9124,1.6);
#2883=VECTOR('',#9129,1.6);
#2884=VECTOR('',#9134,1.6);
#2885=VECTOR('',#9139,1.6);
#2886=VECTOR('',#9144,1.6);
#2887=VECTOR('',#9149,1.6);
#2888=VECTOR('',#9154,1.6);
#2889=VECTOR('',#9159,1.6);
#2890=VECTOR('',#9164,1.6);
#2891=VECTOR('',#9169,1.6);
#2892=VECTOR('',#9174,1.6);
#2893=VECTOR('',#9179,1.6);
#2894=VECTOR('',#9184,1.6);
#2895=VECTOR('',#9189,1.6);
#2896=VECTOR('',#9194,1.6);
#2897=VECTOR('',#9199,1.6);
#2898=VECTOR('',#9204,1.6);
#2899=VECTOR('',#9209,1.6);
#2900=VECTOR('',#9214,1.6);
#2901=VECTOR('',#9219,1.6);
#2902=VECTOR('',#9224,1.6);
#2903=VECTOR('',#9229,1.6);
#2904=VECTOR('',#9234,1.6);
#2905=VECTOR('',#9239,1.6);
#2906=VECTOR('',#9244,1.6);
#2907=VECTOR('',#9249,1.6);
#2908=VECTOR('',#9254,1.6);
#2909=VECTOR('',#9259,1.6);
#2910=VECTOR('',#9264,1.6);
#2911=VECTOR('',#9269,1.6);
#2912=VECTOR('',#9274,1.6);
#2913=VECTOR('',#9279,1.6);
#2914=VECTOR('',#9284,1.6);
#2915=VECTOR('',#9289,1.6);
#2916=VECTOR('',#9294,1.6);
#2917=VECTOR('',#9299,1.6);
#2918=VECTOR('',#9304,1.6);
#2919=VECTOR('',#9309,1.6);
#2920=VECTOR('',#9314,1.6);
#2921=VECTOR('',#9319,1.6);
#2922=VECTOR('',#9324,1.6);
#2923=VECTOR('',#9329,1.6);
#2924=VECTOR('',#9334,1.6);
#2925=VECTOR('',#9339,1.6);
#2926=VECTOR('',#9344,1.6);
#2927=VECTOR('',#9349,1.6);
#2928=VECTOR('',#9354,1.6);
#2929=VECTOR('',#9359,1.6);
#2930=VECTOR('',#9364,1.6);
#2931=VECTOR('',#9369,1.6);
#2932=VECTOR('',#9374,1.6);
#2933=VECTOR('',#9379,1.6);
#2934=VECTOR('',#9384,1.6);
#2935=VECTOR('',#9389,1.6);
#2936=VECTOR('',#9394,1.6);
#2937=VECTOR('',#9399,1.6);
#2938=VECTOR('',#9404,1.6);
#2939=VECTOR('',#9409,1.6);
#2940=VECTOR('',#9414,1.6);
#2941=VECTOR('',#9419,1.6);
#2942=VECTOR('',#9424,1.6);
#2943=VECTOR('',#9431,1.6);
#2944=VECTOR('',#9436,1.6);
#2945=VECTOR('',#9441,1.6);
#2946=VECTOR('',#9446,1.6);
#2947=VECTOR('',#9451,1.6);
#2948=VECTOR('',#9456,1.6);
#2949=VECTOR('',#9461,1.6);
#2950=VECTOR('',#9466,1.6);
#2951=VECTOR('',#9471,1.6);
#2952=VECTOR('',#9476,1.6);
#2953=VECTOR('',#9481,1.6);
#2954=VECTOR('',#9486,1.6);
#2955=VECTOR('',#9491,1.6);
#2956=VECTOR('',#9496,1.6);
#2957=VECTOR('',#9501,1.6);
#2958=VECTOR('',#9506,1.6);
#2959=VECTOR('',#9511,1.6);
#2960=VECTOR('',#9516,1.6);
#2961=VECTOR('',#9521,1.6);
#2962=VECTOR('',#9526,1.6);
#2963=VECTOR('',#9531,1.6);
#2964=VECTOR('',#9536,1.6);
#2965=VECTOR('',#9541,1.6);
#2966=VECTOR('',#9546,1.6);
#2967=VECTOR('',#9551,1.6);
#2968=VECTOR('',#9556,1.6);
#2969=VECTOR('',#9561,1.6);
#2970=VECTOR('',#9566,1.6);
#2971=VECTOR('',#9571,1.6);
#2972=VECTOR('',#9576,1.6);
#2973=VECTOR('',#9581,1.6);
#2974=VECTOR('',#9586,1.6);
#2975=VECTOR('',#9591,1.6);
#2976=VECTOR('',#9596,1.6);
#2977=VECTOR('',#9601,1.6);
#2978=VECTOR('',#9606,1.6);
#2979=VECTOR('',#9611,1.6);
#2980=VECTOR('',#9616,1.6);
#2981=VECTOR('',#9621,1.6);
#2982=VECTOR('',#9626,1.6);
#2983=VECTOR('',#9631,1.6);
#2984=VECTOR('',#9636,1.6);
#2985=VECTOR('',#9641,1.6);
#2986=VECTOR('',#9646,1.6);
#2987=VECTOR('',#9651,1.6);
#2988=VECTOR('',#9656,1.6);
#2989=VECTOR('',#9665,1.6);
#2990=VECTOR('',#9670,1.6);
#2991=VECTOR('',#9675,1.6);
#2992=VECTOR('',#9680,1.6);
#2993=VECTOR('',#9685,1.6);
#2994=VECTOR('',#9690,1.6);
#2995=VECTOR('',#9695,1.6);
#2996=VECTOR('',#9700,1.6);
#2997=VECTOR('',#9705,1.6);
#2998=VECTOR('',#9710,1.6);
#2999=VECTOR('',#9715,1.6);
#3000=VECTOR('',#9720,1.6);
#3001=VECTOR('',#9725,1.6);
#3002=VECTOR('',#9730,1.6);
#3003=VECTOR('',#9735,1.6);
#3004=VECTOR('',#9740,1.6);
#3005=VECTOR('',#9745,1.6);
#3006=VECTOR('',#9750,1.6);
#3007=VECTOR('',#9755,1.6);
#3008=VECTOR('',#9760,1.6);
#3009=VECTOR('',#9765,1.6);
#3010=VECTOR('',#9770,1.6);
#3011=VECTOR('',#9775,1.6);
#3012=VECTOR('',#9780,1.6);
#3013=VECTOR('',#9785,1.6);
#3014=VECTOR('',#9790,1.6);
#3015=VECTOR('',#9795,1.6);
#3016=VECTOR('',#9800,1.6);
#3017=VECTOR('',#9805,1.6);
#3018=VECTOR('',#9810,1.6);
#3019=VECTOR('',#9815,1.6);
#3020=VECTOR('',#9820,1.6);
#3021=VECTOR('',#9829,1.6);
#3022=VECTOR('',#9834,1.6);
#3023=VECTOR('',#9839,1.6);
#3024=VECTOR('',#9844,1.6);
#3025=VECTOR('',#9849,1.6);
#3026=VECTOR('',#9854,1.6);
#3027=VECTOR('',#9859,1.6);
#3028=VECTOR('',#9864,1.6);
#3029=VECTOR('',#9869,1.6);
#3030=VECTOR('',#9874,1.6);
#3031=VECTOR('',#9879,1.6);
#3032=VECTOR('',#9884,1.6);
#3033=VECTOR('',#9889,1.6);
#3034=VECTOR('',#9894,1.6);
#3035=VECTOR('',#9899,1.6);
#3036=VECTOR('',#9904,1.6);
#3037=VECTOR('',#9909,1.6);
#3038=VECTOR('',#9914,1.6);
#3039=VECTOR('',#9919,1.6);
#3040=VECTOR('',#9924,1.6);
#3041=VECTOR('',#9929,1.6);
#3042=VECTOR('',#9934,1.6);
#3043=VECTOR('',#9939,1.6);
#3044=VECTOR('',#9944,1.6);
#3045=VECTOR('',#9949,1.6);
#3046=VECTOR('',#9954,1.6);
#3047=VECTOR('',#9959,1.6);
#3048=VECTOR('',#9964,1.6);
#3049=VECTOR('',#9969,1.6);
#3050=VECTOR('',#9974,1.6);
#3051=VECTOR('',#9979,1.6);
#3052=VECTOR('',#9984,1.6);
#3053=VECTOR('',#9989,1.6);
#3054=VECTOR('',#9994,1.6);
#3055=VECTOR('',#9999,1.6);
#3056=VECTOR('',#10004,1.6);
#3057=VECTOR('',#10009,1.6);
#3058=VECTOR('',#10014,1.6);
#3059=VECTOR('',#10019,1.6);
#3060=VECTOR('',#10024,1.6);
#3061=VECTOR('',#10029,1.6);
#3062=VECTOR('',#10034,1.6);
#3063=VECTOR('',#10039,1.6);
#3064=VECTOR('',#10044,1.6);
#3065=VECTOR('',#10049,1.6);
#3066=VECTOR('',#10058,1.6);
#3067=VECTOR('',#10063,1.6);
#3068=VECTOR('',#10068,1.6);
#3069=VECTOR('',#10073,1.6);
#3070=VECTOR('',#10078,1.6);
#3071=VECTOR('',#10083,1.6);
#3072=VECTOR('',#10088,1.6);
#3073=VECTOR('',#10093,1.6);
#3074=VECTOR('',#10098,1.6);
#3075=VECTOR('',#10103,1.6);
#3076=VECTOR('',#10108,1.6);
#3077=VECTOR('',#10117,1.6);
#3078=VECTOR('',#10122,1.6);
#3079=VECTOR('',#10127,1.6);
#3080=VECTOR('',#10132,1.6);
#3081=VECTOR('',#10137,1.6);
#3082=VECTOR('',#10142,1.6);
#3083=VECTOR('',#10147,1.6);
#3084=VECTOR('',#10152,1.6);
#3085=VECTOR('',#10157,1.6);
#3086=VECTOR('',#10162,1.6);
#3087=VECTOR('',#10167,1.6);
#3088=VECTOR('',#10172,1.6);
#3089=VECTOR('',#10177,1.6);
#3090=VECTOR('',#10182,1.6);
#3091=VECTOR('',#10187,1.6);
#3092=VECTOR('',#10192,1.6);
#3093=VECTOR('',#10197,1.6);
#3094=VECTOR('',#10202,1.6);
#3095=VECTOR('',#10207,1.6);
#3096=VECTOR('',#10212,1.6);
#3097=VECTOR('',#10217,1.6);
#3098=VECTOR('',#10222,1.6);
#3099=VECTOR('',#10227,1.6);
#3100=VECTOR('',#10232,1.6);
#3101=VECTOR('',#10237,1.6);
#3102=VECTOR('',#10242,1.6);
#3103=VECTOR('',#10247,1.6);
#3104=VECTOR('',#10252,1.6);
#3105=VECTOR('',#10257,1.6);
#3106=VECTOR('',#10262,1.6);
#3107=VECTOR('',#10267,1.6);
#3108=VECTOR('',#10272,1.6);
#3109=VECTOR('',#10279,1.6);
#3110=VECTOR('',#10284,1.6);
#3111=VECTOR('',#10289,1.6);
#3112=VECTOR('',#10294,1.6);
#3113=VECTOR('',#10299,1.6);
#3114=VECTOR('',#10304,1.6);
#3115=VECTOR('',#10309,1.6);
#3116=VECTOR('',#10314,1.6);
#3117=VECTOR('',#10319,1.6);
#3118=VECTOR('',#10324,1.6);
#3119=VECTOR('',#10329,1.6);
#3120=VECTOR('',#10334,1.6);
#3121=VECTOR('',#10339,1.6);
#3122=VECTOR('',#10344,1.6);
#3123=VECTOR('',#10349,1.6);
#3124=VECTOR('',#10354,1.6);
#3125=VECTOR('',#10359,1.6);
#3126=VECTOR('',#10364,1.6);
#3127=VECTOR('',#10369,1.6);
#3128=VECTOR('',#10374,1.6);
#3129=VECTOR('',#10379,1.6);
#3130=VECTOR('',#10384,1.6);
#3131=VECTOR('',#10389,1.6);
#3132=VECTOR('',#10394,1.6);
#3133=VECTOR('',#10399,1.6);
#3134=VECTOR('',#10404,1.6);
#3135=VECTOR('',#10409,1.6);
#3136=VECTOR('',#10414,1.6);
#3137=VECTOR('',#10419,1.6);
#3138=VECTOR('',#10424,1.6);
#3139=VECTOR('',#10429,1.6);
#3140=VECTOR('',#10434,1.6);
#3141=VECTOR('',#10439,1.6);
#3142=VECTOR('',#10444,1.6);
#3143=VECTOR('',#10449,1.6);
#3144=VECTOR('',#10454,1.6);
#3145=VECTOR('',#10459,1.6);
#3146=VECTOR('',#10464,1.6);
#3147=VECTOR('',#10469,1.6);
#3148=VECTOR('',#10474,1.6);
#3149=VECTOR('',#10479,1.6);
#3150=VECTOR('',#10484,1.6);
#3151=VECTOR('',#10489,1.6);
#3152=VECTOR('',#10494,1.6);
#3153=VECTOR('',#10499,1.6);
#3154=VECTOR('',#10504,1.6);
#3155=VECTOR('',#10509,1.6);
#3156=VECTOR('',#10514,1.6);
#3157=VECTOR('',#10519,1.6);
#3158=VECTOR('',#10524,1.6);
#3159=VECTOR('',#10529,1.6);
#3160=VECTOR('',#10534,1.6);
#3161=VECTOR('',#10539,1.6);
#3162=VECTOR('',#10546,1.6);
#3163=VECTOR('',#10551,1.6);
#3164=VECTOR('',#10554,10.);
#3165=VECTOR('',#10555,10.);
#3166=VECTOR('',#10558,10.);
#3167=VECTOR('',#10571,10.);
#3168=VECTOR('',#10572,10.);
#3169=VECTOR('',#10575,10.);
#3170=VECTOR('',#10578,10.);
#3171=VECTOR('',#10583,10.);
#3172=VECTOR('',#10586,10.);
#3173=VECTOR('',#10589,10.);
#3174=VECTOR('',#10592,10.);
#3175=VECTOR('',#10595,10.);
#3176=VECTOR('',#10596,10.);
#3177=VECTOR('',#10597,10.);
#3178=VECTOR('',#10602,10.);
#3179=VECTOR('',#10605,10.);
#3180=VECTOR('',#10610,10.);
#3181=VERTEX_POINT('',#10615);
#3182=VERTEX_POINT('',#10616);
#3183=VERTEX_POINT('',#10618);
#3184=VERTEX_POINT('',#10620);
#3185=VERTEX_POINT('',#10624);
#3186=VERTEX_POINT('',#10626);
#3187=VERTEX_POINT('',#10630);
#3188=VERTEX_POINT('',#10632);
#3189=VERTEX_POINT('',#10639);
#3190=VERTEX_POINT('',#10641);
#3191=VERTEX_POINT('',#10645);
#3192=VERTEX_POINT('',#10649);
#3193=VERTEX_POINT('',#10650);
#3194=VERTEX_POINT('',#10652);
#3195=VERTEX_POINT('',#10654);
#3196=VERTEX_POINT('',#10656);
#3197=VERTEX_POINT('',#10658);
#3198=VERTEX_POINT('',#10660);
#3199=VERTEX_POINT('',#10662);
#3200=VERTEX_POINT('',#10664);
#3201=VERTEX_POINT('',#10666);
#3202=VERTEX_POINT('',#10668);
#3203=VERTEX_POINT('',#10670);
#3204=VERTEX_POINT('',#10672);
#3205=VERTEX_POINT('',#10674);
#3206=VERTEX_POINT('',#10676);
#3207=VERTEX_POINT('',#10678);
#3208=VERTEX_POINT('',#10680);
#3209=VERTEX_POINT('',#10682);
#3210=VERTEX_POINT('',#10684);
#3211=VERTEX_POINT('',#10686);
#3212=VERTEX_POINT('',#10689);
#3213=VERTEX_POINT('',#10690);
#3214=VERTEX_POINT('',#10692);
#3215=VERTEX_POINT('',#10694);
#3216=VERTEX_POINT('',#10696);
#3217=VERTEX_POINT('',#10698);
#3218=VERTEX_POINT('',#10700);
#3219=VERTEX_POINT('',#10702);
#3220=VERTEX_POINT('',#10704);
#3221=VERTEX_POINT('',#10706);
#3222=VERTEX_POINT('',#10708);
#3223=VERTEX_POINT('',#10710);
#3224=VERTEX_POINT('',#10712);
#3225=VERTEX_POINT('',#10714);
#3226=VERTEX_POINT('',#10716);
#3227=VERTEX_POINT('',#10718);
#3228=VERTEX_POINT('',#10721);
#3229=VERTEX_POINT('',#10723);
#3230=VERTEX_POINT('',#10725);
#3231=VERTEX_POINT('',#10727);
#3232=VERTEX_POINT('',#10729);
#3233=VERTEX_POINT('',#10731);
#3234=VERTEX_POINT('',#10733);
#3235=VERTEX_POINT('',#10735);
#3236=VERTEX_POINT('',#10737);
#3237=VERTEX_POINT('',#10739);
#3238=VERTEX_POINT('',#10741);
#3239=VERTEX_POINT('',#10743);
#3240=VERTEX_POINT('',#10745);
#3241=VERTEX_POINT('',#10747);
#3242=VERTEX_POINT('',#10749);
#3243=VERTEX_POINT('',#10751);
#3244=VERTEX_POINT('',#10753);
#3245=VERTEX_POINT('',#10755);
#3246=VERTEX_POINT('',#10757);
#3247=VERTEX_POINT('',#10759);
#3248=VERTEX_POINT('',#10761);
#3249=VERTEX_POINT('',#10763);
#3250=VERTEX_POINT('',#10765);
#3251=VERTEX_POINT('',#10767);
#3252=VERTEX_POINT('',#10769);
#3253=VERTEX_POINT('',#10771);
#3254=VERTEX_POINT('',#10773);
#3255=VERTEX_POINT('',#10775);
#3256=VERTEX_POINT('',#10777);
#3257=VERTEX_POINT('',#10779);
#3258=VERTEX_POINT('',#10781);
#3259=VERTEX_POINT('',#10783);
#3260=VERTEX_POINT('',#10785);
#3261=VERTEX_POINT('',#10787);
#3262=VERTEX_POINT('',#10789);
#3263=VERTEX_POINT('',#10791);
#3264=VERTEX_POINT('',#10793);
#3265=VERTEX_POINT('',#10795);
#3266=VERTEX_POINT('',#10797);
#3267=VERTEX_POINT('',#10799);
#3268=VERTEX_POINT('',#10801);
#3269=VERTEX_POINT('',#10803);
#3270=VERTEX_POINT('',#10805);
#3271=VERTEX_POINT('',#10807);
#3272=VERTEX_POINT('',#10809);
#3273=VERTEX_POINT('',#10811);
#3274=VERTEX_POINT('',#10813);
#3275=VERTEX_POINT('',#10815);
#3276=VERTEX_POINT('',#10817);
#3277=VERTEX_POINT('',#10819);
#3278=VERTEX_POINT('',#10821);
#3279=VERTEX_POINT('',#10823);
#3280=VERTEX_POINT('',#10825);
#3281=VERTEX_POINT('',#10827);
#3282=VERTEX_POINT('',#10829);
#3283=VERTEX_POINT('',#10831);
#3284=VERTEX_POINT('',#10833);
#3285=VERTEX_POINT('',#10835);
#3286=VERTEX_POINT('',#10837);
#3287=VERTEX_POINT('',#10839);
#3288=VERTEX_POINT('',#10841);
#3289=VERTEX_POINT('',#10843);
#3290=VERTEX_POINT('',#10845);
#3291=VERTEX_POINT('',#10847);
#3292=VERTEX_POINT('',#10849);
#3293=VERTEX_POINT('',#10851);
#3294=VERTEX_POINT('',#10853);
#3295=VERTEX_POINT('',#10855);
#3296=VERTEX_POINT('',#10857);
#3297=VERTEX_POINT('',#10859);
#3298=VERTEX_POINT('',#10861);
#3299=VERTEX_POINT('',#10863);
#3300=VERTEX_POINT('',#10865);
#3301=VERTEX_POINT('',#10867);
#3302=VERTEX_POINT('',#10869);
#3303=VERTEX_POINT('',#10871);
#3304=VERTEX_POINT('',#10873);
#3305=VERTEX_POINT('',#10875);
#3306=VERTEX_POINT('',#10877);
#3307=VERTEX_POINT('',#10879);
#3308=VERTEX_POINT('',#10881);
#3309=VERTEX_POINT('',#10883);
#3310=VERTEX_POINT('',#10885);
#3311=VERTEX_POINT('',#10887);
#3312=VERTEX_POINT('',#10889);
#3313=VERTEX_POINT('',#10891);
#3314=VERTEX_POINT('',#10893);
#3315=VERTEX_POINT('',#10895);
#3316=VERTEX_POINT('',#10897);
#3317=VERTEX_POINT('',#10899);
#3318=VERTEX_POINT('',#10901);
#3319=VERTEX_POINT('',#10903);
#3320=VERTEX_POINT('',#10905);
#3321=VERTEX_POINT('',#10907);
#3322=VERTEX_POINT('',#10909);
#3323=VERTEX_POINT('',#10911);
#3324=VERTEX_POINT('',#10913);
#3325=VERTEX_POINT('',#10915);
#3326=VERTEX_POINT('',#10917);
#3327=VERTEX_POINT('',#10919);
#3328=VERTEX_POINT('',#10921);
#3329=VERTEX_POINT('',#10923);
#3330=VERTEX_POINT('',#10925);
#3331=VERTEX_POINT('',#10927);
#3332=VERTEX_POINT('',#10929);
#3333=VERTEX_POINT('',#10931);
#3334=VERTEX_POINT('',#10933);
#3335=VERTEX_POINT('',#10935);
#3336=VERTEX_POINT('',#10937);
#3337=VERTEX_POINT('',#10939);
#3338=VERTEX_POINT('',#10941);
#3339=VERTEX_POINT('',#10943);
#3340=VERTEX_POINT('',#10945);
#3341=VERTEX_POINT('',#10947);
#3342=VERTEX_POINT('',#10949);
#3343=VERTEX_POINT('',#10951);
#3344=VERTEX_POINT('',#10953);
#3345=VERTEX_POINT('',#10955);
#3346=VERTEX_POINT('',#10957);
#3347=VERTEX_POINT('',#10959);
#3348=VERTEX_POINT('',#10961);
#3349=VERTEX_POINT('',#10963);
#3350=VERTEX_POINT('',#10965);
#3351=VERTEX_POINT('',#10967);
#3352=VERTEX_POINT('',#10969);
#3353=VERTEX_POINT('',#10971);
#3354=VERTEX_POINT('',#10973);
#3355=VERTEX_POINT('',#10975);
#3356=VERTEX_POINT('',#10977);
#3357=VERTEX_POINT('',#10979);
#3358=VERTEX_POINT('',#10981);
#3359=VERTEX_POINT('',#10983);
#3360=VERTEX_POINT('',#10985);
#3361=VERTEX_POINT('',#10987);
#3362=VERTEX_POINT('',#10989);
#3363=VERTEX_POINT('',#10991);
#3364=VERTEX_POINT('',#10993);
#3365=VERTEX_POINT('',#10995);
#3366=VERTEX_POINT('',#10997);
#3367=VERTEX_POINT('',#10999);
#3368=VERTEX_POINT('',#11001);
#3369=VERTEX_POINT('',#11003);
#3370=VERTEX_POINT('',#11005);
#3371=VERTEX_POINT('',#11007);
#3372=VERTEX_POINT('',#11009);
#3373=VERTEX_POINT('',#11011);
#3374=VERTEX_POINT('',#11013);
#3375=VERTEX_POINT('',#11015);
#3376=VERTEX_POINT('',#11017);
#3377=VERTEX_POINT('',#11019);
#3378=VERTEX_POINT('',#11021);
#3379=VERTEX_POINT('',#11023);
#3380=VERTEX_POINT('',#11025);
#3381=VERTEX_POINT('',#11027);
#3382=VERTEX_POINT('',#11029);
#3383=VERTEX_POINT('',#11031);
#3384=VERTEX_POINT('',#11033);
#3385=VERTEX_POINT('',#11035);
#3386=VERTEX_POINT('',#11037);
#3387=VERTEX_POINT('',#11039);
#3388=VERTEX_POINT('',#11041);
#3389=VERTEX_POINT('',#11043);
#3390=VERTEX_POINT('',#11045);
#3391=VERTEX_POINT('',#11047);
#3392=VERTEX_POINT('',#11049);
#3393=VERTEX_POINT('',#11051);
#3394=VERTEX_POINT('',#11053);
#3395=VERTEX_POINT('',#11055);
#3396=VERTEX_POINT('',#11057);
#3397=VERTEX_POINT('',#11059);
#3398=VERTEX_POINT('',#11061);
#3399=VERTEX_POINT('',#11063);
#3400=VERTEX_POINT('',#11065);
#3401=VERTEX_POINT('',#11067);
#3402=VERTEX_POINT('',#11069);
#3403=VERTEX_POINT('',#11071);
#3404=VERTEX_POINT('',#11073);
#3405=VERTEX_POINT('',#11075);
#3406=VERTEX_POINT('',#11077);
#3407=VERTEX_POINT('',#11079);
#3408=VERTEX_POINT('',#11081);
#3409=VERTEX_POINT('',#11083);
#3410=VERTEX_POINT('',#11085);
#3411=VERTEX_POINT('',#11087);
#3412=VERTEX_POINT('',#11089);
#3413=VERTEX_POINT('',#11091);
#3414=VERTEX_POINT('',#11093);
#3415=VERTEX_POINT('',#11095);
#3416=VERTEX_POINT('',#11097);
#3417=VERTEX_POINT('',#11099);
#3418=VERTEX_POINT('',#11101);
#3419=VERTEX_POINT('',#11103);
#3420=VERTEX_POINT('',#11105);
#3421=VERTEX_POINT('',#11107);
#3422=VERTEX_POINT('',#11109);
#3423=VERTEX_POINT('',#11111);
#3424=VERTEX_POINT('',#11113);
#3425=VERTEX_POINT('',#11115);
#3426=VERTEX_POINT('',#11117);
#3427=VERTEX_POINT('',#11119);
#3428=VERTEX_POINT('',#11121);
#3429=VERTEX_POINT('',#11123);
#3430=VERTEX_POINT('',#11125);
#3431=VERTEX_POINT('',#11127);
#3432=VERTEX_POINT('',#11129);
#3433=VERTEX_POINT('',#11131);
#3434=VERTEX_POINT('',#11133);
#3435=VERTEX_POINT('',#11135);
#3436=VERTEX_POINT('',#11137);
#3437=VERTEX_POINT('',#11139);
#3438=VERTEX_POINT('',#11141);
#3439=VERTEX_POINT('',#11143);
#3440=VERTEX_POINT('',#11145);
#3441=VERTEX_POINT('',#11147);
#3442=VERTEX_POINT('',#11149);
#3443=VERTEX_POINT('',#11151);
#3444=VERTEX_POINT('',#11153);
#3445=VERTEX_POINT('',#11155);
#3446=VERTEX_POINT('',#11157);
#3447=VERTEX_POINT('',#11159);
#3448=VERTEX_POINT('',#11161);
#3449=VERTEX_POINT('',#11163);
#3450=VERTEX_POINT('',#11165);
#3451=VERTEX_POINT('',#11167);
#3452=VERTEX_POINT('',#11169);
#3453=VERTEX_POINT('',#11171);
#3454=VERTEX_POINT('',#11173);
#3455=VERTEX_POINT('',#11175);
#3456=VERTEX_POINT('',#11177);
#3457=VERTEX_POINT('',#11179);
#3458=VERTEX_POINT('',#11181);
#3459=VERTEX_POINT('',#11183);
#3460=VERTEX_POINT('',#11185);
#3461=VERTEX_POINT('',#11187);
#3462=VERTEX_POINT('',#11189);
#3463=VERTEX_POINT('',#11191);
#3464=VERTEX_POINT('',#11193);
#3465=VERTEX_POINT('',#11195);
#3466=VERTEX_POINT('',#11197);
#3467=VERTEX_POINT('',#11199);
#3468=VERTEX_POINT('',#11201);
#3469=VERTEX_POINT('',#11203);
#3470=VERTEX_POINT('',#11205);
#3471=VERTEX_POINT('',#11207);
#3472=VERTEX_POINT('',#11209);
#3473=VERTEX_POINT('',#11211);
#3474=VERTEX_POINT('',#11213);
#3475=VERTEX_POINT('',#11215);
#3476=VERTEX_POINT('',#11217);
#3477=VERTEX_POINT('',#11219);
#3478=VERTEX_POINT('',#11221);
#3479=VERTEX_POINT('',#11223);
#3480=VERTEX_POINT('',#11225);
#3481=VERTEX_POINT('',#11227);
#3482=VERTEX_POINT('',#11229);
#3483=VERTEX_POINT('',#11231);
#3484=VERTEX_POINT('',#11233);
#3485=VERTEX_POINT('',#11235);
#3486=VERTEX_POINT('',#11237);
#3487=VERTEX_POINT('',#11239);
#3488=VERTEX_POINT('',#11241);
#3489=VERTEX_POINT('',#11243);
#3490=VERTEX_POINT('',#11245);
#3491=VERTEX_POINT('',#11247);
#3492=VERTEX_POINT('',#11249);
#3493=VERTEX_POINT('',#11251);
#3494=VERTEX_POINT('',#11253);
#3495=VERTEX_POINT('',#11255);
#3496=VERTEX_POINT('',#11257);
#3497=VERTEX_POINT('',#11259);
#3498=VERTEX_POINT('',#11261);
#3499=VERTEX_POINT('',#11263);
#3500=VERTEX_POINT('',#11265);
#3501=VERTEX_POINT('',#11267);
#3502=VERTEX_POINT('',#11269);
#3503=VERTEX_POINT('',#11271);
#3504=VERTEX_POINT('',#11273);
#3505=VERTEX_POINT('',#11276);
#3506=VERTEX_POINT('',#11277);
#3507=VERTEX_POINT('',#11282);
#3508=VERTEX_POINT('',#11285);
#3509=VERTEX_POINT('',#11286);
#3510=VERTEX_POINT('',#11288);
#3511=VERTEX_POINT('',#11290);
#3512=VERTEX_POINT('',#11294);
#3513=VERTEX_POINT('',#11296);
#3514=VERTEX_POINT('',#11298);
#3515=VERTEX_POINT('',#11300);
#3516=VERTEX_POINT('',#11302);
#3517=VERTEX_POINT('',#11317);
#3518=VERTEX_POINT('',#11318);
#3519=VERTEX_POINT('',#11320);
#3520=VERTEX_POINT('',#11322);
#3521=VERTEX_POINT('',#11329);
#3522=VERTEX_POINT('',#11330);
#3523=VERTEX_POINT('',#11335);
#3524=VERTEX_POINT('',#11339);
#3525=VERTEX_POINT('',#11341);
#3526=VERTEX_POINT('',#11343);
#3527=VERTEX_POINT('',#11345);
#3528=VERTEX_POINT('',#11347);
#3529=VERTEX_POINT('',#11354);
#3530=VERTEX_POINT('',#11355);
#3531=VERTEX_POINT('',#11357);
#3532=VERTEX_POINT('',#11359);
#3533=VERTEX_POINT('',#11369);
#3534=VERTEX_POINT('',#11373);
#3535=VERTEX_POINT('',#11378);
#3536=VERTEX_POINT('',#11382);
#3537=VERTEX_POINT('',#11386);
#3538=VERTEX_POINT('',#11390);
#3539=VERTEX_POINT('',#11394);
#3540=VERTEX_POINT('',#11398);
#3541=VERTEX_POINT('',#11402);
#3542=VERTEX_POINT('',#11406);
#3543=VERTEX_POINT('',#11410);
#3544=VERTEX_POINT('',#11414);
#3545=VERTEX_POINT('',#11418);
#3546=VERTEX_POINT('',#11422);
#3547=VERTEX_POINT('',#11426);
#3548=VERTEX_POINT('',#11430);
#3549=VERTEX_POINT('',#11434);
#3550=VERTEX_POINT('',#11438);
#3551=VERTEX_POINT('',#11442);
#3552=VERTEX_POINT('',#11446);
#3553=VERTEX_POINT('',#11450);
#3554=VERTEX_POINT('',#11454);
#3555=VERTEX_POINT('',#11458);
#3556=VERTEX_POINT('',#11462);
#3557=VERTEX_POINT('',#11466);
#3558=VERTEX_POINT('',#11470);
#3559=VERTEX_POINT('',#11474);
#3560=VERTEX_POINT('',#11478);
#3561=VERTEX_POINT('',#11482);
#3562=VERTEX_POINT('',#11486);
#3563=VERTEX_POINT('',#11490);
#3564=VERTEX_POINT('',#11494);
#3565=VERTEX_POINT('',#11498);
#3566=VERTEX_POINT('',#11502);
#3567=VERTEX_POINT('',#11506);
#3568=VERTEX_POINT('',#11510);
#3569=VERTEX_POINT('',#11514);
#3570=VERTEX_POINT('',#11518);
#3571=VERTEX_POINT('',#11522);
#3572=VERTEX_POINT('',#11526);
#3573=VERTEX_POINT('',#11530);
#3574=VERTEX_POINT('',#11534);
#3575=VERTEX_POINT('',#11538);
#3576=VERTEX_POINT('',#11542);
#3577=VERTEX_POINT('',#11546);
#3578=VERTEX_POINT('',#11550);
#3579=VERTEX_POINT('',#11554);
#3580=VERTEX_POINT('',#11558);
#3581=VERTEX_POINT('',#11562);
#3582=VERTEX_POINT('',#11566);
#3583=VERTEX_POINT('',#11570);
#3584=VERTEX_POINT('',#11574);
#3585=VERTEX_POINT('',#11578);
#3586=VERTEX_POINT('',#11582);
#3587=VERTEX_POINT('',#11586);
#3588=VERTEX_POINT('',#11590);
#3589=VERTEX_POINT('',#11594);
#3590=VERTEX_POINT('',#11598);
#3591=VERTEX_POINT('',#11602);
#3592=VERTEX_POINT('',#11606);
#3593=VERTEX_POINT('',#11610);
#3594=VERTEX_POINT('',#11614);
#3595=VERTEX_POINT('',#11618);
#3596=VERTEX_POINT('',#11622);
#3597=VERTEX_POINT('',#11627);
#3598=VERTEX_POINT('',#11631);
#3599=VERTEX_POINT('',#11635);
#3600=VERTEX_POINT('',#11639);
#3601=VERTEX_POINT('',#11643);
#3602=VERTEX_POINT('',#11647);
#3603=VERTEX_POINT('',#11651);
#3604=VERTEX_POINT('',#11655);
#3605=VERTEX_POINT('',#11659);
#3606=VERTEX_POINT('',#11663);
#3607=VERTEX_POINT('',#11667);
#3608=VERTEX_POINT('',#11671);
#3609=VERTEX_POINT('',#11675);
#3610=VERTEX_POINT('',#11679);
#3611=VERTEX_POINT('',#11683);
#3612=VERTEX_POINT('',#11687);
#3613=VERTEX_POINT('',#11691);
#3614=VERTEX_POINT('',#11695);
#3615=VERTEX_POINT('',#11699);
#3616=VERTEX_POINT('',#11703);
#3617=VERTEX_POINT('',#11707);
#3618=VERTEX_POINT('',#11711);
#3619=VERTEX_POINT('',#11715);
#3620=VERTEX_POINT('',#11719);
#3621=VERTEX_POINT('',#11723);
#3622=VERTEX_POINT('',#11727);
#3623=VERTEX_POINT('',#11731);
#3624=VERTEX_POINT('',#11735);
#3625=VERTEX_POINT('',#11739);
#3626=VERTEX_POINT('',#11743);
#3627=VERTEX_POINT('',#11747);
#3628=VERTEX_POINT('',#11751);
#3629=VERTEX_POINT('',#11755);
#3630=VERTEX_POINT('',#11759);
#3631=VERTEX_POINT('',#11763);
#3632=VERTEX_POINT('',#11767);
#3633=VERTEX_POINT('',#11771);
#3634=VERTEX_POINT('',#11775);
#3635=VERTEX_POINT('',#11779);
#3636=VERTEX_POINT('',#11783);
#3637=VERTEX_POINT('',#11787);
#3638=VERTEX_POINT('',#11791);
#3639=VERTEX_POINT('',#11795);
#3640=VERTEX_POINT('',#11799);
#3641=VERTEX_POINT('',#11803);
#3642=VERTEX_POINT('',#11807);
#3643=VERTEX_POINT('',#11809);
#3644=VERTEX_POINT('',#11814);
#3645=VERTEX_POINT('',#11818);
#3646=VERTEX_POINT('',#11822);
#3647=VERTEX_POINT('',#11826);
#3648=VERTEX_POINT('',#11830);
#3649=VERTEX_POINT('',#11834);
#3650=VERTEX_POINT('',#11838);
#3651=VERTEX_POINT('',#11842);
#3652=VERTEX_POINT('',#11846);
#3653=VERTEX_POINT('',#11850);
#3654=VERTEX_POINT('',#11854);
#3655=VERTEX_POINT('',#11858);
#3656=VERTEX_POINT('',#11862);
#3657=VERTEX_POINT('',#11866);
#3658=VERTEX_POINT('',#11870);
#3659=VERTEX_POINT('',#11874);
#3660=VERTEX_POINT('',#11878);
#3661=VERTEX_POINT('',#11882);
#3662=VERTEX_POINT('',#11886);
#3663=VERTEX_POINT('',#11890);
#3664=VERTEX_POINT('',#11894);
#3665=VERTEX_POINT('',#11898);
#3666=VERTEX_POINT('',#11902);
#3667=VERTEX_POINT('',#11906);
#3668=VERTEX_POINT('',#11910);
#3669=VERTEX_POINT('',#11914);
#3670=VERTEX_POINT('',#11918);
#3671=VERTEX_POINT('',#11922);
#3672=VERTEX_POINT('',#11926);
#3673=VERTEX_POINT('',#11930);
#3674=VERTEX_POINT('',#11934);
#3675=VERTEX_POINT('',#11938);
#3676=VERTEX_POINT('',#11940);
#3677=VERTEX_POINT('',#11945);
#3678=VERTEX_POINT('',#11949);
#3679=VERTEX_POINT('',#11953);
#3680=VERTEX_POINT('',#11957);
#3681=VERTEX_POINT('',#11961);
#3682=VERTEX_POINT('',#11965);
#3683=VERTEX_POINT('',#11969);
#3684=VERTEX_POINT('',#11973);
#3685=VERTEX_POINT('',#11977);
#3686=VERTEX_POINT('',#11981);
#3687=VERTEX_POINT('',#11985);
#3688=VERTEX_POINT('',#11989);
#3689=VERTEX_POINT('',#11993);
#3690=VERTEX_POINT('',#11997);
#3691=VERTEX_POINT('',#12001);
#3692=VERTEX_POINT('',#12005);
#3693=VERTEX_POINT('',#12009);
#3694=VERTEX_POINT('',#12013);
#3695=VERTEX_POINT('',#12017);
#3696=VERTEX_POINT('',#12021);
#3697=VERTEX_POINT('',#12025);
#3698=VERTEX_POINT('',#12029);
#3699=VERTEX_POINT('',#12033);
#3700=VERTEX_POINT('',#12037);
#3701=VERTEX_POINT('',#12041);
#3702=VERTEX_POINT('',#12045);
#3703=VERTEX_POINT('',#12049);
#3704=VERTEX_POINT('',#12053);
#3705=VERTEX_POINT('',#12057);
#3706=VERTEX_POINT('',#12061);
#3707=VERTEX_POINT('',#12065);
#3708=VERTEX_POINT('',#12069);
#3709=VERTEX_POINT('',#12073);
#3710=VERTEX_POINT('',#12077);
#3711=VERTEX_POINT('',#12081);
#3712=VERTEX_POINT('',#12085);
#3713=VERTEX_POINT('',#12089);
#3714=VERTEX_POINT('',#12093);
#3715=VERTEX_POINT('',#12097);
#3716=VERTEX_POINT('',#12101);
#3717=VERTEX_POINT('',#12105);
#3718=VERTEX_POINT('',#12109);
#3719=VERTEX_POINT('',#12113);
#3720=VERTEX_POINT('',#12117);
#3721=VERTEX_POINT('',#12121);
#3722=VERTEX_POINT('',#12123);
#3723=VERTEX_POINT('',#12128);
#3724=VERTEX_POINT('',#12132);
#3725=VERTEX_POINT('',#12136);
#3726=VERTEX_POINT('',#12140);
#3727=VERTEX_POINT('',#12144);
#3728=VERTEX_POINT('',#12148);
#3729=VERTEX_POINT('',#12152);
#3730=VERTEX_POINT('',#12156);
#3731=VERTEX_POINT('',#12160);
#3732=VERTEX_POINT('',#12164);
#3733=VERTEX_POINT('',#12168);
#3734=VERTEX_POINT('',#12170);
#3735=VERTEX_POINT('',#12175);
#3736=VERTEX_POINT('',#12179);
#3737=VERTEX_POINT('',#12183);
#3738=VERTEX_POINT('',#12187);
#3739=VERTEX_POINT('',#12191);
#3740=VERTEX_POINT('',#12195);
#3741=VERTEX_POINT('',#12199);
#3742=VERTEX_POINT('',#12203);
#3743=VERTEX_POINT('',#12207);
#3744=VERTEX_POINT('',#12211);
#3745=VERTEX_POINT('',#12215);
#3746=VERTEX_POINT('',#12219);
#3747=VERTEX_POINT('',#12223);
#3748=VERTEX_POINT('',#12227);
#3749=VERTEX_POINT('',#12231);
#3750=VERTEX_POINT('',#12235);
#3751=VERTEX_POINT('',#12239);
#3752=VERTEX_POINT('',#12243);
#3753=VERTEX_POINT('',#12247);
#3754=VERTEX_POINT('',#12251);
#3755=VERTEX_POINT('',#12255);
#3756=VERTEX_POINT('',#12259);
#3757=VERTEX_POINT('',#12263);
#3758=VERTEX_POINT('',#12267);
#3759=VERTEX_POINT('',#12271);
#3760=VERTEX_POINT('',#12275);
#3761=VERTEX_POINT('',#12279);
#3762=VERTEX_POINT('',#12283);
#3763=VERTEX_POINT('',#12287);
#3764=VERTEX_POINT('',#12291);
#3765=VERTEX_POINT('',#12295);
#3766=VERTEX_POINT('',#12299);
#3767=VERTEX_POINT('',#12304);
#3768=VERTEX_POINT('',#12308);
#3769=VERTEX_POINT('',#12312);
#3770=VERTEX_POINT('',#12316);
#3771=VERTEX_POINT('',#12320);
#3772=VERTEX_POINT('',#12324);
#3773=VERTEX_POINT('',#12328);
#3774=VERTEX_POINT('',#12332);
#3775=VERTEX_POINT('',#12336);
#3776=VERTEX_POINT('',#12340);
#3777=VERTEX_POINT('',#12344);
#3778=VERTEX_POINT('',#12348);
#3779=VERTEX_POINT('',#12352);
#3780=VERTEX_POINT('',#12356);
#3781=VERTEX_POINT('',#12360);
#3782=VERTEX_POINT('',#12364);
#3783=VERTEX_POINT('',#12368);
#3784=VERTEX_POINT('',#12372);
#3785=VERTEX_POINT('',#12376);
#3786=VERTEX_POINT('',#12380);
#3787=VERTEX_POINT('',#12384);
#3788=VERTEX_POINT('',#12388);
#3789=VERTEX_POINT('',#12392);
#3790=VERTEX_POINT('',#12396);
#3791=VERTEX_POINT('',#12400);
#3792=VERTEX_POINT('',#12404);
#3793=VERTEX_POINT('',#12408);
#3794=VERTEX_POINT('',#12412);
#3795=VERTEX_POINT('',#12416);
#3796=VERTEX_POINT('',#12420);
#3797=VERTEX_POINT('',#12424);
#3798=VERTEX_POINT('',#12428);
#3799=VERTEX_POINT('',#12432);
#3800=VERTEX_POINT('',#12436);
#3801=VERTEX_POINT('',#12440);
#3802=VERTEX_POINT('',#12444);
#3803=VERTEX_POINT('',#12448);
#3804=VERTEX_POINT('',#12452);
#3805=VERTEX_POINT('',#12456);
#3806=VERTEX_POINT('',#12460);
#3807=VERTEX_POINT('',#12464);
#3808=VERTEX_POINT('',#12468);
#3809=VERTEX_POINT('',#12472);
#3810=VERTEX_POINT('',#12476);
#3811=VERTEX_POINT('',#12480);
#3812=VERTEX_POINT('',#12484);
#3813=VERTEX_POINT('',#12488);
#3814=VERTEX_POINT('',#12492);
#3815=VERTEX_POINT('',#12496);
#3816=VERTEX_POINT('',#12500);
#3817=VERTEX_POINT('',#12504);
#3818=VERTEX_POINT('',#12508);
#3819=VERTEX_POINT('',#12512);
#3820=VERTEX_POINT('',#12517);
#3821=VERTEX_POINT('',#12521);
#3822=VERTEX_POINT('',#12525);
#3823=VERTEX_POINT('',#12552);
#3824=VERTEX_POINT('',#12554);
#3825=VERTEX_POINT('',#12558);
#3826=VERTEX_POINT('',#12562);
#3827=EDGE_CURVE('',#3181,#3182,#2451,.T.);
#3828=EDGE_CURVE('',#3182,#3183,#2447,.T.);
#3829=EDGE_CURVE('',#3183,#3184,#2452,.T.);
#3830=EDGE_CURVE('',#3184,#3181,#2448,.T.);
#3831=EDGE_CURVE('',#3185,#3183,#2453,.T.);
#3832=EDGE_CURVE('',#3182,#3186,#2454,.T.);
#3833=EDGE_CURVE('',#3185,#3186,#2449,.T.);
#3834=EDGE_CURVE('',#3187,#3181,#2455,.T.);
#3835=EDGE_CURVE('',#3184,#3188,#2456,.T.);
#3836=EDGE_CURVE('',#3188,#3187,#2450,.T.);
#3837=EDGE_CURVE('',#3186,#3187,#2457,.T.);
#3838=EDGE_CURVE('',#3188,#3185,#2458,.T.);
#3839=EDGE_CURVE('',#3182,#3189,#2459,.T.);
#3840=EDGE_CURVE('',#3190,#3189,#2460,.T.);
#3841=EDGE_CURVE('',#3186,#3190,#2461,.T.);
#3842=EDGE_CURVE('',#3181,#3191,#2462,.T.);
#3843=EDGE_CURVE('',#3189,#3191,#2463,.T.);
#3844=EDGE_CURVE('',#3192,#3193,#2464,.T.);
#3845=EDGE_CURVE('',#3194,#3193,#583,.T.);
#3846=EDGE_CURVE('',#3195,#3194,#584,.T.);
#3847=EDGE_CURVE('',#3195,#3196,#2465,.T.);
#3848=EDGE_CURVE('',#3197,#3196,#585,.F.);
#3849=EDGE_CURVE('',#3197,#3198,#2466,.T.);
#3850=EDGE_CURVE('',#3199,#3198,#586,.F.);
#3851=EDGE_CURVE('',#3199,#3200,#2467,.T.);
#3852=EDGE_CURVE('',#3201,#3200,#587,.F.);
#3853=EDGE_CURVE('',#3201,#3202,#2468,.T.);
#3854=EDGE_CURVE('',#3203,#3202,#588,.F.);
#3855=EDGE_CURVE('',#3203,#3204,#2469,.T.);
#3856=EDGE_CURVE('',#3205,#3204,#589,.T.);
#3857=EDGE_CURVE('',#3206,#3205,#590,.T.);
#3858=EDGE_CURVE('',#3206,#3207,#2470,.T.);
#3859=EDGE_CURVE('',#3208,#3207,#591,.T.);
#3860=EDGE_CURVE('',#3209,#3208,#592,.T.);
#3861=EDGE_CURVE('',#3209,#3210,#2471,.T.);
#3862=EDGE_CURVE('',#3211,#3210,#593,.T.);
#3863=EDGE_CURVE('',#3192,#3211,#594,.T.);
#3864=EDGE_CURVE('',#3212,#3213,#2472,.T.);
#3865=EDGE_CURVE('',#3214,#3213,#595,.T.);
#3866=EDGE_CURVE('',#3214,#3215,#2473,.T.);
#3867=EDGE_CURVE('',#3216,#3215,#596,.T.);
#3868=EDGE_CURVE('',#3216,#3217,#2474,.T.);
#3869=EDGE_CURVE('',#3218,#3217,#597,.T.);
#3870=EDGE_CURVE('',#3218,#3219,#2475,.T.);
#3871=EDGE_CURVE('',#3220,#3219,#598,.T.);
#3872=EDGE_CURVE('',#3220,#3221,#2476,.T.);
#3873=EDGE_CURVE('',#3222,#3221,#599,.F.);
#3874=EDGE_CURVE('',#3222,#3223,#2477,.T.);
#3875=EDGE_CURVE('',#3224,#3223,#600,.F.);
#3876=EDGE_CURVE('',#3224,#3225,#2478,.T.);
#3877=EDGE_CURVE('',#3226,#3225,#601,.F.);
#3878=EDGE_CURVE('',#3226,#3227,#2479,.T.);
#3879=EDGE_CURVE('',#3212,#3227,#602,.F.);
#3880=EDGE_CURVE('',#3228,#3228,#603,.T.);
#3881=EDGE_CURVE('',#3229,#3229,#604,.T.);
#3882=EDGE_CURVE('',#3230,#3230,#605,.T.);
#3883=EDGE_CURVE('',#3231,#3231,#606,.T.);
#3884=EDGE_CURVE('',#3232,#3232,#607,.T.);
#3885=EDGE_CURVE('',#3233,#3233,#608,.T.);
#3886=EDGE_CURVE('',#3234,#3234,#609,.T.);
#3887=EDGE_CURVE('',#3235,#3235,#610,.T.);
#3888=EDGE_CURVE('',#3236,#3236,#611,.T.);
#3889=EDGE_CURVE('',#3237,#3237,#612,.T.);
#3890=EDGE_CURVE('',#3238,#3238,#613,.T.);
#3891=EDGE_CURVE('',#3239,#3239,#614,.T.);
#3892=EDGE_CURVE('',#3240,#3240,#615,.T.);
#3893=EDGE_CURVE('',#3241,#3241,#616,.T.);
#3894=EDGE_CURVE('',#3242,#3242,#617,.T.);
#3895=EDGE_CURVE('',#3243,#3243,#618,.T.);
#3896=EDGE_CURVE('',#3244,#3244,#619,.T.);
#3897=EDGE_CURVE('',#3245,#3245,#620,.T.);
#3898=EDGE_CURVE('',#3246,#3246,#621,.T.);
#3899=EDGE_CURVE('',#3247,#3247,#622,.T.);
#3900=EDGE_CURVE('',#3248,#3248,#623,.T.);
#3901=EDGE_CURVE('',#3249,#3249,#624,.T.);
#3902=EDGE_CURVE('',#3250,#3250,#625,.T.);
#3903=EDGE_CURVE('',#3251,#3251,#626,.T.);
#3904=EDGE_CURVE('',#3252,#3252,#627,.T.);
#3905=EDGE_CURVE('',#3253,#3253,#628,.T.);
#3906=EDGE_CURVE('',#3254,#3254,#629,.T.);
#3907=EDGE_CURVE('',#3255,#3255,#630,.T.);
#3908=EDGE_CURVE('',#3256,#3256,#631,.T.);
#3909=EDGE_CURVE('',#3257,#3257,#632,.T.);
#3910=EDGE_CURVE('',#3258,#3258,#633,.T.);
#3911=EDGE_CURVE('',#3259,#3259,#634,.T.);
#3912=EDGE_CURVE('',#3260,#3260,#635,.T.);
#3913=EDGE_CURVE('',#3261,#3261,#636,.T.);
#3914=EDGE_CURVE('',#3262,#3262,#637,.T.);
#3915=EDGE_CURVE('',#3263,#3263,#638,.T.);
#3916=EDGE_CURVE('',#3264,#3264,#639,.T.);
#3917=EDGE_CURVE('',#3265,#3265,#640,.T.);
#3918=EDGE_CURVE('',#3266,#3266,#641,.T.);
#3919=EDGE_CURVE('',#3267,#3267,#642,.T.);
#3920=EDGE_CURVE('',#3268,#3268,#643,.T.);
#3921=EDGE_CURVE('',#3269,#3269,#644,.T.);
#3922=EDGE_CURVE('',#3270,#3270,#645,.T.);
#3923=EDGE_CURVE('',#3271,#3271,#646,.T.);
#3924=EDGE_CURVE('',#3272,#3272,#647,.T.);
#3925=EDGE_CURVE('',#3273,#3273,#648,.T.);
#3926=EDGE_CURVE('',#3274,#3274,#649,.T.);
#3927=EDGE_CURVE('',#3275,#3275,#650,.T.);
#3928=EDGE_CURVE('',#3276,#3276,#651,.T.);
#3929=EDGE_CURVE('',#3277,#3277,#652,.T.);
#3930=EDGE_CURVE('',#3278,#3278,#653,.T.);
#3931=EDGE_CURVE('',#3279,#3279,#654,.T.);
#3932=EDGE_CURVE('',#3280,#3280,#655,.T.);
#3933=EDGE_CURVE('',#3281,#3281,#656,.T.);
#3934=EDGE_CURVE('',#3282,#3282,#657,.T.);
#3935=EDGE_CURVE('',#3283,#3283,#658,.T.);
#3936=EDGE_CURVE('',#3284,#3284,#659,.T.);
#3937=EDGE_CURVE('',#3285,#3285,#660,.T.);
#3938=EDGE_CURVE('',#3286,#3286,#661,.T.);
#3939=EDGE_CURVE('',#3287,#3287,#662,.T.);
#3940=EDGE_CURVE('',#3288,#3288,#663,.T.);
#3941=EDGE_CURVE('',#3289,#3289,#664,.T.);
#3942=EDGE_CURVE('',#3290,#3290,#665,.T.);
#3943=EDGE_CURVE('',#3291,#3291,#666,.T.);
#3944=EDGE_CURVE('',#3292,#3292,#667,.T.);
#3945=EDGE_CURVE('',#3293,#3293,#668,.T.);
#3946=EDGE_CURVE('',#3294,#3294,#669,.T.);
#3947=EDGE_CURVE('',#3295,#3295,#670,.T.);
#3948=EDGE_CURVE('',#3296,#3296,#671,.T.);
#3949=EDGE_CURVE('',#3297,#3297,#672,.T.);
#3950=EDGE_CURVE('',#3298,#3298,#673,.T.);
#3951=EDGE_CURVE('',#3299,#3299,#674,.T.);
#3952=EDGE_CURVE('',#3300,#3300,#675,.T.);
#3953=EDGE_CURVE('',#3301,#3301,#676,.T.);
#3954=EDGE_CURVE('',#3302,#3302,#677,.T.);
#3955=EDGE_CURVE('',#3303,#3303,#678,.T.);
#3956=EDGE_CURVE('',#3304,#3304,#679,.T.);
#3957=EDGE_CURVE('',#3305,#3305,#680,.T.);
#3958=EDGE_CURVE('',#3306,#3306,#681,.T.);
#3959=EDGE_CURVE('',#3307,#3307,#682,.T.);
#3960=EDGE_CURVE('',#3308,#3308,#683,.T.);
#3961=EDGE_CURVE('',#3309,#3309,#684,.T.);
#3962=EDGE_CURVE('',#3310,#3310,#685,.T.);
#3963=EDGE_CURVE('',#3311,#3311,#686,.T.);
#3964=EDGE_CURVE('',#3312,#3312,#687,.T.);
#3965=EDGE_CURVE('',#3313,#3313,#688,.T.);
#3966=EDGE_CURVE('',#3314,#3314,#689,.T.);
#3967=EDGE_CURVE('',#3315,#3315,#690,.T.);
#3968=EDGE_CURVE('',#3316,#3316,#691,.T.);
#3969=EDGE_CURVE('',#3317,#3317,#692,.T.);
#3970=EDGE_CURVE('',#3318,#3318,#693,.T.);
#3971=EDGE_CURVE('',#3319,#3319,#694,.T.);
#3972=EDGE_CURVE('',#3320,#3320,#695,.T.);
#3973=EDGE_CURVE('',#3321,#3321,#696,.T.);
#3974=EDGE_CURVE('',#3322,#3322,#697,.T.);
#3975=EDGE_CURVE('',#3323,#3323,#698,.T.);
#3976=EDGE_CURVE('',#3324,#3324,#699,.T.);
#3977=EDGE_CURVE('',#3325,#3325,#700,.T.);
#3978=EDGE_CURVE('',#3326,#3326,#701,.T.);
#3979=EDGE_CURVE('',#3327,#3327,#702,.T.);
#3980=EDGE_CURVE('',#3328,#3328,#703,.T.);
#3981=EDGE_CURVE('',#3329,#3329,#704,.T.);
#3982=EDGE_CURVE('',#3330,#3330,#705,.T.);
#3983=EDGE_CURVE('',#3331,#3331,#706,.T.);
#3984=EDGE_CURVE('',#3332,#3332,#707,.T.);
#3985=EDGE_CURVE('',#3333,#3333,#708,.T.);
#3986=EDGE_CURVE('',#3334,#3334,#709,.T.);
#3987=EDGE_CURVE('',#3335,#3335,#710,.T.);
#3988=EDGE_CURVE('',#3336,#3336,#711,.T.);
#3989=EDGE_CURVE('',#3337,#3337,#712,.T.);
#3990=EDGE_CURVE('',#3338,#3338,#713,.T.);
#3991=EDGE_CURVE('',#3339,#3339,#714,.T.);
#3992=EDGE_CURVE('',#3340,#3340,#715,.T.);
#3993=EDGE_CURVE('',#3341,#3341,#716,.T.);
#3994=EDGE_CURVE('',#3342,#3342,#717,.T.);
#3995=EDGE_CURVE('',#3343,#3343,#718,.T.);
#3996=EDGE_CURVE('',#3344,#3344,#719,.T.);
#3997=EDGE_CURVE('',#3345,#3345,#720,.T.);
#3998=EDGE_CURVE('',#3346,#3346,#721,.T.);
#3999=EDGE_CURVE('',#3347,#3347,#722,.T.);
#4000=EDGE_CURVE('',#3348,#3348,#723,.T.);
#4001=EDGE_CURVE('',#3349,#3349,#724,.T.);
#4002=EDGE_CURVE('',#3350,#3350,#725,.T.);
#4003=EDGE_CURVE('',#3351,#3351,#726,.T.);
#4004=EDGE_CURVE('',#3352,#3352,#727,.T.);
#4005=EDGE_CURVE('',#3353,#3353,#728,.T.);
#4006=EDGE_CURVE('',#3354,#3354,#729,.T.);
#4007=EDGE_CURVE('',#3355,#3355,#730,.T.);
#4008=EDGE_CURVE('',#3356,#3356,#731,.T.);
#4009=EDGE_CURVE('',#3357,#3357,#732,.T.);
#4010=EDGE_CURVE('',#3358,#3358,#733,.T.);
#4011=EDGE_CURVE('',#3359,#3359,#734,.T.);
#4012=EDGE_CURVE('',#3360,#3360,#735,.T.);
#4013=EDGE_CURVE('',#3361,#3361,#736,.T.);
#4014=EDGE_CURVE('',#3362,#3362,#737,.T.);
#4015=EDGE_CURVE('',#3363,#3363,#738,.T.);
#4016=EDGE_CURVE('',#3364,#3364,#739,.T.);
#4017=EDGE_CURVE('',#3365,#3365,#740,.T.);
#4018=EDGE_CURVE('',#3366,#3366,#741,.T.);
#4019=EDGE_CURVE('',#3367,#3367,#742,.T.);
#4020=EDGE_CURVE('',#3368,#3368,#743,.T.);
#4021=EDGE_CURVE('',#3369,#3369,#744,.T.);
#4022=EDGE_CURVE('',#3370,#3370,#745,.T.);
#4023=EDGE_CURVE('',#3371,#3371,#746,.T.);
#4024=EDGE_CURVE('',#3372,#3372,#747,.T.);
#4025=EDGE_CURVE('',#3373,#3373,#748,.T.);
#4026=EDGE_CURVE('',#3374,#3374,#749,.T.);
#4027=EDGE_CURVE('',#3375,#3375,#750,.T.);
#4028=EDGE_CURVE('',#3376,#3376,#751,.T.);
#4029=EDGE_CURVE('',#3377,#3377,#752,.T.);
#4030=EDGE_CURVE('',#3378,#3378,#753,.T.);
#4031=EDGE_CURVE('',#3379,#3379,#754,.T.);
#4032=EDGE_CURVE('',#3380,#3380,#755,.T.);
#4033=EDGE_CURVE('',#3381,#3381,#756,.T.);
#4034=EDGE_CURVE('',#3382,#3382,#757,.T.);
#4035=EDGE_CURVE('',#3383,#3383,#758,.T.);
#4036=EDGE_CURVE('',#3384,#3384,#759,.T.);
#4037=EDGE_CURVE('',#3385,#3385,#760,.T.);
#4038=EDGE_CURVE('',#3386,#3386,#761,.T.);
#4039=EDGE_CURVE('',#3387,#3387,#762,.T.);
#4040=EDGE_CURVE('',#3388,#3388,#763,.T.);
#4041=EDGE_CURVE('',#3389,#3389,#764,.T.);
#4042=EDGE_CURVE('',#3390,#3390,#765,.T.);
#4043=EDGE_CURVE('',#3391,#3391,#766,.T.);
#4044=EDGE_CURVE('',#3392,#3392,#767,.T.);
#4045=EDGE_CURVE('',#3393,#3393,#768,.T.);
#4046=EDGE_CURVE('',#3394,#3394,#769,.T.);
#4047=EDGE_CURVE('',#3395,#3395,#770,.T.);
#4048=EDGE_CURVE('',#3396,#3396,#771,.T.);
#4049=EDGE_CURVE('',#3397,#3397,#772,.T.);
#4050=EDGE_CURVE('',#3398,#3398,#773,.T.);
#4051=EDGE_CURVE('',#3399,#3399,#774,.T.);
#4052=EDGE_CURVE('',#3400,#3400,#775,.T.);
#4053=EDGE_CURVE('',#3401,#3401,#776,.T.);
#4054=EDGE_CURVE('',#3402,#3402,#777,.T.);
#4055=EDGE_CURVE('',#3403,#3403,#778,.T.);
#4056=EDGE_CURVE('',#3404,#3404,#779,.T.);
#4057=EDGE_CURVE('',#3405,#3405,#780,.T.);
#4058=EDGE_CURVE('',#3406,#3406,#781,.T.);
#4059=EDGE_CURVE('',#3407,#3407,#782,.T.);
#4060=EDGE_CURVE('',#3408,#3408,#783,.T.);
#4061=EDGE_CURVE('',#3409,#3409,#784,.T.);
#4062=EDGE_CURVE('',#3410,#3410,#785,.T.);
#4063=EDGE_CURVE('',#3411,#3411,#786,.T.);
#4064=EDGE_CURVE('',#3412,#3412,#787,.T.);
#4065=EDGE_CURVE('',#3413,#3413,#788,.T.);
#4066=EDGE_CURVE('',#3414,#3414,#789,.T.);
#4067=EDGE_CURVE('',#3415,#3415,#790,.T.);
#4068=EDGE_CURVE('',#3416,#3416,#791,.T.);
#4069=EDGE_CURVE('',#3417,#3417,#792,.T.);
#4070=EDGE_CURVE('',#3418,#3418,#793,.T.);
#4071=EDGE_CURVE('',#3419,#3419,#794,.T.);
#4072=EDGE_CURVE('',#3420,#3420,#795,.T.);
#4073=EDGE_CURVE('',#3421,#3421,#796,.T.);
#4074=EDGE_CURVE('',#3422,#3422,#797,.T.);
#4075=EDGE_CURVE('',#3423,#3423,#798,.T.);
#4076=EDGE_CURVE('',#3424,#3424,#799,.T.);
#4077=EDGE_CURVE('',#3425,#3425,#800,.T.);
#4078=EDGE_CURVE('',#3426,#3426,#801,.T.);
#4079=EDGE_CURVE('',#3427,#3427,#802,.T.);
#4080=EDGE_CURVE('',#3428,#3428,#803,.T.);
#4081=EDGE_CURVE('',#3429,#3429,#804,.T.);
#4082=EDGE_CURVE('',#3430,#3430,#805,.T.);
#4083=EDGE_CURVE('',#3431,#3431,#806,.T.);
#4084=EDGE_CURVE('',#3432,#3432,#807,.T.);
#4085=EDGE_CURVE('',#3433,#3433,#808,.T.);
#4086=EDGE_CURVE('',#3434,#3434,#809,.T.);
#4087=EDGE_CURVE('',#3435,#3435,#810,.T.);
#4088=EDGE_CURVE('',#3436,#3436,#811,.T.);
#4089=EDGE_CURVE('',#3437,#3437,#812,.T.);
#4090=EDGE_CURVE('',#3438,#3438,#813,.T.);
#4091=EDGE_CURVE('',#3439,#3439,#814,.T.);
#4092=EDGE_CURVE('',#3440,#3440,#815,.T.);
#4093=EDGE_CURVE('',#3441,#3441,#816,.T.);
#4094=EDGE_CURVE('',#3442,#3442,#817,.T.);
#4095=EDGE_CURVE('',#3443,#3443,#818,.T.);
#4096=EDGE_CURVE('',#3444,#3444,#819,.T.);
#4097=EDGE_CURVE('',#3445,#3445,#820,.T.);
#4098=EDGE_CURVE('',#3446,#3446,#821,.T.);
#4099=EDGE_CURVE('',#3447,#3447,#822,.T.);
#4100=EDGE_CURVE('',#3448,#3448,#823,.T.);
#4101=EDGE_CURVE('',#3449,#3449,#824,.T.);
#4102=EDGE_CURVE('',#3450,#3450,#825,.T.);
#4103=EDGE_CURVE('',#3451,#3451,#826,.T.);
#4104=EDGE_CURVE('',#3452,#3452,#827,.T.);
#4105=EDGE_CURVE('',#3453,#3453,#828,.T.);
#4106=EDGE_CURVE('',#3454,#3454,#829,.T.);
#4107=EDGE_CURVE('',#3455,#3455,#830,.T.);
#4108=EDGE_CURVE('',#3456,#3456,#831,.T.);
#4109=EDGE_CURVE('',#3457,#3457,#832,.T.);
#4110=EDGE_CURVE('',#3458,#3458,#833,.T.);
#4111=EDGE_CURVE('',#3459,#3459,#834,.T.);
#4112=EDGE_CURVE('',#3460,#3460,#835,.T.);
#4113=EDGE_CURVE('',#3461,#3461,#836,.T.);
#4114=EDGE_CURVE('',#3462,#3462,#837,.T.);
#4115=EDGE_CURVE('',#3463,#3463,#838,.T.);
#4116=EDGE_CURVE('',#3464,#3464,#839,.T.);
#4117=EDGE_CURVE('',#3465,#3465,#840,.T.);
#4118=EDGE_CURVE('',#3466,#3466,#841,.T.);
#4119=EDGE_CURVE('',#3467,#3467,#842,.T.);
#4120=EDGE_CURVE('',#3468,#3468,#843,.T.);
#4121=EDGE_CURVE('',#3469,#3469,#844,.T.);
#4122=EDGE_CURVE('',#3470,#3470,#845,.T.);
#4123=EDGE_CURVE('',#3471,#3471,#846,.T.);
#4124=EDGE_CURVE('',#3472,#3472,#847,.T.);
#4125=EDGE_CURVE('',#3473,#3473,#848,.T.);
#4126=EDGE_CURVE('',#3474,#3474,#849,.T.);
#4127=EDGE_CURVE('',#3475,#3475,#850,.T.);
#4128=EDGE_CURVE('',#3476,#3476,#851,.T.);
#4129=EDGE_CURVE('',#3477,#3477,#852,.T.);
#4130=EDGE_CURVE('',#3478,#3478,#853,.T.);
#4131=EDGE_CURVE('',#3479,#3479,#854,.T.);
#4132=EDGE_CURVE('',#3480,#3480,#855,.T.);
#4133=EDGE_CURVE('',#3481,#3481,#856,.T.);
#4134=EDGE_CURVE('',#3482,#3482,#857,.T.);
#4135=EDGE_CURVE('',#3483,#3483,#858,.T.);
#4136=EDGE_CURVE('',#3484,#3484,#859,.T.);
#4137=EDGE_CURVE('',#3485,#3485,#860,.T.);
#4138=EDGE_CURVE('',#3486,#3486,#861,.T.);
#4139=EDGE_CURVE('',#3487,#3487,#862,.T.);
#4140=EDGE_CURVE('',#3488,#3488,#863,.T.);
#4141=EDGE_CURVE('',#3489,#3489,#864,.T.);
#4142=EDGE_CURVE('',#3490,#3490,#865,.T.);
#4143=EDGE_CURVE('',#3491,#3491,#866,.T.);
#4144=EDGE_CURVE('',#3492,#3492,#867,.T.);
#4145=EDGE_CURVE('',#3493,#3493,#868,.T.);
#4146=EDGE_CURVE('',#3494,#3494,#869,.T.);
#4147=EDGE_CURVE('',#3495,#3495,#870,.T.);
#4148=EDGE_CURVE('',#3496,#3496,#871,.T.);
#4149=EDGE_CURVE('',#3497,#3497,#872,.T.);
#4150=EDGE_CURVE('',#3498,#3498,#873,.T.);
#4151=EDGE_CURVE('',#3499,#3499,#874,.T.);
#4152=EDGE_CURVE('',#3500,#3500,#875,.T.);
#4153=EDGE_CURVE('',#3501,#3501,#876,.T.);
#4154=EDGE_CURVE('',#3502,#3502,#877,.T.);
#4155=EDGE_CURVE('',#3503,#3503,#878,.T.);
#4156=EDGE_CURVE('',#3504,#3504,#879,.T.);
#4157=EDGE_CURVE('',#3505,#3506,#880,.T.);
#4158=EDGE_CURVE('',#3506,#3224,#2480,.T.);
#4159=EDGE_CURVE('',#3223,#3505,#2481,.T.);
#4160=EDGE_CURVE('',#3506,#3507,#2482,.T.);
#4161=EDGE_CURVE('',#3225,#3507,#2483,.T.);
#4162=EDGE_CURVE('',#3508,#3509,#2484,.T.);
#4163=EDGE_CURVE('',#3509,#3510,#881,.T.);
#4164=EDGE_CURVE('',#3510,#3511,#2485,.T.);
#4165=EDGE_CURVE('',#3511,#3508,#882,.T.);
#4166=EDGE_CURVE('',#3512,#3505,#2486,.T.);
#4167=EDGE_CURVE('',#3513,#3512,#883,.T.);
#4168=EDGE_CURVE('',#3514,#3513,#2487,.T.);
#4169=EDGE_CURVE('',#3515,#3514,#884,.T.);
#4170=EDGE_CURVE('',#3516,#3515,#2488,.T.);
#4171=EDGE_CURVE('',#3507,#3516,#885,.T.);
#4172=EDGE_CURVE('',#3516,#3226,#2489,.T.);
#4173=EDGE_CURVE('',#3227,#3515,#2490,.T.);
#4174=EDGE_CURVE('',#3514,#3212,#2491,.T.);
#4175=EDGE_CURVE('',#3221,#3513,#2492,.T.);
#4176=EDGE_CURVE('',#3219,#3220,#2493,.T.);
#4177=EDGE_CURVE('',#3217,#3218,#2494,.T.);
#4178=EDGE_CURVE('',#3215,#3216,#2495,.T.);
#4179=EDGE_CURVE('',#3213,#3214,#2496,.T.);
#4180=EDGE_CURVE('',#3517,#3518,#2497,.T.);
#4181=EDGE_CURVE('',#3518,#3519,#886,.T.);
#4182=EDGE_CURVE('',#3519,#3520,#2498,.T.);
#4183=EDGE_CURVE('',#3520,#3517,#887,.T.);
#4184=EDGE_CURVE('',#3512,#3222,#2499,.T.);
#4185=EDGE_CURVE('',#3521,#3522,#888,.T.);
#4186=EDGE_CURVE('',#3522,#3197,#2500,.T.);
#4187=EDGE_CURVE('',#3196,#3521,#2501,.T.);
#4188=EDGE_CURVE('',#3522,#3523,#2502,.T.);
#4189=EDGE_CURVE('',#3198,#3523,#2503,.T.);
#4190=EDGE_CURVE('',#3524,#3521,#2504,.T.);
#4191=EDGE_CURVE('',#3525,#3524,#889,.T.);
#4192=EDGE_CURVE('',#3526,#3525,#2505,.T.);
#4193=EDGE_CURVE('',#3527,#3526,#890,.T.);
#4194=EDGE_CURVE('',#3528,#3527,#2506,.T.);
#4195=EDGE_CURVE('',#3523,#3528,#891,.T.);
#4196=EDGE_CURVE('',#3528,#3199,#2507,.T.);
#4197=EDGE_CURVE('',#3200,#3527,#2508,.T.);
#4198=EDGE_CURVE('',#3529,#3530,#2509,.T.);
#4199=EDGE_CURVE('',#3530,#3531,#892,.T.);
#4200=EDGE_CURVE('',#3531,#3532,#2510,.T.);
#4201=EDGE_CURVE('',#3532,#3529,#893,.T.);
#4202=EDGE_CURVE('',#3526,#3201,#2511,.T.);
#4203=EDGE_CURVE('',#3202,#3525,#2512,.T.);
#4204=EDGE_CURVE('',#3524,#3203,#2513,.T.);
#4205=EDGE_CURVE('',#3533,#3533,#894,.T.);
#4206=EDGE_CURVE('',#3533,#3504,#2514,.T.);
#4207=EDGE_CURVE('',#3534,#3534,#895,.T.);
#4208=EDGE_CURVE('',#3534,#3211,#2515,.T.);
#4209=EDGE_CURVE('',#3192,#3210,#896,.T.);
#4210=EDGE_CURVE('',#3535,#3535,#897,.T.);
#4211=EDGE_CURVE('',#3535,#3503,#2516,.T.);
#4212=EDGE_CURVE('',#3536,#3536,#898,.T.);
#4213=EDGE_CURVE('',#3536,#3502,#2517,.T.);
#4214=EDGE_CURVE('',#3537,#3537,#899,.T.);
#4215=EDGE_CURVE('',#3537,#3501,#2518,.T.);
#4216=EDGE_CURVE('',#3538,#3538,#900,.T.);
#4217=EDGE_CURVE('',#3538,#3500,#2519,.T.);
#4218=EDGE_CURVE('',#3539,#3539,#901,.T.);
#4219=EDGE_CURVE('',#3539,#3499,#2520,.T.);
#4220=EDGE_CURVE('',#3540,#3540,#902,.T.);
#4221=EDGE_CURVE('',#3540,#3498,#2521,.T.);
#4222=EDGE_CURVE('',#3541,#3541,#903,.T.);
#4223=EDGE_CURVE('',#3541,#3497,#2522,.T.);
#4224=EDGE_CURVE('',#3542,#3542,#904,.T.);
#4225=EDGE_CURVE('',#3542,#3496,#2523,.T.);
#4226=EDGE_CURVE('',#3543,#3543,#905,.T.);
#4227=EDGE_CURVE('',#3543,#3495,#2524,.T.);
#4228=EDGE_CURVE('',#3544,#3544,#906,.T.);
#4229=EDGE_CURVE('',#3544,#3494,#2525,.T.);
#4230=EDGE_CURVE('',#3545,#3545,#907,.T.);
#4231=EDGE_CURVE('',#3545,#3493,#2526,.T.);
#4232=EDGE_CURVE('',#3546,#3546,#908,.T.);
#4233=EDGE_CURVE('',#3546,#3492,#2527,.T.);
#4234=EDGE_CURVE('',#3547,#3547,#909,.T.);
#4235=EDGE_CURVE('',#3547,#3491,#2528,.T.);
#4236=EDGE_CURVE('',#3548,#3548,#910,.T.);
#4237=EDGE_CURVE('',#3548,#3490,#2529,.T.);
#4238=EDGE_CURVE('',#3549,#3549,#911,.T.);
#4239=EDGE_CURVE('',#3549,#3489,#2530,.T.);
#4240=EDGE_CURVE('',#3550,#3550,#912,.T.);
#4241=EDGE_CURVE('',#3550,#3488,#2531,.T.);
#4242=EDGE_CURVE('',#3551,#3551,#913,.T.);
#4243=EDGE_CURVE('',#3551,#3487,#2532,.T.);
#4244=EDGE_CURVE('',#3552,#3552,#914,.T.);
#4245=EDGE_CURVE('',#3552,#3486,#2533,.T.);
#4246=EDGE_CURVE('',#3553,#3553,#915,.T.);
#4247=EDGE_CURVE('',#3553,#3485,#2534,.T.);
#4248=EDGE_CURVE('',#3554,#3554,#916,.T.);
#4249=EDGE_CURVE('',#3554,#3484,#2535,.T.);
#4250=EDGE_CURVE('',#3555,#3555,#917,.T.);
#4251=EDGE_CURVE('',#3555,#3483,#2536,.T.);
#4252=EDGE_CURVE('',#3556,#3556,#918,.T.);
#4253=EDGE_CURVE('',#3556,#3482,#2537,.T.);
#4254=EDGE_CURVE('',#3557,#3557,#919,.T.);
#4255=EDGE_CURVE('',#3557,#3481,#2538,.T.);
#4256=EDGE_CURVE('',#3558,#3558,#920,.T.);
#4257=EDGE_CURVE('',#3558,#3480,#2539,.T.);
#4258=EDGE_CURVE('',#3559,#3559,#921,.T.);
#4259=EDGE_CURVE('',#3559,#3479,#2540,.T.);
#4260=EDGE_CURVE('',#3560,#3560,#922,.T.);
#4261=EDGE_CURVE('',#3560,#3478,#2541,.T.);
#4262=EDGE_CURVE('',#3561,#3561,#923,.T.);
#4263=EDGE_CURVE('',#3561,#3477,#2542,.T.);
#4264=EDGE_CURVE('',#3562,#3562,#924,.T.);
#4265=EDGE_CURVE('',#3562,#3476,#2543,.T.);
#4266=EDGE_CURVE('',#3563,#3563,#925,.T.);
#4267=EDGE_CURVE('',#3563,#3475,#2544,.T.);
#4268=EDGE_CURVE('',#3564,#3564,#926,.T.);
#4269=EDGE_CURVE('',#3564,#3474,#2545,.T.);
#4270=EDGE_CURVE('',#3565,#3565,#927,.T.);
#4271=EDGE_CURVE('',#3565,#3473,#2546,.T.);
#4272=EDGE_CURVE('',#3566,#3566,#928,.T.);
#4273=EDGE_CURVE('',#3566,#3472,#2547,.T.);
#4274=EDGE_CURVE('',#3567,#3567,#929,.T.);
#4275=EDGE_CURVE('',#3567,#3471,#2548,.T.);
#4276=EDGE_CURVE('',#3568,#3568,#930,.T.);
#4277=EDGE_CURVE('',#3568,#3470,#2549,.T.);
#4278=EDGE_CURVE('',#3569,#3569,#931,.T.);
#4279=EDGE_CURVE('',#3569,#3469,#2550,.T.);
#4280=EDGE_CURVE('',#3570,#3570,#932,.T.);
#4281=EDGE_CURVE('',#3570,#3468,#2551,.T.);
#4282=EDGE_CURVE('',#3571,#3571,#933,.T.);
#4283=EDGE_CURVE('',#3571,#3467,#2552,.T.);
#4284=EDGE_CURVE('',#3572,#3572,#934,.T.);
#4285=EDGE_CURVE('',#3572,#3466,#2553,.T.);
#4286=EDGE_CURVE('',#3573,#3573,#935,.T.);
#4287=EDGE_CURVE('',#3573,#3465,#2554,.T.);
#4288=EDGE_CURVE('',#3574,#3574,#936,.T.);
#4289=EDGE_CURVE('',#3574,#3464,#2555,.T.);
#4290=EDGE_CURVE('',#3575,#3575,#937,.T.);
#4291=EDGE_CURVE('',#3575,#3463,#2556,.T.);
#4292=EDGE_CURVE('',#3576,#3576,#938,.T.);
#4293=EDGE_CURVE('',#3576,#3462,#2557,.T.);
#4294=EDGE_CURVE('',#3577,#3577,#939,.T.);
#4295=EDGE_CURVE('',#3577,#3461,#2558,.T.);
#4296=EDGE_CURVE('',#3578,#3578,#940,.T.);
#4297=EDGE_CURVE('',#3578,#3460,#2559,.T.);
#4298=EDGE_CURVE('',#3579,#3579,#941,.T.);
#4299=EDGE_CURVE('',#3579,#3459,#2560,.T.);
#4300=EDGE_CURVE('',#3580,#3580,#942,.T.);
#4301=EDGE_CURVE('',#3580,#3458,#2561,.T.);
#4302=EDGE_CURVE('',#3581,#3581,#943,.T.);
#4303=EDGE_CURVE('',#3581,#3457,#2562,.T.);
#4304=EDGE_CURVE('',#3582,#3582,#944,.T.);
#4305=EDGE_CURVE('',#3582,#3456,#2563,.T.);
#4306=EDGE_CURVE('',#3583,#3583,#945,.T.);
#4307=EDGE_CURVE('',#3583,#3455,#2564,.T.);
#4308=EDGE_CURVE('',#3584,#3584,#946,.T.);
#4309=EDGE_CURVE('',#3584,#3454,#2565,.T.);
#4310=EDGE_CURVE('',#3585,#3585,#947,.T.);
#4311=EDGE_CURVE('',#3585,#3453,#2566,.T.);
#4312=EDGE_CURVE('',#3586,#3586,#948,.T.);
#4313=EDGE_CURVE('',#3586,#3452,#2567,.T.);
#4314=EDGE_CURVE('',#3587,#3587,#949,.T.);
#4315=EDGE_CURVE('',#3587,#3451,#2568,.T.);
#4316=EDGE_CURVE('',#3588,#3588,#950,.T.);
#4317=EDGE_CURVE('',#3588,#3450,#2569,.T.);
#4318=EDGE_CURVE('',#3589,#3589,#951,.T.);
#4319=EDGE_CURVE('',#3589,#3449,#2570,.T.);
#4320=EDGE_CURVE('',#3590,#3590,#952,.T.);
#4321=EDGE_CURVE('',#3590,#3448,#2571,.T.);
#4322=EDGE_CURVE('',#3591,#3591,#953,.T.);
#4323=EDGE_CURVE('',#3591,#3447,#2572,.T.);
#4324=EDGE_CURVE('',#3592,#3592,#954,.T.);
#4325=EDGE_CURVE('',#3592,#3446,#2573,.T.);
#4326=EDGE_CURVE('',#3593,#3593,#955,.T.);
#4327=EDGE_CURVE('',#3593,#3445,#2574,.T.);
#4328=EDGE_CURVE('',#3594,#3594,#956,.T.);
#4329=EDGE_CURVE('',#3594,#3444,#2575,.T.);
#4330=EDGE_CURVE('',#3595,#3595,#957,.T.);
#4331=EDGE_CURVE('',#3595,#3443,#2576,.T.);
#4332=EDGE_CURVE('',#3596,#3596,#958,.T.);
#4333=EDGE_CURVE('',#3596,#3194,#2577,.T.);
#4334=EDGE_CURVE('',#3195,#3193,#959,.T.);
#4335=EDGE_CURVE('',#3597,#3597,#960,.T.);
#4336=EDGE_CURVE('',#3597,#3442,#2578,.T.);
#4337=EDGE_CURVE('',#3598,#3598,#961,.T.);
#4338=EDGE_CURVE('',#3598,#3441,#2579,.T.);
#4339=EDGE_CURVE('',#3599,#3599,#962,.T.);
#4340=EDGE_CURVE('',#3599,#3440,#2580,.T.);
#4341=EDGE_CURVE('',#3600,#3600,#963,.T.);
#4342=EDGE_CURVE('',#3600,#3439,#2581,.T.);
#4343=EDGE_CURVE('',#3601,#3601,#964,.T.);
#4344=EDGE_CURVE('',#3601,#3438,#2582,.T.);
#4345=EDGE_CURVE('',#3602,#3602,#965,.T.);
#4346=EDGE_CURVE('',#3602,#3437,#2583,.T.);
#4347=EDGE_CURVE('',#3603,#3603,#966,.T.);
#4348=EDGE_CURVE('',#3603,#3436,#2584,.T.);
#4349=EDGE_CURVE('',#3604,#3604,#967,.T.);
#4350=EDGE_CURVE('',#3604,#3435,#2585,.T.);
#4351=EDGE_CURVE('',#3605,#3605,#968,.T.);
#4352=EDGE_CURVE('',#3605,#3434,#2586,.T.);
#4353=EDGE_CURVE('',#3606,#3606,#969,.T.);
#4354=EDGE_CURVE('',#3606,#3433,#2587,.T.);
#4355=EDGE_CURVE('',#3607,#3607,#970,.T.);
#4356=EDGE_CURVE('',#3607,#3432,#2588,.T.);
#4357=EDGE_CURVE('',#3608,#3608,#971,.T.);
#4358=EDGE_CURVE('',#3608,#3431,#2589,.T.);
#4359=EDGE_CURVE('',#3609,#3609,#972,.T.);
#4360=EDGE_CURVE('',#3609,#3430,#2590,.T.);
#4361=EDGE_CURVE('',#3610,#3610,#973,.T.);
#4362=EDGE_CURVE('',#3610,#3429,#2591,.T.);
#4363=EDGE_CURVE('',#3611,#3611,#974,.T.);
#4364=EDGE_CURVE('',#3611,#3428,#2592,.T.);
#4365=EDGE_CURVE('',#3612,#3612,#975,.T.);
#4366=EDGE_CURVE('',#3612,#3427,#2593,.T.);
#4367=EDGE_CURVE('',#3613,#3613,#976,.T.);
#4368=EDGE_CURVE('',#3613,#3426,#2594,.T.);
#4369=EDGE_CURVE('',#3614,#3614,#977,.T.);
#4370=EDGE_CURVE('',#3614,#3425,#2595,.T.);
#4371=EDGE_CURVE('',#3615,#3615,#978,.T.);
#4372=EDGE_CURVE('',#3615,#3424,#2596,.T.);
#4373=EDGE_CURVE('',#3616,#3616,#979,.T.);
#4374=EDGE_CURVE('',#3616,#3423,#2597,.T.);
#4375=EDGE_CURVE('',#3617,#3617,#980,.T.);
#4376=EDGE_CURVE('',#3617,#3422,#2598,.T.);
#4377=EDGE_CURVE('',#3618,#3618,#981,.T.);
#4378=EDGE_CURVE('',#3618,#3421,#2599,.T.);
#4379=EDGE_CURVE('',#3619,#3619,#982,.T.);
#4380=EDGE_CURVE('',#3619,#3420,#2600,.T.);
#4381=EDGE_CURVE('',#3620,#3620,#983,.T.);
#4382=EDGE_CURVE('',#3620,#3419,#2601,.T.);
#4383=EDGE_CURVE('',#3621,#3621,#984,.T.);
#4384=EDGE_CURVE('',#3621,#3418,#2602,.T.);
#4385=EDGE_CURVE('',#3622,#3622,#985,.T.);
#4386=EDGE_CURVE('',#3622,#3417,#2603,.T.);
#4387=EDGE_CURVE('',#3623,#3623,#986,.T.);
#4388=EDGE_CURVE('',#3623,#3416,#2604,.T.);
#4389=EDGE_CURVE('',#3624,#3624,#987,.T.);
#4390=EDGE_CURVE('',#3624,#3415,#2605,.T.);
#4391=EDGE_CURVE('',#3625,#3625,#988,.T.);
#4392=EDGE_CURVE('',#3625,#3414,#2606,.T.);
#4393=EDGE_CURVE('',#3626,#3626,#989,.T.);
#4394=EDGE_CURVE('',#3626,#3413,#2607,.T.);
#4395=EDGE_CURVE('',#3627,#3627,#990,.T.);
#4396=EDGE_CURVE('',#3627,#3412,#2608,.T.);
#4397=EDGE_CURVE('',#3628,#3628,#991,.T.);
#4398=EDGE_CURVE('',#3628,#3411,#2609,.T.);
#4399=EDGE_CURVE('',#3629,#3629,#992,.T.);
#4400=EDGE_CURVE('',#3629,#3410,#2610,.T.);
#4401=EDGE_CURVE('',#3630,#3630,#993,.T.);
#4402=EDGE_CURVE('',#3630,#3409,#2611,.T.);
#4403=EDGE_CURVE('',#3631,#3631,#994,.T.);
#4404=EDGE_CURVE('',#3631,#3408,#2612,.T.);
#4405=EDGE_CURVE('',#3632,#3632,#995,.T.);
#4406=EDGE_CURVE('',#3632,#3407,#2613,.T.);
#4407=EDGE_CURVE('',#3633,#3633,#996,.T.);
#4408=EDGE_CURVE('',#3633,#3406,#2614,.T.);
#4409=EDGE_CURVE('',#3634,#3634,#997,.T.);
#4410=EDGE_CURVE('',#3634,#3405,#2615,.T.);
#4411=EDGE_CURVE('',#3635,#3635,#998,.T.);
#4412=EDGE_CURVE('',#3635,#3404,#2616,.T.);
#4413=EDGE_CURVE('',#3636,#3636,#999,.T.);
#4414=EDGE_CURVE('',#3636,#3403,#2617,.T.);
#4415=EDGE_CURVE('',#3637,#3637,#1000,.T.);
#4416=EDGE_CURVE('',#3637,#3402,#2618,.T.);
#4417=EDGE_CURVE('',#3638,#3638,#1001,.T.);
#4418=EDGE_CURVE('',#3638,#3401,#2619,.T.);
#4419=EDGE_CURVE('',#3639,#3639,#1002,.T.);
#4420=EDGE_CURVE('',#3639,#3400,#2620,.T.);
#4421=EDGE_CURVE('',#3640,#3640,#1003,.T.);
#4422=EDGE_CURVE('',#3640,#3399,#2621,.T.);
#4423=EDGE_CURVE('',#3641,#3641,#1004,.T.);
#4424=EDGE_CURVE('',#3641,#3398,#2622,.T.);
#4425=EDGE_CURVE('',#3642,#3642,#1005,.T.);
#4426=EDGE_CURVE('',#3642,#3643,#2623,.T.);
#4427=EDGE_CURVE('',#3220,#3643,#1006,.T.);
#4428=EDGE_CURVE('',#3643,#3219,#1007,.T.);
#4429=EDGE_CURVE('',#3644,#3644,#1008,.T.);
#4430=EDGE_CURVE('',#3644,#3397,#2624,.T.);
#4431=EDGE_CURVE('',#3645,#3645,#1009,.T.);
#4432=EDGE_CURVE('',#3645,#3396,#2625,.T.);
#4433=EDGE_CURVE('',#3646,#3646,#1010,.T.);
#4434=EDGE_CURVE('',#3646,#3395,#2626,.T.);
#4435=EDGE_CURVE('',#3647,#3647,#1011,.T.);
#4436=EDGE_CURVE('',#3647,#3394,#2627,.T.);
#4437=EDGE_CURVE('',#3648,#3648,#1012,.T.);
#4438=EDGE_CURVE('',#3648,#3393,#2628,.T.);
#4439=EDGE_CURVE('',#3649,#3649,#1013,.T.);
#4440=EDGE_CURVE('',#3649,#3392,#2629,.T.);
#4441=EDGE_CURVE('',#3650,#3650,#1014,.T.);
#4442=EDGE_CURVE('',#3650,#3391,#2630,.T.);
#4443=EDGE_CURVE('',#3651,#3651,#1015,.T.);
#4444=EDGE_CURVE('',#3651,#3390,#2631,.T.);
#4445=EDGE_CURVE('',#3652,#3652,#1016,.T.);
#4446=EDGE_CURVE('',#3652,#3389,#2632,.T.);
#4447=EDGE_CURVE('',#3653,#3653,#1017,.T.);
#4448=EDGE_CURVE('',#3653,#3388,#2633,.T.);
#4449=EDGE_CURVE('',#3654,#3654,#1018,.T.);
#4450=EDGE_CURVE('',#3654,#3387,#2634,.T.);
#4451=EDGE_CURVE('',#3655,#3655,#1019,.T.);
#4452=EDGE_CURVE('',#3655,#3386,#2635,.T.);
#4453=EDGE_CURVE('',#3656,#3656,#1020,.T.);
#4454=EDGE_CURVE('',#3656,#3385,#2636,.T.);
#4455=EDGE_CURVE('',#3657,#3657,#1021,.T.);
#4456=EDGE_CURVE('',#3657,#3384,#2637,.T.);
#4457=EDGE_CURVE('',#3658,#3658,#1022,.T.);
#4458=EDGE_CURVE('',#3658,#3383,#2638,.T.);
#4459=EDGE_CURVE('',#3659,#3659,#1023,.T.);
#4460=EDGE_CURVE('',#3659,#3382,#2639,.T.);
#4461=EDGE_CURVE('',#3660,#3660,#1024,.T.);
#4462=EDGE_CURVE('',#3660,#3381,#2640,.T.);
#4463=EDGE_CURVE('',#3661,#3661,#1025,.T.);
#4464=EDGE_CURVE('',#3661,#3380,#2641,.T.);
#4465=EDGE_CURVE('',#3662,#3662,#1026,.T.);
#4466=EDGE_CURVE('',#3662,#3379,#2642,.T.);
#4467=EDGE_CURVE('',#3663,#3663,#1027,.T.);
#4468=EDGE_CURVE('',#3663,#3378,#2643,.T.);
#4469=EDGE_CURVE('',#3664,#3664,#1028,.T.);
#4470=EDGE_CURVE('',#3664,#3377,#2644,.T.);
#4471=EDGE_CURVE('',#3665,#3665,#1029,.T.);
#4472=EDGE_CURVE('',#3665,#3376,#2645,.T.);
#4473=EDGE_CURVE('',#3666,#3666,#1030,.T.);
#4474=EDGE_CURVE('',#3666,#3375,#2646,.T.);
#4475=EDGE_CURVE('',#3667,#3667,#1031,.T.);
#4476=EDGE_CURVE('',#3667,#3374,#2647,.T.);
#4477=EDGE_CURVE('',#3668,#3668,#1032,.T.);
#4478=EDGE_CURVE('',#3668,#3373,#2648,.T.);
#4479=EDGE_CURVE('',#3669,#3669,#1033,.T.);
#4480=EDGE_CURVE('',#3669,#3372,#2649,.T.);
#4481=EDGE_CURVE('',#3670,#3670,#1034,.T.);
#4482=EDGE_CURVE('',#3670,#3371,#2650,.T.);
#4483=EDGE_CURVE('',#3671,#3671,#1035,.T.);
#4484=EDGE_CURVE('',#3671,#3370,#2651,.T.);
#4485=EDGE_CURVE('',#3672,#3672,#1036,.T.);
#4486=EDGE_CURVE('',#3672,#3369,#2652,.T.);
#4487=EDGE_CURVE('',#3673,#3673,#1037,.T.);
#4488=EDGE_CURVE('',#3673,#3368,#2653,.T.);
#4489=EDGE_CURVE('',#3674,#3674,#1038,.T.);
#4490=EDGE_CURVE('',#3674,#3367,#2654,.T.);
#4491=EDGE_CURVE('',#3675,#3675,#1039,.T.);
#4492=EDGE_CURVE('',#3675,#3676,#2655,.T.);
#4493=EDGE_CURVE('',#3214,#3676,#1040,.T.);
#4494=EDGE_CURVE('',#3676,#3213,#1041,.T.);
#4495=EDGE_CURVE('',#3677,#3677,#1042,.T.);
#4496=EDGE_CURVE('',#3677,#3366,#2656,.T.);
#4497=EDGE_CURVE('',#3678,#3678,#1043,.T.);
#4498=EDGE_CURVE('',#3678,#3365,#2657,.T.);
#4499=EDGE_CURVE('',#3679,#3679,#1044,.T.);
#4500=EDGE_CURVE('',#3679,#3364,#2658,.T.);
#4501=EDGE_CURVE('',#3680,#3680,#1045,.T.);
#4502=EDGE_CURVE('',#3680,#3363,#2659,.T.);
#4503=EDGE_CURVE('',#3681,#3681,#1046,.T.);
#4504=EDGE_CURVE('',#3681,#3362,#2660,.T.);
#4505=EDGE_CURVE('',#3682,#3682,#1047,.T.);
#4506=EDGE_CURVE('',#3682,#3361,#2661,.T.);
#4507=EDGE_CURVE('',#3683,#3683,#1048,.T.);
#4508=EDGE_CURVE('',#3683,#3360,#2662,.T.);
#4509=EDGE_CURVE('',#3684,#3684,#1049,.T.);
#4510=EDGE_CURVE('',#3684,#3359,#2663,.T.);
#4511=EDGE_CURVE('',#3685,#3685,#1050,.T.);
#4512=EDGE_CURVE('',#3685,#3358,#2664,.T.);
#4513=EDGE_CURVE('',#3686,#3686,#1051,.T.);
#4514=EDGE_CURVE('',#3686,#3357,#2665,.T.);
#4515=EDGE_CURVE('',#3687,#3687,#1052,.T.);
#4516=EDGE_CURVE('',#3687,#3356,#2666,.T.);
#4517=EDGE_CURVE('',#3688,#3688,#1053,.T.);
#4518=EDGE_CURVE('',#3688,#3355,#2667,.T.);
#4519=EDGE_CURVE('',#3689,#3689,#1054,.T.);
#4520=EDGE_CURVE('',#3689,#3354,#2668,.T.);
#4521=EDGE_CURVE('',#3690,#3690,#1055,.T.);
#4522=EDGE_CURVE('',#3690,#3353,#2669,.T.);
#4523=EDGE_CURVE('',#3691,#3691,#1056,.T.);
#4524=EDGE_CURVE('',#3691,#3352,#2670,.T.);
#4525=EDGE_CURVE('',#3692,#3692,#1057,.T.);
#4526=EDGE_CURVE('',#3692,#3351,#2671,.T.);
#4527=EDGE_CURVE('',#3693,#3693,#1058,.T.);
#4528=EDGE_CURVE('',#3693,#3350,#2672,.T.);
#4529=EDGE_CURVE('',#3694,#3694,#1059,.T.);
#4530=EDGE_CURVE('',#3694,#3349,#2673,.T.);
#4531=EDGE_CURVE('',#3695,#3695,#1060,.T.);
#4532=EDGE_CURVE('',#3695,#3348,#2674,.T.);
#4533=EDGE_CURVE('',#3696,#3696,#1061,.T.);
#4534=EDGE_CURVE('',#3696,#3347,#2675,.T.);
#4535=EDGE_CURVE('',#3697,#3697,#1062,.T.);
#4536=EDGE_CURVE('',#3697,#3346,#2676,.T.);
#4537=EDGE_CURVE('',#3698,#3698,#1063,.T.);
#4538=EDGE_CURVE('',#3698,#3345,#2677,.T.);
#4539=EDGE_CURVE('',#3699,#3699,#1064,.T.);
#4540=EDGE_CURVE('',#3699,#3344,#2678,.T.);
#4541=EDGE_CURVE('',#3700,#3700,#1065,.T.);
#4542=EDGE_CURVE('',#3700,#3343,#2679,.T.);
#4543=EDGE_CURVE('',#3701,#3701,#1066,.T.);
#4544=EDGE_CURVE('',#3701,#3342,#2680,.T.);
#4545=EDGE_CURVE('',#3702,#3702,#1067,.T.);
#4546=EDGE_CURVE('',#3702,#3341,#2681,.T.);
#4547=EDGE_CURVE('',#3703,#3703,#1068,.T.);
#4548=EDGE_CURVE('',#3703,#3340,#2682,.T.);
#4549=EDGE_CURVE('',#3704,#3704,#1069,.T.);
#4550=EDGE_CURVE('',#3704,#3339,#2683,.T.);
#4551=EDGE_CURVE('',#3705,#3705,#1070,.T.);
#4552=EDGE_CURVE('',#3705,#3338,#2684,.T.);
#4553=EDGE_CURVE('',#3706,#3706,#1071,.T.);
#4554=EDGE_CURVE('',#3706,#3337,#2685,.T.);
#4555=EDGE_CURVE('',#3707,#3707,#1072,.T.);
#4556=EDGE_CURVE('',#3707,#3336,#2686,.T.);
#4557=EDGE_CURVE('',#3708,#3708,#1073,.T.);
#4558=EDGE_CURVE('',#3708,#3335,#2687,.T.);
#4559=EDGE_CURVE('',#3709,#3709,#1074,.T.);
#4560=EDGE_CURVE('',#3709,#3334,#2688,.T.);
#4561=EDGE_CURVE('',#3710,#3710,#1075,.T.);
#4562=EDGE_CURVE('',#3710,#3333,#2689,.T.);
#4563=EDGE_CURVE('',#3711,#3711,#1076,.T.);
#4564=EDGE_CURVE('',#3711,#3332,#2690,.T.);
#4565=EDGE_CURVE('',#3712,#3712,#1077,.T.);
#4566=EDGE_CURVE('',#3712,#3331,#2691,.T.);
#4567=EDGE_CURVE('',#3713,#3713,#1078,.T.);
#4568=EDGE_CURVE('',#3713,#3330,#2692,.T.);
#4569=EDGE_CURVE('',#3714,#3714,#1079,.T.);
#4570=EDGE_CURVE('',#3714,#3329,#2693,.T.);
#4571=EDGE_CURVE('',#3715,#3715,#1080,.T.);
#4572=EDGE_CURVE('',#3715,#3328,#2694,.T.);
#4573=EDGE_CURVE('',#3716,#3716,#1081,.T.);
#4574=EDGE_CURVE('',#3716,#3327,#2695,.T.);
#4575=EDGE_CURVE('',#3717,#3717,#1082,.T.);
#4576=EDGE_CURVE('',#3717,#3326,#2696,.T.);
#4577=EDGE_CURVE('',#3718,#3718,#1083,.T.);
#4578=EDGE_CURVE('',#3718,#3325,#2697,.T.);
#4579=EDGE_CURVE('',#3719,#3719,#1084,.T.);
#4580=EDGE_CURVE('',#3719,#3324,#2698,.T.);
#4581=EDGE_CURVE('',#3720,#3720,#1085,.T.);
#4582=EDGE_CURVE('',#3720,#3323,#2699,.T.);
#4583=EDGE_CURVE('',#3721,#3721,#1086,.T.);
#4584=EDGE_CURVE('',#3721,#3722,#2700,.T.);
#4585=EDGE_CURVE('',#3216,#3722,#1087,.T.);
#4586=EDGE_CURVE('',#3722,#3215,#1088,.T.);
#4587=EDGE_CURVE('',#3723,#3723,#1089,.T.);
#4588=EDGE_CURVE('',#3723,#3322,#2701,.T.);
#4589=EDGE_CURVE('',#3724,#3724,#1090,.T.);
#4590=EDGE_CURVE('',#3724,#3321,#2702,.T.);
#4591=EDGE_CURVE('',#3725,#3725,#1091,.T.);
#4592=EDGE_CURVE('',#3725,#3320,#2703,.T.);
#4593=EDGE_CURVE('',#3726,#3726,#1092,.T.);
#4594=EDGE_CURVE('',#3726,#3319,#2704,.T.);
#4595=EDGE_CURVE('',#3727,#3727,#1093,.T.);
#4596=EDGE_CURVE('',#3727,#3318,#2705,.T.);
#4597=EDGE_CURVE('',#3728,#3728,#1094,.T.);
#4598=EDGE_CURVE('',#3728,#3317,#2706,.T.);
#4599=EDGE_CURVE('',#3729,#3729,#1095,.T.);
#4600=EDGE_CURVE('',#3729,#3316,#2707,.T.);
#4601=EDGE_CURVE('',#3730,#3730,#1096,.T.);
#4602=EDGE_CURVE('',#3730,#3315,#2708,.T.);
#4603=EDGE_CURVE('',#3731,#3731,#1097,.T.);
#4604=EDGE_CURVE('',#3731,#3314,#2709,.T.);
#4605=EDGE_CURVE('',#3732,#3732,#1098,.T.);
#4606=EDGE_CURVE('',#3732,#3313,#2710,.T.);
#4607=EDGE_CURVE('',#3733,#3733,#1099,.T.);
#4608=EDGE_CURVE('',#3733,#3734,#2711,.T.);
#4609=EDGE_CURVE('',#3218,#3734,#1100,.T.);
#4610=EDGE_CURVE('',#3734,#3217,#1101,.T.);
#4611=EDGE_CURVE('',#3735,#3735,#1102,.T.);
#4612=EDGE_CURVE('',#3735,#3312,#2712,.T.);
#4613=EDGE_CURVE('',#3736,#3736,#1103,.T.);
#4614=EDGE_CURVE('',#3736,#3311,#2713,.T.);
#4615=EDGE_CURVE('',#3737,#3737,#1104,.T.);
#4616=EDGE_CURVE('',#3737,#3310,#2714,.T.);
#4617=EDGE_CURVE('',#3738,#3738,#1105,.T.);
#4618=EDGE_CURVE('',#3738,#3309,#2715,.T.);
#4619=EDGE_CURVE('',#3739,#3739,#1106,.T.);
#4620=EDGE_CURVE('',#3739,#3308,#2716,.T.);
#4621=EDGE_CURVE('',#3740,#3740,#1107,.T.);
#4622=EDGE_CURVE('',#3740,#3307,#2717,.T.);
#4623=EDGE_CURVE('',#3741,#3741,#1108,.T.);
#4624=EDGE_CURVE('',#3741,#3306,#2718,.T.);
#4625=EDGE_CURVE('',#3742,#3742,#1109,.T.);
#4626=EDGE_CURVE('',#3742,#3305,#2719,.T.);
#4627=EDGE_CURVE('',#3743,#3743,#1110,.T.);
#4628=EDGE_CURVE('',#3743,#3304,#2720,.T.);
#4629=EDGE_CURVE('',#3744,#3744,#1111,.T.);
#4630=EDGE_CURVE('',#3744,#3303,#2721,.T.);
#4631=EDGE_CURVE('',#3745,#3745,#1112,.T.);
#4632=EDGE_CURVE('',#3745,#3302,#2722,.T.);
#4633=EDGE_CURVE('',#3746,#3746,#1113,.T.);
#4634=EDGE_CURVE('',#3746,#3301,#2723,.T.);
#4635=EDGE_CURVE('',#3747,#3747,#1114,.T.);
#4636=EDGE_CURVE('',#3747,#3300,#2724,.T.);
#4637=EDGE_CURVE('',#3748,#3748,#1115,.T.);
#4638=EDGE_CURVE('',#3748,#3299,#2725,.T.);
#4639=EDGE_CURVE('',#3749,#3749,#1116,.T.);
#4640=EDGE_CURVE('',#3749,#3298,#2726,.T.);
#4641=EDGE_CURVE('',#3750,#3750,#1117,.T.);
#4642=EDGE_CURVE('',#3750,#3297,#2727,.T.);
#4643=EDGE_CURVE('',#3751,#3751,#1118,.T.);
#4644=EDGE_CURVE('',#3751,#3296,#2728,.T.);
#4645=EDGE_CURVE('',#3752,#3752,#1119,.T.);
#4646=EDGE_CURVE('',#3752,#3295,#2729,.T.);
#4647=EDGE_CURVE('',#3753,#3753,#1120,.T.);
#4648=EDGE_CURVE('',#3753,#3294,#2730,.T.);
#4649=EDGE_CURVE('',#3754,#3754,#1121,.T.);
#4650=EDGE_CURVE('',#3754,#3293,#2731,.T.);
#4651=EDGE_CURVE('',#3755,#3755,#1122,.T.);
#4652=EDGE_CURVE('',#3755,#3292,#2732,.T.);
#4653=EDGE_CURVE('',#3756,#3756,#1123,.T.);
#4654=EDGE_CURVE('',#3756,#3291,#2733,.T.);
#4655=EDGE_CURVE('',#3757,#3757,#1124,.T.);
#4656=EDGE_CURVE('',#3757,#3290,#2734,.T.);
#4657=EDGE_CURVE('',#3758,#3758,#1125,.T.);
#4658=EDGE_CURVE('',#3758,#3289,#2735,.T.);
#4659=EDGE_CURVE('',#3759,#3759,#1126,.T.);
#4660=EDGE_CURVE('',#3759,#3288,#2736,.T.);
#4661=EDGE_CURVE('',#3760,#3760,#1127,.T.);
#4662=EDGE_CURVE('',#3760,#3287,#2737,.T.);
#4663=EDGE_CURVE('',#3761,#3761,#1128,.T.);
#4664=EDGE_CURVE('',#3761,#3286,#2738,.T.);
#4665=EDGE_CURVE('',#3762,#3762,#1129,.T.);
#4666=EDGE_CURVE('',#3762,#3285,#2739,.T.);
#4667=EDGE_CURVE('',#3763,#3763,#1130,.T.);
#4668=EDGE_CURVE('',#3763,#3284,#2740,.T.);
#4669=EDGE_CURVE('',#3764,#3764,#1131,.T.);
#4670=EDGE_CURVE('',#3764,#3283,#2741,.T.);
#4671=EDGE_CURVE('',#3765,#3765,#1132,.T.);
#4672=EDGE_CURVE('',#3765,#3282,#2742,.T.);
#4673=EDGE_CURVE('',#3766,#3766,#1133,.T.);
#4674=EDGE_CURVE('',#3766,#3205,#2743,.T.);
#4675=EDGE_CURVE('',#3206,#3204,#1134,.T.);
#4676=EDGE_CURVE('',#3767,#3767,#1135,.T.);
#4677=EDGE_CURVE('',#3767,#3281,#2744,.T.);
#4678=EDGE_CURVE('',#3768,#3768,#1136,.T.);
#4679=EDGE_CURVE('',#3768,#3280,#2745,.T.);
#4680=EDGE_CURVE('',#3769,#3769,#1137,.T.);
#4681=EDGE_CURVE('',#3769,#3279,#2746,.T.);
#4682=EDGE_CURVE('',#3770,#3770,#1138,.T.);
#4683=EDGE_CURVE('',#3770,#3278,#2747,.T.);
#4684=EDGE_CURVE('',#3771,#3771,#1139,.T.);
#4685=EDGE_CURVE('',#3771,#3277,#2748,.T.);
#4686=EDGE_CURVE('',#3772,#3772,#1140,.T.);
#4687=EDGE_CURVE('',#3772,#3276,#2749,.T.);
#4688=EDGE_CURVE('',#3773,#3773,#1141,.T.);
#4689=EDGE_CURVE('',#3773,#3275,#2750,.T.);
#4690=EDGE_CURVE('',#3774,#3774,#1142,.T.);
#4691=EDGE_CURVE('',#3774,#3274,#2751,.T.);
#4692=EDGE_CURVE('',#3775,#3775,#1143,.T.);
#4693=EDGE_CURVE('',#3775,#3273,#2752,.T.);
#4694=EDGE_CURVE('',#3776,#3776,#1144,.T.);
#4695=EDGE_CURVE('',#3776,#3272,#2753,.T.);
#4696=EDGE_CURVE('',#3777,#3777,#1145,.T.);
#4697=EDGE_CURVE('',#3777,#3271,#2754,.T.);
#4698=EDGE_CURVE('',#3778,#3778,#1146,.T.);
#4699=EDGE_CURVE('',#3778,#3270,#2755,.T.);
#4700=EDGE_CURVE('',#3779,#3779,#1147,.T.);
#4701=EDGE_CURVE('',#3779,#3269,#2756,.T.);
#4702=EDGE_CURVE('',#3780,#3780,#1148,.T.);
#4703=EDGE_CURVE('',#3780,#3268,#2757,.T.);
#4704=EDGE_CURVE('',#3781,#3781,#1149,.T.);
#4705=EDGE_CURVE('',#3781,#3267,#2758,.T.);
#4706=EDGE_CURVE('',#3782,#3782,#1150,.T.);
#4707=EDGE_CURVE('',#3782,#3266,#2759,.T.);
#4708=EDGE_CURVE('',#3783,#3783,#1151,.T.);
#4709=EDGE_CURVE('',#3783,#3265,#2760,.T.);
#4710=EDGE_CURVE('',#3784,#3784,#1152,.T.);
#4711=EDGE_CURVE('',#3784,#3264,#2761,.T.);
#4712=EDGE_CURVE('',#3785,#3785,#1153,.T.);
#4713=EDGE_CURVE('',#3785,#3263,#2762,.T.);
#4714=EDGE_CURVE('',#3786,#3786,#1154,.T.);
#4715=EDGE_CURVE('',#3786,#3262,#2763,.T.);
#4716=EDGE_CURVE('',#3787,#3787,#1155,.T.);
#4717=EDGE_CURVE('',#3787,#3261,#2764,.T.);
#4718=EDGE_CURVE('',#3788,#3788,#1156,.T.);
#4719=EDGE_CURVE('',#3788,#3260,#2765,.T.);
#4720=EDGE_CURVE('',#3789,#3789,#1157,.T.);
#4721=EDGE_CURVE('',#3789,#3259,#2766,.T.);
#4722=EDGE_CURVE('',#3790,#3790,#1158,.T.);
#4723=EDGE_CURVE('',#3790,#3258,#2767,.T.);
#4724=EDGE_CURVE('',#3791,#3791,#1159,.T.);
#4725=EDGE_CURVE('',#3791,#3257,#2768,.T.);
#4726=EDGE_CURVE('',#3792,#3792,#1160,.T.);
#4727=EDGE_CURVE('',#3792,#3256,#2769,.T.);
#4728=EDGE_CURVE('',#3793,#3793,#1161,.T.);
#4729=EDGE_CURVE('',#3793,#3255,#2770,.T.);
#4730=EDGE_CURVE('',#3794,#3794,#1162,.T.);
#4731=EDGE_CURVE('',#3794,#3254,#2771,.T.);
#4732=EDGE_CURVE('',#3795,#3795,#1163,.T.);
#4733=EDGE_CURVE('',#3795,#3253,#2772,.T.);
#4734=EDGE_CURVE('',#3796,#3796,#1164,.T.);
#4735=EDGE_CURVE('',#3796,#3252,#2773,.T.);
#4736=EDGE_CURVE('',#3797,#3797,#1165,.T.);
#4737=EDGE_CURVE('',#3797,#3251,#2774,.T.);
#4738=EDGE_CURVE('',#3798,#3798,#1166,.T.);
#4739=EDGE_CURVE('',#3798,#3250,#2775,.T.);
#4740=EDGE_CURVE('',#3799,#3799,#1167,.T.);
#4741=EDGE_CURVE('',#3799,#3249,#2776,.T.);
#4742=EDGE_CURVE('',#3800,#3800,#1168,.T.);
#4743=EDGE_CURVE('',#3800,#3248,#2777,.T.);
#4744=EDGE_CURVE('',#3801,#3801,#1169,.T.);
#4745=EDGE_CURVE('',#3801,#3247,#2778,.T.);
#4746=EDGE_CURVE('',#3802,#3802,#1170,.T.);
#4747=EDGE_CURVE('',#3802,#3246,#2779,.T.);
#4748=EDGE_CURVE('',#3803,#3803,#1171,.T.);
#4749=EDGE_CURVE('',#3803,#3245,#2780,.T.);
#4750=EDGE_CURVE('',#3804,#3804,#1172,.T.);
#4751=EDGE_CURVE('',#3804,#3244,#2781,.T.);
#4752=EDGE_CURVE('',#3805,#3805,#1173,.T.);
#4753=EDGE_CURVE('',#3805,#3243,#2782,.T.);
#4754=EDGE_CURVE('',#3806,#3806,#1174,.T.);
#4755=EDGE_CURVE('',#3806,#3242,#2783,.T.);
#4756=EDGE_CURVE('',#3807,#3807,#1175,.T.);
#4757=EDGE_CURVE('',#3807,#3241,#2784,.T.);
#4758=EDGE_CURVE('',#3808,#3808,#1176,.T.);
#4759=EDGE_CURVE('',#3808,#3240,#2785,.T.);
#4760=EDGE_CURVE('',#3809,#3809,#1177,.T.);
#4761=EDGE_CURVE('',#3809,#3239,#2786,.T.);
#4762=EDGE_CURVE('',#3810,#3810,#1178,.T.);
#4763=EDGE_CURVE('',#3810,#3238,#2787,.T.);
#4764=EDGE_CURVE('',#3811,#3811,#1179,.T.);
#4765=EDGE_CURVE('',#3811,#3237,#2788,.T.);
#4766=EDGE_CURVE('',#3812,#3812,#1180,.T.);
#4767=EDGE_CURVE('',#3812,#3236,#2789,.T.);
#4768=EDGE_CURVE('',#3813,#3813,#1181,.T.);
#4769=EDGE_CURVE('',#3813,#3235,#2790,.T.);
#4770=EDGE_CURVE('',#3814,#3814,#1182,.T.);
#4771=EDGE_CURVE('',#3814,#3234,#2791,.T.);
#4772=EDGE_CURVE('',#3815,#3815,#1183,.T.);
#4773=EDGE_CURVE('',#3815,#3233,#2792,.T.);
#4774=EDGE_CURVE('',#3816,#3816,#1184,.T.);
#4775=EDGE_CURVE('',#3816,#3232,#2793,.T.);
#4776=EDGE_CURVE('',#3817,#3817,#1185,.T.);
#4777=EDGE_CURVE('',#3817,#3231,#2794,.T.);
#4778=EDGE_CURVE('',#3818,#3818,#1186,.T.);
#4779=EDGE_CURVE('',#3818,#3230,#2795,.T.);
#4780=EDGE_CURVE('',#3819,#3819,#1187,.T.);
#4781=EDGE_CURVE('',#3819,#3208,#2796,.T.);
#4782=EDGE_CURVE('',#3209,#3207,#1188,.T.);
#4783=EDGE_CURVE('',#3820,#3820,#1189,.T.);
#4784=EDGE_CURVE('',#3820,#3229,#2797,.T.);
#4785=EDGE_CURVE('',#3821,#3821,#1190,.T.);
#4786=EDGE_CURVE('',#3821,#3228,#2798,.T.);
#4787=EDGE_CURVE('',#3822,#3190,#2799,.T.);
#4788=EDGE_CURVE('',#3187,#3822,#2800,.T.);
#4789=EDGE_CURVE('',#3191,#3822,#2801,.T.);
#4790=EDGE_CURVE('',#3517,#3509,#2802,.T.);
#4791=EDGE_CURVE('',#3510,#3520,#2803,.T.);
#4792=EDGE_CURVE('',#3508,#3518,#2804,.T.);
#4793=EDGE_CURVE('',#3511,#3519,#2805,.T.);
#4794=EDGE_CURVE('',#3207,#3209,#2806,.T.);
#4795=EDGE_CURVE('',#3204,#3206,#2807,.T.);
#4796=EDGE_CURVE('',#3193,#3195,#2808,.T.);
#4797=EDGE_CURVE('',#3210,#3192,#2809,.T.);
#4798=EDGE_CURVE('',#3823,#3531,#2810,.T.);
#4799=EDGE_CURVE('',#3824,#3823,#2811,.T.);
#4800=EDGE_CURVE('',#3824,#3532,#2812,.T.);
#4801=EDGE_CURVE('',#3825,#3824,#1191,.T.);
#4802=EDGE_CURVE('',#3529,#3825,#2813,.T.);
#4803=EDGE_CURVE('',#3826,#3530,#2814,.T.);
#4804=EDGE_CURVE('',#3823,#3826,#1192,.T.);
#4805=EDGE_CURVE('',#3826,#3825,#2815,.T.);
#4806=ORIENTED_EDGE('',*,*,#3827,.T.);
#4807=ORIENTED_EDGE('',*,*,#3828,.T.);
#4808=ORIENTED_EDGE('',*,*,#3829,.T.);
#4809=ORIENTED_EDGE('',*,*,#3830,.T.);
#4810=ORIENTED_EDGE('',*,*,#3831,.T.);
#4811=ORIENTED_EDGE('',*,*,#3828,.F.);
#4812=ORIENTED_EDGE('',*,*,#3832,.T.);
#4813=ORIENTED_EDGE('',*,*,#3833,.F.);
#4814=ORIENTED_EDGE('',*,*,#3834,.T.);
#4815=ORIENTED_EDGE('',*,*,#3830,.F.);
#4816=ORIENTED_EDGE('',*,*,#3835,.T.);
#4817=ORIENTED_EDGE('',*,*,#3836,.T.);
#4818=ORIENTED_EDGE('',*,*,#3837,.T.);
#4819=ORIENTED_EDGE('',*,*,#3836,.F.);
#4820=ORIENTED_EDGE('',*,*,#3838,.T.);
#4821=ORIENTED_EDGE('',*,*,#3833,.T.);
#4822=ORIENTED_EDGE('',*,*,#3832,.F.);
#4823=ORIENTED_EDGE('',*,*,#3839,.T.);
#4824=ORIENTED_EDGE('',*,*,#3840,.F.);
#4825=ORIENTED_EDGE('',*,*,#3841,.F.);
#4826=ORIENTED_EDGE('',*,*,#3827,.F.);
#4827=ORIENTED_EDGE('',*,*,#3842,.T.);
#4828=ORIENTED_EDGE('',*,*,#3843,.F.);
#4829=ORIENTED_EDGE('',*,*,#3839,.F.);
#4830=ORIENTED_EDGE('',*,*,#3829,.F.);
#4831=ORIENTED_EDGE('',*,*,#3831,.F.);
#4832=ORIENTED_EDGE('',*,*,#3838,.F.);
#4833=ORIENTED_EDGE('',*,*,#3835,.F.);
#4834=ORIENTED_EDGE('',*,*,#3844,.T.);
#4835=ORIENTED_EDGE('',*,*,#3845,.F.);
#4836=ORIENTED_EDGE('',*,*,#3846,.F.);
#4837=ORIENTED_EDGE('',*,*,#3847,.T.);
#4838=ORIENTED_EDGE('',*,*,#3848,.F.);
#4839=ORIENTED_EDGE('',*,*,#3849,.T.);
#4840=ORIENTED_EDGE('',*,*,#3850,.F.);
#4841=ORIENTED_EDGE('',*,*,#3851,.T.);
#4842=ORIENTED_EDGE('',*,*,#3852,.F.);
#4843=ORIENTED_EDGE('',*,*,#3853,.T.);
#4844=ORIENTED_EDGE('',*,*,#3854,.F.);
#4845=ORIENTED_EDGE('',*,*,#3855,.T.);
#4846=ORIENTED_EDGE('',*,*,#3856,.F.);
#4847=ORIENTED_EDGE('',*,*,#3857,.F.);
#4848=ORIENTED_EDGE('',*,*,#3858,.T.);
#4849=ORIENTED_EDGE('',*,*,#3859,.F.);
#4850=ORIENTED_EDGE('',*,*,#3860,.F.);
#4851=ORIENTED_EDGE('',*,*,#3861,.T.);
#4852=ORIENTED_EDGE('',*,*,#3862,.F.);
#4853=ORIENTED_EDGE('',*,*,#3863,.F.);
#4854=ORIENTED_EDGE('',*,*,#3864,.T.);
#4855=ORIENTED_EDGE('',*,*,#3865,.F.);
#4856=ORIENTED_EDGE('',*,*,#3866,.T.);
#4857=ORIENTED_EDGE('',*,*,#3867,.F.);
#4858=ORIENTED_EDGE('',*,*,#3868,.T.);
#4859=ORIENTED_EDGE('',*,*,#3869,.F.);
#4860=ORIENTED_EDGE('',*,*,#3870,.T.);
#4861=ORIENTED_EDGE('',*,*,#3871,.F.);
#4862=ORIENTED_EDGE('',*,*,#3872,.T.);
#4863=ORIENTED_EDGE('',*,*,#3873,.F.);
#4864=ORIENTED_EDGE('',*,*,#3874,.T.);
#4865=ORIENTED_EDGE('',*,*,#3875,.F.);
#4866=ORIENTED_EDGE('',*,*,#3876,.T.);
#4867=ORIENTED_EDGE('',*,*,#3877,.F.);
#4868=ORIENTED_EDGE('',*,*,#3878,.T.);
#4869=ORIENTED_EDGE('',*,*,#3879,.F.);
#4870=ORIENTED_EDGE('',*,*,#3880,.F.);
#4871=ORIENTED_EDGE('',*,*,#3881,.F.);
#4872=ORIENTED_EDGE('',*,*,#3882,.F.);
#4873=ORIENTED_EDGE('',*,*,#3883,.F.);
#4874=ORIENTED_EDGE('',*,*,#3884,.F.);
#4875=ORIENTED_EDGE('',*,*,#3885,.F.);
#4876=ORIENTED_EDGE('',*,*,#3886,.F.);
#4877=ORIENTED_EDGE('',*,*,#3887,.F.);
#4878=ORIENTED_EDGE('',*,*,#3888,.F.);
#4879=ORIENTED_EDGE('',*,*,#3889,.F.);
#4880=ORIENTED_EDGE('',*,*,#3890,.F.);
#4881=ORIENTED_EDGE('',*,*,#3891,.F.);
#4882=ORIENTED_EDGE('',*,*,#3892,.F.);
#4883=ORIENTED_EDGE('',*,*,#3893,.F.);
#4884=ORIENTED_EDGE('',*,*,#3894,.F.);
#4885=ORIENTED_EDGE('',*,*,#3895,.F.);
#4886=ORIENTED_EDGE('',*,*,#3896,.F.);
#4887=ORIENTED_EDGE('',*,*,#3897,.F.);
#4888=ORIENTED_EDGE('',*,*,#3898,.F.);
#4889=ORIENTED_EDGE('',*,*,#3899,.F.);
#4890=ORIENTED_EDGE('',*,*,#3900,.F.);
#4891=ORIENTED_EDGE('',*,*,#3901,.F.);
#4892=ORIENTED_EDGE('',*,*,#3902,.F.);
#4893=ORIENTED_EDGE('',*,*,#3903,.F.);
#4894=ORIENTED_EDGE('',*,*,#3904,.F.);
#4895=ORIENTED_EDGE('',*,*,#3905,.F.);
#4896=ORIENTED_EDGE('',*,*,#3906,.F.);
#4897=ORIENTED_EDGE('',*,*,#3907,.F.);
#4898=ORIENTED_EDGE('',*,*,#3908,.F.);
#4899=ORIENTED_EDGE('',*,*,#3909,.F.);
#4900=ORIENTED_EDGE('',*,*,#3910,.F.);
#4901=ORIENTED_EDGE('',*,*,#3911,.F.);
#4902=ORIENTED_EDGE('',*,*,#3912,.F.);
#4903=ORIENTED_EDGE('',*,*,#3913,.F.);
#4904=ORIENTED_EDGE('',*,*,#3914,.F.);
#4905=ORIENTED_EDGE('',*,*,#3915,.F.);
#4906=ORIENTED_EDGE('',*,*,#3916,.F.);
#4907=ORIENTED_EDGE('',*,*,#3917,.F.);
#4908=ORIENTED_EDGE('',*,*,#3918,.F.);
#4909=ORIENTED_EDGE('',*,*,#3919,.F.);
#4910=ORIENTED_EDGE('',*,*,#3920,.F.);
#4911=ORIENTED_EDGE('',*,*,#3921,.F.);
#4912=ORIENTED_EDGE('',*,*,#3922,.F.);
#4913=ORIENTED_EDGE('',*,*,#3923,.F.);
#4914=ORIENTED_EDGE('',*,*,#3924,.F.);
#4915=ORIENTED_EDGE('',*,*,#3925,.F.);
#4916=ORIENTED_EDGE('',*,*,#3926,.F.);
#4917=ORIENTED_EDGE('',*,*,#3927,.F.);
#4918=ORIENTED_EDGE('',*,*,#3928,.F.);
#4919=ORIENTED_EDGE('',*,*,#3929,.F.);
#4920=ORIENTED_EDGE('',*,*,#3930,.F.);
#4921=ORIENTED_EDGE('',*,*,#3931,.F.);
#4922=ORIENTED_EDGE('',*,*,#3932,.F.);
#4923=ORIENTED_EDGE('',*,*,#3933,.F.);
#4924=ORIENTED_EDGE('',*,*,#3934,.F.);
#4925=ORIENTED_EDGE('',*,*,#3935,.F.);
#4926=ORIENTED_EDGE('',*,*,#3936,.F.);
#4927=ORIENTED_EDGE('',*,*,#3937,.F.);
#4928=ORIENTED_EDGE('',*,*,#3938,.F.);
#4929=ORIENTED_EDGE('',*,*,#3939,.F.);
#4930=ORIENTED_EDGE('',*,*,#3940,.F.);
#4931=ORIENTED_EDGE('',*,*,#3941,.F.);
#4932=ORIENTED_EDGE('',*,*,#3942,.F.);
#4933=ORIENTED_EDGE('',*,*,#3943,.F.);
#4934=ORIENTED_EDGE('',*,*,#3944,.F.);
#4935=ORIENTED_EDGE('',*,*,#3945,.F.);
#4936=ORIENTED_EDGE('',*,*,#3946,.F.);
#4937=ORIENTED_EDGE('',*,*,#3947,.F.);
#4938=ORIENTED_EDGE('',*,*,#3948,.F.);
#4939=ORIENTED_EDGE('',*,*,#3949,.F.);
#4940=ORIENTED_EDGE('',*,*,#3950,.F.);
#4941=ORIENTED_EDGE('',*,*,#3951,.F.);
#4942=ORIENTED_EDGE('',*,*,#3952,.F.);
#4943=ORIENTED_EDGE('',*,*,#3953,.F.);
#4944=ORIENTED_EDGE('',*,*,#3954,.F.);
#4945=ORIENTED_EDGE('',*,*,#3955,.F.);
#4946=ORIENTED_EDGE('',*,*,#3956,.F.);
#4947=ORIENTED_EDGE('',*,*,#3957,.F.);
#4948=ORIENTED_EDGE('',*,*,#3958,.F.);
#4949=ORIENTED_EDGE('',*,*,#3959,.F.);
#4950=ORIENTED_EDGE('',*,*,#3960,.F.);
#4951=ORIENTED_EDGE('',*,*,#3961,.F.);
#4952=ORIENTED_EDGE('',*,*,#3962,.F.);
#4953=ORIENTED_EDGE('',*,*,#3963,.F.);
#4954=ORIENTED_EDGE('',*,*,#3964,.F.);
#4955=ORIENTED_EDGE('',*,*,#3965,.F.);
#4956=ORIENTED_EDGE('',*,*,#3966,.F.);
#4957=ORIENTED_EDGE('',*,*,#3967,.F.);
#4958=ORIENTED_EDGE('',*,*,#3968,.F.);
#4959=ORIENTED_EDGE('',*,*,#3969,.F.);
#4960=ORIENTED_EDGE('',*,*,#3970,.F.);
#4961=ORIENTED_EDGE('',*,*,#3971,.F.);
#4962=ORIENTED_EDGE('',*,*,#3972,.F.);
#4963=ORIENTED_EDGE('',*,*,#3973,.F.);
#4964=ORIENTED_EDGE('',*,*,#3974,.F.);
#4965=ORIENTED_EDGE('',*,*,#3975,.F.);
#4966=ORIENTED_EDGE('',*,*,#3976,.F.);
#4967=ORIENTED_EDGE('',*,*,#3977,.F.);
#4968=ORIENTED_EDGE('',*,*,#3978,.F.);
#4969=ORIENTED_EDGE('',*,*,#3979,.F.);
#4970=ORIENTED_EDGE('',*,*,#3980,.F.);
#4971=ORIENTED_EDGE('',*,*,#3981,.F.);
#4972=ORIENTED_EDGE('',*,*,#3982,.F.);
#4973=ORIENTED_EDGE('',*,*,#3983,.F.);
#4974=ORIENTED_EDGE('',*,*,#3984,.F.);
#4975=ORIENTED_EDGE('',*,*,#3985,.F.);
#4976=ORIENTED_EDGE('',*,*,#3986,.F.);
#4977=ORIENTED_EDGE('',*,*,#3987,.F.);
#4978=ORIENTED_EDGE('',*,*,#3988,.F.);
#4979=ORIENTED_EDGE('',*,*,#3989,.F.);
#4980=ORIENTED_EDGE('',*,*,#3990,.F.);
#4981=ORIENTED_EDGE('',*,*,#3991,.F.);
#4982=ORIENTED_EDGE('',*,*,#3992,.F.);
#4983=ORIENTED_EDGE('',*,*,#3993,.F.);
#4984=ORIENTED_EDGE('',*,*,#3994,.F.);
#4985=ORIENTED_EDGE('',*,*,#3995,.F.);
#4986=ORIENTED_EDGE('',*,*,#3996,.F.);
#4987=ORIENTED_EDGE('',*,*,#3997,.F.);
#4988=ORIENTED_EDGE('',*,*,#3998,.F.);
#4989=ORIENTED_EDGE('',*,*,#3999,.F.);
#4990=ORIENTED_EDGE('',*,*,#4000,.F.);
#4991=ORIENTED_EDGE('',*,*,#4001,.F.);
#4992=ORIENTED_EDGE('',*,*,#4002,.F.);
#4993=ORIENTED_EDGE('',*,*,#4003,.F.);
#4994=ORIENTED_EDGE('',*,*,#4004,.F.);
#4995=ORIENTED_EDGE('',*,*,#4005,.F.);
#4996=ORIENTED_EDGE('',*,*,#4006,.F.);
#4997=ORIENTED_EDGE('',*,*,#4007,.F.);
#4998=ORIENTED_EDGE('',*,*,#4008,.F.);
#4999=ORIENTED_EDGE('',*,*,#4009,.F.);
#5000=ORIENTED_EDGE('',*,*,#4010,.F.);
#5001=ORIENTED_EDGE('',*,*,#4011,.F.);
#5002=ORIENTED_EDGE('',*,*,#4012,.F.);
#5003=ORIENTED_EDGE('',*,*,#4013,.F.);
#5004=ORIENTED_EDGE('',*,*,#4014,.F.);
#5005=ORIENTED_EDGE('',*,*,#4015,.F.);
#5006=ORIENTED_EDGE('',*,*,#4016,.F.);
#5007=ORIENTED_EDGE('',*,*,#4017,.F.);
#5008=ORIENTED_EDGE('',*,*,#4018,.F.);
#5009=ORIENTED_EDGE('',*,*,#4019,.F.);
#5010=ORIENTED_EDGE('',*,*,#4020,.F.);
#5011=ORIENTED_EDGE('',*,*,#4021,.F.);
#5012=ORIENTED_EDGE('',*,*,#4022,.F.);
#5013=ORIENTED_EDGE('',*,*,#4023,.F.);
#5014=ORIENTED_EDGE('',*,*,#4024,.F.);
#5015=ORIENTED_EDGE('',*,*,#4025,.F.);
#5016=ORIENTED_EDGE('',*,*,#4026,.F.);
#5017=ORIENTED_EDGE('',*,*,#4027,.F.);
#5018=ORIENTED_EDGE('',*,*,#4028,.F.);
#5019=ORIENTED_EDGE('',*,*,#4029,.F.);
#5020=ORIENTED_EDGE('',*,*,#4030,.F.);
#5021=ORIENTED_EDGE('',*,*,#4031,.F.);
#5022=ORIENTED_EDGE('',*,*,#4032,.F.);
#5023=ORIENTED_EDGE('',*,*,#4033,.F.);
#5024=ORIENTED_EDGE('',*,*,#4034,.F.);
#5025=ORIENTED_EDGE('',*,*,#4035,.F.);
#5026=ORIENTED_EDGE('',*,*,#4036,.F.);
#5027=ORIENTED_EDGE('',*,*,#4037,.F.);
#5028=ORIENTED_EDGE('',*,*,#4038,.F.);
#5029=ORIENTED_EDGE('',*,*,#4039,.F.);
#5030=ORIENTED_EDGE('',*,*,#4040,.F.);
#5031=ORIENTED_EDGE('',*,*,#4041,.F.);
#5032=ORIENTED_EDGE('',*,*,#4042,.F.);
#5033=ORIENTED_EDGE('',*,*,#4043,.F.);
#5034=ORIENTED_EDGE('',*,*,#4044,.F.);
#5035=ORIENTED_EDGE('',*,*,#4045,.F.);
#5036=ORIENTED_EDGE('',*,*,#4046,.F.);
#5037=ORIENTED_EDGE('',*,*,#4047,.F.);
#5038=ORIENTED_EDGE('',*,*,#4048,.F.);
#5039=ORIENTED_EDGE('',*,*,#4049,.F.);
#5040=ORIENTED_EDGE('',*,*,#4050,.F.);
#5041=ORIENTED_EDGE('',*,*,#4051,.F.);
#5042=ORIENTED_EDGE('',*,*,#4052,.F.);
#5043=ORIENTED_EDGE('',*,*,#4053,.F.);
#5044=ORIENTED_EDGE('',*,*,#4054,.F.);
#5045=ORIENTED_EDGE('',*,*,#4055,.F.);
#5046=ORIENTED_EDGE('',*,*,#4056,.F.);
#5047=ORIENTED_EDGE('',*,*,#4057,.F.);
#5048=ORIENTED_EDGE('',*,*,#4058,.F.);
#5049=ORIENTED_EDGE('',*,*,#4059,.F.);
#5050=ORIENTED_EDGE('',*,*,#4060,.F.);
#5051=ORIENTED_EDGE('',*,*,#4061,.F.);
#5052=ORIENTED_EDGE('',*,*,#4062,.F.);
#5053=ORIENTED_EDGE('',*,*,#4063,.F.);
#5054=ORIENTED_EDGE('',*,*,#4064,.F.);
#5055=ORIENTED_EDGE('',*,*,#4065,.F.);
#5056=ORIENTED_EDGE('',*,*,#4066,.F.);
#5057=ORIENTED_EDGE('',*,*,#4067,.F.);
#5058=ORIENTED_EDGE('',*,*,#4068,.F.);
#5059=ORIENTED_EDGE('',*,*,#4069,.F.);
#5060=ORIENTED_EDGE('',*,*,#4070,.F.);
#5061=ORIENTED_EDGE('',*,*,#4071,.F.);
#5062=ORIENTED_EDGE('',*,*,#4072,.F.);
#5063=ORIENTED_EDGE('',*,*,#4073,.F.);
#5064=ORIENTED_EDGE('',*,*,#4074,.F.);
#5065=ORIENTED_EDGE('',*,*,#4075,.F.);
#5066=ORIENTED_EDGE('',*,*,#4076,.F.);
#5067=ORIENTED_EDGE('',*,*,#4077,.F.);
#5068=ORIENTED_EDGE('',*,*,#4078,.F.);
#5069=ORIENTED_EDGE('',*,*,#4079,.F.);
#5070=ORIENTED_EDGE('',*,*,#4080,.F.);
#5071=ORIENTED_EDGE('',*,*,#4081,.F.);
#5072=ORIENTED_EDGE('',*,*,#4082,.F.);
#5073=ORIENTED_EDGE('',*,*,#4083,.F.);
#5074=ORIENTED_EDGE('',*,*,#4084,.F.);
#5075=ORIENTED_EDGE('',*,*,#4085,.F.);
#5076=ORIENTED_EDGE('',*,*,#4086,.F.);
#5077=ORIENTED_EDGE('',*,*,#4087,.F.);
#5078=ORIENTED_EDGE('',*,*,#4088,.F.);
#5079=ORIENTED_EDGE('',*,*,#4089,.F.);
#5080=ORIENTED_EDGE('',*,*,#4090,.F.);
#5081=ORIENTED_EDGE('',*,*,#4091,.F.);
#5082=ORIENTED_EDGE('',*,*,#4092,.F.);
#5083=ORIENTED_EDGE('',*,*,#4093,.F.);
#5084=ORIENTED_EDGE('',*,*,#4094,.F.);
#5085=ORIENTED_EDGE('',*,*,#4095,.F.);
#5086=ORIENTED_EDGE('',*,*,#4096,.F.);
#5087=ORIENTED_EDGE('',*,*,#4097,.F.);
#5088=ORIENTED_EDGE('',*,*,#4098,.F.);
#5089=ORIENTED_EDGE('',*,*,#4099,.F.);
#5090=ORIENTED_EDGE('',*,*,#4100,.F.);
#5091=ORIENTED_EDGE('',*,*,#4101,.F.);
#5092=ORIENTED_EDGE('',*,*,#4102,.F.);
#5093=ORIENTED_EDGE('',*,*,#4103,.F.);
#5094=ORIENTED_EDGE('',*,*,#4104,.F.);
#5095=ORIENTED_EDGE('',*,*,#4105,.F.);
#5096=ORIENTED_EDGE('',*,*,#4106,.F.);
#5097=ORIENTED_EDGE('',*,*,#4107,.F.);
#5098=ORIENTED_EDGE('',*,*,#4108,.F.);
#5099=ORIENTED_EDGE('',*,*,#4109,.F.);
#5100=ORIENTED_EDGE('',*,*,#4110,.F.);
#5101=ORIENTED_EDGE('',*,*,#4111,.F.);
#5102=ORIENTED_EDGE('',*,*,#4112,.F.);
#5103=ORIENTED_EDGE('',*,*,#4113,.F.);
#5104=ORIENTED_EDGE('',*,*,#4114,.F.);
#5105=ORIENTED_EDGE('',*,*,#4115,.F.);
#5106=ORIENTED_EDGE('',*,*,#4116,.F.);
#5107=ORIENTED_EDGE('',*,*,#4117,.F.);
#5108=ORIENTED_EDGE('',*,*,#4118,.F.);
#5109=ORIENTED_EDGE('',*,*,#4119,.F.);
#5110=ORIENTED_EDGE('',*,*,#4120,.F.);
#5111=ORIENTED_EDGE('',*,*,#4121,.F.);
#5112=ORIENTED_EDGE('',*,*,#4122,.F.);
#5113=ORIENTED_EDGE('',*,*,#4123,.F.);
#5114=ORIENTED_EDGE('',*,*,#4124,.F.);
#5115=ORIENTED_EDGE('',*,*,#4125,.F.);
#5116=ORIENTED_EDGE('',*,*,#4126,.F.);
#5117=ORIENTED_EDGE('',*,*,#4127,.F.);
#5118=ORIENTED_EDGE('',*,*,#4128,.F.);
#5119=ORIENTED_EDGE('',*,*,#4129,.F.);
#5120=ORIENTED_EDGE('',*,*,#4130,.F.);
#5121=ORIENTED_EDGE('',*,*,#4131,.F.);
#5122=ORIENTED_EDGE('',*,*,#4132,.F.);
#5123=ORIENTED_EDGE('',*,*,#4133,.F.);
#5124=ORIENTED_EDGE('',*,*,#4134,.F.);
#5125=ORIENTED_EDGE('',*,*,#4135,.F.);
#5126=ORIENTED_EDGE('',*,*,#4136,.F.);
#5127=ORIENTED_EDGE('',*,*,#4137,.F.);
#5128=ORIENTED_EDGE('',*,*,#4138,.F.);
#5129=ORIENTED_EDGE('',*,*,#4139,.F.);
#5130=ORIENTED_EDGE('',*,*,#4140,.F.);
#5131=ORIENTED_EDGE('',*,*,#4141,.F.);
#5132=ORIENTED_EDGE('',*,*,#4142,.F.);
#5133=ORIENTED_EDGE('',*,*,#4143,.F.);
#5134=ORIENTED_EDGE('',*,*,#4144,.F.);
#5135=ORIENTED_EDGE('',*,*,#4145,.F.);
#5136=ORIENTED_EDGE('',*,*,#4146,.F.);
#5137=ORIENTED_EDGE('',*,*,#4147,.F.);
#5138=ORIENTED_EDGE('',*,*,#4148,.F.);
#5139=ORIENTED_EDGE('',*,*,#4149,.F.);
#5140=ORIENTED_EDGE('',*,*,#4150,.F.);
#5141=ORIENTED_EDGE('',*,*,#4151,.F.);
#5142=ORIENTED_EDGE('',*,*,#4152,.F.);
#5143=ORIENTED_EDGE('',*,*,#4153,.F.);
#5144=ORIENTED_EDGE('',*,*,#4154,.F.);
#5145=ORIENTED_EDGE('',*,*,#4155,.F.);
#5146=ORIENTED_EDGE('',*,*,#4156,.F.);
#5147=ORIENTED_EDGE('',*,*,#4157,.T.);
#5148=ORIENTED_EDGE('',*,*,#4158,.T.);
#5149=ORIENTED_EDGE('',*,*,#3875,.T.);
#5150=ORIENTED_EDGE('',*,*,#4159,.T.);
#5151=ORIENTED_EDGE('',*,*,#4158,.F.);
#5152=ORIENTED_EDGE('',*,*,#4160,.T.);
#5153=ORIENTED_EDGE('',*,*,#4161,.F.);
#5154=ORIENTED_EDGE('',*,*,#3876,.F.);
#5155=ORIENTED_EDGE('',*,*,#4162,.T.);
#5156=ORIENTED_EDGE('',*,*,#4163,.T.);
#5157=ORIENTED_EDGE('',*,*,#4164,.T.);
#5158=ORIENTED_EDGE('',*,*,#4165,.T.);
#5159=ORIENTED_EDGE('',*,*,#4157,.F.);
#5160=ORIENTED_EDGE('',*,*,#4166,.F.);
#5161=ORIENTED_EDGE('',*,*,#4167,.F.);
#5162=ORIENTED_EDGE('',*,*,#4168,.F.);
#5163=ORIENTED_EDGE('',*,*,#4169,.F.);
#5164=ORIENTED_EDGE('',*,*,#4170,.F.);
#5165=ORIENTED_EDGE('',*,*,#4171,.F.);
#5166=ORIENTED_EDGE('',*,*,#4160,.F.);
#5167=ORIENTED_EDGE('',*,*,#4171,.T.);
#5168=ORIENTED_EDGE('',*,*,#4172,.T.);
#5169=ORIENTED_EDGE('',*,*,#3877,.T.);
#5170=ORIENTED_EDGE('',*,*,#4161,.T.);
#5171=ORIENTED_EDGE('',*,*,#4172,.F.);
#5172=ORIENTED_EDGE('',*,*,#4170,.T.);
#5173=ORIENTED_EDGE('',*,*,#4173,.F.);
#5174=ORIENTED_EDGE('',*,*,#3878,.F.);
#5175=ORIENTED_EDGE('',*,*,#4169,.T.);
#5176=ORIENTED_EDGE('',*,*,#4174,.T.);
#5177=ORIENTED_EDGE('',*,*,#3879,.T.);
#5178=ORIENTED_EDGE('',*,*,#4173,.T.);
#5179=ORIENTED_EDGE('',*,*,#4174,.F.);
#5180=ORIENTED_EDGE('',*,*,#4168,.T.);
#5181=ORIENTED_EDGE('',*,*,#4175,.F.);
#5182=ORIENTED_EDGE('',*,*,#3872,.F.);
#5183=ORIENTED_EDGE('',*,*,#4176,.F.);
#5184=ORIENTED_EDGE('',*,*,#3870,.F.);
#5185=ORIENTED_EDGE('',*,*,#4177,.F.);
#5186=ORIENTED_EDGE('',*,*,#3868,.F.);
#5187=ORIENTED_EDGE('',*,*,#4178,.F.);
#5188=ORIENTED_EDGE('',*,*,#3866,.F.);
#5189=ORIENTED_EDGE('',*,*,#4179,.F.);
#5190=ORIENTED_EDGE('',*,*,#3864,.F.);
#5191=ORIENTED_EDGE('',*,*,#4180,.T.);
#5192=ORIENTED_EDGE('',*,*,#4181,.T.);
#5193=ORIENTED_EDGE('',*,*,#4182,.T.);
#5194=ORIENTED_EDGE('',*,*,#4183,.T.);
#5195=ORIENTED_EDGE('',*,*,#4167,.T.);
#5196=ORIENTED_EDGE('',*,*,#4184,.T.);
#5197=ORIENTED_EDGE('',*,*,#3873,.T.);
#5198=ORIENTED_EDGE('',*,*,#4175,.T.);
#5199=ORIENTED_EDGE('',*,*,#4159,.F.);
#5200=ORIENTED_EDGE('',*,*,#3874,.F.);
#5201=ORIENTED_EDGE('',*,*,#4184,.F.);
#5202=ORIENTED_EDGE('',*,*,#4166,.T.);
#5203=ORIENTED_EDGE('',*,*,#4185,.T.);
#5204=ORIENTED_EDGE('',*,*,#4186,.T.);
#5205=ORIENTED_EDGE('',*,*,#3848,.T.);
#5206=ORIENTED_EDGE('',*,*,#4187,.T.);
#5207=ORIENTED_EDGE('',*,*,#4186,.F.);
#5208=ORIENTED_EDGE('',*,*,#4188,.T.);
#5209=ORIENTED_EDGE('',*,*,#4189,.F.);
#5210=ORIENTED_EDGE('',*,*,#3849,.F.);
#5211=ORIENTED_EDGE('',*,*,#4185,.F.);
#5212=ORIENTED_EDGE('',*,*,#4190,.F.);
#5213=ORIENTED_EDGE('',*,*,#4191,.F.);
#5214=ORIENTED_EDGE('',*,*,#4192,.F.);
#5215=ORIENTED_EDGE('',*,*,#4193,.F.);
#5216=ORIENTED_EDGE('',*,*,#4194,.F.);
#5217=ORIENTED_EDGE('',*,*,#4195,.F.);
#5218=ORIENTED_EDGE('',*,*,#4188,.F.);
#5219=ORIENTED_EDGE('',*,*,#4195,.T.);
#5220=ORIENTED_EDGE('',*,*,#4196,.T.);
#5221=ORIENTED_EDGE('',*,*,#3850,.T.);
#5222=ORIENTED_EDGE('',*,*,#4189,.T.);
#5223=ORIENTED_EDGE('',*,*,#4196,.F.);
#5224=ORIENTED_EDGE('',*,*,#4194,.T.);
#5225=ORIENTED_EDGE('',*,*,#4197,.F.);
#5226=ORIENTED_EDGE('',*,*,#3851,.F.);
#5227=ORIENTED_EDGE('',*,*,#4198,.T.);
#5228=ORIENTED_EDGE('',*,*,#4199,.T.);
#5229=ORIENTED_EDGE('',*,*,#4200,.T.);
#5230=ORIENTED_EDGE('',*,*,#4201,.T.);
#5231=ORIENTED_EDGE('',*,*,#4193,.T.);
#5232=ORIENTED_EDGE('',*,*,#4202,.T.);
#5233=ORIENTED_EDGE('',*,*,#3852,.T.);
#5234=ORIENTED_EDGE('',*,*,#4197,.T.);
#5235=ORIENTED_EDGE('',*,*,#4202,.F.);
#5236=ORIENTED_EDGE('',*,*,#4192,.T.);
#5237=ORIENTED_EDGE('',*,*,#4203,.F.);
#5238=ORIENTED_EDGE('',*,*,#3853,.F.);
#5239=ORIENTED_EDGE('',*,*,#4191,.T.);
#5240=ORIENTED_EDGE('',*,*,#4204,.T.);
#5241=ORIENTED_EDGE('',*,*,#3854,.T.);
#5242=ORIENTED_EDGE('',*,*,#4203,.T.);
#5243=ORIENTED_EDGE('',*,*,#4205,.F.);
#5244=ORIENTED_EDGE('',*,*,#4206,.T.);
#5245=ORIENTED_EDGE('',*,*,#4156,.T.);
#5246=ORIENTED_EDGE('',*,*,#4206,.F.);
#5247=ORIENTED_EDGE('',*,*,#4207,.F.);
#5248=ORIENTED_EDGE('',*,*,#4208,.T.);
#5249=ORIENTED_EDGE('',*,*,#3862,.T.);
#5250=ORIENTED_EDGE('',*,*,#4209,.F.);
#5251=ORIENTED_EDGE('',*,*,#3863,.T.);
#5252=ORIENTED_EDGE('',*,*,#4208,.F.);
#5253=ORIENTED_EDGE('',*,*,#4210,.F.);
#5254=ORIENTED_EDGE('',*,*,#4211,.T.);
#5255=ORIENTED_EDGE('',*,*,#4155,.T.);
#5256=ORIENTED_EDGE('',*,*,#4211,.F.);
#5257=ORIENTED_EDGE('',*,*,#4212,.F.);
#5258=ORIENTED_EDGE('',*,*,#4213,.T.);
#5259=ORIENTED_EDGE('',*,*,#4154,.T.);
#5260=ORIENTED_EDGE('',*,*,#4213,.F.);
#5261=ORIENTED_EDGE('',*,*,#4214,.F.);
#5262=ORIENTED_EDGE('',*,*,#4215,.T.);
#5263=ORIENTED_EDGE('',*,*,#4153,.T.);
#5264=ORIENTED_EDGE('',*,*,#4215,.F.);
#5265=ORIENTED_EDGE('',*,*,#4216,.F.);
#5266=ORIENTED_EDGE('',*,*,#4217,.T.);
#5267=ORIENTED_EDGE('',*,*,#4152,.T.);
#5268=ORIENTED_EDGE('',*,*,#4217,.F.);
#5269=ORIENTED_EDGE('',*,*,#4218,.F.);
#5270=ORIENTED_EDGE('',*,*,#4219,.T.);
#5271=ORIENTED_EDGE('',*,*,#4151,.T.);
#5272=ORIENTED_EDGE('',*,*,#4219,.F.);
#5273=ORIENTED_EDGE('',*,*,#4220,.F.);
#5274=ORIENTED_EDGE('',*,*,#4221,.T.);
#5275=ORIENTED_EDGE('',*,*,#4150,.T.);
#5276=ORIENTED_EDGE('',*,*,#4221,.F.);
#5277=ORIENTED_EDGE('',*,*,#4222,.F.);
#5278=ORIENTED_EDGE('',*,*,#4223,.T.);
#5279=ORIENTED_EDGE('',*,*,#4149,.T.);
#5280=ORIENTED_EDGE('',*,*,#4223,.F.);
#5281=ORIENTED_EDGE('',*,*,#4224,.F.);
#5282=ORIENTED_EDGE('',*,*,#4225,.T.);
#5283=ORIENTED_EDGE('',*,*,#4148,.T.);
#5284=ORIENTED_EDGE('',*,*,#4225,.F.);
#5285=ORIENTED_EDGE('',*,*,#4226,.F.);
#5286=ORIENTED_EDGE('',*,*,#4227,.T.);
#5287=ORIENTED_EDGE('',*,*,#4147,.T.);
#5288=ORIENTED_EDGE('',*,*,#4227,.F.);
#5289=ORIENTED_EDGE('',*,*,#4228,.F.);
#5290=ORIENTED_EDGE('',*,*,#4229,.T.);
#5291=ORIENTED_EDGE('',*,*,#4146,.T.);
#5292=ORIENTED_EDGE('',*,*,#4229,.F.);
#5293=ORIENTED_EDGE('',*,*,#4230,.F.);
#5294=ORIENTED_EDGE('',*,*,#4231,.T.);
#5295=ORIENTED_EDGE('',*,*,#4145,.T.);
#5296=ORIENTED_EDGE('',*,*,#4231,.F.);
#5297=ORIENTED_EDGE('',*,*,#4232,.F.);
#5298=ORIENTED_EDGE('',*,*,#4233,.T.);
#5299=ORIENTED_EDGE('',*,*,#4144,.T.);
#5300=ORIENTED_EDGE('',*,*,#4233,.F.);
#5301=ORIENTED_EDGE('',*,*,#4234,.F.);
#5302=ORIENTED_EDGE('',*,*,#4235,.T.);
#5303=ORIENTED_EDGE('',*,*,#4143,.T.);
#5304=ORIENTED_EDGE('',*,*,#4235,.F.);
#5305=ORIENTED_EDGE('',*,*,#4236,.F.);
#5306=ORIENTED_EDGE('',*,*,#4237,.T.);
#5307=ORIENTED_EDGE('',*,*,#4142,.T.);
#5308=ORIENTED_EDGE('',*,*,#4237,.F.);
#5309=ORIENTED_EDGE('',*,*,#4238,.F.);
#5310=ORIENTED_EDGE('',*,*,#4239,.T.);
#5311=ORIENTED_EDGE('',*,*,#4141,.T.);
#5312=ORIENTED_EDGE('',*,*,#4239,.F.);
#5313=ORIENTED_EDGE('',*,*,#4240,.F.);
#5314=ORIENTED_EDGE('',*,*,#4241,.T.);
#5315=ORIENTED_EDGE('',*,*,#4140,.T.);
#5316=ORIENTED_EDGE('',*,*,#4241,.F.);
#5317=ORIENTED_EDGE('',*,*,#4242,.F.);
#5318=ORIENTED_EDGE('',*,*,#4243,.T.);
#5319=ORIENTED_EDGE('',*,*,#4139,.T.);
#5320=ORIENTED_EDGE('',*,*,#4243,.F.);
#5321=ORIENTED_EDGE('',*,*,#4244,.F.);
#5322=ORIENTED_EDGE('',*,*,#4245,.T.);
#5323=ORIENTED_EDGE('',*,*,#4138,.T.);
#5324=ORIENTED_EDGE('',*,*,#4245,.F.);
#5325=ORIENTED_EDGE('',*,*,#4246,.F.);
#5326=ORIENTED_EDGE('',*,*,#4247,.T.);
#5327=ORIENTED_EDGE('',*,*,#4137,.T.);
#5328=ORIENTED_EDGE('',*,*,#4247,.F.);
#5329=ORIENTED_EDGE('',*,*,#4248,.F.);
#5330=ORIENTED_EDGE('',*,*,#4249,.T.);
#5331=ORIENTED_EDGE('',*,*,#4136,.T.);
#5332=ORIENTED_EDGE('',*,*,#4249,.F.);
#5333=ORIENTED_EDGE('',*,*,#4250,.F.);
#5334=ORIENTED_EDGE('',*,*,#4251,.T.);
#5335=ORIENTED_EDGE('',*,*,#4135,.T.);
#5336=ORIENTED_EDGE('',*,*,#4251,.F.);
#5337=ORIENTED_EDGE('',*,*,#4252,.F.);
#5338=ORIENTED_EDGE('',*,*,#4253,.T.);
#5339=ORIENTED_EDGE('',*,*,#4134,.T.);
#5340=ORIENTED_EDGE('',*,*,#4253,.F.);
#5341=ORIENTED_EDGE('',*,*,#4254,.F.);
#5342=ORIENTED_EDGE('',*,*,#4255,.T.);
#5343=ORIENTED_EDGE('',*,*,#4133,.T.);
#5344=ORIENTED_EDGE('',*,*,#4255,.F.);
#5345=ORIENTED_EDGE('',*,*,#4256,.F.);
#5346=ORIENTED_EDGE('',*,*,#4257,.T.);
#5347=ORIENTED_EDGE('',*,*,#4132,.T.);
#5348=ORIENTED_EDGE('',*,*,#4257,.F.);
#5349=ORIENTED_EDGE('',*,*,#4258,.F.);
#5350=ORIENTED_EDGE('',*,*,#4259,.T.);
#5351=ORIENTED_EDGE('',*,*,#4131,.T.);
#5352=ORIENTED_EDGE('',*,*,#4259,.F.);
#5353=ORIENTED_EDGE('',*,*,#4260,.F.);
#5354=ORIENTED_EDGE('',*,*,#4261,.T.);
#5355=ORIENTED_EDGE('',*,*,#4130,.T.);
#5356=ORIENTED_EDGE('',*,*,#4261,.F.);
#5357=ORIENTED_EDGE('',*,*,#4262,.F.);
#5358=ORIENTED_EDGE('',*,*,#4263,.T.);
#5359=ORIENTED_EDGE('',*,*,#4129,.T.);
#5360=ORIENTED_EDGE('',*,*,#4263,.F.);
#5361=ORIENTED_EDGE('',*,*,#4264,.F.);
#5362=ORIENTED_EDGE('',*,*,#4265,.T.);
#5363=ORIENTED_EDGE('',*,*,#4128,.T.);
#5364=ORIENTED_EDGE('',*,*,#4265,.F.);
#5365=ORIENTED_EDGE('',*,*,#4266,.F.);
#5366=ORIENTED_EDGE('',*,*,#4267,.T.);
#5367=ORIENTED_EDGE('',*,*,#4127,.T.);
#5368=ORIENTED_EDGE('',*,*,#4267,.F.);
#5369=ORIENTED_EDGE('',*,*,#4268,.F.);
#5370=ORIENTED_EDGE('',*,*,#4269,.T.);
#5371=ORIENTED_EDGE('',*,*,#4126,.T.);
#5372=ORIENTED_EDGE('',*,*,#4269,.F.);
#5373=ORIENTED_EDGE('',*,*,#4270,.F.);
#5374=ORIENTED_EDGE('',*,*,#4271,.T.);
#5375=ORIENTED_EDGE('',*,*,#4125,.T.);
#5376=ORIENTED_EDGE('',*,*,#4271,.F.);
#5377=ORIENTED_EDGE('',*,*,#4272,.F.);
#5378=ORIENTED_EDGE('',*,*,#4273,.T.);
#5379=ORIENTED_EDGE('',*,*,#4124,.T.);
#5380=ORIENTED_EDGE('',*,*,#4273,.F.);
#5381=ORIENTED_EDGE('',*,*,#4274,.F.);
#5382=ORIENTED_EDGE('',*,*,#4275,.T.);
#5383=ORIENTED_EDGE('',*,*,#4123,.T.);
#5384=ORIENTED_EDGE('',*,*,#4275,.F.);
#5385=ORIENTED_EDGE('',*,*,#4276,.F.);
#5386=ORIENTED_EDGE('',*,*,#4277,.T.);
#5387=ORIENTED_EDGE('',*,*,#4122,.T.);
#5388=ORIENTED_EDGE('',*,*,#4277,.F.);
#5389=ORIENTED_EDGE('',*,*,#4278,.F.);
#5390=ORIENTED_EDGE('',*,*,#4279,.T.);
#5391=ORIENTED_EDGE('',*,*,#4121,.T.);
#5392=ORIENTED_EDGE('',*,*,#4279,.F.);
#5393=ORIENTED_EDGE('',*,*,#4280,.F.);
#5394=ORIENTED_EDGE('',*,*,#4281,.T.);
#5395=ORIENTED_EDGE('',*,*,#4120,.T.);
#5396=ORIENTED_EDGE('',*,*,#4281,.F.);
#5397=ORIENTED_EDGE('',*,*,#4282,.F.);
#5398=ORIENTED_EDGE('',*,*,#4283,.T.);
#5399=ORIENTED_EDGE('',*,*,#4119,.T.);
#5400=ORIENTED_EDGE('',*,*,#4283,.F.);
#5401=ORIENTED_EDGE('',*,*,#4284,.F.);
#5402=ORIENTED_EDGE('',*,*,#4285,.T.);
#5403=ORIENTED_EDGE('',*,*,#4118,.T.);
#5404=ORIENTED_EDGE('',*,*,#4285,.F.);
#5405=ORIENTED_EDGE('',*,*,#4286,.F.);
#5406=ORIENTED_EDGE('',*,*,#4287,.T.);
#5407=ORIENTED_EDGE('',*,*,#4117,.T.);
#5408=ORIENTED_EDGE('',*,*,#4287,.F.);
#5409=ORIENTED_EDGE('',*,*,#4288,.F.);
#5410=ORIENTED_EDGE('',*,*,#4289,.T.);
#5411=ORIENTED_EDGE('',*,*,#4116,.T.);
#5412=ORIENTED_EDGE('',*,*,#4289,.F.);
#5413=ORIENTED_EDGE('',*,*,#4290,.F.);
#5414=ORIENTED_EDGE('',*,*,#4291,.T.);
#5415=ORIENTED_EDGE('',*,*,#4115,.T.);
#5416=ORIENTED_EDGE('',*,*,#4291,.F.);
#5417=ORIENTED_EDGE('',*,*,#4292,.F.);
#5418=ORIENTED_EDGE('',*,*,#4293,.T.);
#5419=ORIENTED_EDGE('',*,*,#4114,.T.);
#5420=ORIENTED_EDGE('',*,*,#4293,.F.);
#5421=ORIENTED_EDGE('',*,*,#4294,.F.);
#5422=ORIENTED_EDGE('',*,*,#4295,.T.);
#5423=ORIENTED_EDGE('',*,*,#4113,.T.);
#5424=ORIENTED_EDGE('',*,*,#4295,.F.);
#5425=ORIENTED_EDGE('',*,*,#4296,.F.);
#5426=ORIENTED_EDGE('',*,*,#4297,.T.);
#5427=ORIENTED_EDGE('',*,*,#4112,.T.);
#5428=ORIENTED_EDGE('',*,*,#4297,.F.);
#5429=ORIENTED_EDGE('',*,*,#4298,.F.);
#5430=ORIENTED_EDGE('',*,*,#4299,.T.);
#5431=ORIENTED_EDGE('',*,*,#4111,.T.);
#5432=ORIENTED_EDGE('',*,*,#4299,.F.);
#5433=ORIENTED_EDGE('',*,*,#4300,.F.);
#5434=ORIENTED_EDGE('',*,*,#4301,.T.);
#5435=ORIENTED_EDGE('',*,*,#4110,.T.);
#5436=ORIENTED_EDGE('',*,*,#4301,.F.);
#5437=ORIENTED_EDGE('',*,*,#4302,.F.);
#5438=ORIENTED_EDGE('',*,*,#4303,.T.);
#5439=ORIENTED_EDGE('',*,*,#4109,.T.);
#5440=ORIENTED_EDGE('',*,*,#4303,.F.);
#5441=ORIENTED_EDGE('',*,*,#4304,.F.);
#5442=ORIENTED_EDGE('',*,*,#4305,.T.);
#5443=ORIENTED_EDGE('',*,*,#4108,.T.);
#5444=ORIENTED_EDGE('',*,*,#4305,.F.);
#5445=ORIENTED_EDGE('',*,*,#4306,.F.);
#5446=ORIENTED_EDGE('',*,*,#4307,.T.);
#5447=ORIENTED_EDGE('',*,*,#4107,.T.);
#5448=ORIENTED_EDGE('',*,*,#4307,.F.);
#5449=ORIENTED_EDGE('',*,*,#4308,.F.);
#5450=ORIENTED_EDGE('',*,*,#4309,.T.);
#5451=ORIENTED_EDGE('',*,*,#4106,.T.);
#5452=ORIENTED_EDGE('',*,*,#4309,.F.);
#5453=ORIENTED_EDGE('',*,*,#4310,.F.);
#5454=ORIENTED_EDGE('',*,*,#4311,.T.);
#5455=ORIENTED_EDGE('',*,*,#4105,.T.);
#5456=ORIENTED_EDGE('',*,*,#4311,.F.);
#5457=ORIENTED_EDGE('',*,*,#4312,.F.);
#5458=ORIENTED_EDGE('',*,*,#4313,.T.);
#5459=ORIENTED_EDGE('',*,*,#4104,.T.);
#5460=ORIENTED_EDGE('',*,*,#4313,.F.);
#5461=ORIENTED_EDGE('',*,*,#4314,.F.);
#5462=ORIENTED_EDGE('',*,*,#4315,.T.);
#5463=ORIENTED_EDGE('',*,*,#4103,.T.);
#5464=ORIENTED_EDGE('',*,*,#4315,.F.);
#5465=ORIENTED_EDGE('',*,*,#4316,.F.);
#5466=ORIENTED_EDGE('',*,*,#4317,.T.);
#5467=ORIENTED_EDGE('',*,*,#4102,.T.);
#5468=ORIENTED_EDGE('',*,*,#4317,.F.);
#5469=ORIENTED_EDGE('',*,*,#4318,.F.);
#5470=ORIENTED_EDGE('',*,*,#4319,.T.);
#5471=ORIENTED_EDGE('',*,*,#4101,.T.);
#5472=ORIENTED_EDGE('',*,*,#4319,.F.);
#5473=ORIENTED_EDGE('',*,*,#4320,.F.);
#5474=ORIENTED_EDGE('',*,*,#4321,.T.);
#5475=ORIENTED_EDGE('',*,*,#4100,.T.);
#5476=ORIENTED_EDGE('',*,*,#4321,.F.);
#5477=ORIENTED_EDGE('',*,*,#4322,.F.);
#5478=ORIENTED_EDGE('',*,*,#4323,.T.);
#5479=ORIENTED_EDGE('',*,*,#4099,.T.);
#5480=ORIENTED_EDGE('',*,*,#4323,.F.);
#5481=ORIENTED_EDGE('',*,*,#4324,.F.);
#5482=ORIENTED_EDGE('',*,*,#4325,.T.);
#5483=ORIENTED_EDGE('',*,*,#4098,.T.);
#5484=ORIENTED_EDGE('',*,*,#4325,.F.);
#5485=ORIENTED_EDGE('',*,*,#4326,.F.);
#5486=ORIENTED_EDGE('',*,*,#4327,.T.);
#5487=ORIENTED_EDGE('',*,*,#4097,.T.);
#5488=ORIENTED_EDGE('',*,*,#4327,.F.);
#5489=ORIENTED_EDGE('',*,*,#4328,.F.);
#5490=ORIENTED_EDGE('',*,*,#4329,.T.);
#5491=ORIENTED_EDGE('',*,*,#4096,.T.);
#5492=ORIENTED_EDGE('',*,*,#4329,.F.);
#5493=ORIENTED_EDGE('',*,*,#4330,.F.);
#5494=ORIENTED_EDGE('',*,*,#4331,.T.);
#5495=ORIENTED_EDGE('',*,*,#4095,.T.);
#5496=ORIENTED_EDGE('',*,*,#4331,.F.);
#5497=ORIENTED_EDGE('',*,*,#4332,.F.);
#5498=ORIENTED_EDGE('',*,*,#4333,.T.);
#5499=ORIENTED_EDGE('',*,*,#3845,.T.);
#5500=ORIENTED_EDGE('',*,*,#4334,.F.);
#5501=ORIENTED_EDGE('',*,*,#3846,.T.);
#5502=ORIENTED_EDGE('',*,*,#4333,.F.);
#5503=ORIENTED_EDGE('',*,*,#4335,.F.);
#5504=ORIENTED_EDGE('',*,*,#4336,.T.);
#5505=ORIENTED_EDGE('',*,*,#4094,.T.);
#5506=ORIENTED_EDGE('',*,*,#4336,.F.);
#5507=ORIENTED_EDGE('',*,*,#4337,.F.);
#5508=ORIENTED_EDGE('',*,*,#4338,.T.);
#5509=ORIENTED_EDGE('',*,*,#4093,.T.);
#5510=ORIENTED_EDGE('',*,*,#4338,.F.);
#5511=ORIENTED_EDGE('',*,*,#4339,.F.);
#5512=ORIENTED_EDGE('',*,*,#4340,.T.);
#5513=ORIENTED_EDGE('',*,*,#4092,.T.);
#5514=ORIENTED_EDGE('',*,*,#4340,.F.);
#5515=ORIENTED_EDGE('',*,*,#4341,.F.);
#5516=ORIENTED_EDGE('',*,*,#4342,.T.);
#5517=ORIENTED_EDGE('',*,*,#4091,.T.);
#5518=ORIENTED_EDGE('',*,*,#4342,.F.);
#5519=ORIENTED_EDGE('',*,*,#4343,.F.);
#5520=ORIENTED_EDGE('',*,*,#4344,.T.);
#5521=ORIENTED_EDGE('',*,*,#4090,.T.);
#5522=ORIENTED_EDGE('',*,*,#4344,.F.);
#5523=ORIENTED_EDGE('',*,*,#4345,.F.);
#5524=ORIENTED_EDGE('',*,*,#4346,.T.);
#5525=ORIENTED_EDGE('',*,*,#4089,.T.);
#5526=ORIENTED_EDGE('',*,*,#4346,.F.);
#5527=ORIENTED_EDGE('',*,*,#4347,.F.);
#5528=ORIENTED_EDGE('',*,*,#4348,.T.);
#5529=ORIENTED_EDGE('',*,*,#4088,.T.);
#5530=ORIENTED_EDGE('',*,*,#4348,.F.);
#5531=ORIENTED_EDGE('',*,*,#4349,.F.);
#5532=ORIENTED_EDGE('',*,*,#4350,.T.);
#5533=ORIENTED_EDGE('',*,*,#4087,.T.);
#5534=ORIENTED_EDGE('',*,*,#4350,.F.);
#5535=ORIENTED_EDGE('',*,*,#4351,.F.);
#5536=ORIENTED_EDGE('',*,*,#4352,.T.);
#5537=ORIENTED_EDGE('',*,*,#4086,.T.);
#5538=ORIENTED_EDGE('',*,*,#4352,.F.);
#5539=ORIENTED_EDGE('',*,*,#4353,.F.);
#5540=ORIENTED_EDGE('',*,*,#4354,.T.);
#5541=ORIENTED_EDGE('',*,*,#4085,.T.);
#5542=ORIENTED_EDGE('',*,*,#4354,.F.);
#5543=ORIENTED_EDGE('',*,*,#4355,.F.);
#5544=ORIENTED_EDGE('',*,*,#4356,.T.);
#5545=ORIENTED_EDGE('',*,*,#4084,.T.);
#5546=ORIENTED_EDGE('',*,*,#4356,.F.);
#5547=ORIENTED_EDGE('',*,*,#4357,.F.);
#5548=ORIENTED_EDGE('',*,*,#4358,.T.);
#5549=ORIENTED_EDGE('',*,*,#4083,.T.);
#5550=ORIENTED_EDGE('',*,*,#4358,.F.);
#5551=ORIENTED_EDGE('',*,*,#4359,.F.);
#5552=ORIENTED_EDGE('',*,*,#4360,.T.);
#5553=ORIENTED_EDGE('',*,*,#4082,.T.);
#5554=ORIENTED_EDGE('',*,*,#4360,.F.);
#5555=ORIENTED_EDGE('',*,*,#4361,.F.);
#5556=ORIENTED_EDGE('',*,*,#4362,.T.);
#5557=ORIENTED_EDGE('',*,*,#4081,.T.);
#5558=ORIENTED_EDGE('',*,*,#4362,.F.);
#5559=ORIENTED_EDGE('',*,*,#4363,.F.);
#5560=ORIENTED_EDGE('',*,*,#4364,.T.);
#5561=ORIENTED_EDGE('',*,*,#4080,.T.);
#5562=ORIENTED_EDGE('',*,*,#4364,.F.);
#5563=ORIENTED_EDGE('',*,*,#4365,.F.);
#5564=ORIENTED_EDGE('',*,*,#4366,.T.);
#5565=ORIENTED_EDGE('',*,*,#4079,.T.);
#5566=ORIENTED_EDGE('',*,*,#4366,.F.);
#5567=ORIENTED_EDGE('',*,*,#4367,.F.);
#5568=ORIENTED_EDGE('',*,*,#4368,.T.);
#5569=ORIENTED_EDGE('',*,*,#4078,.T.);
#5570=ORIENTED_EDGE('',*,*,#4368,.F.);
#5571=ORIENTED_EDGE('',*,*,#4369,.F.);
#5572=ORIENTED_EDGE('',*,*,#4370,.T.);
#5573=ORIENTED_EDGE('',*,*,#4077,.T.);
#5574=ORIENTED_EDGE('',*,*,#4370,.F.);
#5575=ORIENTED_EDGE('',*,*,#4371,.F.);
#5576=ORIENTED_EDGE('',*,*,#4372,.T.);
#5577=ORIENTED_EDGE('',*,*,#4076,.T.);
#5578=ORIENTED_EDGE('',*,*,#4372,.F.);
#5579=ORIENTED_EDGE('',*,*,#4373,.F.);
#5580=ORIENTED_EDGE('',*,*,#4374,.T.);
#5581=ORIENTED_EDGE('',*,*,#4075,.T.);
#5582=ORIENTED_EDGE('',*,*,#4374,.F.);
#5583=ORIENTED_EDGE('',*,*,#4375,.F.);
#5584=ORIENTED_EDGE('',*,*,#4376,.T.);
#5585=ORIENTED_EDGE('',*,*,#4074,.T.);
#5586=ORIENTED_EDGE('',*,*,#4376,.F.);
#5587=ORIENTED_EDGE('',*,*,#4377,.F.);
#5588=ORIENTED_EDGE('',*,*,#4378,.T.);
#5589=ORIENTED_EDGE('',*,*,#4073,.T.);
#5590=ORIENTED_EDGE('',*,*,#4378,.F.);
#5591=ORIENTED_EDGE('',*,*,#4379,.F.);
#5592=ORIENTED_EDGE('',*,*,#4380,.T.);
#5593=ORIENTED_EDGE('',*,*,#4072,.T.);
#5594=ORIENTED_EDGE('',*,*,#4380,.F.);
#5595=ORIENTED_EDGE('',*,*,#4381,.F.);
#5596=ORIENTED_EDGE('',*,*,#4382,.T.);
#5597=ORIENTED_EDGE('',*,*,#4071,.T.);
#5598=ORIENTED_EDGE('',*,*,#4382,.F.);
#5599=ORIENTED_EDGE('',*,*,#4383,.F.);
#5600=ORIENTED_EDGE('',*,*,#4384,.T.);
#5601=ORIENTED_EDGE('',*,*,#4070,.T.);
#5602=ORIENTED_EDGE('',*,*,#4384,.F.);
#5603=ORIENTED_EDGE('',*,*,#4385,.F.);
#5604=ORIENTED_EDGE('',*,*,#4386,.T.);
#5605=ORIENTED_EDGE('',*,*,#4069,.T.);
#5606=ORIENTED_EDGE('',*,*,#4386,.F.);
#5607=ORIENTED_EDGE('',*,*,#4387,.F.);
#5608=ORIENTED_EDGE('',*,*,#4388,.T.);
#5609=ORIENTED_EDGE('',*,*,#4068,.T.);
#5610=ORIENTED_EDGE('',*,*,#4388,.F.);
#5611=ORIENTED_EDGE('',*,*,#4389,.F.);
#5612=ORIENTED_EDGE('',*,*,#4390,.T.);
#5613=ORIENTED_EDGE('',*,*,#4067,.T.);
#5614=ORIENTED_EDGE('',*,*,#4390,.F.);
#5615=ORIENTED_EDGE('',*,*,#4391,.F.);
#5616=ORIENTED_EDGE('',*,*,#4392,.T.);
#5617=ORIENTED_EDGE('',*,*,#4066,.T.);
#5618=ORIENTED_EDGE('',*,*,#4392,.F.);
#5619=ORIENTED_EDGE('',*,*,#4393,.F.);
#5620=ORIENTED_EDGE('',*,*,#4394,.T.);
#5621=ORIENTED_EDGE('',*,*,#4065,.T.);
#5622=ORIENTED_EDGE('',*,*,#4394,.F.);
#5623=ORIENTED_EDGE('',*,*,#4395,.F.);
#5624=ORIENTED_EDGE('',*,*,#4396,.T.);
#5625=ORIENTED_EDGE('',*,*,#4064,.T.);
#5626=ORIENTED_EDGE('',*,*,#4396,.F.);
#5627=ORIENTED_EDGE('',*,*,#4397,.F.);
#5628=ORIENTED_EDGE('',*,*,#4398,.T.);
#5629=ORIENTED_EDGE('',*,*,#4063,.T.);
#5630=ORIENTED_EDGE('',*,*,#4398,.F.);
#5631=ORIENTED_EDGE('',*,*,#4399,.F.);
#5632=ORIENTED_EDGE('',*,*,#4400,.T.);
#5633=ORIENTED_EDGE('',*,*,#4062,.T.);
#5634=ORIENTED_EDGE('',*,*,#4400,.F.);
#5635=ORIENTED_EDGE('',*,*,#4401,.F.);
#5636=ORIENTED_EDGE('',*,*,#4402,.T.);
#5637=ORIENTED_EDGE('',*,*,#4061,.T.);
#5638=ORIENTED_EDGE('',*,*,#4402,.F.);
#5639=ORIENTED_EDGE('',*,*,#4403,.F.);
#5640=ORIENTED_EDGE('',*,*,#4404,.T.);
#5641=ORIENTED_EDGE('',*,*,#4060,.T.);
#5642=ORIENTED_EDGE('',*,*,#4404,.F.);
#5643=ORIENTED_EDGE('',*,*,#4405,.F.);
#5644=ORIENTED_EDGE('',*,*,#4406,.T.);
#5645=ORIENTED_EDGE('',*,*,#4059,.T.);
#5646=ORIENTED_EDGE('',*,*,#4406,.F.);
#5647=ORIENTED_EDGE('',*,*,#4407,.F.);
#5648=ORIENTED_EDGE('',*,*,#4408,.T.);
#5649=ORIENTED_EDGE('',*,*,#4058,.T.);
#5650=ORIENTED_EDGE('',*,*,#4408,.F.);
#5651=ORIENTED_EDGE('',*,*,#4409,.F.);
#5652=ORIENTED_EDGE('',*,*,#4410,.T.);
#5653=ORIENTED_EDGE('',*,*,#4057,.T.);
#5654=ORIENTED_EDGE('',*,*,#4410,.F.);
#5655=ORIENTED_EDGE('',*,*,#4411,.F.);
#5656=ORIENTED_EDGE('',*,*,#4412,.T.);
#5657=ORIENTED_EDGE('',*,*,#4056,.T.);
#5658=ORIENTED_EDGE('',*,*,#4412,.F.);
#5659=ORIENTED_EDGE('',*,*,#4413,.F.);
#5660=ORIENTED_EDGE('',*,*,#4414,.T.);
#5661=ORIENTED_EDGE('',*,*,#4055,.T.);
#5662=ORIENTED_EDGE('',*,*,#4414,.F.);
#5663=ORIENTED_EDGE('',*,*,#4415,.F.);
#5664=ORIENTED_EDGE('',*,*,#4416,.T.);
#5665=ORIENTED_EDGE('',*,*,#4054,.T.);
#5666=ORIENTED_EDGE('',*,*,#4416,.F.);
#5667=ORIENTED_EDGE('',*,*,#4417,.F.);
#5668=ORIENTED_EDGE('',*,*,#4418,.T.);
#5669=ORIENTED_EDGE('',*,*,#4053,.T.);
#5670=ORIENTED_EDGE('',*,*,#4418,.F.);
#5671=ORIENTED_EDGE('',*,*,#4419,.F.);
#5672=ORIENTED_EDGE('',*,*,#4420,.T.);
#5673=ORIENTED_EDGE('',*,*,#4052,.T.);
#5674=ORIENTED_EDGE('',*,*,#4420,.F.);
#5675=ORIENTED_EDGE('',*,*,#4421,.F.);
#5676=ORIENTED_EDGE('',*,*,#4422,.T.);
#5677=ORIENTED_EDGE('',*,*,#4051,.T.);
#5678=ORIENTED_EDGE('',*,*,#4422,.F.);
#5679=ORIENTED_EDGE('',*,*,#4423,.F.);
#5680=ORIENTED_EDGE('',*,*,#4424,.T.);
#5681=ORIENTED_EDGE('',*,*,#4050,.T.);
#5682=ORIENTED_EDGE('',*,*,#4424,.F.);
#5683=ORIENTED_EDGE('',*,*,#4425,.F.);
#5684=ORIENTED_EDGE('',*,*,#4426,.T.);
#5685=ORIENTED_EDGE('',*,*,#4427,.F.);
#5686=ORIENTED_EDGE('',*,*,#3871,.T.);
#5687=ORIENTED_EDGE('',*,*,#4428,.F.);
#5688=ORIENTED_EDGE('',*,*,#4426,.F.);
#5689=ORIENTED_EDGE('',*,*,#4429,.F.);
#5690=ORIENTED_EDGE('',*,*,#4430,.T.);
#5691=ORIENTED_EDGE('',*,*,#4049,.T.);
#5692=ORIENTED_EDGE('',*,*,#4430,.F.);
#5693=ORIENTED_EDGE('',*,*,#4431,.F.);
#5694=ORIENTED_EDGE('',*,*,#4432,.T.);
#5695=ORIENTED_EDGE('',*,*,#4048,.T.);
#5696=ORIENTED_EDGE('',*,*,#4432,.F.);
#5697=ORIENTED_EDGE('',*,*,#4433,.F.);
#5698=ORIENTED_EDGE('',*,*,#4434,.T.);
#5699=ORIENTED_EDGE('',*,*,#4047,.T.);
#5700=ORIENTED_EDGE('',*,*,#4434,.F.);
#5701=ORIENTED_EDGE('',*,*,#4435,.F.);
#5702=ORIENTED_EDGE('',*,*,#4436,.T.);
#5703=ORIENTED_EDGE('',*,*,#4046,.T.);
#5704=ORIENTED_EDGE('',*,*,#4436,.F.);
#5705=ORIENTED_EDGE('',*,*,#4437,.F.);
#5706=ORIENTED_EDGE('',*,*,#4438,.T.);
#5707=ORIENTED_EDGE('',*,*,#4045,.T.);
#5708=ORIENTED_EDGE('',*,*,#4438,.F.);
#5709=ORIENTED_EDGE('',*,*,#4439,.F.);
#5710=ORIENTED_EDGE('',*,*,#4440,.T.);
#5711=ORIENTED_EDGE('',*,*,#4044,.T.);
#5712=ORIENTED_EDGE('',*,*,#4440,.F.);
#5713=ORIENTED_EDGE('',*,*,#4441,.F.);
#5714=ORIENTED_EDGE('',*,*,#4442,.T.);
#5715=ORIENTED_EDGE('',*,*,#4043,.T.);
#5716=ORIENTED_EDGE('',*,*,#4442,.F.);
#5717=ORIENTED_EDGE('',*,*,#4443,.F.);
#5718=ORIENTED_EDGE('',*,*,#4444,.T.);
#5719=ORIENTED_EDGE('',*,*,#4042,.T.);
#5720=ORIENTED_EDGE('',*,*,#4444,.F.);
#5721=ORIENTED_EDGE('',*,*,#4445,.F.);
#5722=ORIENTED_EDGE('',*,*,#4446,.T.);
#5723=ORIENTED_EDGE('',*,*,#4041,.T.);
#5724=ORIENTED_EDGE('',*,*,#4446,.F.);
#5725=ORIENTED_EDGE('',*,*,#4447,.F.);
#5726=ORIENTED_EDGE('',*,*,#4448,.T.);
#5727=ORIENTED_EDGE('',*,*,#4040,.T.);
#5728=ORIENTED_EDGE('',*,*,#4448,.F.);
#5729=ORIENTED_EDGE('',*,*,#4449,.F.);
#5730=ORIENTED_EDGE('',*,*,#4450,.T.);
#5731=ORIENTED_EDGE('',*,*,#4039,.T.);
#5732=ORIENTED_EDGE('',*,*,#4450,.F.);
#5733=ORIENTED_EDGE('',*,*,#4451,.F.);
#5734=ORIENTED_EDGE('',*,*,#4452,.T.);
#5735=ORIENTED_EDGE('',*,*,#4038,.T.);
#5736=ORIENTED_EDGE('',*,*,#4452,.F.);
#5737=ORIENTED_EDGE('',*,*,#4453,.F.);
#5738=ORIENTED_EDGE('',*,*,#4454,.T.);
#5739=ORIENTED_EDGE('',*,*,#4037,.T.);
#5740=ORIENTED_EDGE('',*,*,#4454,.F.);
#5741=ORIENTED_EDGE('',*,*,#4455,.F.);
#5742=ORIENTED_EDGE('',*,*,#4456,.T.);
#5743=ORIENTED_EDGE('',*,*,#4036,.T.);
#5744=ORIENTED_EDGE('',*,*,#4456,.F.);
#5745=ORIENTED_EDGE('',*,*,#4457,.F.);
#5746=ORIENTED_EDGE('',*,*,#4458,.T.);
#5747=ORIENTED_EDGE('',*,*,#4035,.T.);
#5748=ORIENTED_EDGE('',*,*,#4458,.F.);
#5749=ORIENTED_EDGE('',*,*,#4459,.F.);
#5750=ORIENTED_EDGE('',*,*,#4460,.T.);
#5751=ORIENTED_EDGE('',*,*,#4034,.T.);
#5752=ORIENTED_EDGE('',*,*,#4460,.F.);
#5753=ORIENTED_EDGE('',*,*,#4461,.F.);
#5754=ORIENTED_EDGE('',*,*,#4462,.T.);
#5755=ORIENTED_EDGE('',*,*,#4033,.T.);
#5756=ORIENTED_EDGE('',*,*,#4462,.F.);
#5757=ORIENTED_EDGE('',*,*,#4463,.F.);
#5758=ORIENTED_EDGE('',*,*,#4464,.T.);
#5759=ORIENTED_EDGE('',*,*,#4032,.T.);
#5760=ORIENTED_EDGE('',*,*,#4464,.F.);
#5761=ORIENTED_EDGE('',*,*,#4465,.F.);
#5762=ORIENTED_EDGE('',*,*,#4466,.T.);
#5763=ORIENTED_EDGE('',*,*,#4031,.T.);
#5764=ORIENTED_EDGE('',*,*,#4466,.F.);
#5765=ORIENTED_EDGE('',*,*,#4467,.F.);
#5766=ORIENTED_EDGE('',*,*,#4468,.T.);
#5767=ORIENTED_EDGE('',*,*,#4030,.T.);
#5768=ORIENTED_EDGE('',*,*,#4468,.F.);
#5769=ORIENTED_EDGE('',*,*,#4469,.F.);
#5770=ORIENTED_EDGE('',*,*,#4470,.T.);
#5771=ORIENTED_EDGE('',*,*,#4029,.T.);
#5772=ORIENTED_EDGE('',*,*,#4470,.F.);
#5773=ORIENTED_EDGE('',*,*,#4471,.F.);
#5774=ORIENTED_EDGE('',*,*,#4472,.T.);
#5775=ORIENTED_EDGE('',*,*,#4028,.T.);
#5776=ORIENTED_EDGE('',*,*,#4472,.F.);
#5777=ORIENTED_EDGE('',*,*,#4473,.F.);
#5778=ORIENTED_EDGE('',*,*,#4474,.T.);
#5779=ORIENTED_EDGE('',*,*,#4027,.T.);
#5780=ORIENTED_EDGE('',*,*,#4474,.F.);
#5781=ORIENTED_EDGE('',*,*,#4475,.F.);
#5782=ORIENTED_EDGE('',*,*,#4476,.T.);
#5783=ORIENTED_EDGE('',*,*,#4026,.T.);
#5784=ORIENTED_EDGE('',*,*,#4476,.F.);
#5785=ORIENTED_EDGE('',*,*,#4477,.F.);
#5786=ORIENTED_EDGE('',*,*,#4478,.T.);
#5787=ORIENTED_EDGE('',*,*,#4025,.T.);
#5788=ORIENTED_EDGE('',*,*,#4478,.F.);
#5789=ORIENTED_EDGE('',*,*,#4479,.F.);
#5790=ORIENTED_EDGE('',*,*,#4480,.T.);
#5791=ORIENTED_EDGE('',*,*,#4024,.T.);
#5792=ORIENTED_EDGE('',*,*,#4480,.F.);
#5793=ORIENTED_EDGE('',*,*,#4481,.F.);
#5794=ORIENTED_EDGE('',*,*,#4482,.T.);
#5795=ORIENTED_EDGE('',*,*,#4023,.T.);
#5796=ORIENTED_EDGE('',*,*,#4482,.F.);
#5797=ORIENTED_EDGE('',*,*,#4483,.F.);
#5798=ORIENTED_EDGE('',*,*,#4484,.T.);
#5799=ORIENTED_EDGE('',*,*,#4022,.T.);
#5800=ORIENTED_EDGE('',*,*,#4484,.F.);
#5801=ORIENTED_EDGE('',*,*,#4485,.F.);
#5802=ORIENTED_EDGE('',*,*,#4486,.T.);
#5803=ORIENTED_EDGE('',*,*,#4021,.T.);
#5804=ORIENTED_EDGE('',*,*,#4486,.F.);
#5805=ORIENTED_EDGE('',*,*,#4487,.F.);
#5806=ORIENTED_EDGE('',*,*,#4488,.T.);
#5807=ORIENTED_EDGE('',*,*,#4020,.T.);
#5808=ORIENTED_EDGE('',*,*,#4488,.F.);
#5809=ORIENTED_EDGE('',*,*,#4489,.F.);
#5810=ORIENTED_EDGE('',*,*,#4490,.T.);
#5811=ORIENTED_EDGE('',*,*,#4019,.T.);
#5812=ORIENTED_EDGE('',*,*,#4490,.F.);
#5813=ORIENTED_EDGE('',*,*,#4491,.F.);
#5814=ORIENTED_EDGE('',*,*,#4492,.T.);
#5815=ORIENTED_EDGE('',*,*,#4493,.F.);
#5816=ORIENTED_EDGE('',*,*,#3865,.T.);
#5817=ORIENTED_EDGE('',*,*,#4494,.F.);
#5818=ORIENTED_EDGE('',*,*,#4492,.F.);
#5819=ORIENTED_EDGE('',*,*,#4495,.F.);
#5820=ORIENTED_EDGE('',*,*,#4496,.T.);
#5821=ORIENTED_EDGE('',*,*,#4018,.T.);
#5822=ORIENTED_EDGE('',*,*,#4496,.F.);
#5823=ORIENTED_EDGE('',*,*,#4497,.F.);
#5824=ORIENTED_EDGE('',*,*,#4498,.T.);
#5825=ORIENTED_EDGE('',*,*,#4017,.T.);
#5826=ORIENTED_EDGE('',*,*,#4498,.F.);
#5827=ORIENTED_EDGE('',*,*,#4499,.F.);
#5828=ORIENTED_EDGE('',*,*,#4500,.T.);
#5829=ORIENTED_EDGE('',*,*,#4016,.T.);
#5830=ORIENTED_EDGE('',*,*,#4500,.F.);
#5831=ORIENTED_EDGE('',*,*,#4501,.F.);
#5832=ORIENTED_EDGE('',*,*,#4502,.T.);
#5833=ORIENTED_EDGE('',*,*,#4015,.T.);
#5834=ORIENTED_EDGE('',*,*,#4502,.F.);
#5835=ORIENTED_EDGE('',*,*,#4503,.F.);
#5836=ORIENTED_EDGE('',*,*,#4504,.T.);
#5837=ORIENTED_EDGE('',*,*,#4014,.T.);
#5838=ORIENTED_EDGE('',*,*,#4504,.F.);
#5839=ORIENTED_EDGE('',*,*,#4505,.F.);
#5840=ORIENTED_EDGE('',*,*,#4506,.T.);
#5841=ORIENTED_EDGE('',*,*,#4013,.T.);
#5842=ORIENTED_EDGE('',*,*,#4506,.F.);
#5843=ORIENTED_EDGE('',*,*,#4507,.F.);
#5844=ORIENTED_EDGE('',*,*,#4508,.T.);
#5845=ORIENTED_EDGE('',*,*,#4012,.T.);
#5846=ORIENTED_EDGE('',*,*,#4508,.F.);
#5847=ORIENTED_EDGE('',*,*,#4509,.F.);
#5848=ORIENTED_EDGE('',*,*,#4510,.T.);
#5849=ORIENTED_EDGE('',*,*,#4011,.T.);
#5850=ORIENTED_EDGE('',*,*,#4510,.F.);
#5851=ORIENTED_EDGE('',*,*,#4511,.F.);
#5852=ORIENTED_EDGE('',*,*,#4512,.T.);
#5853=ORIENTED_EDGE('',*,*,#4010,.T.);
#5854=ORIENTED_EDGE('',*,*,#4512,.F.);
#5855=ORIENTED_EDGE('',*,*,#4513,.F.);
#5856=ORIENTED_EDGE('',*,*,#4514,.T.);
#5857=ORIENTED_EDGE('',*,*,#4009,.T.);
#5858=ORIENTED_EDGE('',*,*,#4514,.F.);
#5859=ORIENTED_EDGE('',*,*,#4515,.F.);
#5860=ORIENTED_EDGE('',*,*,#4516,.T.);
#5861=ORIENTED_EDGE('',*,*,#4008,.T.);
#5862=ORIENTED_EDGE('',*,*,#4516,.F.);
#5863=ORIENTED_EDGE('',*,*,#4517,.F.);
#5864=ORIENTED_EDGE('',*,*,#4518,.T.);
#5865=ORIENTED_EDGE('',*,*,#4007,.T.);
#5866=ORIENTED_EDGE('',*,*,#4518,.F.);
#5867=ORIENTED_EDGE('',*,*,#4519,.F.);
#5868=ORIENTED_EDGE('',*,*,#4520,.T.);
#5869=ORIENTED_EDGE('',*,*,#4006,.T.);
#5870=ORIENTED_EDGE('',*,*,#4520,.F.);
#5871=ORIENTED_EDGE('',*,*,#4521,.F.);
#5872=ORIENTED_EDGE('',*,*,#4522,.T.);
#5873=ORIENTED_EDGE('',*,*,#4005,.T.);
#5874=ORIENTED_EDGE('',*,*,#4522,.F.);
#5875=ORIENTED_EDGE('',*,*,#4523,.F.);
#5876=ORIENTED_EDGE('',*,*,#4524,.T.);
#5877=ORIENTED_EDGE('',*,*,#4004,.T.);
#5878=ORIENTED_EDGE('',*,*,#4524,.F.);
#5879=ORIENTED_EDGE('',*,*,#4525,.F.);
#5880=ORIENTED_EDGE('',*,*,#4526,.T.);
#5881=ORIENTED_EDGE('',*,*,#4003,.T.);
#5882=ORIENTED_EDGE('',*,*,#4526,.F.);
#5883=ORIENTED_EDGE('',*,*,#4527,.F.);
#5884=ORIENTED_EDGE('',*,*,#4528,.T.);
#5885=ORIENTED_EDGE('',*,*,#4002,.T.);
#5886=ORIENTED_EDGE('',*,*,#4528,.F.);
#5887=ORIENTED_EDGE('',*,*,#4529,.F.);
#5888=ORIENTED_EDGE('',*,*,#4530,.T.);
#5889=ORIENTED_EDGE('',*,*,#4001,.T.);
#5890=ORIENTED_EDGE('',*,*,#4530,.F.);
#5891=ORIENTED_EDGE('',*,*,#4531,.F.);
#5892=ORIENTED_EDGE('',*,*,#4532,.T.);
#5893=ORIENTED_EDGE('',*,*,#4000,.T.);
#5894=ORIENTED_EDGE('',*,*,#4532,.F.);
#5895=ORIENTED_EDGE('',*,*,#4533,.F.);
#5896=ORIENTED_EDGE('',*,*,#4534,.T.);
#5897=ORIENTED_EDGE('',*,*,#3999,.T.);
#5898=ORIENTED_EDGE('',*,*,#4534,.F.);
#5899=ORIENTED_EDGE('',*,*,#4535,.F.);
#5900=ORIENTED_EDGE('',*,*,#4536,.T.);
#5901=ORIENTED_EDGE('',*,*,#3998,.T.);
#5902=ORIENTED_EDGE('',*,*,#4536,.F.);
#5903=ORIENTED_EDGE('',*,*,#4537,.F.);
#5904=ORIENTED_EDGE('',*,*,#4538,.T.);
#5905=ORIENTED_EDGE('',*,*,#3997,.T.);
#5906=ORIENTED_EDGE('',*,*,#4538,.F.);
#5907=ORIENTED_EDGE('',*,*,#4539,.F.);
#5908=ORIENTED_EDGE('',*,*,#4540,.T.);
#5909=ORIENTED_EDGE('',*,*,#3996,.T.);
#5910=ORIENTED_EDGE('',*,*,#4540,.F.);
#5911=ORIENTED_EDGE('',*,*,#4541,.F.);
#5912=ORIENTED_EDGE('',*,*,#4542,.T.);
#5913=ORIENTED_EDGE('',*,*,#3995,.T.);
#5914=ORIENTED_EDGE('',*,*,#4542,.F.);
#5915=ORIENTED_EDGE('',*,*,#4543,.F.);
#5916=ORIENTED_EDGE('',*,*,#4544,.T.);
#5917=ORIENTED_EDGE('',*,*,#3994,.T.);
#5918=ORIENTED_EDGE('',*,*,#4544,.F.);
#5919=ORIENTED_EDGE('',*,*,#4545,.F.);
#5920=ORIENTED_EDGE('',*,*,#4546,.T.);
#5921=ORIENTED_EDGE('',*,*,#3993,.T.);
#5922=ORIENTED_EDGE('',*,*,#4546,.F.);
#5923=ORIENTED_EDGE('',*,*,#4547,.F.);
#5924=ORIENTED_EDGE('',*,*,#4548,.T.);
#5925=ORIENTED_EDGE('',*,*,#3992,.T.);
#5926=ORIENTED_EDGE('',*,*,#4548,.F.);
#5927=ORIENTED_EDGE('',*,*,#4549,.F.);
#5928=ORIENTED_EDGE('',*,*,#4550,.T.);
#5929=ORIENTED_EDGE('',*,*,#3991,.T.);
#5930=ORIENTED_EDGE('',*,*,#4550,.F.);
#5931=ORIENTED_EDGE('',*,*,#4551,.F.);
#5932=ORIENTED_EDGE('',*,*,#4552,.T.);
#5933=ORIENTED_EDGE('',*,*,#3990,.T.);
#5934=ORIENTED_EDGE('',*,*,#4552,.F.);
#5935=ORIENTED_EDGE('',*,*,#4553,.F.);
#5936=ORIENTED_EDGE('',*,*,#4554,.T.);
#5937=ORIENTED_EDGE('',*,*,#3989,.T.);
#5938=ORIENTED_EDGE('',*,*,#4554,.F.);
#5939=ORIENTED_EDGE('',*,*,#4555,.F.);
#5940=ORIENTED_EDGE('',*,*,#4556,.T.);
#5941=ORIENTED_EDGE('',*,*,#3988,.T.);
#5942=ORIENTED_EDGE('',*,*,#4556,.F.);
#5943=ORIENTED_EDGE('',*,*,#4557,.F.);
#5944=ORIENTED_EDGE('',*,*,#4558,.T.);
#5945=ORIENTED_EDGE('',*,*,#3987,.T.);
#5946=ORIENTED_EDGE('',*,*,#4558,.F.);
#5947=ORIENTED_EDGE('',*,*,#4559,.F.);
#5948=ORIENTED_EDGE('',*,*,#4560,.T.);
#5949=ORIENTED_EDGE('',*,*,#3986,.T.);
#5950=ORIENTED_EDGE('',*,*,#4560,.F.);
#5951=ORIENTED_EDGE('',*,*,#4561,.F.);
#5952=ORIENTED_EDGE('',*,*,#4562,.T.);
#5953=ORIENTED_EDGE('',*,*,#3985,.T.);
#5954=ORIENTED_EDGE('',*,*,#4562,.F.);
#5955=ORIENTED_EDGE('',*,*,#4563,.F.);
#5956=ORIENTED_EDGE('',*,*,#4564,.T.);
#5957=ORIENTED_EDGE('',*,*,#3984,.T.);
#5958=ORIENTED_EDGE('',*,*,#4564,.F.);
#5959=ORIENTED_EDGE('',*,*,#4565,.F.);
#5960=ORIENTED_EDGE('',*,*,#4566,.T.);
#5961=ORIENTED_EDGE('',*,*,#3983,.T.);
#5962=ORIENTED_EDGE('',*,*,#4566,.F.);
#5963=ORIENTED_EDGE('',*,*,#4567,.F.);
#5964=ORIENTED_EDGE('',*,*,#4568,.T.);
#5965=ORIENTED_EDGE('',*,*,#3982,.T.);
#5966=ORIENTED_EDGE('',*,*,#4568,.F.);
#5967=ORIENTED_EDGE('',*,*,#4569,.F.);
#5968=ORIENTED_EDGE('',*,*,#4570,.T.);
#5969=ORIENTED_EDGE('',*,*,#3981,.T.);
#5970=ORIENTED_EDGE('',*,*,#4570,.F.);
#5971=ORIENTED_EDGE('',*,*,#4571,.F.);
#5972=ORIENTED_EDGE('',*,*,#4572,.T.);
#5973=ORIENTED_EDGE('',*,*,#3980,.T.);
#5974=ORIENTED_EDGE('',*,*,#4572,.F.);
#5975=ORIENTED_EDGE('',*,*,#4573,.F.);
#5976=ORIENTED_EDGE('',*,*,#4574,.T.);
#5977=ORIENTED_EDGE('',*,*,#3979,.T.);
#5978=ORIENTED_EDGE('',*,*,#4574,.F.);
#5979=ORIENTED_EDGE('',*,*,#4575,.F.);
#5980=ORIENTED_EDGE('',*,*,#4576,.T.);
#5981=ORIENTED_EDGE('',*,*,#3978,.T.);
#5982=ORIENTED_EDGE('',*,*,#4576,.F.);
#5983=ORIENTED_EDGE('',*,*,#4577,.F.);
#5984=ORIENTED_EDGE('',*,*,#4578,.T.);
#5985=ORIENTED_EDGE('',*,*,#3977,.T.);
#5986=ORIENTED_EDGE('',*,*,#4578,.F.);
#5987=ORIENTED_EDGE('',*,*,#4579,.F.);
#5988=ORIENTED_EDGE('',*,*,#4580,.T.);
#5989=ORIENTED_EDGE('',*,*,#3976,.T.);
#5990=ORIENTED_EDGE('',*,*,#4580,.F.);
#5991=ORIENTED_EDGE('',*,*,#4581,.F.);
#5992=ORIENTED_EDGE('',*,*,#4582,.T.);
#5993=ORIENTED_EDGE('',*,*,#3975,.T.);
#5994=ORIENTED_EDGE('',*,*,#4582,.F.);
#5995=ORIENTED_EDGE('',*,*,#4583,.F.);
#5996=ORIENTED_EDGE('',*,*,#4584,.T.);
#5997=ORIENTED_EDGE('',*,*,#4585,.F.);
#5998=ORIENTED_EDGE('',*,*,#3867,.T.);
#5999=ORIENTED_EDGE('',*,*,#4586,.F.);
#6000=ORIENTED_EDGE('',*,*,#4584,.F.);
#6001=ORIENTED_EDGE('',*,*,#4587,.F.);
#6002=ORIENTED_EDGE('',*,*,#4588,.T.);
#6003=ORIENTED_EDGE('',*,*,#3974,.T.);
#6004=ORIENTED_EDGE('',*,*,#4588,.F.);
#6005=ORIENTED_EDGE('',*,*,#4589,.F.);
#6006=ORIENTED_EDGE('',*,*,#4590,.T.);
#6007=ORIENTED_EDGE('',*,*,#3973,.T.);
#6008=ORIENTED_EDGE('',*,*,#4590,.F.);
#6009=ORIENTED_EDGE('',*,*,#4591,.F.);
#6010=ORIENTED_EDGE('',*,*,#4592,.T.);
#6011=ORIENTED_EDGE('',*,*,#3972,.T.);
#6012=ORIENTED_EDGE('',*,*,#4592,.F.);
#6013=ORIENTED_EDGE('',*,*,#4593,.F.);
#6014=ORIENTED_EDGE('',*,*,#4594,.T.);
#6015=ORIENTED_EDGE('',*,*,#3971,.T.);
#6016=ORIENTED_EDGE('',*,*,#4594,.F.);
#6017=ORIENTED_EDGE('',*,*,#4595,.F.);
#6018=ORIENTED_EDGE('',*,*,#4596,.T.);
#6019=ORIENTED_EDGE('',*,*,#3970,.T.);
#6020=ORIENTED_EDGE('',*,*,#4596,.F.);
#6021=ORIENTED_EDGE('',*,*,#4597,.F.);
#6022=ORIENTED_EDGE('',*,*,#4598,.T.);
#6023=ORIENTED_EDGE('',*,*,#3969,.T.);
#6024=ORIENTED_EDGE('',*,*,#4598,.F.);
#6025=ORIENTED_EDGE('',*,*,#4599,.F.);
#6026=ORIENTED_EDGE('',*,*,#4600,.T.);
#6027=ORIENTED_EDGE('',*,*,#3968,.T.);
#6028=ORIENTED_EDGE('',*,*,#4600,.F.);
#6029=ORIENTED_EDGE('',*,*,#4601,.F.);
#6030=ORIENTED_EDGE('',*,*,#4602,.T.);
#6031=ORIENTED_EDGE('',*,*,#3967,.T.);
#6032=ORIENTED_EDGE('',*,*,#4602,.F.);
#6033=ORIENTED_EDGE('',*,*,#4603,.F.);
#6034=ORIENTED_EDGE('',*,*,#4604,.T.);
#6035=ORIENTED_EDGE('',*,*,#3966,.T.);
#6036=ORIENTED_EDGE('',*,*,#4604,.F.);
#6037=ORIENTED_EDGE('',*,*,#4605,.F.);
#6038=ORIENTED_EDGE('',*,*,#4606,.T.);
#6039=ORIENTED_EDGE('',*,*,#3965,.T.);
#6040=ORIENTED_EDGE('',*,*,#4606,.F.);
#6041=ORIENTED_EDGE('',*,*,#4607,.F.);
#6042=ORIENTED_EDGE('',*,*,#4608,.T.);
#6043=ORIENTED_EDGE('',*,*,#4609,.F.);
#6044=ORIENTED_EDGE('',*,*,#3869,.T.);
#6045=ORIENTED_EDGE('',*,*,#4610,.F.);
#6046=ORIENTED_EDGE('',*,*,#4608,.F.);
#6047=ORIENTED_EDGE('',*,*,#4611,.F.);
#6048=ORIENTED_EDGE('',*,*,#4612,.T.);
#6049=ORIENTED_EDGE('',*,*,#3964,.T.);
#6050=ORIENTED_EDGE('',*,*,#4612,.F.);
#6051=ORIENTED_EDGE('',*,*,#4613,.F.);
#6052=ORIENTED_EDGE('',*,*,#4614,.T.);
#6053=ORIENTED_EDGE('',*,*,#3963,.T.);
#6054=ORIENTED_EDGE('',*,*,#4614,.F.);
#6055=ORIENTED_EDGE('',*,*,#4615,.F.);
#6056=ORIENTED_EDGE('',*,*,#4616,.T.);
#6057=ORIENTED_EDGE('',*,*,#3962,.T.);
#6058=ORIENTED_EDGE('',*,*,#4616,.F.);
#6059=ORIENTED_EDGE('',*,*,#4617,.F.);
#6060=ORIENTED_EDGE('',*,*,#4618,.T.);
#6061=ORIENTED_EDGE('',*,*,#3961,.T.);
#6062=ORIENTED_EDGE('',*,*,#4618,.F.);
#6063=ORIENTED_EDGE('',*,*,#4619,.F.);
#6064=ORIENTED_EDGE('',*,*,#4620,.T.);
#6065=ORIENTED_EDGE('',*,*,#3960,.T.);
#6066=ORIENTED_EDGE('',*,*,#4620,.F.);
#6067=ORIENTED_EDGE('',*,*,#4621,.F.);
#6068=ORIENTED_EDGE('',*,*,#4622,.T.);
#6069=ORIENTED_EDGE('',*,*,#3959,.T.);
#6070=ORIENTED_EDGE('',*,*,#4622,.F.);
#6071=ORIENTED_EDGE('',*,*,#4623,.F.);
#6072=ORIENTED_EDGE('',*,*,#4624,.T.);
#6073=ORIENTED_EDGE('',*,*,#3958,.T.);
#6074=ORIENTED_EDGE('',*,*,#4624,.F.);
#6075=ORIENTED_EDGE('',*,*,#4625,.F.);
#6076=ORIENTED_EDGE('',*,*,#4626,.T.);
#6077=ORIENTED_EDGE('',*,*,#3957,.T.);
#6078=ORIENTED_EDGE('',*,*,#4626,.F.);
#6079=ORIENTED_EDGE('',*,*,#4627,.F.);
#6080=ORIENTED_EDGE('',*,*,#4628,.T.);
#6081=ORIENTED_EDGE('',*,*,#3956,.T.);
#6082=ORIENTED_EDGE('',*,*,#4628,.F.);
#6083=ORIENTED_EDGE('',*,*,#4629,.F.);
#6084=ORIENTED_EDGE('',*,*,#4630,.T.);
#6085=ORIENTED_EDGE('',*,*,#3955,.T.);
#6086=ORIENTED_EDGE('',*,*,#4630,.F.);
#6087=ORIENTED_EDGE('',*,*,#4631,.F.);
#6088=ORIENTED_EDGE('',*,*,#4632,.T.);
#6089=ORIENTED_EDGE('',*,*,#3954,.T.);
#6090=ORIENTED_EDGE('',*,*,#4632,.F.);
#6091=ORIENTED_EDGE('',*,*,#4633,.F.);
#6092=ORIENTED_EDGE('',*,*,#4634,.T.);
#6093=ORIENTED_EDGE('',*,*,#3953,.T.);
#6094=ORIENTED_EDGE('',*,*,#4634,.F.);
#6095=ORIENTED_EDGE('',*,*,#4635,.F.);
#6096=ORIENTED_EDGE('',*,*,#4636,.T.);
#6097=ORIENTED_EDGE('',*,*,#3952,.T.);
#6098=ORIENTED_EDGE('',*,*,#4636,.F.);
#6099=ORIENTED_EDGE('',*,*,#4637,.F.);
#6100=ORIENTED_EDGE('',*,*,#4638,.T.);
#6101=ORIENTED_EDGE('',*,*,#3951,.T.);
#6102=ORIENTED_EDGE('',*,*,#4638,.F.);
#6103=ORIENTED_EDGE('',*,*,#4639,.F.);
#6104=ORIENTED_EDGE('',*,*,#4640,.T.);
#6105=ORIENTED_EDGE('',*,*,#3950,.T.);
#6106=ORIENTED_EDGE('',*,*,#4640,.F.);
#6107=ORIENTED_EDGE('',*,*,#4641,.F.);
#6108=ORIENTED_EDGE('',*,*,#4642,.T.);
#6109=ORIENTED_EDGE('',*,*,#3949,.T.);
#6110=ORIENTED_EDGE('',*,*,#4642,.F.);
#6111=ORIENTED_EDGE('',*,*,#4643,.F.);
#6112=ORIENTED_EDGE('',*,*,#4644,.T.);
#6113=ORIENTED_EDGE('',*,*,#3948,.T.);
#6114=ORIENTED_EDGE('',*,*,#4644,.F.);
#6115=ORIENTED_EDGE('',*,*,#4645,.F.);
#6116=ORIENTED_EDGE('',*,*,#4646,.T.);
#6117=ORIENTED_EDGE('',*,*,#3947,.T.);
#6118=ORIENTED_EDGE('',*,*,#4646,.F.);
#6119=ORIENTED_EDGE('',*,*,#4647,.F.);
#6120=ORIENTED_EDGE('',*,*,#4648,.T.);
#6121=ORIENTED_EDGE('',*,*,#3946,.T.);
#6122=ORIENTED_EDGE('',*,*,#4648,.F.);
#6123=ORIENTED_EDGE('',*,*,#4649,.F.);
#6124=ORIENTED_EDGE('',*,*,#4650,.T.);
#6125=ORIENTED_EDGE('',*,*,#3945,.T.);
#6126=ORIENTED_EDGE('',*,*,#4650,.F.);
#6127=ORIENTED_EDGE('',*,*,#4651,.F.);
#6128=ORIENTED_EDGE('',*,*,#4652,.T.);
#6129=ORIENTED_EDGE('',*,*,#3944,.T.);
#6130=ORIENTED_EDGE('',*,*,#4652,.F.);
#6131=ORIENTED_EDGE('',*,*,#4653,.F.);
#6132=ORIENTED_EDGE('',*,*,#4654,.T.);
#6133=ORIENTED_EDGE('',*,*,#3943,.T.);
#6134=ORIENTED_EDGE('',*,*,#4654,.F.);
#6135=ORIENTED_EDGE('',*,*,#4655,.F.);
#6136=ORIENTED_EDGE('',*,*,#4656,.T.);
#6137=ORIENTED_EDGE('',*,*,#3942,.T.);
#6138=ORIENTED_EDGE('',*,*,#4656,.F.);
#6139=ORIENTED_EDGE('',*,*,#4657,.F.);
#6140=ORIENTED_EDGE('',*,*,#4658,.T.);
#6141=ORIENTED_EDGE('',*,*,#3941,.T.);
#6142=ORIENTED_EDGE('',*,*,#4658,.F.);
#6143=ORIENTED_EDGE('',*,*,#4659,.F.);
#6144=ORIENTED_EDGE('',*,*,#4660,.T.);
#6145=ORIENTED_EDGE('',*,*,#3940,.T.);
#6146=ORIENTED_EDGE('',*,*,#4660,.F.);
#6147=ORIENTED_EDGE('',*,*,#4661,.F.);
#6148=ORIENTED_EDGE('',*,*,#4662,.T.);
#6149=ORIENTED_EDGE('',*,*,#3939,.T.);
#6150=ORIENTED_EDGE('',*,*,#4662,.F.);
#6151=ORIENTED_EDGE('',*,*,#4663,.F.);
#6152=ORIENTED_EDGE('',*,*,#4664,.T.);
#6153=ORIENTED_EDGE('',*,*,#3938,.T.);
#6154=ORIENTED_EDGE('',*,*,#4664,.F.);
#6155=ORIENTED_EDGE('',*,*,#4665,.F.);
#6156=ORIENTED_EDGE('',*,*,#4666,.T.);
#6157=ORIENTED_EDGE('',*,*,#3937,.T.);
#6158=ORIENTED_EDGE('',*,*,#4666,.F.);
#6159=ORIENTED_EDGE('',*,*,#4667,.F.);
#6160=ORIENTED_EDGE('',*,*,#4668,.T.);
#6161=ORIENTED_EDGE('',*,*,#3936,.T.);
#6162=ORIENTED_EDGE('',*,*,#4668,.F.);
#6163=ORIENTED_EDGE('',*,*,#4669,.F.);
#6164=ORIENTED_EDGE('',*,*,#4670,.T.);
#6165=ORIENTED_EDGE('',*,*,#3935,.T.);
#6166=ORIENTED_EDGE('',*,*,#4670,.F.);
#6167=ORIENTED_EDGE('',*,*,#4671,.F.);
#6168=ORIENTED_EDGE('',*,*,#4672,.T.);
#6169=ORIENTED_EDGE('',*,*,#3934,.T.);
#6170=ORIENTED_EDGE('',*,*,#4672,.F.);
#6171=ORIENTED_EDGE('',*,*,#4673,.F.);
#6172=ORIENTED_EDGE('',*,*,#4674,.T.);
#6173=ORIENTED_EDGE('',*,*,#3856,.T.);
#6174=ORIENTED_EDGE('',*,*,#4675,.F.);
#6175=ORIENTED_EDGE('',*,*,#3857,.T.);
#6176=ORIENTED_EDGE('',*,*,#4674,.F.);
#6177=ORIENTED_EDGE('',*,*,#4676,.F.);
#6178=ORIENTED_EDGE('',*,*,#4677,.T.);
#6179=ORIENTED_EDGE('',*,*,#3933,.T.);
#6180=ORIENTED_EDGE('',*,*,#4677,.F.);
#6181=ORIENTED_EDGE('',*,*,#4678,.F.);
#6182=ORIENTED_EDGE('',*,*,#4679,.T.);
#6183=ORIENTED_EDGE('',*,*,#3932,.T.);
#6184=ORIENTED_EDGE('',*,*,#4679,.F.);
#6185=ORIENTED_EDGE('',*,*,#4680,.F.);
#6186=ORIENTED_EDGE('',*,*,#4681,.T.);
#6187=ORIENTED_EDGE('',*,*,#3931,.T.);
#6188=ORIENTED_EDGE('',*,*,#4681,.F.);
#6189=ORIENTED_EDGE('',*,*,#4682,.F.);
#6190=ORIENTED_EDGE('',*,*,#4683,.T.);
#6191=ORIENTED_EDGE('',*,*,#3930,.T.);
#6192=ORIENTED_EDGE('',*,*,#4683,.F.);
#6193=ORIENTED_EDGE('',*,*,#4684,.F.);
#6194=ORIENTED_EDGE('',*,*,#4685,.T.);
#6195=ORIENTED_EDGE('',*,*,#3929,.T.);
#6196=ORIENTED_EDGE('',*,*,#4685,.F.);
#6197=ORIENTED_EDGE('',*,*,#4686,.F.);
#6198=ORIENTED_EDGE('',*,*,#4687,.T.);
#6199=ORIENTED_EDGE('',*,*,#3928,.T.);
#6200=ORIENTED_EDGE('',*,*,#4687,.F.);
#6201=ORIENTED_EDGE('',*,*,#4688,.F.);
#6202=ORIENTED_EDGE('',*,*,#4689,.T.);
#6203=ORIENTED_EDGE('',*,*,#3927,.T.);
#6204=ORIENTED_EDGE('',*,*,#4689,.F.);
#6205=ORIENTED_EDGE('',*,*,#4690,.F.);
#6206=ORIENTED_EDGE('',*,*,#4691,.T.);
#6207=ORIENTED_EDGE('',*,*,#3926,.T.);
#6208=ORIENTED_EDGE('',*,*,#4691,.F.);
#6209=ORIENTED_EDGE('',*,*,#4692,.F.);
#6210=ORIENTED_EDGE('',*,*,#4693,.T.);
#6211=ORIENTED_EDGE('',*,*,#3925,.T.);
#6212=ORIENTED_EDGE('',*,*,#4693,.F.);
#6213=ORIENTED_EDGE('',*,*,#4694,.F.);
#6214=ORIENTED_EDGE('',*,*,#4695,.T.);
#6215=ORIENTED_EDGE('',*,*,#3924,.T.);
#6216=ORIENTED_EDGE('',*,*,#4695,.F.);
#6217=ORIENTED_EDGE('',*,*,#4696,.F.);
#6218=ORIENTED_EDGE('',*,*,#4697,.T.);
#6219=ORIENTED_EDGE('',*,*,#3923,.T.);
#6220=ORIENTED_EDGE('',*,*,#4697,.F.);
#6221=ORIENTED_EDGE('',*,*,#4698,.F.);
#6222=ORIENTED_EDGE('',*,*,#4699,.T.);
#6223=ORIENTED_EDGE('',*,*,#3922,.T.);
#6224=ORIENTED_EDGE('',*,*,#4699,.F.);
#6225=ORIENTED_EDGE('',*,*,#4700,.F.);
#6226=ORIENTED_EDGE('',*,*,#4701,.T.);
#6227=ORIENTED_EDGE('',*,*,#3921,.T.);
#6228=ORIENTED_EDGE('',*,*,#4701,.F.);
#6229=ORIENTED_EDGE('',*,*,#4702,.F.);
#6230=ORIENTED_EDGE('',*,*,#4703,.T.);
#6231=ORIENTED_EDGE('',*,*,#3920,.T.);
#6232=ORIENTED_EDGE('',*,*,#4703,.F.);
#6233=ORIENTED_EDGE('',*,*,#4704,.F.);
#6234=ORIENTED_EDGE('',*,*,#4705,.T.);
#6235=ORIENTED_EDGE('',*,*,#3919,.T.);
#6236=ORIENTED_EDGE('',*,*,#4705,.F.);
#6237=ORIENTED_EDGE('',*,*,#4706,.F.);
#6238=ORIENTED_EDGE('',*,*,#4707,.T.);
#6239=ORIENTED_EDGE('',*,*,#3918,.T.);
#6240=ORIENTED_EDGE('',*,*,#4707,.F.);
#6241=ORIENTED_EDGE('',*,*,#4708,.F.);
#6242=ORIENTED_EDGE('',*,*,#4709,.T.);
#6243=ORIENTED_EDGE('',*,*,#3917,.T.);
#6244=ORIENTED_EDGE('',*,*,#4709,.F.);
#6245=ORIENTED_EDGE('',*,*,#4710,.F.);
#6246=ORIENTED_EDGE('',*,*,#4711,.T.);
#6247=ORIENTED_EDGE('',*,*,#3916,.T.);
#6248=ORIENTED_EDGE('',*,*,#4711,.F.);
#6249=ORIENTED_EDGE('',*,*,#4712,.F.);
#6250=ORIENTED_EDGE('',*,*,#4713,.T.);
#6251=ORIENTED_EDGE('',*,*,#3915,.T.);
#6252=ORIENTED_EDGE('',*,*,#4713,.F.);
#6253=ORIENTED_EDGE('',*,*,#4714,.F.);
#6254=ORIENTED_EDGE('',*,*,#4715,.T.);
#6255=ORIENTED_EDGE('',*,*,#3914,.T.);
#6256=ORIENTED_EDGE('',*,*,#4715,.F.);
#6257=ORIENTED_EDGE('',*,*,#4716,.F.);
#6258=ORIENTED_EDGE('',*,*,#4717,.T.);
#6259=ORIENTED_EDGE('',*,*,#3913,.T.);
#6260=ORIENTED_EDGE('',*,*,#4717,.F.);
#6261=ORIENTED_EDGE('',*,*,#4718,.F.);
#6262=ORIENTED_EDGE('',*,*,#4719,.T.);
#6263=ORIENTED_EDGE('',*,*,#3912,.T.);
#6264=ORIENTED_EDGE('',*,*,#4719,.F.);
#6265=ORIENTED_EDGE('',*,*,#4720,.F.);
#6266=ORIENTED_EDGE('',*,*,#4721,.T.);
#6267=ORIENTED_EDGE('',*,*,#3911,.T.);
#6268=ORIENTED_EDGE('',*,*,#4721,.F.);
#6269=ORIENTED_EDGE('',*,*,#4722,.F.);
#6270=ORIENTED_EDGE('',*,*,#4723,.T.);
#6271=ORIENTED_EDGE('',*,*,#3910,.T.);
#6272=ORIENTED_EDGE('',*,*,#4723,.F.);
#6273=ORIENTED_EDGE('',*,*,#4724,.F.);
#6274=ORIENTED_EDGE('',*,*,#4725,.T.);
#6275=ORIENTED_EDGE('',*,*,#3909,.T.);
#6276=ORIENTED_EDGE('',*,*,#4725,.F.);
#6277=ORIENTED_EDGE('',*,*,#4726,.F.);
#6278=ORIENTED_EDGE('',*,*,#4727,.T.);
#6279=ORIENTED_EDGE('',*,*,#3908,.T.);
#6280=ORIENTED_EDGE('',*,*,#4727,.F.);
#6281=ORIENTED_EDGE('',*,*,#4728,.F.);
#6282=ORIENTED_EDGE('',*,*,#4729,.T.);
#6283=ORIENTED_EDGE('',*,*,#3907,.T.);
#6284=ORIENTED_EDGE('',*,*,#4729,.F.);
#6285=ORIENTED_EDGE('',*,*,#4730,.F.);
#6286=ORIENTED_EDGE('',*,*,#4731,.T.);
#6287=ORIENTED_EDGE('',*,*,#3906,.T.);
#6288=ORIENTED_EDGE('',*,*,#4731,.F.);
#6289=ORIENTED_EDGE('',*,*,#4732,.F.);
#6290=ORIENTED_EDGE('',*,*,#4733,.T.);
#6291=ORIENTED_EDGE('',*,*,#3905,.T.);
#6292=ORIENTED_EDGE('',*,*,#4733,.F.);
#6293=ORIENTED_EDGE('',*,*,#4734,.F.);
#6294=ORIENTED_EDGE('',*,*,#4735,.T.);
#6295=ORIENTED_EDGE('',*,*,#3904,.T.);
#6296=ORIENTED_EDGE('',*,*,#4735,.F.);
#6297=ORIENTED_EDGE('',*,*,#4736,.F.);
#6298=ORIENTED_EDGE('',*,*,#4737,.T.);
#6299=ORIENTED_EDGE('',*,*,#3903,.T.);
#6300=ORIENTED_EDGE('',*,*,#4737,.F.);
#6301=ORIENTED_EDGE('',*,*,#4738,.F.);
#6302=ORIENTED_EDGE('',*,*,#4739,.T.);
#6303=ORIENTED_EDGE('',*,*,#3902,.T.);
#6304=ORIENTED_EDGE('',*,*,#4739,.F.);
#6305=ORIENTED_EDGE('',*,*,#4740,.F.);
#6306=ORIENTED_EDGE('',*,*,#4741,.T.);
#6307=ORIENTED_EDGE('',*,*,#3901,.T.);
#6308=ORIENTED_EDGE('',*,*,#4741,.F.);
#6309=ORIENTED_EDGE('',*,*,#4742,.F.);
#6310=ORIENTED_EDGE('',*,*,#4743,.T.);
#6311=ORIENTED_EDGE('',*,*,#3900,.T.);
#6312=ORIENTED_EDGE('',*,*,#4743,.F.);
#6313=ORIENTED_EDGE('',*,*,#4744,.F.);
#6314=ORIENTED_EDGE('',*,*,#4745,.T.);
#6315=ORIENTED_EDGE('',*,*,#3899,.T.);
#6316=ORIENTED_EDGE('',*,*,#4745,.F.);
#6317=ORIENTED_EDGE('',*,*,#4746,.F.);
#6318=ORIENTED_EDGE('',*,*,#4747,.T.);
#6319=ORIENTED_EDGE('',*,*,#3898,.T.);
#6320=ORIENTED_EDGE('',*,*,#4747,.F.);
#6321=ORIENTED_EDGE('',*,*,#4748,.F.);
#6322=ORIENTED_EDGE('',*,*,#4749,.T.);
#6323=ORIENTED_EDGE('',*,*,#3897,.T.);
#6324=ORIENTED_EDGE('',*,*,#4749,.F.);
#6325=ORIENTED_EDGE('',*,*,#4750,.F.);
#6326=ORIENTED_EDGE('',*,*,#4751,.T.);
#6327=ORIENTED_EDGE('',*,*,#3896,.T.);
#6328=ORIENTED_EDGE('',*,*,#4751,.F.);
#6329=ORIENTED_EDGE('',*,*,#4752,.F.);
#6330=ORIENTED_EDGE('',*,*,#4753,.T.);
#6331=ORIENTED_EDGE('',*,*,#3895,.T.);
#6332=ORIENTED_EDGE('',*,*,#4753,.F.);
#6333=ORIENTED_EDGE('',*,*,#4754,.F.);
#6334=ORIENTED_EDGE('',*,*,#4755,.T.);
#6335=ORIENTED_EDGE('',*,*,#3894,.T.);
#6336=ORIENTED_EDGE('',*,*,#4755,.F.);
#6337=ORIENTED_EDGE('',*,*,#4756,.F.);
#6338=ORIENTED_EDGE('',*,*,#4757,.T.);
#6339=ORIENTED_EDGE('',*,*,#3893,.T.);
#6340=ORIENTED_EDGE('',*,*,#4757,.F.);
#6341=ORIENTED_EDGE('',*,*,#4758,.F.);
#6342=ORIENTED_EDGE('',*,*,#4759,.T.);
#6343=ORIENTED_EDGE('',*,*,#3892,.T.);
#6344=ORIENTED_EDGE('',*,*,#4759,.F.);
#6345=ORIENTED_EDGE('',*,*,#4760,.F.);
#6346=ORIENTED_EDGE('',*,*,#4761,.T.);
#6347=ORIENTED_EDGE('',*,*,#3891,.T.);
#6348=ORIENTED_EDGE('',*,*,#4761,.F.);
#6349=ORIENTED_EDGE('',*,*,#4762,.F.);
#6350=ORIENTED_EDGE('',*,*,#4763,.T.);
#6351=ORIENTED_EDGE('',*,*,#3890,.T.);
#6352=ORIENTED_EDGE('',*,*,#4763,.F.);
#6353=ORIENTED_EDGE('',*,*,#4764,.F.);
#6354=ORIENTED_EDGE('',*,*,#4765,.T.);
#6355=ORIENTED_EDGE('',*,*,#3889,.T.);
#6356=ORIENTED_EDGE('',*,*,#4765,.F.);
#6357=ORIENTED_EDGE('',*,*,#4766,.F.);
#6358=ORIENTED_EDGE('',*,*,#4767,.T.);
#6359=ORIENTED_EDGE('',*,*,#3888,.T.);
#6360=ORIENTED_EDGE('',*,*,#4767,.F.);
#6361=ORIENTED_EDGE('',*,*,#4768,.F.);
#6362=ORIENTED_EDGE('',*,*,#4769,.T.);
#6363=ORIENTED_EDGE('',*,*,#3887,.T.);
#6364=ORIENTED_EDGE('',*,*,#4769,.F.);
#6365=ORIENTED_EDGE('',*,*,#4770,.F.);
#6366=ORIENTED_EDGE('',*,*,#4771,.T.);
#6367=ORIENTED_EDGE('',*,*,#3886,.T.);
#6368=ORIENTED_EDGE('',*,*,#4771,.F.);
#6369=ORIENTED_EDGE('',*,*,#4772,.F.);
#6370=ORIENTED_EDGE('',*,*,#4773,.T.);
#6371=ORIENTED_EDGE('',*,*,#3885,.T.);
#6372=ORIENTED_EDGE('',*,*,#4773,.F.);
#6373=ORIENTED_EDGE('',*,*,#4774,.F.);
#6374=ORIENTED_EDGE('',*,*,#4775,.T.);
#6375=ORIENTED_EDGE('',*,*,#3884,.T.);
#6376=ORIENTED_EDGE('',*,*,#4775,.F.);
#6377=ORIENTED_EDGE('',*,*,#4776,.F.);
#6378=ORIENTED_EDGE('',*,*,#4777,.T.);
#6379=ORIENTED_EDGE('',*,*,#3883,.T.);
#6380=ORIENTED_EDGE('',*,*,#4777,.F.);
#6381=ORIENTED_EDGE('',*,*,#4778,.F.);
#6382=ORIENTED_EDGE('',*,*,#4779,.T.);
#6383=ORIENTED_EDGE('',*,*,#3882,.T.);
#6384=ORIENTED_EDGE('',*,*,#4779,.F.);
#6385=ORIENTED_EDGE('',*,*,#4780,.F.);
#6386=ORIENTED_EDGE('',*,*,#4781,.T.);
#6387=ORIENTED_EDGE('',*,*,#3859,.T.);
#6388=ORIENTED_EDGE('',*,*,#4782,.F.);
#6389=ORIENTED_EDGE('',*,*,#3860,.T.);
#6390=ORIENTED_EDGE('',*,*,#4781,.F.);
#6391=ORIENTED_EDGE('',*,*,#4783,.F.);
#6392=ORIENTED_EDGE('',*,*,#4784,.T.);
#6393=ORIENTED_EDGE('',*,*,#3881,.T.);
#6394=ORIENTED_EDGE('',*,*,#4784,.F.);
#6395=ORIENTED_EDGE('',*,*,#4785,.F.);
#6396=ORIENTED_EDGE('',*,*,#4786,.T.);
#6397=ORIENTED_EDGE('',*,*,#3880,.T.);
#6398=ORIENTED_EDGE('',*,*,#4786,.F.);
#6399=ORIENTED_EDGE('',*,*,#3837,.F.);
#6400=ORIENTED_EDGE('',*,*,#3841,.T.);
#6401=ORIENTED_EDGE('',*,*,#4787,.F.);
#6402=ORIENTED_EDGE('',*,*,#4788,.F.);
#6403=ORIENTED_EDGE('',*,*,#3834,.F.);
#6404=ORIENTED_EDGE('',*,*,#4788,.T.);
#6405=ORIENTED_EDGE('',*,*,#4789,.F.);
#6406=ORIENTED_EDGE('',*,*,#3842,.F.);
#6407=ORIENTED_EDGE('',*,*,#3843,.T.);
#6408=ORIENTED_EDGE('',*,*,#4789,.T.);
#6409=ORIENTED_EDGE('',*,*,#4787,.T.);
#6410=ORIENTED_EDGE('',*,*,#3840,.T.);
#6411=ORIENTED_EDGE('',*,*,#4785,.T.);
#6412=ORIENTED_EDGE('',*,*,#4783,.T.);
#6413=ORIENTED_EDGE('',*,*,#4780,.T.);
#6414=ORIENTED_EDGE('',*,*,#4778,.T.);
#6415=ORIENTED_EDGE('',*,*,#4776,.T.);
#6416=ORIENTED_EDGE('',*,*,#4774,.T.);
#6417=ORIENTED_EDGE('',*,*,#4772,.T.);
#6418=ORIENTED_EDGE('',*,*,#4770,.T.);
#6419=ORIENTED_EDGE('',*,*,#4768,.T.);
#6420=ORIENTED_EDGE('',*,*,#4766,.T.);
#6421=ORIENTED_EDGE('',*,*,#4764,.T.);
#6422=ORIENTED_EDGE('',*,*,#4762,.T.);
#6423=ORIENTED_EDGE('',*,*,#4760,.T.);
#6424=ORIENTED_EDGE('',*,*,#4758,.T.);
#6425=ORIENTED_EDGE('',*,*,#4756,.T.);
#6426=ORIENTED_EDGE('',*,*,#4754,.T.);
#6427=ORIENTED_EDGE('',*,*,#4752,.T.);
#6428=ORIENTED_EDGE('',*,*,#4750,.T.);
#6429=ORIENTED_EDGE('',*,*,#4748,.T.);
#6430=ORIENTED_EDGE('',*,*,#4746,.T.);
#6431=ORIENTED_EDGE('',*,*,#4744,.T.);
#6432=ORIENTED_EDGE('',*,*,#4742,.T.);
#6433=ORIENTED_EDGE('',*,*,#4740,.T.);
#6434=ORIENTED_EDGE('',*,*,#4738,.T.);
#6435=ORIENTED_EDGE('',*,*,#4736,.T.);
#6436=ORIENTED_EDGE('',*,*,#4734,.T.);
#6437=ORIENTED_EDGE('',*,*,#4732,.T.);
#6438=ORIENTED_EDGE('',*,*,#4730,.T.);
#6439=ORIENTED_EDGE('',*,*,#4728,.T.);
#6440=ORIENTED_EDGE('',*,*,#4726,.T.);
#6441=ORIENTED_EDGE('',*,*,#4724,.T.);
#6442=ORIENTED_EDGE('',*,*,#4722,.T.);
#6443=ORIENTED_EDGE('',*,*,#4720,.T.);
#6444=ORIENTED_EDGE('',*,*,#4718,.T.);
#6445=ORIENTED_EDGE('',*,*,#4716,.T.);
#6446=ORIENTED_EDGE('',*,*,#4714,.T.);
#6447=ORIENTED_EDGE('',*,*,#4712,.T.);
#6448=ORIENTED_EDGE('',*,*,#4710,.T.);
#6449=ORIENTED_EDGE('',*,*,#4708,.T.);
#6450=ORIENTED_EDGE('',*,*,#4706,.T.);
#6451=ORIENTED_EDGE('',*,*,#4704,.T.);
#6452=ORIENTED_EDGE('',*,*,#4702,.T.);
#6453=ORIENTED_EDGE('',*,*,#4700,.T.);
#6454=ORIENTED_EDGE('',*,*,#4698,.T.);
#6455=ORIENTED_EDGE('',*,*,#4696,.T.);
#6456=ORIENTED_EDGE('',*,*,#4694,.T.);
#6457=ORIENTED_EDGE('',*,*,#4692,.T.);
#6458=ORIENTED_EDGE('',*,*,#4690,.T.);
#6459=ORIENTED_EDGE('',*,*,#4688,.T.);
#6460=ORIENTED_EDGE('',*,*,#4686,.T.);
#6461=ORIENTED_EDGE('',*,*,#4684,.T.);
#6462=ORIENTED_EDGE('',*,*,#4682,.T.);
#6463=ORIENTED_EDGE('',*,*,#4680,.T.);
#6464=ORIENTED_EDGE('',*,*,#4678,.T.);
#6465=ORIENTED_EDGE('',*,*,#4676,.T.);
#6466=ORIENTED_EDGE('',*,*,#4673,.T.);
#6467=ORIENTED_EDGE('',*,*,#4671,.T.);
#6468=ORIENTED_EDGE('',*,*,#4669,.T.);
#6469=ORIENTED_EDGE('',*,*,#4667,.T.);
#6470=ORIENTED_EDGE('',*,*,#4665,.T.);
#6471=ORIENTED_EDGE('',*,*,#4663,.T.);
#6472=ORIENTED_EDGE('',*,*,#4661,.T.);
#6473=ORIENTED_EDGE('',*,*,#4659,.T.);
#6474=ORIENTED_EDGE('',*,*,#4657,.T.);
#6475=ORIENTED_EDGE('',*,*,#4655,.T.);
#6476=ORIENTED_EDGE('',*,*,#4653,.T.);
#6477=ORIENTED_EDGE('',*,*,#4651,.T.);
#6478=ORIENTED_EDGE('',*,*,#4649,.T.);
#6479=ORIENTED_EDGE('',*,*,#4647,.T.);
#6480=ORIENTED_EDGE('',*,*,#4645,.T.);
#6481=ORIENTED_EDGE('',*,*,#4643,.T.);
#6482=ORIENTED_EDGE('',*,*,#4641,.T.);
#6483=ORIENTED_EDGE('',*,*,#4639,.T.);
#6484=ORIENTED_EDGE('',*,*,#4637,.T.);
#6485=ORIENTED_EDGE('',*,*,#4635,.T.);
#6486=ORIENTED_EDGE('',*,*,#4633,.T.);
#6487=ORIENTED_EDGE('',*,*,#4631,.T.);
#6488=ORIENTED_EDGE('',*,*,#4629,.T.);
#6489=ORIENTED_EDGE('',*,*,#4627,.T.);
#6490=ORIENTED_EDGE('',*,*,#4625,.T.);
#6491=ORIENTED_EDGE('',*,*,#4623,.T.);
#6492=ORIENTED_EDGE('',*,*,#4621,.T.);
#6493=ORIENTED_EDGE('',*,*,#4619,.T.);
#6494=ORIENTED_EDGE('',*,*,#4617,.T.);
#6495=ORIENTED_EDGE('',*,*,#4615,.T.);
#6496=ORIENTED_EDGE('',*,*,#4613,.T.);
#6497=ORIENTED_EDGE('',*,*,#4611,.T.);
#6498=ORIENTED_EDGE('',*,*,#4607,.T.);
#6499=ORIENTED_EDGE('',*,*,#4605,.T.);
#6500=ORIENTED_EDGE('',*,*,#4603,.T.);
#6501=ORIENTED_EDGE('',*,*,#4601,.T.);
#6502=ORIENTED_EDGE('',*,*,#4599,.T.);
#6503=ORIENTED_EDGE('',*,*,#4597,.T.);
#6504=ORIENTED_EDGE('',*,*,#4595,.T.);
#6505=ORIENTED_EDGE('',*,*,#4593,.T.);
#6506=ORIENTED_EDGE('',*,*,#4591,.T.);
#6507=ORIENTED_EDGE('',*,*,#4589,.T.);
#6508=ORIENTED_EDGE('',*,*,#4587,.T.);
#6509=ORIENTED_EDGE('',*,*,#4583,.T.);
#6510=ORIENTED_EDGE('',*,*,#4581,.T.);
#6511=ORIENTED_EDGE('',*,*,#4579,.T.);
#6512=ORIENTED_EDGE('',*,*,#4577,.T.);
#6513=ORIENTED_EDGE('',*,*,#4575,.T.);
#6514=ORIENTED_EDGE('',*,*,#4573,.T.);
#6515=ORIENTED_EDGE('',*,*,#4571,.T.);
#6516=ORIENTED_EDGE('',*,*,#4569,.T.);
#6517=ORIENTED_EDGE('',*,*,#4567,.T.);
#6518=ORIENTED_EDGE('',*,*,#4565,.T.);
#6519=ORIENTED_EDGE('',*,*,#4563,.T.);
#6520=ORIENTED_EDGE('',*,*,#4561,.T.);
#6521=ORIENTED_EDGE('',*,*,#4559,.T.);
#6522=ORIENTED_EDGE('',*,*,#4557,.T.);
#6523=ORIENTED_EDGE('',*,*,#4555,.T.);
#6524=ORIENTED_EDGE('',*,*,#4553,.T.);
#6525=ORIENTED_EDGE('',*,*,#4551,.T.);
#6526=ORIENTED_EDGE('',*,*,#4549,.T.);
#6527=ORIENTED_EDGE('',*,*,#4547,.T.);
#6528=ORIENTED_EDGE('',*,*,#4545,.T.);
#6529=ORIENTED_EDGE('',*,*,#4543,.T.);
#6530=ORIENTED_EDGE('',*,*,#4541,.T.);
#6531=ORIENTED_EDGE('',*,*,#4539,.T.);
#6532=ORIENTED_EDGE('',*,*,#4537,.T.);
#6533=ORIENTED_EDGE('',*,*,#4535,.T.);
#6534=ORIENTED_EDGE('',*,*,#4533,.T.);
#6535=ORIENTED_EDGE('',*,*,#4531,.T.);
#6536=ORIENTED_EDGE('',*,*,#4529,.T.);
#6537=ORIENTED_EDGE('',*,*,#4527,.T.);
#6538=ORIENTED_EDGE('',*,*,#4525,.T.);
#6539=ORIENTED_EDGE('',*,*,#4523,.T.);
#6540=ORIENTED_EDGE('',*,*,#4521,.T.);
#6541=ORIENTED_EDGE('',*,*,#4519,.T.);
#6542=ORIENTED_EDGE('',*,*,#4517,.T.);
#6543=ORIENTED_EDGE('',*,*,#4515,.T.);
#6544=ORIENTED_EDGE('',*,*,#4513,.T.);
#6545=ORIENTED_EDGE('',*,*,#4511,.T.);
#6546=ORIENTED_EDGE('',*,*,#4509,.T.);
#6547=ORIENTED_EDGE('',*,*,#4507,.T.);
#6548=ORIENTED_EDGE('',*,*,#4505,.T.);
#6549=ORIENTED_EDGE('',*,*,#4503,.T.);
#6550=ORIENTED_EDGE('',*,*,#4501,.T.);
#6551=ORIENTED_EDGE('',*,*,#4499,.T.);
#6552=ORIENTED_EDGE('',*,*,#4497,.T.);
#6553=ORIENTED_EDGE('',*,*,#4495,.T.);
#6554=ORIENTED_EDGE('',*,*,#4491,.T.);
#6555=ORIENTED_EDGE('',*,*,#4489,.T.);
#6556=ORIENTED_EDGE('',*,*,#4487,.T.);
#6557=ORIENTED_EDGE('',*,*,#4485,.T.);
#6558=ORIENTED_EDGE('',*,*,#4483,.T.);
#6559=ORIENTED_EDGE('',*,*,#4481,.T.);
#6560=ORIENTED_EDGE('',*,*,#4479,.T.);
#6561=ORIENTED_EDGE('',*,*,#4477,.T.);
#6562=ORIENTED_EDGE('',*,*,#4475,.T.);
#6563=ORIENTED_EDGE('',*,*,#4473,.T.);
#6564=ORIENTED_EDGE('',*,*,#4471,.T.);
#6565=ORIENTED_EDGE('',*,*,#4469,.T.);
#6566=ORIENTED_EDGE('',*,*,#4467,.T.);
#6567=ORIENTED_EDGE('',*,*,#4465,.T.);
#6568=ORIENTED_EDGE('',*,*,#4463,.T.);
#6569=ORIENTED_EDGE('',*,*,#4461,.T.);
#6570=ORIENTED_EDGE('',*,*,#4459,.T.);
#6571=ORIENTED_EDGE('',*,*,#4457,.T.);
#6572=ORIENTED_EDGE('',*,*,#4455,.T.);
#6573=ORIENTED_EDGE('',*,*,#4453,.T.);
#6574=ORIENTED_EDGE('',*,*,#4451,.T.);
#6575=ORIENTED_EDGE('',*,*,#4449,.T.);
#6576=ORIENTED_EDGE('',*,*,#4447,.T.);
#6577=ORIENTED_EDGE('',*,*,#4445,.T.);
#6578=ORIENTED_EDGE('',*,*,#4443,.T.);
#6579=ORIENTED_EDGE('',*,*,#4441,.T.);
#6580=ORIENTED_EDGE('',*,*,#4439,.T.);
#6581=ORIENTED_EDGE('',*,*,#4437,.T.);
#6582=ORIENTED_EDGE('',*,*,#4435,.T.);
#6583=ORIENTED_EDGE('',*,*,#4433,.T.);
#6584=ORIENTED_EDGE('',*,*,#4431,.T.);
#6585=ORIENTED_EDGE('',*,*,#4429,.T.);
#6586=ORIENTED_EDGE('',*,*,#4425,.T.);
#6587=ORIENTED_EDGE('',*,*,#4423,.T.);
#6588=ORIENTED_EDGE('',*,*,#4421,.T.);
#6589=ORIENTED_EDGE('',*,*,#4419,.T.);
#6590=ORIENTED_EDGE('',*,*,#4417,.T.);
#6591=ORIENTED_EDGE('',*,*,#4415,.T.);
#6592=ORIENTED_EDGE('',*,*,#4413,.T.);
#6593=ORIENTED_EDGE('',*,*,#4411,.T.);
#6594=ORIENTED_EDGE('',*,*,#4409,.T.);
#6595=ORIENTED_EDGE('',*,*,#4407,.T.);
#6596=ORIENTED_EDGE('',*,*,#4405,.T.);
#6597=ORIENTED_EDGE('',*,*,#4403,.T.);
#6598=ORIENTED_EDGE('',*,*,#4401,.T.);
#6599=ORIENTED_EDGE('',*,*,#4399,.T.);
#6600=ORIENTED_EDGE('',*,*,#4397,.T.);
#6601=ORIENTED_EDGE('',*,*,#4395,.T.);
#6602=ORIENTED_EDGE('',*,*,#4393,.T.);
#6603=ORIENTED_EDGE('',*,*,#4391,.T.);
#6604=ORIENTED_EDGE('',*,*,#4389,.T.);
#6605=ORIENTED_EDGE('',*,*,#4387,.T.);
#6606=ORIENTED_EDGE('',*,*,#4385,.T.);
#6607=ORIENTED_EDGE('',*,*,#4383,.T.);
#6608=ORIENTED_EDGE('',*,*,#4381,.T.);
#6609=ORIENTED_EDGE('',*,*,#4379,.T.);
#6610=ORIENTED_EDGE('',*,*,#4377,.T.);
#6611=ORIENTED_EDGE('',*,*,#4375,.T.);
#6612=ORIENTED_EDGE('',*,*,#4373,.T.);
#6613=ORIENTED_EDGE('',*,*,#4371,.T.);
#6614=ORIENTED_EDGE('',*,*,#4369,.T.);
#6615=ORIENTED_EDGE('',*,*,#4367,.T.);
#6616=ORIENTED_EDGE('',*,*,#4365,.T.);
#6617=ORIENTED_EDGE('',*,*,#4363,.T.);
#6618=ORIENTED_EDGE('',*,*,#4361,.T.);
#6619=ORIENTED_EDGE('',*,*,#4359,.T.);
#6620=ORIENTED_EDGE('',*,*,#4357,.T.);
#6621=ORIENTED_EDGE('',*,*,#4355,.T.);
#6622=ORIENTED_EDGE('',*,*,#4353,.T.);
#6623=ORIENTED_EDGE('',*,*,#4351,.T.);
#6624=ORIENTED_EDGE('',*,*,#4349,.T.);
#6625=ORIENTED_EDGE('',*,*,#4347,.T.);
#6626=ORIENTED_EDGE('',*,*,#4345,.T.);
#6627=ORIENTED_EDGE('',*,*,#4343,.T.);
#6628=ORIENTED_EDGE('',*,*,#4341,.T.);
#6629=ORIENTED_EDGE('',*,*,#4339,.T.);
#6630=ORIENTED_EDGE('',*,*,#4337,.T.);
#6631=ORIENTED_EDGE('',*,*,#4335,.T.);
#6632=ORIENTED_EDGE('',*,*,#4332,.T.);
#6633=ORIENTED_EDGE('',*,*,#4330,.T.);
#6634=ORIENTED_EDGE('',*,*,#4328,.T.);
#6635=ORIENTED_EDGE('',*,*,#4326,.T.);
#6636=ORIENTED_EDGE('',*,*,#4324,.T.);
#6637=ORIENTED_EDGE('',*,*,#4322,.T.);
#6638=ORIENTED_EDGE('',*,*,#4320,.T.);
#6639=ORIENTED_EDGE('',*,*,#4318,.T.);
#6640=ORIENTED_EDGE('',*,*,#4316,.T.);
#6641=ORIENTED_EDGE('',*,*,#4314,.T.);
#6642=ORIENTED_EDGE('',*,*,#4312,.T.);
#6643=ORIENTED_EDGE('',*,*,#4310,.T.);
#6644=ORIENTED_EDGE('',*,*,#4308,.T.);
#6645=ORIENTED_EDGE('',*,*,#4306,.T.);
#6646=ORIENTED_EDGE('',*,*,#4304,.T.);
#6647=ORIENTED_EDGE('',*,*,#4302,.T.);
#6648=ORIENTED_EDGE('',*,*,#4300,.T.);
#6649=ORIENTED_EDGE('',*,*,#4298,.T.);
#6650=ORIENTED_EDGE('',*,*,#4296,.T.);
#6651=ORIENTED_EDGE('',*,*,#4294,.T.);
#6652=ORIENTED_EDGE('',*,*,#4292,.T.);
#6653=ORIENTED_EDGE('',*,*,#4290,.T.);
#6654=ORIENTED_EDGE('',*,*,#4288,.T.);
#6655=ORIENTED_EDGE('',*,*,#4286,.T.);
#6656=ORIENTED_EDGE('',*,*,#4284,.T.);
#6657=ORIENTED_EDGE('',*,*,#4282,.T.);
#6658=ORIENTED_EDGE('',*,*,#4280,.T.);
#6659=ORIENTED_EDGE('',*,*,#4278,.T.);
#6660=ORIENTED_EDGE('',*,*,#4276,.T.);
#6661=ORIENTED_EDGE('',*,*,#4274,.T.);
#6662=ORIENTED_EDGE('',*,*,#4272,.T.);
#6663=ORIENTED_EDGE('',*,*,#4270,.T.);
#6664=ORIENTED_EDGE('',*,*,#4268,.T.);
#6665=ORIENTED_EDGE('',*,*,#4266,.T.);
#6666=ORIENTED_EDGE('',*,*,#4264,.T.);
#6667=ORIENTED_EDGE('',*,*,#4262,.T.);
#6668=ORIENTED_EDGE('',*,*,#4260,.T.);
#6669=ORIENTED_EDGE('',*,*,#4258,.T.);
#6670=ORIENTED_EDGE('',*,*,#4256,.T.);
#6671=ORIENTED_EDGE('',*,*,#4254,.T.);
#6672=ORIENTED_EDGE('',*,*,#4252,.T.);
#6673=ORIENTED_EDGE('',*,*,#4250,.T.);
#6674=ORIENTED_EDGE('',*,*,#4248,.T.);
#6675=ORIENTED_EDGE('',*,*,#4246,.T.);
#6676=ORIENTED_EDGE('',*,*,#4244,.T.);
#6677=ORIENTED_EDGE('',*,*,#4242,.T.);
#6678=ORIENTED_EDGE('',*,*,#4240,.T.);
#6679=ORIENTED_EDGE('',*,*,#4238,.T.);
#6680=ORIENTED_EDGE('',*,*,#4236,.T.);
#6681=ORIENTED_EDGE('',*,*,#4234,.T.);
#6682=ORIENTED_EDGE('',*,*,#4232,.T.);
#6683=ORIENTED_EDGE('',*,*,#4230,.T.);
#6684=ORIENTED_EDGE('',*,*,#4228,.T.);
#6685=ORIENTED_EDGE('',*,*,#4226,.T.);
#6686=ORIENTED_EDGE('',*,*,#4224,.T.);
#6687=ORIENTED_EDGE('',*,*,#4222,.T.);
#6688=ORIENTED_EDGE('',*,*,#4220,.T.);
#6689=ORIENTED_EDGE('',*,*,#4218,.T.);
#6690=ORIENTED_EDGE('',*,*,#4216,.T.);
#6691=ORIENTED_EDGE('',*,*,#4214,.T.);
#6692=ORIENTED_EDGE('',*,*,#4212,.T.);
#6693=ORIENTED_EDGE('',*,*,#4210,.T.);
#6694=ORIENTED_EDGE('',*,*,#4207,.T.);
#6695=ORIENTED_EDGE('',*,*,#4205,.T.);
#6696=ORIENTED_EDGE('',*,*,#4427,.T.);
#6697=ORIENTED_EDGE('',*,*,#4428,.T.);
#6698=ORIENTED_EDGE('',*,*,#4176,.T.);
#6699=ORIENTED_EDGE('',*,*,#4609,.T.);
#6700=ORIENTED_EDGE('',*,*,#4610,.T.);
#6701=ORIENTED_EDGE('',*,*,#4177,.T.);
#6702=ORIENTED_EDGE('',*,*,#4585,.T.);
#6703=ORIENTED_EDGE('',*,*,#4586,.T.);
#6704=ORIENTED_EDGE('',*,*,#4178,.T.);
#6705=ORIENTED_EDGE('',*,*,#4493,.T.);
#6706=ORIENTED_EDGE('',*,*,#4494,.T.);
#6707=ORIENTED_EDGE('',*,*,#4179,.T.);
#6708=ORIENTED_EDGE('',*,*,#4163,.F.);
#6709=ORIENTED_EDGE('',*,*,#4790,.F.);
#6710=ORIENTED_EDGE('',*,*,#4183,.F.);
#6711=ORIENTED_EDGE('',*,*,#4791,.F.);
#6712=ORIENTED_EDGE('',*,*,#4162,.F.);
#6713=ORIENTED_EDGE('',*,*,#4792,.T.);
#6714=ORIENTED_EDGE('',*,*,#4180,.F.);
#6715=ORIENTED_EDGE('',*,*,#4790,.T.);
#6716=ORIENTED_EDGE('',*,*,#4165,.F.);
#6717=ORIENTED_EDGE('',*,*,#4793,.T.);
#6718=ORIENTED_EDGE('',*,*,#4181,.F.);
#6719=ORIENTED_EDGE('',*,*,#4792,.F.);
#6720=ORIENTED_EDGE('',*,*,#4164,.F.);
#6721=ORIENTED_EDGE('',*,*,#4791,.T.);
#6722=ORIENTED_EDGE('',*,*,#4182,.F.);
#6723=ORIENTED_EDGE('',*,*,#4793,.F.);
#6724=ORIENTED_EDGE('',*,*,#4782,.T.);
#6725=ORIENTED_EDGE('',*,*,#4794,.T.);
#6726=ORIENTED_EDGE('',*,*,#4675,.T.);
#6727=ORIENTED_EDGE('',*,*,#4795,.T.);
#6728=ORIENTED_EDGE('',*,*,#4334,.T.);
#6729=ORIENTED_EDGE('',*,*,#4796,.T.);
#6730=ORIENTED_EDGE('',*,*,#4209,.T.);
#6731=ORIENTED_EDGE('',*,*,#4797,.T.);
#6732=ORIENTED_EDGE('',*,*,#4200,.F.);
#6733=ORIENTED_EDGE('',*,*,#4798,.F.);
#6734=ORIENTED_EDGE('',*,*,#4799,.F.);
#6735=ORIENTED_EDGE('',*,*,#4800,.T.);
#6736=ORIENTED_EDGE('',*,*,#4201,.F.);
#6737=ORIENTED_EDGE('',*,*,#4800,.F.);
#6738=ORIENTED_EDGE('',*,*,#4801,.F.);
#6739=ORIENTED_EDGE('',*,*,#4802,.F.);
#6740=ORIENTED_EDGE('',*,*,#4199,.F.);
#6741=ORIENTED_EDGE('',*,*,#4803,.F.);
#6742=ORIENTED_EDGE('',*,*,#4804,.F.);
#6743=ORIENTED_EDGE('',*,*,#4798,.T.);
#6744=ORIENTED_EDGE('',*,*,#4198,.F.);
#6745=ORIENTED_EDGE('',*,*,#4802,.T.);
#6746=ORIENTED_EDGE('',*,*,#4805,.F.);
#6747=ORIENTED_EDGE('',*,*,#4803,.T.);
#6748=ORIENTED_EDGE('',*,*,#4187,.F.);
#6749=ORIENTED_EDGE('',*,*,#3847,.F.);
#6750=ORIENTED_EDGE('',*,*,#4796,.F.);
#6751=ORIENTED_EDGE('',*,*,#3844,.F.);
#6752=ORIENTED_EDGE('',*,*,#4797,.F.);
#6753=ORIENTED_EDGE('',*,*,#3861,.F.);
#6754=ORIENTED_EDGE('',*,*,#4794,.F.);
#6755=ORIENTED_EDGE('',*,*,#3858,.F.);
#6756=ORIENTED_EDGE('',*,*,#4795,.F.);
#6757=ORIENTED_EDGE('',*,*,#3855,.F.);
#6758=ORIENTED_EDGE('',*,*,#4204,.F.);
#6759=ORIENTED_EDGE('',*,*,#4190,.T.);
#6760=ORIENTED_EDGE('',*,*,#4805,.T.);
#6761=ORIENTED_EDGE('',*,*,#4801,.T.);
#6762=ORIENTED_EDGE('',*,*,#4799,.T.);
#6763=ORIENTED_EDGE('',*,*,#4804,.T.);
#6764=CYLINDRICAL_SURFACE('',#7417,3.);
#6765=CYLINDRICAL_SURFACE('',#7420,3.);
#6766=CYLINDRICAL_SURFACE('',#7422,3.);
#6767=CYLINDRICAL_SURFACE('',#7424,3.);
#6768=CYLINDRICAL_SURFACE('',#7725,3.);
#6769=CYLINDRICAL_SURFACE('',#7734,3.);
#6770=CYLINDRICAL_SURFACE('',#7736,3.);
#6771=CYLINDRICAL_SURFACE('',#7740,3.);
#6772=CYLINDRICAL_SURFACE('',#7742,3.);
#6773=CYLINDRICAL_SURFACE('',#7749,3.);
#6774=CYLINDRICAL_SURFACE('',#7753,3.);
#6775=CYLINDRICAL_SURFACE('',#7755,3.);
#6776=CYLINDRICAL_SURFACE('',#7756,1.6);
#6777=CYLINDRICAL_SURFACE('',#7758,1.6);
#6778=CYLINDRICAL_SURFACE('',#7761,1.6);
#6779=CYLINDRICAL_SURFACE('',#7763,1.6);
#6780=CYLINDRICAL_SURFACE('',#7765,1.6);
#6781=CYLINDRICAL_SURFACE('',#7767,1.6);
#6782=CYLINDRICAL_SURFACE('',#7769,1.6);
#6783=CYLINDRICAL_SURFACE('',#7771,1.6);
#6784=CYLINDRICAL_SURFACE('',#7773,1.6);
#6785=CYLINDRICAL_SURFACE('',#7775,1.6);
#6786=CYLINDRICAL_SURFACE('',#7777,1.6);
#6787=CYLINDRICAL_SURFACE('',#7779,1.6);
#6788=CYLINDRICAL_SURFACE('',#7781,1.6);
#6789=CYLINDRICAL_SURFACE('',#7783,1.6);
#6790=CYLINDRICAL_SURFACE('',#7785,1.6);
#6791=CYLINDRICAL_SURFACE('',#7787,1.6);
#6792=CYLINDRICAL_SURFACE('',#7789,1.6);
#6793=CYLINDRICAL_SURFACE('',#7791,1.6);
#6794=CYLINDRICAL_SURFACE('',#7793,1.6);
#6795=CYLINDRICAL_SURFACE('',#7795,1.6);
#6796=CYLINDRICAL_SURFACE('',#7797,1.6);
#6797=CYLINDRICAL_SURFACE('',#7799,1.6);
#6798=CYLINDRICAL_SURFACE('',#7801,1.6);
#6799=CYLINDRICAL_SURFACE('',#7803,1.6);
#6800=CYLINDRICAL_SURFACE('',#7805,1.6);
#6801=CYLINDRICAL_SURFACE('',#7807,1.6);
#6802=CYLINDRICAL_SURFACE('',#7809,1.6);
#6803=CYLINDRICAL_SURFACE('',#7811,1.6);
#6804=CYLINDRICAL_SURFACE('',#7813,1.6);
#6805=CYLINDRICAL_SURFACE('',#7815,1.6);
#6806=CYLINDRICAL_SURFACE('',#7817,1.6);
#6807=CYLINDRICAL_SURFACE('',#7819,1.6);
#6808=CYLINDRICAL_SURFACE('',#7821,1.6);
#6809=CYLINDRICAL_SURFACE('',#7823,1.6);
#6810=CYLINDRICAL_SURFACE('',#7825,1.6);
#6811=CYLINDRICAL_SURFACE('',#7827,1.6);
#6812=CYLINDRICAL_SURFACE('',#7829,1.6);
#6813=CYLINDRICAL_SURFACE('',#7831,1.6);
#6814=CYLINDRICAL_SURFACE('',#7833,1.6);
#6815=CYLINDRICAL_SURFACE('',#7835,1.6);
#6816=CYLINDRICAL_SURFACE('',#7837,1.6);
#6817=CYLINDRICAL_SURFACE('',#7839,1.6);
#6818=CYLINDRICAL_SURFACE('',#7841,1.6);
#6819=CYLINDRICAL_SURFACE('',#7843,1.6);
#6820=CYLINDRICAL_SURFACE('',#7845,1.6);
#6821=CYLINDRICAL_SURFACE('',#7847,1.6);
#6822=CYLINDRICAL_SURFACE('',#7849,1.6);
#6823=CYLINDRICAL_SURFACE('',#7851,1.6);
#6824=CYLINDRICAL_SURFACE('',#7853,1.6);
#6825=CYLINDRICAL_SURFACE('',#7855,1.6);
#6826=CYLINDRICAL_SURFACE('',#7857,1.6);
#6827=CYLINDRICAL_SURFACE('',#7859,1.6);
#6828=CYLINDRICAL_SURFACE('',#7861,1.6);
#6829=CYLINDRICAL_SURFACE('',#7863,1.6);
#6830=CYLINDRICAL_SURFACE('',#7865,1.6);
#6831=CYLINDRICAL_SURFACE('',#7867,1.6);
#6832=CYLINDRICAL_SURFACE('',#7869,1.6);
#6833=CYLINDRICAL_SURFACE('',#7871,1.6);
#6834=CYLINDRICAL_SURFACE('',#7873,1.6);
#6835=CYLINDRICAL_SURFACE('',#7875,1.6);
#6836=CYLINDRICAL_SURFACE('',#7877,1.6);
#6837=CYLINDRICAL_SURFACE('',#7879,1.6);
#6838=CYLINDRICAL_SURFACE('',#7881,1.6);
#6839=CYLINDRICAL_SURFACE('',#7883,1.6);
#6840=CYLINDRICAL_SURFACE('',#7886,1.6);
#6841=CYLINDRICAL_SURFACE('',#7888,1.6);
#6842=CYLINDRICAL_SURFACE('',#7890,1.6);
#6843=CYLINDRICAL_SURFACE('',#7892,1.6);
#6844=CYLINDRICAL_SURFACE('',#7894,1.6);
#6845=CYLINDRICAL_SURFACE('',#7896,1.6);
#6846=CYLINDRICAL_SURFACE('',#7898,1.6);
#6847=CYLINDRICAL_SURFACE('',#7900,1.6);
#6848=CYLINDRICAL_SURFACE('',#7902,1.6);
#6849=CYLINDRICAL_SURFACE('',#7904,1.6);
#6850=CYLINDRICAL_SURFACE('',#7906,1.6);
#6851=CYLINDRICAL_SURFACE('',#7908,1.6);
#6852=CYLINDRICAL_SURFACE('',#7910,1.6);
#6853=CYLINDRICAL_SURFACE('',#7912,1.6);
#6854=CYLINDRICAL_SURFACE('',#7914,1.6);
#6855=CYLINDRICAL_SURFACE('',#7916,1.6);
#6856=CYLINDRICAL_SURFACE('',#7918,1.6);
#6857=CYLINDRICAL_SURFACE('',#7920,1.6);
#6858=CYLINDRICAL_SURFACE('',#7922,1.6);
#6859=CYLINDRICAL_SURFACE('',#7924,1.6);
#6860=CYLINDRICAL_SURFACE('',#7926,1.6);
#6861=CYLINDRICAL_SURFACE('',#7928,1.6);
#6862=CYLINDRICAL_SURFACE('',#7930,1.6);
#6863=CYLINDRICAL_SURFACE('',#7932,1.6);
#6864=CYLINDRICAL_SURFACE('',#7934,1.6);
#6865=CYLINDRICAL_SURFACE('',#7936,1.6);
#6866=CYLINDRICAL_SURFACE('',#7938,1.6);
#6867=CYLINDRICAL_SURFACE('',#7940,1.6);
#6868=CYLINDRICAL_SURFACE('',#7942,1.6);
#6869=CYLINDRICAL_SURFACE('',#7944,1.6);
#6870=CYLINDRICAL_SURFACE('',#7946,1.6);
#6871=CYLINDRICAL_SURFACE('',#7948,1.6);
#6872=CYLINDRICAL_SURFACE('',#7950,1.6);
#6873=CYLINDRICAL_SURFACE('',#7952,1.6);
#6874=CYLINDRICAL_SURFACE('',#7954,1.6);
#6875=CYLINDRICAL_SURFACE('',#7956,1.6);
#6876=CYLINDRICAL_SURFACE('',#7958,1.6);
#6877=CYLINDRICAL_SURFACE('',#7960,1.6);
#6878=CYLINDRICAL_SURFACE('',#7962,1.6);
#6879=CYLINDRICAL_SURFACE('',#7964,1.6);
#6880=CYLINDRICAL_SURFACE('',#7966,1.6);
#6881=CYLINDRICAL_SURFACE('',#7968,1.6);
#6882=CYLINDRICAL_SURFACE('',#7970,1.6);
#6883=CYLINDRICAL_SURFACE('',#7972,1.6);
#6884=CYLINDRICAL_SURFACE('',#7974,1.6);
#6885=CYLINDRICAL_SURFACE('',#7976,1.6);
#6886=CYLINDRICAL_SURFACE('',#7980,1.6);
#6887=CYLINDRICAL_SURFACE('',#7982,1.6);
#6888=CYLINDRICAL_SURFACE('',#7984,1.6);
#6889=CYLINDRICAL_SURFACE('',#7986,1.6);
#6890=CYLINDRICAL_SURFACE('',#7988,1.6);
#6891=CYLINDRICAL_SURFACE('',#7990,1.6);
#6892=CYLINDRICAL_SURFACE('',#7992,1.6);
#6893=CYLINDRICAL_SURFACE('',#7994,1.6);
#6894=CYLINDRICAL_SURFACE('',#7996,1.6);
#6895=CYLINDRICAL_SURFACE('',#7998,1.6);
#6896=CYLINDRICAL_SURFACE('',#8000,1.6);
#6897=CYLINDRICAL_SURFACE('',#8002,1.6);
#6898=CYLINDRICAL_SURFACE('',#8004,1.6);
#6899=CYLINDRICAL_SURFACE('',#8006,1.6);
#6900=CYLINDRICAL_SURFACE('',#8008,1.6);
#6901=CYLINDRICAL_SURFACE('',#8010,1.6);
#6902=CYLINDRICAL_SURFACE('',#8012,1.6);
#6903=CYLINDRICAL_SURFACE('',#8014,1.6);
#6904=CYLINDRICAL_SURFACE('',#8016,1.6);
#6905=CYLINDRICAL_SURFACE('',#8018,1.6);
#6906=CYLINDRICAL_SURFACE('',#8020,1.6);
#6907=CYLINDRICAL_SURFACE('',#8022,1.6);
#6908=CYLINDRICAL_SURFACE('',#8024,1.6);
#6909=CYLINDRICAL_SURFACE('',#8026,1.6);
#6910=CYLINDRICAL_SURFACE('',#8028,1.6);
#6911=CYLINDRICAL_SURFACE('',#8030,1.6);
#6912=CYLINDRICAL_SURFACE('',#8032,1.6);
#6913=CYLINDRICAL_SURFACE('',#8034,1.6);
#6914=CYLINDRICAL_SURFACE('',#8036,1.6);
#6915=CYLINDRICAL_SURFACE('',#8038,1.6);
#6916=CYLINDRICAL_SURFACE('',#8040,1.6);
#6917=CYLINDRICAL_SURFACE('',#8042,1.6);
#6918=CYLINDRICAL_SURFACE('',#8046,1.6);
#6919=CYLINDRICAL_SURFACE('',#8048,1.6);
#6920=CYLINDRICAL_SURFACE('',#8050,1.6);
#6921=CYLINDRICAL_SURFACE('',#8052,1.6);
#6922=CYLINDRICAL_SURFACE('',#8054,1.6);
#6923=CYLINDRICAL_SURFACE('',#8056,1.6);
#6924=CYLINDRICAL_SURFACE('',#8058,1.6);
#6925=CYLINDRICAL_SURFACE('',#8060,1.6);
#6926=CYLINDRICAL_SURFACE('',#8062,1.6);
#6927=CYLINDRICAL_SURFACE('',#8064,1.6);
#6928=CYLINDRICAL_SURFACE('',#8066,1.6);
#6929=CYLINDRICAL_SURFACE('',#8068,1.6);
#6930=CYLINDRICAL_SURFACE('',#8070,1.6);
#6931=CYLINDRICAL_SURFACE('',#8072,1.6);
#6932=CYLINDRICAL_SURFACE('',#8074,1.6);
#6933=CYLINDRICAL_SURFACE('',#8076,1.6);
#6934=CYLINDRICAL_SURFACE('',#8078,1.6);
#6935=CYLINDRICAL_SURFACE('',#8080,1.6);
#6936=CYLINDRICAL_SURFACE('',#8082,1.6);
#6937=CYLINDRICAL_SURFACE('',#8084,1.6);
#6938=CYLINDRICAL_SURFACE('',#8086,1.6);
#6939=CYLINDRICAL_SURFACE('',#8088,1.6);
#6940=CYLINDRICAL_SURFACE('',#8090,1.6);
#6941=CYLINDRICAL_SURFACE('',#8092,1.6);
#6942=CYLINDRICAL_SURFACE('',#8094,1.6);
#6943=CYLINDRICAL_SURFACE('',#8096,1.6);
#6944=CYLINDRICAL_SURFACE('',#8098,1.6);
#6945=CYLINDRICAL_SURFACE('',#8100,1.6);
#6946=CYLINDRICAL_SURFACE('',#8102,1.6);
#6947=CYLINDRICAL_SURFACE('',#8104,1.6);
#6948=CYLINDRICAL_SURFACE('',#8106,1.6);
#6949=CYLINDRICAL_SURFACE('',#8108,1.6);
#6950=CYLINDRICAL_SURFACE('',#8110,1.6);
#6951=CYLINDRICAL_SURFACE('',#8112,1.6);
#6952=CYLINDRICAL_SURFACE('',#8114,1.6);
#6953=CYLINDRICAL_SURFACE('',#8116,1.6);
#6954=CYLINDRICAL_SURFACE('',#8118,1.6);
#6955=CYLINDRICAL_SURFACE('',#8120,1.6);
#6956=CYLINDRICAL_SURFACE('',#8122,1.6);
#6957=CYLINDRICAL_SURFACE('',#8124,1.6);
#6958=CYLINDRICAL_SURFACE('',#8126,1.6);
#6959=CYLINDRICAL_SURFACE('',#8128,1.6);
#6960=CYLINDRICAL_SURFACE('',#8130,1.6);
#6961=CYLINDRICAL_SURFACE('',#8132,1.6);
#6962=CYLINDRICAL_SURFACE('',#8134,1.6);
#6963=CYLINDRICAL_SURFACE('',#8138,1.6);
#6964=CYLINDRICAL_SURFACE('',#8140,1.6);
#6965=CYLINDRICAL_SURFACE('',#8142,1.6);
#6966=CYLINDRICAL_SURFACE('',#8144,1.6);
#6967=CYLINDRICAL_SURFACE('',#8146,1.6);
#6968=CYLINDRICAL_SURFACE('',#8148,1.6);
#6969=CYLINDRICAL_SURFACE('',#8150,1.6);
#6970=CYLINDRICAL_SURFACE('',#8152,1.6);
#6971=CYLINDRICAL_SURFACE('',#8154,1.6);
#6972=CYLINDRICAL_SURFACE('',#8156,1.6);
#6973=CYLINDRICAL_SURFACE('',#8158,1.6);
#6974=CYLINDRICAL_SURFACE('',#8162,1.6);
#6975=CYLINDRICAL_SURFACE('',#8164,1.6);
#6976=CYLINDRICAL_SURFACE('',#8166,1.6);
#6977=CYLINDRICAL_SURFACE('',#8168,1.6);
#6978=CYLINDRICAL_SURFACE('',#8170,1.6);
#6979=CYLINDRICAL_SURFACE('',#8172,1.6);
#6980=CYLINDRICAL_SURFACE('',#8174,1.6);
#6981=CYLINDRICAL_SURFACE('',#8176,1.6);
#6982=CYLINDRICAL_SURFACE('',#8178,1.6);
#6983=CYLINDRICAL_SURFACE('',#8180,1.6);
#6984=CYLINDRICAL_SURFACE('',#8182,1.6);
#6985=CYLINDRICAL_SURFACE('',#8184,1.6);
#6986=CYLINDRICAL_SURFACE('',#8186,1.6);
#6987=CYLINDRICAL_SURFACE('',#8188,1.6);
#6988=CYLINDRICAL_SURFACE('',#8190,1.6);
#6989=CYLINDRICAL_SURFACE('',#8192,1.6);
#6990=CYLINDRICAL_SURFACE('',#8194,1.6);
#6991=CYLINDRICAL_SURFACE('',#8196,1.6);
#6992=CYLINDRICAL_SURFACE('',#8198,1.6);
#6993=CYLINDRICAL_SURFACE('',#8200,1.6);
#6994=CYLINDRICAL_SURFACE('',#8202,1.6);
#6995=CYLINDRICAL_SURFACE('',#8204,1.6);
#6996=CYLINDRICAL_SURFACE('',#8206,1.6);
#6997=CYLINDRICAL_SURFACE('',#8208,1.6);
#6998=CYLINDRICAL_SURFACE('',#8210,1.6);
#6999=CYLINDRICAL_SURFACE('',#8212,1.6);
#7000=CYLINDRICAL_SURFACE('',#8214,1.6);
#7001=CYLINDRICAL_SURFACE('',#8216,1.6);
#7002=CYLINDRICAL_SURFACE('',#8218,1.6);
#7003=CYLINDRICAL_SURFACE('',#8220,1.6);
#7004=CYLINDRICAL_SURFACE('',#8222,1.6);
#7005=CYLINDRICAL_SURFACE('',#8224,1.6);
#7006=CYLINDRICAL_SURFACE('',#8227,1.6);
#7007=CYLINDRICAL_SURFACE('',#8229,1.6);
#7008=CYLINDRICAL_SURFACE('',#8231,1.6);
#7009=CYLINDRICAL_SURFACE('',#8233,1.6);
#7010=CYLINDRICAL_SURFACE('',#8235,1.6);
#7011=CYLINDRICAL_SURFACE('',#8237,1.6);
#7012=CYLINDRICAL_SURFACE('',#8239,1.6);
#7013=CYLINDRICAL_SURFACE('',#8241,1.6);
#7014=CYLINDRICAL_SURFACE('',#8243,1.6);
#7015=CYLINDRICAL_SURFACE('',#8245,1.6);
#7016=CYLINDRICAL_SURFACE('',#8247,1.6);
#7017=CYLINDRICAL_SURFACE('',#8249,1.6);
#7018=CYLINDRICAL_SURFACE('',#8251,1.6);
#7019=CYLINDRICAL_SURFACE('',#8253,1.6);
#7020=CYLINDRICAL_SURFACE('',#8255,1.6);
#7021=CYLINDRICAL_SURFACE('',#8257,1.6);
#7022=CYLINDRICAL_SURFACE('',#8259,1.6);
#7023=CYLINDRICAL_SURFACE('',#8261,1.6);
#7024=CYLINDRICAL_SURFACE('',#8263,1.6);
#7025=CYLINDRICAL_SURFACE('',#8265,1.6);
#7026=CYLINDRICAL_SURFACE('',#8267,1.6);
#7027=CYLINDRICAL_SURFACE('',#8269,1.6);
#7028=CYLINDRICAL_SURFACE('',#8271,1.6);
#7029=CYLINDRICAL_SURFACE('',#8273,1.6);
#7030=CYLINDRICAL_SURFACE('',#8275,1.6);
#7031=CYLINDRICAL_SURFACE('',#8277,1.6);
#7032=CYLINDRICAL_SURFACE('',#8279,1.6);
#7033=CYLINDRICAL_SURFACE('',#8281,1.6);
#7034=CYLINDRICAL_SURFACE('',#8283,1.6);
#7035=CYLINDRICAL_SURFACE('',#8285,1.6);
#7036=CYLINDRICAL_SURFACE('',#8287,1.6);
#7037=CYLINDRICAL_SURFACE('',#8289,1.6);
#7038=CYLINDRICAL_SURFACE('',#8291,1.6);
#7039=CYLINDRICAL_SURFACE('',#8293,1.6);
#7040=CYLINDRICAL_SURFACE('',#8295,1.6);
#7041=CYLINDRICAL_SURFACE('',#8297,1.6);
#7042=CYLINDRICAL_SURFACE('',#8299,1.6);
#7043=CYLINDRICAL_SURFACE('',#8301,1.6);
#7044=CYLINDRICAL_SURFACE('',#8303,1.6);
#7045=CYLINDRICAL_SURFACE('',#8305,1.6);
#7046=CYLINDRICAL_SURFACE('',#8307,1.6);
#7047=CYLINDRICAL_SURFACE('',#8309,1.6);
#7048=CYLINDRICAL_SURFACE('',#8311,1.6);
#7049=CYLINDRICAL_SURFACE('',#8313,1.6);
#7050=CYLINDRICAL_SURFACE('',#8315,1.6);
#7051=CYLINDRICAL_SURFACE('',#8317,1.6);
#7052=CYLINDRICAL_SURFACE('',#8319,1.6);
#7053=CYLINDRICAL_SURFACE('',#8321,1.6);
#7054=CYLINDRICAL_SURFACE('',#8323,1.6);
#7055=CYLINDRICAL_SURFACE('',#8325,1.6);
#7056=CYLINDRICAL_SURFACE('',#8327,1.6);
#7057=CYLINDRICAL_SURFACE('',#8329,1.6);
#7058=CYLINDRICAL_SURFACE('',#8331,1.6);
#7059=CYLINDRICAL_SURFACE('',#8334,1.6);
#7060=CYLINDRICAL_SURFACE('',#8336,1.6);
#7061=CYLINDRICAL_SURFACE('',#8345,1.6);
#7062=CYLINDRICAL_SURFACE('',#8347,1.6);
#7063=CYLINDRICAL_SURFACE('',#8354,1.6);
#7064=CYLINDRICAL_SURFACE('',#8356,1.6);
#7065=ADVANCED_FACE('',(#1221),#6764,.T.);
#7066=ADVANCED_FACE('',(#1222),#6765,.T.);
#7067=ADVANCED_FACE('',(#1223),#6766,.T.);
#7068=ADVANCED_FACE('',(#1224),#6767,.T.);
#7069=ADVANCED_FACE('',(#1225),#1193,.T.);
#7070=ADVANCED_FACE('',(#1226),#1194,.T.);
#7071=ADVANCED_FACE('',(#1227,#15,#16,#17,#18,#19,#20,#21,#22,#23,#24,#25,
#26,#27,#28,#29,#30,#31,#32,#33,#34,#35,#36,#37,#38,#39,#40,#41,#42,#43,
#44,#45,#46,#47,#48,#49,#50,#51,#52,#53,#54,#55,#56,#57,#58,#59,#60,#61,
#62,#63,#64,#65,#66,#67,#68,#69,#70,#71,#72,#73,#74,#75,#76,#77,#78,#79,
#80,#81,#82,#83,#84,#85,#86,#87,#88,#89,#90,#91,#92,#93,#94,#95,#96,#97,
#98,#99,#100,#101,#102,#103,#104,#105,#106,#107,#108,#109,#110,#111,#112,
#113,#114,#115,#116,#117,#118,#119,#120,#121,#122,#123,#124,#125,#126,#127,
#128,#129,#130,#131,#132,#133,#134,#135,#136,#137,#138,#139,#140,#141,#142,
#143,#144,#145,#146,#147,#148,#149,#150,#151,#152,#153,#154,#155,#156,#157,
#158,#159,#160,#161,#162,#163,#164,#165,#166,#167,#168,#169,#170,#171,#172,
#173,#174,#175,#176,#177,#178,#179,#180,#181,#182,#183,#184,#185,#186,#187,
#188,#189,#190,#191,#192,#193,#194,#195,#196,#197,#198,#199,#200,#201,#202,
#203,#204,#205,#206,#207,#208,#209,#210,#211,#212,#213,#214,#215,#216,#217,
#218,#219,#220,#221,#222,#223,#224,#225,#226,#227,#228,#229,#230,#231,#232,
#233,#234,#235,#236,#237,#238,#239,#240,#241,#242,#243,#244,#245,#246,#247,
#248,#249,#250,#251,#252,#253,#254,#255,#256,#257,#258,#259,#260,#261,#262,
#263,#264,#265,#266,#267,#268,#269,#270,#271,#272,#273,#274,#275,#276,#277,
#278,#279,#280,#281,#282,#283,#284,#285,#286,#287,#288,#289,#290,#291,#292,
#293),#1195,.F.);
#7072=ADVANCED_FACE('',(#1228),#6768,.T.);
#7073=ADVANCED_FACE('',(#1229,#294),#1196,.T.);
#7074=ADVANCED_FACE('',(#1230),#1197,.F.);
#7075=ADVANCED_FACE('',(#1231),#6769,.T.);
#7076=ADVANCED_FACE('',(#1232),#1198,.T.);
#7077=ADVANCED_FACE('',(#1233),#6770,.T.);
#7078=ADVANCED_FACE('',(#1234,#295),#1199,.T.);
#7079=ADVANCED_FACE('',(#1235),#6771,.T.);
#7080=ADVANCED_FACE('',(#1236),#1200,.T.);
#7081=ADVANCED_FACE('',(#1237),#6772,.T.);
#7082=ADVANCED_FACE('',(#1238),#1201,.T.);
#7083=ADVANCED_FACE('',(#1239),#1202,.F.);
#7084=ADVANCED_FACE('',(#1240),#6773,.T.);
#7085=ADVANCED_FACE('',(#1241,#296),#1203,.T.);
#7086=ADVANCED_FACE('',(#1242),#6774,.T.);
#7087=ADVANCED_FACE('',(#1243),#1204,.T.);
#7088=ADVANCED_FACE('',(#1244),#6775,.T.);
#7089=ADVANCED_FACE('',(#1245),#6776,.F.);
#7090=ADVANCED_FACE('',(#1246),#6777,.F.);
#7091=ADVANCED_FACE('',(#1247),#6778,.F.);
#7092=ADVANCED_FACE('',(#1248),#6779,.F.);
#7093=ADVANCED_FACE('',(#1249),#6780,.F.);
#7094=ADVANCED_FACE('',(#1250),#6781,.F.);
#7095=ADVANCED_FACE('',(#1251),#6782,.F.);
#7096=ADVANCED_FACE('',(#1252),#6783,.F.);
#7097=ADVANCED_FACE('',(#1253),#6784,.F.);
#7098=ADVANCED_FACE('',(#1254),#6785,.F.);
#7099=ADVANCED_FACE('',(#1255),#6786,.F.);
#7100=ADVANCED_FACE('',(#1256),#6787,.F.);
#7101=ADVANCED_FACE('',(#1257),#6788,.F.);
#7102=ADVANCED_FACE('',(#1258),#6789,.F.);
#7103=ADVANCED_FACE('',(#1259),#6790,.F.);
#7104=ADVANCED_FACE('',(#1260),#6791,.F.);
#7105=ADVANCED_FACE('',(#1261),#6792,.F.);
#7106=ADVANCED_FACE('',(#1262),#6793,.F.);
#7107=ADVANCED_FACE('',(#1263),#6794,.F.);
#7108=ADVANCED_FACE('',(#1264),#6795,.F.);
#7109=ADVANCED_FACE('',(#1265),#6796,.F.);
#7110=ADVANCED_FACE('',(#1266),#6797,.F.);
#7111=ADVANCED_FACE('',(#1267),#6798,.F.);
#7112=ADVANCED_FACE('',(#1268),#6799,.F.);
#7113=ADVANCED_FACE('',(#1269),#6800,.F.);
#7114=ADVANCED_FACE('',(#1270),#6801,.F.);
#7115=ADVANCED_FACE('',(#1271),#6802,.F.);
#7116=ADVANCED_FACE('',(#1272),#6803,.F.);
#7117=ADVANCED_FACE('',(#1273),#6804,.F.);
#7118=ADVANCED_FACE('',(#1274),#6805,.F.);
#7119=ADVANCED_FACE('',(#1275),#6806,.F.);
#7120=ADVANCED_FACE('',(#1276),#6807,.F.);
#7121=ADVANCED_FACE('',(#1277),#6808,.F.);
#7122=ADVANCED_FACE('',(#1278),#6809,.F.);
#7123=ADVANCED_FACE('',(#1279),#6810,.F.);
#7124=ADVANCED_FACE('',(#1280),#6811,.F.);
#7125=ADVANCED_FACE('',(#1281),#6812,.F.);
#7126=ADVANCED_FACE('',(#1282),#6813,.F.);
#7127=ADVANCED_FACE('',(#1283),#6814,.F.);
#7128=ADVANCED_FACE('',(#1284),#6815,.F.);
#7129=ADVANCED_FACE('',(#1285),#6816,.F.);
#7130=ADVANCED_FACE('',(#1286),#6817,.F.);
#7131=ADVANCED_FACE('',(#1287),#6818,.F.);
#7132=ADVANCED_FACE('',(#1288),#6819,.F.);
#7133=ADVANCED_FACE('',(#1289),#6820,.F.);
#7134=ADVANCED_FACE('',(#1290),#6821,.F.);
#7135=ADVANCED_FACE('',(#1291),#6822,.F.);
#7136=ADVANCED_FACE('',(#1292),#6823,.F.);
#7137=ADVANCED_FACE('',(#1293),#6824,.F.);
#7138=ADVANCED_FACE('',(#1294),#6825,.F.);
#7139=ADVANCED_FACE('',(#1295),#6826,.F.);
#7140=ADVANCED_FACE('',(#1296),#6827,.F.);
#7141=ADVANCED_FACE('',(#1297),#6828,.F.);
#7142=ADVANCED_FACE('',(#1298),#6829,.F.);
#7143=ADVANCED_FACE('',(#1299),#6830,.F.);
#7144=ADVANCED_FACE('',(#1300),#6831,.F.);
#7145=ADVANCED_FACE('',(#1301),#6832,.F.);
#7146=ADVANCED_FACE('',(#1302),#6833,.F.);
#7147=ADVANCED_FACE('',(#1303),#6834,.F.);
#7148=ADVANCED_FACE('',(#1304),#6835,.F.);
#7149=ADVANCED_FACE('',(#1305),#6836,.F.);
#7150=ADVANCED_FACE('',(#1306),#6837,.F.);
#7151=ADVANCED_FACE('',(#1307),#6838,.F.);
#7152=ADVANCED_FACE('',(#1308),#6839,.F.);
#7153=ADVANCED_FACE('',(#1309),#6840,.F.);
#7154=ADVANCED_FACE('',(#1310),#6841,.F.);
#7155=ADVANCED_FACE('',(#1311),#6842,.F.);
#7156=ADVANCED_FACE('',(#1312),#6843,.F.);
#7157=ADVANCED_FACE('',(#1313),#6844,.F.);
#7158=ADVANCED_FACE('',(#1314),#6845,.F.);
#7159=ADVANCED_FACE('',(#1315),#6846,.F.);
#7160=ADVANCED_FACE('',(#1316),#6847,.F.);
#7161=ADVANCED_FACE('',(#1317),#6848,.F.);
#7162=ADVANCED_FACE('',(#1318),#6849,.F.);
#7163=ADVANCED_FACE('',(#1319),#6850,.F.);
#7164=ADVANCED_FACE('',(#1320),#6851,.F.);
#7165=ADVANCED_FACE('',(#1321),#6852,.F.);
#7166=ADVANCED_FACE('',(#1322),#6853,.F.);
#7167=ADVANCED_FACE('',(#1323),#6854,.F.);
#7168=ADVANCED_FACE('',(#1324),#6855,.F.);
#7169=ADVANCED_FACE('',(#1325),#6856,.F.);
#7170=ADVANCED_FACE('',(#1326),#6857,.F.);
#7171=ADVANCED_FACE('',(#1327),#6858,.F.);
#7172=ADVANCED_FACE('',(#1328),#6859,.F.);
#7173=ADVANCED_FACE('',(#1329),#6860,.F.);
#7174=ADVANCED_FACE('',(#1330),#6861,.F.);
#7175=ADVANCED_FACE('',(#1331),#6862,.F.);
#7176=ADVANCED_FACE('',(#1332),#6863,.F.);
#7177=ADVANCED_FACE('',(#1333),#6864,.F.);
#7178=ADVANCED_FACE('',(#1334),#6865,.F.);
#7179=ADVANCED_FACE('',(#1335),#6866,.F.);
#7180=ADVANCED_FACE('',(#1336),#6867,.F.);
#7181=ADVANCED_FACE('',(#1337),#6868,.F.);
#7182=ADVANCED_FACE('',(#1338),#6869,.F.);
#7183=ADVANCED_FACE('',(#1339),#6870,.F.);
#7184=ADVANCED_FACE('',(#1340),#6871,.F.);
#7185=ADVANCED_FACE('',(#1341),#6872,.F.);
#7186=ADVANCED_FACE('',(#1342),#6873,.F.);
#7187=ADVANCED_FACE('',(#1343),#6874,.F.);
#7188=ADVANCED_FACE('',(#1344),#6875,.F.);
#7189=ADVANCED_FACE('',(#1345),#6876,.F.);
#7190=ADVANCED_FACE('',(#1346),#6877,.F.);
#7191=ADVANCED_FACE('',(#1347),#6878,.F.);
#7192=ADVANCED_FACE('',(#1348),#6879,.F.);
#7193=ADVANCED_FACE('',(#1349),#6880,.F.);
#7194=ADVANCED_FACE('',(#1350),#6881,.F.);
#7195=ADVANCED_FACE('',(#1351),#6882,.F.);
#7196=ADVANCED_FACE('',(#1352),#6883,.F.);
#7197=ADVANCED_FACE('',(#1353),#6884,.F.);
#7198=ADVANCED_FACE('',(#1354),#6885,.F.);
#7199=ADVANCED_FACE('',(#1355),#6886,.F.);
#7200=ADVANCED_FACE('',(#1356),#6887,.F.);
#7201=ADVANCED_FACE('',(#1357),#6888,.F.);
#7202=ADVANCED_FACE('',(#1358),#6889,.F.);
#7203=ADVANCED_FACE('',(#1359),#6890,.F.);
#7204=ADVANCED_FACE('',(#1360),#6891,.F.);
#7205=ADVANCED_FACE('',(#1361),#6892,.F.);
#7206=ADVANCED_FACE('',(#1362),#6893,.F.);
#7207=ADVANCED_FACE('',(#1363),#6894,.F.);
#7208=ADVANCED_FACE('',(#1364),#6895,.F.);
#7209=ADVANCED_FACE('',(#1365),#6896,.F.);
#7210=ADVANCED_FACE('',(#1366),#6897,.F.);
#7211=ADVANCED_FACE('',(#1367),#6898,.F.);
#7212=ADVANCED_FACE('',(#1368),#6899,.F.);
#7213=ADVANCED_FACE('',(#1369),#6900,.F.);
#7214=ADVANCED_FACE('',(#1370),#6901,.F.);
#7215=ADVANCED_FACE('',(#1371),#6902,.F.);
#7216=ADVANCED_FACE('',(#1372),#6903,.F.);
#7217=ADVANCED_FACE('',(#1373),#6904,.F.);
#7218=ADVANCED_FACE('',(#1374),#6905,.F.);
#7219=ADVANCED_FACE('',(#1375),#6906,.F.);
#7220=ADVANCED_FACE('',(#1376),#6907,.F.);
#7221=ADVANCED_FACE('',(#1377),#6908,.F.);
#7222=ADVANCED_FACE('',(#1378),#6909,.F.);
#7223=ADVANCED_FACE('',(#1379),#6910,.F.);
#7224=ADVANCED_FACE('',(#1380),#6911,.F.);
#7225=ADVANCED_FACE('',(#1381),#6912,.F.);
#7226=ADVANCED_FACE('',(#1382),#6913,.F.);
#7227=ADVANCED_FACE('',(#1383),#6914,.F.);
#7228=ADVANCED_FACE('',(#1384),#6915,.F.);
#7229=ADVANCED_FACE('',(#1385),#6916,.F.);
#7230=ADVANCED_FACE('',(#1386),#6917,.F.);
#7231=ADVANCED_FACE('',(#1387),#6918,.F.);
#7232=ADVANCED_FACE('',(#1388),#6919,.F.);
#7233=ADVANCED_FACE('',(#1389),#6920,.F.);
#7234=ADVANCED_FACE('',(#1390),#6921,.F.);
#7235=ADVANCED_FACE('',(#1391),#6922,.F.);
#7236=ADVANCED_FACE('',(#1392),#6923,.F.);
#7237=ADVANCED_FACE('',(#1393),#6924,.F.);
#7238=ADVANCED_FACE('',(#1394),#6925,.F.);
#7239=ADVANCED_FACE('',(#1395),#6926,.F.);
#7240=ADVANCED_FACE('',(#1396),#6927,.F.);
#7241=ADVANCED_FACE('',(#1397),#6928,.F.);
#7242=ADVANCED_FACE('',(#1398),#6929,.F.);
#7243=ADVANCED_FACE('',(#1399),#6930,.F.);
#7244=ADVANCED_FACE('',(#1400),#6931,.F.);
#7245=ADVANCED_FACE('',(#1401),#6932,.F.);
#7246=ADVANCED_FACE('',(#1402),#6933,.F.);
#7247=ADVANCED_FACE('',(#1403),#6934,.F.);
#7248=ADVANCED_FACE('',(#1404),#6935,.F.);
#7249=ADVANCED_FACE('',(#1405),#6936,.F.);
#7250=ADVANCED_FACE('',(#1406),#6937,.F.);
#7251=ADVANCED_FACE('',(#1407),#6938,.F.);
#7252=ADVANCED_FACE('',(#1408),#6939,.F.);
#7253=ADVANCED_FACE('',(#1409),#6940,.F.);
#7254=ADVANCED_FACE('',(#1410),#6941,.F.);
#7255=ADVANCED_FACE('',(#1411),#6942,.F.);
#7256=ADVANCED_FACE('',(#1412),#6943,.F.);
#7257=ADVANCED_FACE('',(#1413),#6944,.F.);
#7258=ADVANCED_FACE('',(#1414),#6945,.F.);
#7259=ADVANCED_FACE('',(#1415),#6946,.F.);
#7260=ADVANCED_FACE('',(#1416),#6947,.F.);
#7261=ADVANCED_FACE('',(#1417),#6948,.F.);
#7262=ADVANCED_FACE('',(#1418),#6949,.F.);
#7263=ADVANCED_FACE('',(#1419),#6950,.F.);
#7264=ADVANCED_FACE('',(#1420),#6951,.F.);
#7265=ADVANCED_FACE('',(#1421),#6952,.F.);
#7266=ADVANCED_FACE('',(#1422),#6953,.F.);
#7267=ADVANCED_FACE('',(#1423),#6954,.F.);
#7268=ADVANCED_FACE('',(#1424),#6955,.F.);
#7269=ADVANCED_FACE('',(#1425),#6956,.F.);
#7270=ADVANCED_FACE('',(#1426),#6957,.F.);
#7271=ADVANCED_FACE('',(#1427),#6958,.F.);
#7272=ADVANCED_FACE('',(#1428),#6959,.F.);
#7273=ADVANCED_FACE('',(#1429),#6960,.F.);
#7274=ADVANCED_FACE('',(#1430),#6961,.F.);
#7275=ADVANCED_FACE('',(#1431),#6962,.F.);
#7276=ADVANCED_FACE('',(#1432),#6963,.F.);
#7277=ADVANCED_FACE('',(#1433),#6964,.F.);
#7278=ADVANCED_FACE('',(#1434),#6965,.F.);
#7279=ADVANCED_FACE('',(#1435),#6966,.F.);
#7280=ADVANCED_FACE('',(#1436),#6967,.F.);
#7281=ADVANCED_FACE('',(#1437),#6968,.F.);
#7282=ADVANCED_FACE('',(#1438),#6969,.F.);
#7283=ADVANCED_FACE('',(#1439),#6970,.F.);
#7284=ADVANCED_FACE('',(#1440),#6971,.F.);
#7285=ADVANCED_FACE('',(#1441),#6972,.F.);
#7286=ADVANCED_FACE('',(#1442),#6973,.F.);
#7287=ADVANCED_FACE('',(#1443),#6974,.F.);
#7288=ADVANCED_FACE('',(#1444),#6975,.F.);
#7289=ADVANCED_FACE('',(#1445),#6976,.F.);
#7290=ADVANCED_FACE('',(#1446),#6977,.F.);
#7291=ADVANCED_FACE('',(#1447),#6978,.F.);
#7292=ADVANCED_FACE('',(#1448),#6979,.F.);
#7293=ADVANCED_FACE('',(#1449),#6980,.F.);
#7294=ADVANCED_FACE('',(#1450),#6981,.F.);
#7295=ADVANCED_FACE('',(#1451),#6982,.F.);
#7296=ADVANCED_FACE('',(#1452),#6983,.F.);
#7297=ADVANCED_FACE('',(#1453),#6984,.F.);
#7298=ADVANCED_FACE('',(#1454),#6985,.F.);
#7299=ADVANCED_FACE('',(#1455),#6986,.F.);
#7300=ADVANCED_FACE('',(#1456),#6987,.F.);
#7301=ADVANCED_FACE('',(#1457),#6988,.F.);
#7302=ADVANCED_FACE('',(#1458),#6989,.F.);
#7303=ADVANCED_FACE('',(#1459),#6990,.F.);
#7304=ADVANCED_FACE('',(#1460),#6991,.F.);
#7305=ADVANCED_FACE('',(#1461),#6992,.F.);
#7306=ADVANCED_FACE('',(#1462),#6993,.F.);
#7307=ADVANCED_FACE('',(#1463),#6994,.F.);
#7308=ADVANCED_FACE('',(#1464),#6995,.F.);
#7309=ADVANCED_FACE('',(#1465),#6996,.F.);
#7310=ADVANCED_FACE('',(#1466),#6997,.F.);
#7311=ADVANCED_FACE('',(#1467),#6998,.F.);
#7312=ADVANCED_FACE('',(#1468),#6999,.F.);
#7313=ADVANCED_FACE('',(#1469),#7000,.F.);
#7314=ADVANCED_FACE('',(#1470),#7001,.F.);
#7315=ADVANCED_FACE('',(#1471),#7002,.F.);
#7316=ADVANCED_FACE('',(#1472),#7003,.F.);
#7317=ADVANCED_FACE('',(#1473),#7004,.F.);
#7318=ADVANCED_FACE('',(#1474),#7005,.F.);
#7319=ADVANCED_FACE('',(#1475),#7006,.F.);
#7320=ADVANCED_FACE('',(#1476),#7007,.F.);
#7321=ADVANCED_FACE('',(#1477),#7008,.F.);
#7322=ADVANCED_FACE('',(#1478),#7009,.F.);
#7323=ADVANCED_FACE('',(#1479),#7010,.F.);
#7324=ADVANCED_FACE('',(#1480),#7011,.F.);
#7325=ADVANCED_FACE('',(#1481),#7012,.F.);
#7326=ADVANCED_FACE('',(#1482),#7013,.F.);
#7327=ADVANCED_FACE('',(#1483),#7014,.F.);
#7328=ADVANCED_FACE('',(#1484),#7015,.F.);
#7329=ADVANCED_FACE('',(#1485),#7016,.F.);
#7330=ADVANCED_FACE('',(#1486),#7017,.F.);
#7331=ADVANCED_FACE('',(#1487),#7018,.F.);
#7332=ADVANCED_FACE('',(#1488),#7019,.F.);
#7333=ADVANCED_FACE('',(#1489),#7020,.F.);
#7334=ADVANCED_FACE('',(#1490),#7021,.F.);
#7335=ADVANCED_FACE('',(#1491),#7022,.F.);
#7336=ADVANCED_FACE('',(#1492),#7023,.F.);
#7337=ADVANCED_FACE('',(#1493),#7024,.F.);
#7338=ADVANCED_FACE('',(#1494),#7025,.F.);
#7339=ADVANCED_FACE('',(#1495),#7026,.F.);
#7340=ADVANCED_FACE('',(#1496),#7027,.F.);
#7341=ADVANCED_FACE('',(#1497),#7028,.F.);
#7342=ADVANCED_FACE('',(#1498),#7029,.F.);
#7343=ADVANCED_FACE('',(#1499),#7030,.F.);
#7344=ADVANCED_FACE('',(#1500),#7031,.F.);
#7345=ADVANCED_FACE('',(#1501),#7032,.F.);
#7346=ADVANCED_FACE('',(#1502),#7033,.F.);
#7347=ADVANCED_FACE('',(#1503),#7034,.F.);
#7348=ADVANCED_FACE('',(#1504),#7035,.F.);
#7349=ADVANCED_FACE('',(#1505),#7036,.F.);
#7350=ADVANCED_FACE('',(#1506),#7037,.F.);
#7351=ADVANCED_FACE('',(#1507),#7038,.F.);
#7352=ADVANCED_FACE('',(#1508),#7039,.F.);
#7353=ADVANCED_FACE('',(#1509),#7040,.F.);
#7354=ADVANCED_FACE('',(#1510),#7041,.F.);
#7355=ADVANCED_FACE('',(#1511),#7042,.F.);
#7356=ADVANCED_FACE('',(#1512),#7043,.F.);
#7357=ADVANCED_FACE('',(#1513),#7044,.F.);
#7358=ADVANCED_FACE('',(#1514),#7045,.F.);
#7359=ADVANCED_FACE('',(#1515),#7046,.F.);
#7360=ADVANCED_FACE('',(#1516),#7047,.F.);
#7361=ADVANCED_FACE('',(#1517),#7048,.F.);
#7362=ADVANCED_FACE('',(#1518),#7049,.F.);
#7363=ADVANCED_FACE('',(#1519),#7050,.F.);
#7364=ADVANCED_FACE('',(#1520),#7051,.F.);
#7365=ADVANCED_FACE('',(#1521),#7052,.F.);
#7366=ADVANCED_FACE('',(#1522),#7053,.F.);
#7367=ADVANCED_FACE('',(#1523),#7054,.F.);
#7368=ADVANCED_FACE('',(#1524),#7055,.F.);
#7369=ADVANCED_FACE('',(#1525),#7056,.F.);
#7370=ADVANCED_FACE('',(#1526),#7057,.F.);
#7371=ADVANCED_FACE('',(#1527),#7058,.F.);
#7372=ADVANCED_FACE('',(#1528),#7059,.F.);
#7373=ADVANCED_FACE('',(#1529),#7060,.F.);
#7374=ADVANCED_FACE('',(#1530),#1205,.T.);
#7375=ADVANCED_FACE('',(#1531),#1206,.T.);
#7376=ADVANCED_FACE('',(#1532,#297,#298,#299,#300,#301,#302,#303,#304,#305,
#306,#307,#308,#309,#310,#311,#312,#313,#314,#315,#316,#317,#318,#319,#320,
#321,#322,#323,#324,#325,#326,#327,#328,#329,#330,#331,#332,#333,#334,#335,
#336,#337,#338,#339,#340,#341,#342,#343,#344,#345,#346,#347,#348,#349,#350,
#351,#352,#353,#354,#355,#356,#357,#358,#359,#360,#361,#362,#363,#364,#365,
#366,#367,#368,#369,#370,#371,#372,#373,#374,#375,#376,#377,#378,#379,#380,
#381,#382,#383,#384,#385,#386,#387,#388,#389,#390,#391,#392,#393,#394,#395,
#396,#397,#398,#399,#400,#401,#402,#403,#404,#405,#406,#407,#408,#409,#410,
#411,#412,#413,#414,#415,#416,#417,#418,#419,#420,#421,#422,#423,#424,#425,
#426,#427,#428,#429,#430,#431,#432,#433,#434,#435,#436,#437,#438,#439,#440,
#441,#442,#443,#444,#445,#446,#447,#448,#449,#450,#451,#452,#453,#454,#455,
#456,#457,#458,#459,#460,#461,#462,#463,#464,#465,#466,#467,#468,#469,#470,
#471,#472,#473,#474,#475,#476,#477,#478,#479,#480,#481,#482,#483,#484,#485,
#486,#487,#488,#489,#490,#491,#492,#493,#494,#495,#496,#497,#498,#499,#500,
#501,#502,#503,#504,#505,#506,#507,#508,#509,#510,#511,#512,#513,#514,#515,
#516,#517,#518,#519,#520,#521,#522,#523,#524,#525,#526,#527,#528,#529,#530,
#531,#532,#533,#534,#535,#536,#537,#538,#539,#540,#541,#542,#543,#544,#545,
#546,#547,#548,#549,#550,#551,#552,#553,#554,#555,#556,#557,#558,#559,#560,
#561,#562,#563,#564,#565,#566,#567,#568,#569,#570,#571,#572,#573,#574,#575,
#576,#577,#578,#579,#580,#581),#1207,.T.);
#7377=ADVANCED_FACE('',(#1533),#1208,.T.);
#7378=ADVANCED_FACE('',(#1534),#1209,.T.);
#7379=ADVANCED_FACE('',(#1535),#1210,.T.);
#7380=ADVANCED_FACE('',(#1536),#1211,.T.);
#7381=ADVANCED_FACE('',(#1537),#7061,.F.);
#7382=ADVANCED_FACE('',(#1538),#1212,.F.);
#7383=ADVANCED_FACE('',(#1539),#7062,.F.);
#7384=ADVANCED_FACE('',(#1540),#1213,.F.);
#7385=ADVANCED_FACE('',(#1541),#1214,.T.);
#7386=ADVANCED_FACE('',(#1542),#1215,.T.);
#7387=ADVANCED_FACE('',(#1543),#1216,.T.);
#7388=ADVANCED_FACE('',(#1544),#1217,.T.);
#7389=ADVANCED_FACE('',(#1545),#1218,.F.);
#7390=ADVANCED_FACE('',(#1546),#7063,.F.);
#7391=ADVANCED_FACE('',(#1547),#7064,.F.);
#7392=ADVANCED_FACE('',(#1548),#1219,.F.);
#7393=ADVANCED_FACE('',(#1549,#582),#1220,.T.);
#7394=CLOSED_SHELL('',(#7065,#7066,#7067,#7068,#7069,#7070,#7071,#7072,
#7073,#7074,#7075,#7076,#7077,#7078,#7079,#7080,#7081,#7082,#7083,#7084,
#7085,#7086,#7087,#7088,#7089,#7090,#7091,#7092,#7093,#7094,#7095,#7096,
#7097,#7098,#7099,#7100,#7101,#7102,#7103,#7104,#7105,#7106,#7107,#7108,
#7109,#7110,#7111,#7112,#7113,#7114,#7115,#7116,#7117,#7118,#7119,#7120,
#7121,#7122,#7123,#7124,#7125,#7126,#7127,#7128,#7129,#7130,#7131,#7132,
#7133,#7134,#7135,#7136,#7137,#7138,#7139,#7140,#7141,#7142,#7143,#7144,
#7145,#7146,#7147,#7148,#7149,#7150,#7151,#7152,#7153,#7154,#7155,#7156,
#7157,#7158,#7159,#7160,#7161,#7162,#7163,#7164,#7165,#7166,#7167,#7168,
#7169,#7170,#7171,#7172,#7173,#7174,#7175,#7176,#7177,#7178,#7179,#7180,
#7181,#7182,#7183,#7184,#7185,#7186,#7187,#7188,#7189,#7190,#7191,#7192,
#7193,#7194,#7195,#7196,#7197,#7198,#7199,#7200,#7201,#7202,#7203,#7204,
#7205,#7206,#7207,#7208,#7209,#7210,#7211,#7212,#7213,#7214,#7215,#7216,
#7217,#7218,#7219,#7220,#7221,#7222,#7223,#7224,#7225,#7226,#7227,#7228,
#7229,#7230,#7231,#7232,#7233,#7234,#7235,#7236,#7237,#7238,#7239,#7240,
#7241,#7242,#7243,#7244,#7245,#7246,#7247,#7248,#7249,#7250,#7251,#7252,
#7253,#7254,#7255,#7256,#7257,#7258,#7259,#7260,#7261,#7262,#7263,#7264,
#7265,#7266,#7267,#7268,#7269,#7270,#7271,#7272,#7273,#7274,#7275,#7276,
#7277,#7278,#7279,#7280,#7281,#7282,#7283,#7284,#7285,#7286,#7287,#7288,
#7289,#7290,#7291,#7292,#7293,#7294,#7295,#7296,#7297,#7298,#7299,#7300,
#7301,#7302,#7303,#7304,#7305,#7306,#7307,#7308,#7309,#7310,#7311,#7312,
#7313,#7314,#7315,#7316,#7317,#7318,#7319,#7320,#7321,#7322,#7323,#7324,
#7325,#7326,#7327,#7328,#7329,#7330,#7331,#7332,#7333,#7334,#7335,#7336,
#7337,#7338,#7339,#7340,#7341,#7342,#7343,#7344,#7345,#7346,#7347,#7348,
#7349,#7350,#7351,#7352,#7353,#7354,#7355,#7356,#7357,#7358,#7359,#7360,
#7361,#7362,#7363,#7364,#7365,#7366,#7367,#7368,#7369,#7370,#7371,#7372,
#7373,#7374,#7375,#7376,#7377,#7378,#7379,#7380,#7381,#7382,#7383,#7384,
#7385,#7386,#7387,#7388,#7389,#7390,#7391,#7392,#7393));
#7395=DERIVED_UNIT_ELEMENT(#7398,1.);
#7396=DERIVED_UNIT_ELEMENT(#12573,-3.);
#7397=DIMENSIONAL_EXPONENTS(0.,1.,0.,0.,0.,0.,0.);
#7398=(
CONVERSION_BASED_UNIT('gram',#7400)
MASS_UNIT()
NAMED_UNIT(#7397)
);
#7399=(
MASS_UNIT()
NAMED_UNIT(*)
SI_UNIT(.KILO.,.GRAM.)
);
#7400=MASS_MEASURE_WITH_UNIT(MASS_MEASURE(0.001),#7399);
#7401=DERIVED_UNIT((#7395,#7396));
#7402=MEASURE_REPRESENTATION_ITEM('density measure',
POSITIVE_RATIO_MEASURE(1.),#7401);
#7403=PROPERTY_DEFINITION_REPRESENTATION(#7408,#7405);
#7404=PROPERTY_DEFINITION_REPRESENTATION(#7409,#7406);
#7405=REPRESENTATION('material name',(#7407),#12570);
#7406=REPRESENTATION('density',(#7402),#12570);
#7407=DESCRIPTIVE_REPRESENTATION_ITEM('Generic','Generic');
#7408=PROPERTY_DEFINITION('material property','material name',#12580);
#7409=PROPERTY_DEFINITION('material property','density of part',#12580);
#7410=DATE_TIME_ROLE('creation_date');
#7411=APPLIED_DATE_AND_TIME_ASSIGNMENT(#7412,#7410,(#12580));
#7412=DATE_AND_TIME(#7413,#7414);
#7413=CALENDAR_DATE(2026,3,5);
#7414=LOCAL_TIME(0,0,0.,#7415);
#7415=COORDINATED_UNIVERSAL_TIME_OFFSET(0,0,.BEHIND.);
#7416=AXIS2_PLACEMENT_3D('',#10613,#8360,#8361);
#7417=AXIS2_PLACEMENT_3D('',#10614,#8362,#8363);
#7418=AXIS2_PLACEMENT_3D('',#10619,#8365,#8366);
#7419=AXIS2_PLACEMENT_3D('',#10622,#8368,#8369);
#7420=AXIS2_PLACEMENT_3D('',#10623,#8370,#8371);
#7421=AXIS2_PLACEMENT_3D('',#10628,#8374,#8375);
#7422=AXIS2_PLACEMENT_3D('',#10629,#8376,#8377);
#7423=AXIS2_PLACEMENT_3D('',#10634,#8380,#8381);
#7424=AXIS2_PLACEMENT_3D('',#10635,#8382,#8383);
#7425=AXIS2_PLACEMENT_3D('',#10638,#8386,#8387);
#7426=AXIS2_PLACEMENT_3D('',#10644,#8391,#8392);
#7427=AXIS2_PLACEMENT_3D('',#10648,#8395,#8396);
#7428=AXIS2_PLACEMENT_3D('',#10653,#8398,#8399);
#7429=AXIS2_PLACEMENT_3D('',#10655,#8400,#8401);
#7430=AXIS2_PLACEMENT_3D('',#10659,#8403,#8404);
#7431=AXIS2_PLACEMENT_3D('',#10663,#8406,#8407);
#7432=AXIS2_PLACEMENT_3D('',#10667,#8409,#8410);
#7433=AXIS2_PLACEMENT_3D('',#10671,#8412,#8413);
#7434=AXIS2_PLACEMENT_3D('',#10675,#8415,#8416);
#7435=AXIS2_PLACEMENT_3D('',#10677,#8417,#8418);
#7436=AXIS2_PLACEMENT_3D('',#10681,#8420,#8421);
#7437=AXIS2_PLACEMENT_3D('',#10683,#8422,#8423);
#7438=AXIS2_PLACEMENT_3D('',#10687,#8425,#8426);
#7439=AXIS2_PLACEMENT_3D('',#10688,#8427,#8428);
#7440=AXIS2_PLACEMENT_3D('',#10693,#8430,#8431);
#7441=AXIS2_PLACEMENT_3D('',#10697,#8433,#8434);
#7442=AXIS2_PLACEMENT_3D('',#10701,#8436,#8437);
#7443=AXIS2_PLACEMENT_3D('',#10705,#8439,#8440);
#7444=AXIS2_PLACEMENT_3D('',#10709,#8442,#8443);
#7445=AXIS2_PLACEMENT_3D('',#10713,#8445,#8446);
#7446=AXIS2_PLACEMENT_3D('',#10717,#8448,#8449);
#7447=AXIS2_PLACEMENT_3D('',#10720,#8451,#8452);
#7448=AXIS2_PLACEMENT_3D('',#10722,#8453,#8454);
#7449=AXIS2_PLACEMENT_3D('',#10724,#8455,#8456);
#7450=AXIS2_PLACEMENT_3D('',#10726,#8457,#8458);
#7451=AXIS2_PLACEMENT_3D('',#10728,#8459,#8460);
#7452=AXIS2_PLACEMENT_3D('',#10730,#8461,#8462);
#7453=AXIS2_PLACEMENT_3D('',#10732,#8463,#8464);
#7454=AXIS2_PLACEMENT_3D('',#10734,#8465,#8466);
#7455=AXIS2_PLACEMENT_3D('',#10736,#8467,#8468);
#7456=AXIS2_PLACEMENT_3D('',#10738,#8469,#8470);
#7457=AXIS2_PLACEMENT_3D('',#10740,#8471,#8472);
#7458=AXIS2_PLACEMENT_3D('',#10742,#8473,#8474);
#7459=AXIS2_PLACEMENT_3D('',#10744,#8475,#8476);
#7460=AXIS2_PLACEMENT_3D('',#10746,#8477,#8478);
#7461=AXIS2_PLACEMENT_3D('',#10748,#8479,#8480);
#7462=AXIS2_PLACEMENT_3D('',#10750,#8481,#8482);
#7463=AXIS2_PLACEMENT_3D('',#10752,#8483,#8484);
#7464=AXIS2_PLACEMENT_3D('',#10754,#8485,#8486);
#7465=AXIS2_PLACEMENT_3D('',#10756,#8487,#8488);
#7466=AXIS2_PLACEMENT_3D('',#10758,#8489,#8490);
#7467=AXIS2_PLACEMENT_3D('',#10760,#8491,#8492);
#7468=AXIS2_PLACEMENT_3D('',#10762,#8493,#8494);
#7469=AXIS2_PLACEMENT_3D('',#10764,#8495,#8496);
#7470=AXIS2_PLACEMENT_3D('',#10766,#8497,#8498);
#7471=AXIS2_PLACEMENT_3D('',#10768,#8499,#8500);
#7472=AXIS2_PLACEMENT_3D('',#10770,#8501,#8502);
#7473=AXIS2_PLACEMENT_3D('',#10772,#8503,#8504);
#7474=AXIS2_PLACEMENT_3D('',#10774,#8505,#8506);
#7475=AXIS2_PLACEMENT_3D('',#10776,#8507,#8508);
#7476=AXIS2_PLACEMENT_3D('',#10778,#8509,#8510);
#7477=AXIS2_PLACEMENT_3D('',#10780,#8511,#8512);
#7478=AXIS2_PLACEMENT_3D('',#10782,#8513,#8514);
#7479=AXIS2_PLACEMENT_3D('',#10784,#8515,#8516);
#7480=AXIS2_PLACEMENT_3D('',#10786,#8517,#8518);
#7481=AXIS2_PLACEMENT_3D('',#10788,#8519,#8520);
#7482=AXIS2_PLACEMENT_3D('',#10790,#8521,#8522);
#7483=AXIS2_PLACEMENT_3D('',#10792,#8523,#8524);
#7484=AXIS2_PLACEMENT_3D('',#10794,#8525,#8526);
#7485=AXIS2_PLACEMENT_3D('',#10796,#8527,#8528);
#7486=AXIS2_PLACEMENT_3D('',#10798,#8529,#8530);
#7487=AXIS2_PLACEMENT_3D('',#10800,#8531,#8532);
#7488=AXIS2_PLACEMENT_3D('',#10802,#8533,#8534);
#7489=AXIS2_PLACEMENT_3D('',#10804,#8535,#8536);
#7490=AXIS2_PLACEMENT_3D('',#10806,#8537,#8538);
#7491=AXIS2_PLACEMENT_3D('',#10808,#8539,#8540);
#7492=AXIS2_PLACEMENT_3D('',#10810,#8541,#8542);
#7493=AXIS2_PLACEMENT_3D('',#10812,#8543,#8544);
#7494=AXIS2_PLACEMENT_3D('',#10814,#8545,#8546);
#7495=AXIS2_PLACEMENT_3D('',#10816,#8547,#8548);
#7496=AXIS2_PLACEMENT_3D('',#10818,#8549,#8550);
#7497=AXIS2_PLACEMENT_3D('',#10820,#8551,#8552);
#7498=AXIS2_PLACEMENT_3D('',#10822,#8553,#8554);
#7499=AXIS2_PLACEMENT_3D('',#10824,#8555,#8556);
#7500=AXIS2_PLACEMENT_3D('',#10826,#8557,#8558);
#7501=AXIS2_PLACEMENT_3D('',#10828,#8559,#8560);
#7502=AXIS2_PLACEMENT_3D('',#10830,#8561,#8562);
#7503=AXIS2_PLACEMENT_3D('',#10832,#8563,#8564);
#7504=AXIS2_PLACEMENT_3D('',#10834,#8565,#8566);
#7505=AXIS2_PLACEMENT_3D('',#10836,#8567,#8568);
#7506=AXIS2_PLACEMENT_3D('',#10838,#8569,#8570);
#7507=AXIS2_PLACEMENT_3D('',#10840,#8571,#8572);
#7508=AXIS2_PLACEMENT_3D('',#10842,#8573,#8574);
#7509=AXIS2_PLACEMENT_3D('',#10844,#8575,#8576);
#7510=AXIS2_PLACEMENT_3D('',#10846,#8577,#8578);
#7511=AXIS2_PLACEMENT_3D('',#10848,#8579,#8580);
#7512=AXIS2_PLACEMENT_3D('',#10850,#8581,#8582);
#7513=AXIS2_PLACEMENT_3D('',#10852,#8583,#8584);
#7514=AXIS2_PLACEMENT_3D('',#10854,#8585,#8586);
#7515=AXIS2_PLACEMENT_3D('',#10856,#8587,#8588);
#7516=AXIS2_PLACEMENT_3D('',#10858,#8589,#8590);
#7517=AXIS2_PLACEMENT_3D('',#10860,#8591,#8592);
#7518=AXIS2_PLACEMENT_3D('',#10862,#8593,#8594);
#7519=AXIS2_PLACEMENT_3D('',#10864,#8595,#8596);
#7520=AXIS2_PLACEMENT_3D('',#10866,#8597,#8598);
#7521=AXIS2_PLACEMENT_3D('',#10868,#8599,#8600);
#7522=AXIS2_PLACEMENT_3D('',#10870,#8601,#8602);
#7523=AXIS2_PLACEMENT_3D('',#10872,#8603,#8604);
#7524=AXIS2_PLACEMENT_3D('',#10874,#8605,#8606);
#7525=AXIS2_PLACEMENT_3D('',#10876,#8607,#8608);
#7526=AXIS2_PLACEMENT_3D('',#10878,#8609,#8610);
#7527=AXIS2_PLACEMENT_3D('',#10880,#8611,#8612);
#7528=AXIS2_PLACEMENT_3D('',#10882,#8613,#8614);
#7529=AXIS2_PLACEMENT_3D('',#10884,#8615,#8616);
#7530=AXIS2_PLACEMENT_3D('',#10886,#8617,#8618);
#7531=AXIS2_PLACEMENT_3D('',#10888,#8619,#8620);
#7532=AXIS2_PLACEMENT_3D('',#10890,#8621,#8622);
#7533=AXIS2_PLACEMENT_3D('',#10892,#8623,#8624);
#7534=AXIS2_PLACEMENT_3D('',#10894,#8625,#8626);
#7535=AXIS2_PLACEMENT_3D('',#10896,#8627,#8628);
#7536=AXIS2_PLACEMENT_3D('',#10898,#8629,#8630);
#7537=AXIS2_PLACEMENT_3D('',#10900,#8631,#8632);
#7538=AXIS2_PLACEMENT_3D('',#10902,#8633,#8634);
#7539=AXIS2_PLACEMENT_3D('',#10904,#8635,#8636);
#7540=AXIS2_PLACEMENT_3D('',#10906,#8637,#8638);
#7541=AXIS2_PLACEMENT_3D('',#10908,#8639,#8640);
#7542=AXIS2_PLACEMENT_3D('',#10910,#8641,#8642);
#7543=AXIS2_PLACEMENT_3D('',#10912,#8643,#8644);
#7544=AXIS2_PLACEMENT_3D('',#10914,#8645,#8646);
#7545=AXIS2_PLACEMENT_3D('',#10916,#8647,#8648);
#7546=AXIS2_PLACEMENT_3D('',#10918,#8649,#8650);
#7547=AXIS2_PLACEMENT_3D('',#10920,#8651,#8652);
#7548=AXIS2_PLACEMENT_3D('',#10922,#8653,#8654);
#7549=AXIS2_PLACEMENT_3D('',#10924,#8655,#8656);
#7550=AXIS2_PLACEMENT_3D('',#10926,#8657,#8658);
#7551=AXIS2_PLACEMENT_3D('',#10928,#8659,#8660);
#7552=AXIS2_PLACEMENT_3D('',#10930,#8661,#8662);
#7553=AXIS2_PLACEMENT_3D('',#10932,#8663,#8664);
#7554=AXIS2_PLACEMENT_3D('',#10934,#8665,#8666);
#7555=AXIS2_PLACEMENT_3D('',#10936,#8667,#8668);
#7556=AXIS2_PLACEMENT_3D('',#10938,#8669,#8670);
#7557=AXIS2_PLACEMENT_3D('',#10940,#8671,#8672);
#7558=AXIS2_PLACEMENT_3D('',#10942,#8673,#8674);
#7559=AXIS2_PLACEMENT_3D('',#10944,#8675,#8676);
#7560=AXIS2_PLACEMENT_3D('',#10946,#8677,#8678);
#7561=AXIS2_PLACEMENT_3D('',#10948,#8679,#8680);
#7562=AXIS2_PLACEMENT_3D('',#10950,#8681,#8682);
#7563=AXIS2_PLACEMENT_3D('',#10952,#8683,#8684);
#7564=AXIS2_PLACEMENT_3D('',#10954,#8685,#8686);
#7565=AXIS2_PLACEMENT_3D('',#10956,#8687,#8688);
#7566=AXIS2_PLACEMENT_3D('',#10958,#8689,#8690);
#7567=AXIS2_PLACEMENT_3D('',#10960,#8691,#8692);
#7568=AXIS2_PLACEMENT_3D('',#10962,#8693,#8694);
#7569=AXIS2_PLACEMENT_3D('',#10964,#8695,#8696);
#7570=AXIS2_PLACEMENT_3D('',#10966,#8697,#8698);
#7571=AXIS2_PLACEMENT_3D('',#10968,#8699,#8700);
#7572=AXIS2_PLACEMENT_3D('',#10970,#8701,#8702);
#7573=AXIS2_PLACEMENT_3D('',#10972,#8703,#8704);
#7574=AXIS2_PLACEMENT_3D('',#10974,#8705,#8706);
#7575=AXIS2_PLACEMENT_3D('',#10976,#8707,#8708);
#7576=AXIS2_PLACEMENT_3D('',#10978,#8709,#8710);
#7577=AXIS2_PLACEMENT_3D('',#10980,#8711,#8712);
#7578=AXIS2_PLACEMENT_3D('',#10982,#8713,#8714);
#7579=AXIS2_PLACEMENT_3D('',#10984,#8715,#8716);
#7580=AXIS2_PLACEMENT_3D('',#10986,#8717,#8718);
#7581=AXIS2_PLACEMENT_3D('',#10988,#8719,#8720);
#7582=AXIS2_PLACEMENT_3D('',#10990,#8721,#8722);
#7583=AXIS2_PLACEMENT_3D('',#10992,#8723,#8724);
#7584=AXIS2_PLACEMENT_3D('',#10994,#8725,#8726);
#7585=AXIS2_PLACEMENT_3D('',#10996,#8727,#8728);
#7586=AXIS2_PLACEMENT_3D('',#10998,#8729,#8730);
#7587=AXIS2_PLACEMENT_3D('',#11000,#8731,#8732);
#7588=AXIS2_PLACEMENT_3D('',#11002,#8733,#8734);
#7589=AXIS2_PLACEMENT_3D('',#11004,#8735,#8736);
#7590=AXIS2_PLACEMENT_3D('',#11006,#8737,#8738);
#7591=AXIS2_PLACEMENT_3D('',#11008,#8739,#8740);
#7592=AXIS2_PLACEMENT_3D('',#11010,#8741,#8742);
#7593=AXIS2_PLACEMENT_3D('',#11012,#8743,#8744);
#7594=AXIS2_PLACEMENT_3D('',#11014,#8745,#8746);
#7595=AXIS2_PLACEMENT_3D('',#11016,#8747,#8748);
#7596=AXIS2_PLACEMENT_3D('',#11018,#8749,#8750);
#7597=AXIS2_PLACEMENT_3D('',#11020,#8751,#8752);
#7598=AXIS2_PLACEMENT_3D('',#11022,#8753,#8754);
#7599=AXIS2_PLACEMENT_3D('',#11024,#8755,#8756);
#7600=AXIS2_PLACEMENT_3D('',#11026,#8757,#8758);
#7601=AXIS2_PLACEMENT_3D('',#11028,#8759,#8760);
#7602=AXIS2_PLACEMENT_3D('',#11030,#8761,#8762);
#7603=AXIS2_PLACEMENT_3D('',#11032,#8763,#8764);
#7604=AXIS2_PLACEMENT_3D('',#11034,#8765,#8766);
#7605=AXIS2_PLACEMENT_3D('',#11036,#8767,#8768);
#7606=AXIS2_PLACEMENT_3D('',#11038,#8769,#8770);
#7607=AXIS2_PLACEMENT_3D('',#11040,#8771,#8772);
#7608=AXIS2_PLACEMENT_3D('',#11042,#8773,#8774);
#7609=AXIS2_PLACEMENT_3D('',#11044,#8775,#8776);
#7610=AXIS2_PLACEMENT_3D('',#11046,#8777,#8778);
#7611=AXIS2_PLACEMENT_3D('',#11048,#8779,#8780);
#7612=AXIS2_PLACEMENT_3D('',#11050,#8781,#8782);
#7613=AXIS2_PLACEMENT_3D('',#11052,#8783,#8784);
#7614=AXIS2_PLACEMENT_3D('',#11054,#8785,#8786);
#7615=AXIS2_PLACEMENT_3D('',#11056,#8787,#8788);
#7616=AXIS2_PLACEMENT_3D('',#11058,#8789,#8790);
#7617=AXIS2_PLACEMENT_3D('',#11060,#8791,#8792);
#7618=AXIS2_PLACEMENT_3D('',#11062,#8793,#8794);
#7619=AXIS2_PLACEMENT_3D('',#11064,#8795,#8796);
#7620=AXIS2_PLACEMENT_3D('',#11066,#8797,#8798);
#7621=AXIS2_PLACEMENT_3D('',#11068,#8799,#8800);
#7622=AXIS2_PLACEMENT_3D('',#11070,#8801,#8802);
#7623=AXIS2_PLACEMENT_3D('',#11072,#8803,#8804);
#7624=AXIS2_PLACEMENT_3D('',#11074,#8805,#8806);
#7625=AXIS2_PLACEMENT_3D('',#11076,#8807,#8808);
#7626=AXIS2_PLACEMENT_3D('',#11078,#8809,#8810);
#7627=AXIS2_PLACEMENT_3D('',#11080,#8811,#8812);
#7628=AXIS2_PLACEMENT_3D('',#11082,#8813,#8814);
#7629=AXIS2_PLACEMENT_3D('',#11084,#8815,#8816);
#7630=AXIS2_PLACEMENT_3D('',#11086,#8817,#8818);
#7631=AXIS2_PLACEMENT_3D('',#11088,#8819,#8820);
#7632=AXIS2_PLACEMENT_3D('',#11090,#8821,#8822);
#7633=AXIS2_PLACEMENT_3D('',#11092,#8823,#8824);
#7634=AXIS2_PLACEMENT_3D('',#11094,#8825,#8826);
#7635=AXIS2_PLACEMENT_3D('',#11096,#8827,#8828);
#7636=AXIS2_PLACEMENT_3D('',#11098,#8829,#8830);
#7637=AXIS2_PLACEMENT_3D('',#11100,#8831,#8832);
#7638=AXIS2_PLACEMENT_3D('',#11102,#8833,#8834);
#7639=AXIS2_PLACEMENT_3D('',#11104,#8835,#8836);
#7640=AXIS2_PLACEMENT_3D('',#11106,#8837,#8838);
#7641=AXIS2_PLACEMENT_3D('',#11108,#8839,#8840);
#7642=AXIS2_PLACEMENT_3D('',#11110,#8841,#8842);
#7643=AXIS2_PLACEMENT_3D('',#11112,#8843,#8844);
#7644=AXIS2_PLACEMENT_3D('',#11114,#8845,#8846);
#7645=AXIS2_PLACEMENT_3D('',#11116,#8847,#8848);
#7646=AXIS2_PLACEMENT_3D('',#11118,#8849,#8850);
#7647=AXIS2_PLACEMENT_3D('',#11120,#8851,#8852);
#7648=AXIS2_PLACEMENT_3D('',#11122,#8853,#8854);
#7649=AXIS2_PLACEMENT_3D('',#11124,#8855,#8856);
#7650=AXIS2_PLACEMENT_3D('',#11126,#8857,#8858);
#7651=AXIS2_PLACEMENT_3D('',#11128,#8859,#8860);
#7652=AXIS2_PLACEMENT_3D('',#11130,#8861,#8862);
#7653=AXIS2_PLACEMENT_3D('',#11132,#8863,#8864);
#7654=AXIS2_PLACEMENT_3D('',#11134,#8865,#8866);
#7655=AXIS2_PLACEMENT_3D('',#11136,#8867,#8868);
#7656=AXIS2_PLACEMENT_3D('',#11138,#8869,#8870);
#7657=AXIS2_PLACEMENT_3D('',#11140,#8871,#8872);
#7658=AXIS2_PLACEMENT_3D('',#11142,#8873,#8874);
#7659=AXIS2_PLACEMENT_3D('',#11144,#8875,#8876);
#7660=AXIS2_PLACEMENT_3D('',#11146,#8877,#8878);
#7661=AXIS2_PLACEMENT_3D('',#11148,#8879,#8880);
#7662=AXIS2_PLACEMENT_3D('',#11150,#8881,#8882);
#7663=AXIS2_PLACEMENT_3D('',#11152,#8883,#8884);
#7664=AXIS2_PLACEMENT_3D('',#11154,#8885,#8886);
#7665=AXIS2_PLACEMENT_3D('',#11156,#8887,#8888);
#7666=AXIS2_PLACEMENT_3D('',#11158,#8889,#8890);
#7667=AXIS2_PLACEMENT_3D('',#11160,#8891,#8892);
#7668=AXIS2_PLACEMENT_3D('',#11162,#8893,#8894);
#7669=AXIS2_PLACEMENT_3D('',#11164,#8895,#8896);
#7670=AXIS2_PLACEMENT_3D('',#11166,#8897,#8898);
#7671=AXIS2_PLACEMENT_3D('',#11168,#8899,#8900);
#7672=AXIS2_PLACEMENT_3D('',#11170,#8901,#8902);
#7673=AXIS2_PLACEMENT_3D('',#11172,#8903,#8904);
#7674=AXIS2_PLACEMENT_3D('',#11174,#8905,#8906);
#7675=AXIS2_PLACEMENT_3D('',#11176,#8907,#8908);
#7676=AXIS2_PLACEMENT_3D('',#11178,#8909,#8910);
#7677=AXIS2_PLACEMENT_3D('',#11180,#8911,#8912);
#7678=AXIS2_PLACEMENT_3D('',#11182,#8913,#8914);
#7679=AXIS2_PLACEMENT_3D('',#11184,#8915,#8916);
#7680=AXIS2_PLACEMENT_3D('',#11186,#8917,#8918);
#7681=AXIS2_PLACEMENT_3D('',#11188,#8919,#8920);
#7682=AXIS2_PLACEMENT_3D('',#11190,#8921,#8922);
#7683=AXIS2_PLACEMENT_3D('',#11192,#8923,#8924);
#7684=AXIS2_PLACEMENT_3D('',#11194,#8925,#8926);
#7685=AXIS2_PLACEMENT_3D('',#11196,#8927,#8928);
#7686=AXIS2_PLACEMENT_3D('',#11198,#8929,#8930);
#7687=AXIS2_PLACEMENT_3D('',#11200,#8931,#8932);
#7688=AXIS2_PLACEMENT_3D('',#11202,#8933,#8934);
#7689=AXIS2_PLACEMENT_3D('',#11204,#8935,#8936);
#7690=AXIS2_PLACEMENT_3D('',#11206,#8937,#8938);
#7691=AXIS2_PLACEMENT_3D('',#11208,#8939,#8940);
#7692=AXIS2_PLACEMENT_3D('',#11210,#8941,#8942);
#7693=AXIS2_PLACEMENT_3D('',#11212,#8943,#8944);
#7694=AXIS2_PLACEMENT_3D('',#11214,#8945,#8946);
#7695=AXIS2_PLACEMENT_3D('',#11216,#8947,#8948);
#7696=AXIS2_PLACEMENT_3D('',#11218,#8949,#8950);
#7697=AXIS2_PLACEMENT_3D('',#11220,#8951,#8952);
#7698=AXIS2_PLACEMENT_3D('',#11222,#8953,#8954);
#7699=AXIS2_PLACEMENT_3D('',#11224,#8955,#8956);
#7700=AXIS2_PLACEMENT_3D('',#11226,#8957,#8958);
#7701=AXIS2_PLACEMENT_3D('',#11228,#8959,#8960);
#7702=AXIS2_PLACEMENT_3D('',#11230,#8961,#8962);
#7703=AXIS2_PLACEMENT_3D('',#11232,#8963,#8964);
#7704=AXIS2_PLACEMENT_3D('',#11234,#8965,#8966);
#7705=AXIS2_PLACEMENT_3D('',#11236,#8967,#8968);
#7706=AXIS2_PLACEMENT_3D('',#11238,#8969,#8970);
#7707=AXIS2_PLACEMENT_3D('',#11240,#8971,#8972);
#7708=AXIS2_PLACEMENT_3D('',#11242,#8973,#8974);
#7709=AXIS2_PLACEMENT_3D('',#11244,#8975,#8976);
#7710=AXIS2_PLACEMENT_3D('',#11246,#8977,#8978);
#7711=AXIS2_PLACEMENT_3D('',#11248,#8979,#8980);
#7712=AXIS2_PLACEMENT_3D('',#11250,#8981,#8982);
#7713=AXIS2_PLACEMENT_3D('',#11252,#8983,#8984);
#7714=AXIS2_PLACEMENT_3D('',#11254,#8985,#8986);
#7715=AXIS2_PLACEMENT_3D('',#11256,#8987,#8988);
#7716=AXIS2_PLACEMENT_3D('',#11258,#8989,#8990);
#7717=AXIS2_PLACEMENT_3D('',#11260,#8991,#8992);
#7718=AXIS2_PLACEMENT_3D('',#11262,#8993,#8994);
#7719=AXIS2_PLACEMENT_3D('',#11264,#8995,#8996);
#7720=AXIS2_PLACEMENT_3D('',#11266,#8997,#8998);
#7721=AXIS2_PLACEMENT_3D('',#11268,#8999,#9000);
#7722=AXIS2_PLACEMENT_3D('',#11270,#9001,#9002);
#7723=AXIS2_PLACEMENT_3D('',#11272,#9003,#9004);
#7724=AXIS2_PLACEMENT_3D('',#11274,#9005,#9006);
#7725=AXIS2_PLACEMENT_3D('',#11275,#9007,#9008);
#7726=AXIS2_PLACEMENT_3D('',#11278,#9009,#9010);
#7727=AXIS2_PLACEMENT_3D('',#11281,#9013,#9014);
#7728=AXIS2_PLACEMENT_3D('',#11289,#9018,#9019);
#7729=AXIS2_PLACEMENT_3D('',#11292,#9021,#9022);
#7730=AXIS2_PLACEMENT_3D('',#11293,#9023,#9024);
#7731=AXIS2_PLACEMENT_3D('',#11297,#9026,#9027);
#7732=AXIS2_PLACEMENT_3D('',#11301,#9029,#9030);
#7733=AXIS2_PLACEMENT_3D('',#11304,#9032,#9033);
#7734=AXIS2_PLACEMENT_3D('',#11305,#9034,#9035);
#7735=AXIS2_PLACEMENT_3D('',#11307,#9037,#9038);
#7736=AXIS2_PLACEMENT_3D('',#11309,#9040,#9041);
#7737=AXIS2_PLACEMENT_3D('',#11311,#9043,#9044);
#7738=AXIS2_PLACEMENT_3D('',#11321,#9051,#9052);
#7739=AXIS2_PLACEMENT_3D('',#11324,#9054,#9055);
#7740=AXIS2_PLACEMENT_3D('',#11325,#9056,#9057);
#7741=AXIS2_PLACEMENT_3D('',#11327,#9059,#9060);
#7742=AXIS2_PLACEMENT_3D('',#11328,#9061,#9062);
#7743=AXIS2_PLACEMENT_3D('',#11331,#9063,#9064);
#7744=AXIS2_PLACEMENT_3D('',#11334,#9067,#9068);
#7745=AXIS2_PLACEMENT_3D('',#11338,#9071,#9072);
#7746=AXIS2_PLACEMENT_3D('',#11342,#9074,#9075);
#7747=AXIS2_PLACEMENT_3D('',#11346,#9077,#9078);
#7748=AXIS2_PLACEMENT_3D('',#11349,#9080,#9081);
#7749=AXIS2_PLACEMENT_3D('',#11350,#9082,#9083);
#7750=AXIS2_PLACEMENT_3D('',#11352,#9085,#9086);
#7751=AXIS2_PLACEMENT_3D('',#11358,#9089,#9090);
#7752=AXIS2_PLACEMENT_3D('',#11361,#9092,#9093);
#7753=AXIS2_PLACEMENT_3D('',#11362,#9094,#9095);
#7754=AXIS2_PLACEMENT_3D('',#11364,#9097,#9098);
#7755=AXIS2_PLACEMENT_3D('',#11366,#9100,#9101);
#7756=AXIS2_PLACEMENT_3D('',#11368,#9103,#9104);
#7757=AXIS2_PLACEMENT_3D('',#11370,#9105,#9106);
#7758=AXIS2_PLACEMENT_3D('',#11372,#9108,#9109);
#7759=AXIS2_PLACEMENT_3D('',#11374,#9110,#9111);
#7760=AXIS2_PLACEMENT_3D('',#11376,#9113,#9114);
#7761=AXIS2_PLACEMENT_3D('',#11377,#9115,#9116);
#7762=AXIS2_PLACEMENT_3D('',#11379,#9117,#9118);
#7763=AXIS2_PLACEMENT_3D('',#11381,#9120,#9121);
#7764=AXIS2_PLACEMENT_3D('',#11383,#9122,#9123);
#7765=AXIS2_PLACEMENT_3D('',#11385,#9125,#9126);
#7766=AXIS2_PLACEMENT_3D('',#11387,#9127,#9128);
#7767=AXIS2_PLACEMENT_3D('',#11389,#9130,#9131);
#7768=AXIS2_PLACEMENT_3D('',#11391,#9132,#9133);
#7769=AXIS2_PLACEMENT_3D('',#11393,#9135,#9136);
#7770=AXIS2_PLACEMENT_3D('',#11395,#9137,#9138);
#7771=AXIS2_PLACEMENT_3D('',#11397,#9140,#9141);
#7772=AXIS2_PLACEMENT_3D('',#11399,#9142,#9143);
#7773=AXIS2_PLACEMENT_3D('',#11401,#9145,#9146);
#7774=AXIS2_PLACEMENT_3D('',#11403,#9147,#9148);
#7775=AXIS2_PLACEMENT_3D('',#11405,#9150,#9151);
#7776=AXIS2_PLACEMENT_3D('',#11407,#9152,#9153);
#7777=AXIS2_PLACEMENT_3D('',#11409,#9155,#9156);
#7778=AXIS2_PLACEMENT_3D('',#11411,#9157,#9158);
#7779=AXIS2_PLACEMENT_3D('',#11413,#9160,#9161);
#7780=AXIS2_PLACEMENT_3D('',#11415,#9162,#9163);
#7781=AXIS2_PLACEMENT_3D('',#11417,#9165,#9166);
#7782=AXIS2_PLACEMENT_3D('',#11419,#9167,#9168);
#7783=AXIS2_PLACEMENT_3D('',#11421,#9170,#9171);
#7784=AXIS2_PLACEMENT_3D('',#11423,#9172,#9173);
#7785=AXIS2_PLACEMENT_3D('',#11425,#9175,#9176);
#7786=AXIS2_PLACEMENT_3D('',#11427,#9177,#9178);
#7787=AXIS2_PLACEMENT_3D('',#11429,#9180,#9181);
#7788=AXIS2_PLACEMENT_3D('',#11431,#9182,#9183);
#7789=AXIS2_PLACEMENT_3D('',#11433,#9185,#9186);
#7790=AXIS2_PLACEMENT_3D('',#11435,#9187,#9188);
#7791=AXIS2_PLACEMENT_3D('',#11437,#9190,#9191);
#7792=AXIS2_PLACEMENT_3D('',#11439,#9192,#9193);
#7793=AXIS2_PLACEMENT_3D('',#11441,#9195,#9196);
#7794=AXIS2_PLACEMENT_3D('',#11443,#9197,#9198);
#7795=AXIS2_PLACEMENT_3D('',#11445,#9200,#9201);
#7796=AXIS2_PLACEMENT_3D('',#11447,#9202,#9203);
#7797=AXIS2_PLACEMENT_3D('',#11449,#9205,#9206);
#7798=AXIS2_PLACEMENT_3D('',#11451,#9207,#9208);
#7799=AXIS2_PLACEMENT_3D('',#11453,#9210,#9211);
#7800=AXIS2_PLACEMENT_3D('',#11455,#9212,#9213);
#7801=AXIS2_PLACEMENT_3D('',#11457,#9215,#9216);
#7802=AXIS2_PLACEMENT_3D('',#11459,#9217,#9218);
#7803=AXIS2_PLACEMENT_3D('',#11461,#9220,#9221);
#7804=AXIS2_PLACEMENT_3D('',#11463,#9222,#9223);
#7805=AXIS2_PLACEMENT_3D('',#11465,#9225,#9226);
#7806=AXIS2_PLACEMENT_3D('',#11467,#9227,#9228);
#7807=AXIS2_PLACEMENT_3D('',#11469,#9230,#9231);
#7808=AXIS2_PLACEMENT_3D('',#11471,#9232,#9233);
#7809=AXIS2_PLACEMENT_3D('',#11473,#9235,#9236);
#7810=AXIS2_PLACEMENT_3D('',#11475,#9237,#9238);
#7811=AXIS2_PLACEMENT_3D('',#11477,#9240,#9241);
#7812=AXIS2_PLACEMENT_3D('',#11479,#9242,#9243);
#7813=AXIS2_PLACEMENT_3D('',#11481,#9245,#9246);
#7814=AXIS2_PLACEMENT_3D('',#11483,#9247,#9248);
#7815=AXIS2_PLACEMENT_3D('',#11485,#9250,#9251);
#7816=AXIS2_PLACEMENT_3D('',#11487,#9252,#9253);
#7817=AXIS2_PLACEMENT_3D('',#11489,#9255,#9256);
#7818=AXIS2_PLACEMENT_3D('',#11491,#9257,#9258);
#7819=AXIS2_PLACEMENT_3D('',#11493,#9260,#9261);
#7820=AXIS2_PLACEMENT_3D('',#11495,#9262,#9263);
#7821=AXIS2_PLACEMENT_3D('',#11497,#9265,#9266);
#7822=AXIS2_PLACEMENT_3D('',#11499,#9267,#9268);
#7823=AXIS2_PLACEMENT_3D('',#11501,#9270,#9271);
#7824=AXIS2_PLACEMENT_3D('',#11503,#9272,#9273);
#7825=AXIS2_PLACEMENT_3D('',#11505,#9275,#9276);
#7826=AXIS2_PLACEMENT_3D('',#11507,#9277,#9278);
#7827=AXIS2_PLACEMENT_3D('',#11509,#9280,#9281);
#7828=AXIS2_PLACEMENT_3D('',#11511,#9282,#9283);
#7829=AXIS2_PLACEMENT_3D('',#11513,#9285,#9286);
#7830=AXIS2_PLACEMENT_3D('',#11515,#9287,#9288);
#7831=AXIS2_PLACEMENT_3D('',#11517,#9290,#9291);
#7832=AXIS2_PLACEMENT_3D('',#11519,#9292,#9293);
#7833=AXIS2_PLACEMENT_3D('',#11521,#9295,#9296);
#7834=AXIS2_PLACEMENT_3D('',#11523,#9297,#9298);
#7835=AXIS2_PLACEMENT_3D('',#11525,#9300,#9301);
#7836=AXIS2_PLACEMENT_3D('',#11527,#9302,#9303);
#7837=AXIS2_PLACEMENT_3D('',#11529,#9305,#9306);
#7838=AXIS2_PLACEMENT_3D('',#11531,#9307,#9308);
#7839=AXIS2_PLACEMENT_3D('',#11533,#9310,#9311);
#7840=AXIS2_PLACEMENT_3D('',#11535,#9312,#9313);
#7841=AXIS2_PLACEMENT_3D('',#11537,#9315,#9316);
#7842=AXIS2_PLACEMENT_3D('',#11539,#9317,#9318);
#7843=AXIS2_PLACEMENT_3D('',#11541,#9320,#9321);
#7844=AXIS2_PLACEMENT_3D('',#11543,#9322,#9323);
#7845=AXIS2_PLACEMENT_3D('',#11545,#9325,#9326);
#7846=AXIS2_PLACEMENT_3D('',#11547,#9327,#9328);
#7847=AXIS2_PLACEMENT_3D('',#11549,#9330,#9331);
#7848=AXIS2_PLACEMENT_3D('',#11551,#9332,#9333);
#7849=AXIS2_PLACEMENT_3D('',#11553,#9335,#9336);
#7850=AXIS2_PLACEMENT_3D('',#11555,#9337,#9338);
#7851=AXIS2_PLACEMENT_3D('',#11557,#9340,#9341);
#7852=AXIS2_PLACEMENT_3D('',#11559,#9342,#9343);
#7853=AXIS2_PLACEMENT_3D('',#11561,#9345,#9346);
#7854=AXIS2_PLACEMENT_3D('',#11563,#9347,#9348);
#7855=AXIS2_PLACEMENT_3D('',#11565,#9350,#9351);
#7856=AXIS2_PLACEMENT_3D('',#11567,#9352,#9353);
#7857=AXIS2_PLACEMENT_3D('',#11569,#9355,#9356);
#7858=AXIS2_PLACEMENT_3D('',#11571,#9357,#9358);
#7859=AXIS2_PLACEMENT_3D('',#11573,#9360,#9361);
#7860=AXIS2_PLACEMENT_3D('',#11575,#9362,#9363);
#7861=AXIS2_PLACEMENT_3D('',#11577,#9365,#9366);
#7862=AXIS2_PLACEMENT_3D('',#11579,#9367,#9368);
#7863=AXIS2_PLACEMENT_3D('',#11581,#9370,#9371);
#7864=AXIS2_PLACEMENT_3D('',#11583,#9372,#9373);
#7865=AXIS2_PLACEMENT_3D('',#11585,#9375,#9376);
#7866=AXIS2_PLACEMENT_3D('',#11587,#9377,#9378);
#7867=AXIS2_PLACEMENT_3D('',#11589,#9380,#9381);
#7868=AXIS2_PLACEMENT_3D('',#11591,#9382,#9383);
#7869=AXIS2_PLACEMENT_3D('',#11593,#9385,#9386);
#7870=AXIS2_PLACEMENT_3D('',#11595,#9387,#9388);
#7871=AXIS2_PLACEMENT_3D('',#11597,#9390,#9391);
#7872=AXIS2_PLACEMENT_3D('',#11599,#9392,#9393);
#7873=AXIS2_PLACEMENT_3D('',#11601,#9395,#9396);
#7874=AXIS2_PLACEMENT_3D('',#11603,#9397,#9398);
#7875=AXIS2_PLACEMENT_3D('',#11605,#9400,#9401);
#7876=AXIS2_PLACEMENT_3D('',#11607,#9402,#9403);
#7877=AXIS2_PLACEMENT_3D('',#11609,#9405,#9406);
#7878=AXIS2_PLACEMENT_3D('',#11611,#9407,#9408);
#7879=AXIS2_PLACEMENT_3D('',#11613,#9410,#9411);
#7880=AXIS2_PLACEMENT_3D('',#11615,#9412,#9413);
#7881=AXIS2_PLACEMENT_3D('',#11617,#9415,#9416);
#7882=AXIS2_PLACEMENT_3D('',#11619,#9417,#9418);
#7883=AXIS2_PLACEMENT_3D('',#11621,#9420,#9421);
#7884=AXIS2_PLACEMENT_3D('',#11623,#9422,#9423);
#7885=AXIS2_PLACEMENT_3D('',#11625,#9425,#9426);
#7886=AXIS2_PLACEMENT_3D('',#11626,#9427,#9428);
#7887=AXIS2_PLACEMENT_3D('',#11628,#9429,#9430);
#7888=AXIS2_PLACEMENT_3D('',#11630,#9432,#9433);
#7889=AXIS2_PLACEMENT_3D('',#11632,#9434,#9435);
#7890=AXIS2_PLACEMENT_3D('',#11634,#9437,#9438);
#7891=AXIS2_PLACEMENT_3D('',#11636,#9439,#9440);
#7892=AXIS2_PLACEMENT_3D('',#11638,#9442,#9443);
#7893=AXIS2_PLACEMENT_3D('',#11640,#9444,#9445);
#7894=AXIS2_PLACEMENT_3D('',#11642,#9447,#9448);
#7895=AXIS2_PLACEMENT_3D('',#11644,#9449,#9450);
#7896=AXIS2_PLACEMENT_3D('',#11646,#9452,#9453);
#7897=AXIS2_PLACEMENT_3D('',#11648,#9454,#9455);
#7898=AXIS2_PLACEMENT_3D('',#11650,#9457,#9458);
#7899=AXIS2_PLACEMENT_3D('',#11652,#9459,#9460);
#7900=AXIS2_PLACEMENT_3D('',#11654,#9462,#9463);
#7901=AXIS2_PLACEMENT_3D('',#11656,#9464,#9465);
#7902=AXIS2_PLACEMENT_3D('',#11658,#9467,#9468);
#7903=AXIS2_PLACEMENT_3D('',#11660,#9469,#9470);
#7904=AXIS2_PLACEMENT_3D('',#11662,#9472,#9473);
#7905=AXIS2_PLACEMENT_3D('',#11664,#9474,#9475);
#7906=AXIS2_PLACEMENT_3D('',#11666,#9477,#9478);
#7907=AXIS2_PLACEMENT_3D('',#11668,#9479,#9480);
#7908=AXIS2_PLACEMENT_3D('',#11670,#9482,#9483);
#7909=AXIS2_PLACEMENT_3D('',#11672,#9484,#9485);
#7910=AXIS2_PLACEMENT_3D('',#11674,#9487,#9488);
#7911=AXIS2_PLACEMENT_3D('',#11676,#9489,#9490);
#7912=AXIS2_PLACEMENT_3D('',#11678,#9492,#9493);
#7913=AXIS2_PLACEMENT_3D('',#11680,#9494,#9495);
#7914=AXIS2_PLACEMENT_3D('',#11682,#9497,#9498);
#7915=AXIS2_PLACEMENT_3D('',#11684,#9499,#9500);
#7916=AXIS2_PLACEMENT_3D('',#11686,#9502,#9503);
#7917=AXIS2_PLACEMENT_3D('',#11688,#9504,#9505);
#7918=AXIS2_PLACEMENT_3D('',#11690,#9507,#9508);
#7919=AXIS2_PLACEMENT_3D('',#11692,#9509,#9510);
#7920=AXIS2_PLACEMENT_3D('',#11694,#9512,#9513);
#7921=AXIS2_PLACEMENT_3D('',#11696,#9514,#9515);
#7922=AXIS2_PLACEMENT_3D('',#11698,#9517,#9518);
#7923=AXIS2_PLACEMENT_3D('',#11700,#9519,#9520);
#7924=AXIS2_PLACEMENT_3D('',#11702,#9522,#9523);
#7925=AXIS2_PLACEMENT_3D('',#11704,#9524,#9525);
#7926=AXIS2_PLACEMENT_3D('',#11706,#9527,#9528);
#7927=AXIS2_PLACEMENT_3D('',#11708,#9529,#9530);
#7928=AXIS2_PLACEMENT_3D('',#11710,#9532,#9533);
#7929=AXIS2_PLACEMENT_3D('',#11712,#9534,#9535);
#7930=AXIS2_PLACEMENT_3D('',#11714,#9537,#9538);
#7931=AXIS2_PLACEMENT_3D('',#11716,#9539,#9540);
#7932=AXIS2_PLACEMENT_3D('',#11718,#9542,#9543);
#7933=AXIS2_PLACEMENT_3D('',#11720,#9544,#9545);
#7934=AXIS2_PLACEMENT_3D('',#11722,#9547,#9548);
#7935=AXIS2_PLACEMENT_3D('',#11724,#9549,#9550);
#7936=AXIS2_PLACEMENT_3D('',#11726,#9552,#9553);
#7937=AXIS2_PLACEMENT_3D('',#11728,#9554,#9555);
#7938=AXIS2_PLACEMENT_3D('',#11730,#9557,#9558);
#7939=AXIS2_PLACEMENT_3D('',#11732,#9559,#9560);
#7940=AXIS2_PLACEMENT_3D('',#11734,#9562,#9563);
#7941=AXIS2_PLACEMENT_3D('',#11736,#9564,#9565);
#7942=AXIS2_PLACEMENT_3D('',#11738,#9567,#9568);
#7943=AXIS2_PLACEMENT_3D('',#11740,#9569,#9570);
#7944=AXIS2_PLACEMENT_3D('',#11742,#9572,#9573);
#7945=AXIS2_PLACEMENT_3D('',#11744,#9574,#9575);
#7946=AXIS2_PLACEMENT_3D('',#11746,#9577,#9578);
#7947=AXIS2_PLACEMENT_3D('',#11748,#9579,#9580);
#7948=AXIS2_PLACEMENT_3D('',#11750,#9582,#9583);
#7949=AXIS2_PLACEMENT_3D('',#11752,#9584,#9585);
#7950=AXIS2_PLACEMENT_3D('',#11754,#9587,#9588);
#7951=AXIS2_PLACEMENT_3D('',#11756,#9589,#9590);
#7952=AXIS2_PLACEMENT_3D('',#11758,#9592,#9593);
#7953=AXIS2_PLACEMENT_3D('',#11760,#9594,#9595);
#7954=AXIS2_PLACEMENT_3D('',#11762,#9597,#9598);
#7955=AXIS2_PLACEMENT_3D('',#11764,#9599,#9600);
#7956=AXIS2_PLACEMENT_3D('',#11766,#9602,#9603);
#7957=AXIS2_PLACEMENT_3D('',#11768,#9604,#9605);
#7958=AXIS2_PLACEMENT_3D('',#11770,#9607,#9608);
#7959=AXIS2_PLACEMENT_3D('',#11772,#9609,#9610);
#7960=AXIS2_PLACEMENT_3D('',#11774,#9612,#9613);
#7961=AXIS2_PLACEMENT_3D('',#11776,#9614,#9615);
#7962=AXIS2_PLACEMENT_3D('',#11778,#9617,#9618);
#7963=AXIS2_PLACEMENT_3D('',#11780,#9619,#9620);
#7964=AXIS2_PLACEMENT_3D('',#11782,#9622,#9623);
#7965=AXIS2_PLACEMENT_3D('',#11784,#9624,#9625);
#7966=AXIS2_PLACEMENT_3D('',#11786,#9627,#9628);
#7967=AXIS2_PLACEMENT_3D('',#11788,#9629,#9630);
#7968=AXIS2_PLACEMENT_3D('',#11790,#9632,#9633);
#7969=AXIS2_PLACEMENT_3D('',#11792,#9634,#9635);
#7970=AXIS2_PLACEMENT_3D('',#11794,#9637,#9638);
#7971=AXIS2_PLACEMENT_3D('',#11796,#9639,#9640);
#7972=AXIS2_PLACEMENT_3D('',#11798,#9642,#9643);
#7973=AXIS2_PLACEMENT_3D('',#11800,#9644,#9645);
#7974=AXIS2_PLACEMENT_3D('',#11802,#9647,#9648);
#7975=AXIS2_PLACEMENT_3D('',#11804,#9649,#9650);
#7976=AXIS2_PLACEMENT_3D('',#11806,#9652,#9653);
#7977=AXIS2_PLACEMENT_3D('',#11808,#9654,#9655);
#7978=AXIS2_PLACEMENT_3D('',#11811,#9657,#9658);
#7979=AXIS2_PLACEMENT_3D('',#11812,#9659,#9660);
#7980=AXIS2_PLACEMENT_3D('',#11813,#9661,#9662);
#7981=AXIS2_PLACEMENT_3D('',#11815,#9663,#9664);
#7982=AXIS2_PLACEMENT_3D('',#11817,#9666,#9667);
#7983=AXIS2_PLACEMENT_3D('',#11819,#9668,#9669);
#7984=AXIS2_PLACEMENT_3D('',#11821,#9671,#9672);
#7985=AXIS2_PLACEMENT_3D('',#11823,#9673,#9674);
#7986=AXIS2_PLACEMENT_3D('',#11825,#9676,#9677);
#7987=AXIS2_PLACEMENT_3D('',#11827,#9678,#9679);
#7988=AXIS2_PLACEMENT_3D('',#11829,#9681,#9682);
#7989=AXIS2_PLACEMENT_3D('',#11831,#9683,#9684);
#7990=AXIS2_PLACEMENT_3D('',#11833,#9686,#9687);
#7991=AXIS2_PLACEMENT_3D('',#11835,#9688,#9689);
#7992=AXIS2_PLACEMENT_3D('',#11837,#9691,#9692);
#7993=AXIS2_PLACEMENT_3D('',#11839,#9693,#9694);
#7994=AXIS2_PLACEMENT_3D('',#11841,#9696,#9697);
#7995=AXIS2_PLACEMENT_3D('',#11843,#9698,#9699);
#7996=AXIS2_PLACEMENT_3D('',#11845,#9701,#9702);
#7997=AXIS2_PLACEMENT_3D('',#11847,#9703,#9704);
#7998=AXIS2_PLACEMENT_3D('',#11849,#9706,#9707);
#7999=AXIS2_PLACEMENT_3D('',#11851,#9708,#9709);
#8000=AXIS2_PLACEMENT_3D('',#11853,#9711,#9712);
#8001=AXIS2_PLACEMENT_3D('',#11855,#9713,#9714);
#8002=AXIS2_PLACEMENT_3D('',#11857,#9716,#9717);
#8003=AXIS2_PLACEMENT_3D('',#11859,#9718,#9719);
#8004=AXIS2_PLACEMENT_3D('',#11861,#9721,#9722);
#8005=AXIS2_PLACEMENT_3D('',#11863,#9723,#9724);
#8006=AXIS2_PLACEMENT_3D('',#11865,#9726,#9727);
#8007=AXIS2_PLACEMENT_3D('',#11867,#9728,#9729);
#8008=AXIS2_PLACEMENT_3D('',#11869,#9731,#9732);
#8009=AXIS2_PLACEMENT_3D('',#11871,#9733,#9734);
#8010=AXIS2_PLACEMENT_3D('',#11873,#9736,#9737);
#8011=AXIS2_PLACEMENT_3D('',#11875,#9738,#9739);
#8012=AXIS2_PLACEMENT_3D('',#11877,#9741,#9742);
#8013=AXIS2_PLACEMENT_3D('',#11879,#9743,#9744);
#8014=AXIS2_PLACEMENT_3D('',#11881,#9746,#9747);
#8015=AXIS2_PLACEMENT_3D('',#11883,#9748,#9749);
#8016=AXIS2_PLACEMENT_3D('',#11885,#9751,#9752);
#8017=AXIS2_PLACEMENT_3D('',#11887,#9753,#9754);
#8018=AXIS2_PLACEMENT_3D('',#11889,#9756,#9757);
#8019=AXIS2_PLACEMENT_3D('',#11891,#9758,#9759);
#8020=AXIS2_PLACEMENT_3D('',#11893,#9761,#9762);
#8021=AXIS2_PLACEMENT_3D('',#11895,#9763,#9764);
#8022=AXIS2_PLACEMENT_3D('',#11897,#9766,#9767);
#8023=AXIS2_PLACEMENT_3D('',#11899,#9768,#9769);
#8024=AXIS2_PLACEMENT_3D('',#11901,#9771,#9772);
#8025=AXIS2_PLACEMENT_3D('',#11903,#9773,#9774);
#8026=AXIS2_PLACEMENT_3D('',#11905,#9776,#9777);
#8027=AXIS2_PLACEMENT_3D('',#11907,#9778,#9779);
#8028=AXIS2_PLACEMENT_3D('',#11909,#9781,#9782);
#8029=AXIS2_PLACEMENT_3D('',#11911,#9783,#9784);
#8030=AXIS2_PLACEMENT_3D('',#11913,#9786,#9787);
#8031=AXIS2_PLACEMENT_3D('',#11915,#9788,#9789);
#8032=AXIS2_PLACEMENT_3D('',#11917,#9791,#9792);
#8033=AXIS2_PLACEMENT_3D('',#11919,#9793,#9794);
#8034=AXIS2_PLACEMENT_3D('',#11921,#9796,#9797);
#8035=AXIS2_PLACEMENT_3D('',#11923,#9798,#9799);
#8036=AXIS2_PLACEMENT_3D('',#11925,#9801,#9802);
#8037=AXIS2_PLACEMENT_3D('',#11927,#9803,#9804);
#8038=AXIS2_PLACEMENT_3D('',#11929,#9806,#9807);
#8039=AXIS2_PLACEMENT_3D('',#11931,#9808,#9809);
#8040=AXIS2_PLACEMENT_3D('',#11933,#9811,#9812);
#8041=AXIS2_PLACEMENT_3D('',#11935,#9813,#9814);
#8042=AXIS2_PLACEMENT_3D('',#11937,#9816,#9817);
#8043=AXIS2_PLACEMENT_3D('',#11939,#9818,#9819);
#8044=AXIS2_PLACEMENT_3D('',#11942,#9821,#9822);
#8045=AXIS2_PLACEMENT_3D('',#11943,#9823,#9824);
#8046=AXIS2_PLACEMENT_3D('',#11944,#9825,#9826);
#8047=AXIS2_PLACEMENT_3D('',#11946,#9827,#9828);
#8048=AXIS2_PLACEMENT_3D('',#11948,#9830,#9831);
#8049=AXIS2_PLACEMENT_3D('',#11950,#9832,#9833);
#8050=AXIS2_PLACEMENT_3D('',#11952,#9835,#9836);
#8051=AXIS2_PLACEMENT_3D('',#11954,#9837,#9838);
#8052=AXIS2_PLACEMENT_3D('',#11956,#9840,#9841);
#8053=AXIS2_PLACEMENT_3D('',#11958,#9842,#9843);
#8054=AXIS2_PLACEMENT_3D('',#11960,#9845,#9846);
#8055=AXIS2_PLACEMENT_3D('',#11962,#9847,#9848);
#8056=AXIS2_PLACEMENT_3D('',#11964,#9850,#9851);
#8057=AXIS2_PLACEMENT_3D('',#11966,#9852,#9853);
#8058=AXIS2_PLACEMENT_3D('',#11968,#9855,#9856);
#8059=AXIS2_PLACEMENT_3D('',#11970,#9857,#9858);
#8060=AXIS2_PLACEMENT_3D('',#11972,#9860,#9861);
#8061=AXIS2_PLACEMENT_3D('',#11974,#9862,#9863);
#8062=AXIS2_PLACEMENT_3D('',#11976,#9865,#9866);
#8063=AXIS2_PLACEMENT_3D('',#11978,#9867,#9868);
#8064=AXIS2_PLACEMENT_3D('',#11980,#9870,#9871);
#8065=AXIS2_PLACEMENT_3D('',#11982,#9872,#9873);
#8066=AXIS2_PLACEMENT_3D('',#11984,#9875,#9876);
#8067=AXIS2_PLACEMENT_3D('',#11986,#9877,#9878);
#8068=AXIS2_PLACEMENT_3D('',#11988,#9880,#9881);
#8069=AXIS2_PLACEMENT_3D('',#11990,#9882,#9883);
#8070=AXIS2_PLACEMENT_3D('',#11992,#9885,#9886);
#8071=AXIS2_PLACEMENT_3D('',#11994,#9887,#9888);
#8072=AXIS2_PLACEMENT_3D('',#11996,#9890,#9891);
#8073=AXIS2_PLACEMENT_3D('',#11998,#9892,#9893);
#8074=AXIS2_PLACEMENT_3D('',#12000,#9895,#9896);
#8075=AXIS2_PLACEMENT_3D('',#12002,#9897,#9898);
#8076=AXIS2_PLACEMENT_3D('',#12004,#9900,#9901);
#8077=AXIS2_PLACEMENT_3D('',#12006,#9902,#9903);
#8078=AXIS2_PLACEMENT_3D('',#12008,#9905,#9906);
#8079=AXIS2_PLACEMENT_3D('',#12010,#9907,#9908);
#8080=AXIS2_PLACEMENT_3D('',#12012,#9910,#9911);
#8081=AXIS2_PLACEMENT_3D('',#12014,#9912,#9913);
#8082=AXIS2_PLACEMENT_3D('',#12016,#9915,#9916);
#8083=AXIS2_PLACEMENT_3D('',#12018,#9917,#9918);
#8084=AXIS2_PLACEMENT_3D('',#12020,#9920,#9921);
#8085=AXIS2_PLACEMENT_3D('',#12022,#9922,#9923);
#8086=AXIS2_PLACEMENT_3D('',#12024,#9925,#9926);
#8087=AXIS2_PLACEMENT_3D('',#12026,#9927,#9928);
#8088=AXIS2_PLACEMENT_3D('',#12028,#9930,#9931);
#8089=AXIS2_PLACEMENT_3D('',#12030,#9932,#9933);
#8090=AXIS2_PLACEMENT_3D('',#12032,#9935,#9936);
#8091=AXIS2_PLACEMENT_3D('',#12034,#9937,#9938);
#8092=AXIS2_PLACEMENT_3D('',#12036,#9940,#9941);
#8093=AXIS2_PLACEMENT_3D('',#12038,#9942,#9943);
#8094=AXIS2_PLACEMENT_3D('',#12040,#9945,#9946);
#8095=AXIS2_PLACEMENT_3D('',#12042,#9947,#9948);
#8096=AXIS2_PLACEMENT_3D('',#12044,#9950,#9951);
#8097=AXIS2_PLACEMENT_3D('',#12046,#9952,#9953);
#8098=AXIS2_PLACEMENT_3D('',#12048,#9955,#9956);
#8099=AXIS2_PLACEMENT_3D('',#12050,#9957,#9958);
#8100=AXIS2_PLACEMENT_3D('',#12052,#9960,#9961);
#8101=AXIS2_PLACEMENT_3D('',#12054,#9962,#9963);
#8102=AXIS2_PLACEMENT_3D('',#12056,#9965,#9966);
#8103=AXIS2_PLACEMENT_3D('',#12058,#9967,#9968);
#8104=AXIS2_PLACEMENT_3D('',#12060,#9970,#9971);
#8105=AXIS2_PLACEMENT_3D('',#12062,#9972,#9973);
#8106=AXIS2_PLACEMENT_3D('',#12064,#9975,#9976);
#8107=AXIS2_PLACEMENT_3D('',#12066,#9977,#9978);
#8108=AXIS2_PLACEMENT_3D('',#12068,#9980,#9981);
#8109=AXIS2_PLACEMENT_3D('',#12070,#9982,#9983);
#8110=AXIS2_PLACEMENT_3D('',#12072,#9985,#9986);
#8111=AXIS2_PLACEMENT_3D('',#12074,#9987,#9988);
#8112=AXIS2_PLACEMENT_3D('',#12076,#9990,#9991);
#8113=AXIS2_PLACEMENT_3D('',#12078,#9992,#9993);
#8114=AXIS2_PLACEMENT_3D('',#12080,#9995,#9996);
#8115=AXIS2_PLACEMENT_3D('',#12082,#9997,#9998);
#8116=AXIS2_PLACEMENT_3D('',#12084,#10000,#10001);
#8117=AXIS2_PLACEMENT_3D('',#12086,#10002,#10003);
#8118=AXIS2_PLACEMENT_3D('',#12088,#10005,#10006);
#8119=AXIS2_PLACEMENT_3D('',#12090,#10007,#10008);
#8120=AXIS2_PLACEMENT_3D('',#12092,#10010,#10011);
#8121=AXIS2_PLACEMENT_3D('',#12094,#10012,#10013);
#8122=AXIS2_PLACEMENT_3D('',#12096,#10015,#10016);
#8123=AXIS2_PLACEMENT_3D('',#12098,#10017,#10018);
#8124=AXIS2_PLACEMENT_3D('',#12100,#10020,#10021);
#8125=AXIS2_PLACEMENT_3D('',#12102,#10022,#10023);
#8126=AXIS2_PLACEMENT_3D('',#12104,#10025,#10026);
#8127=AXIS2_PLACEMENT_3D('',#12106,#10027,#10028);
#8128=AXIS2_PLACEMENT_3D('',#12108,#10030,#10031);
#8129=AXIS2_PLACEMENT_3D('',#12110,#10032,#10033);
#8130=AXIS2_PLACEMENT_3D('',#12112,#10035,#10036);
#8131=AXIS2_PLACEMENT_3D('',#12114,#10037,#10038);
#8132=AXIS2_PLACEMENT_3D('',#12116,#10040,#10041);
#8133=AXIS2_PLACEMENT_3D('',#12118,#10042,#10043);
#8134=AXIS2_PLACEMENT_3D('',#12120,#10045,#10046);
#8135=AXIS2_PLACEMENT_3D('',#12122,#10047,#10048);
#8136=AXIS2_PLACEMENT_3D('',#12125,#10050,#10051);
#8137=AXIS2_PLACEMENT_3D('',#12126,#10052,#10053);
#8138=AXIS2_PLACEMENT_3D('',#12127,#10054,#10055);
#8139=AXIS2_PLACEMENT_3D('',#12129,#10056,#10057);
#8140=AXIS2_PLACEMENT_3D('',#12131,#10059,#10060);
#8141=AXIS2_PLACEMENT_3D('',#12133,#10061,#10062);
#8142=AXIS2_PLACEMENT_3D('',#12135,#10064,#10065);
#8143=AXIS2_PLACEMENT_3D('',#12137,#10066,#10067);
#8144=AXIS2_PLACEMENT_3D('',#12139,#10069,#10070);
#8145=AXIS2_PLACEMENT_3D('',#12141,#10071,#10072);
#8146=AXIS2_PLACEMENT_3D('',#12143,#10074,#10075);
#8147=AXIS2_PLACEMENT_3D('',#12145,#10076,#10077);
#8148=AXIS2_PLACEMENT_3D('',#12147,#10079,#10080);
#8149=AXIS2_PLACEMENT_3D('',#12149,#10081,#10082);
#8150=AXIS2_PLACEMENT_3D('',#12151,#10084,#10085);
#8151=AXIS2_PLACEMENT_3D('',#12153,#10086,#10087);
#8152=AXIS2_PLACEMENT_3D('',#12155,#10089,#10090);
#8153=AXIS2_PLACEMENT_3D('',#12157,#10091,#10092);
#8154=AXIS2_PLACEMENT_3D('',#12159,#10094,#10095);
#8155=AXIS2_PLACEMENT_3D('',#12161,#10096,#10097);
#8156=AXIS2_PLACEMENT_3D('',#12163,#10099,#10100);
#8157=AXIS2_PLACEMENT_3D('',#12165,#10101,#10102);
#8158=AXIS2_PLACEMENT_3D('',#12167,#10104,#10105);
#8159=AXIS2_PLACEMENT_3D('',#12169,#10106,#10107);
#8160=AXIS2_PLACEMENT_3D('',#12172,#10109,#10110);
#8161=AXIS2_PLACEMENT_3D('',#12173,#10111,#10112);
#8162=AXIS2_PLACEMENT_3D('',#12174,#10113,#10114);
#8163=AXIS2_PLACEMENT_3D('',#12176,#10115,#10116);
#8164=AXIS2_PLACEMENT_3D('',#12178,#10118,#10119);
#8165=AXIS2_PLACEMENT_3D('',#12180,#10120,#10121);
#8166=AXIS2_PLACEMENT_3D('',#12182,#10123,#10124);
#8167=AXIS2_PLACEMENT_3D('',#12184,#10125,#10126);
#8168=AXIS2_PLACEMENT_3D('',#12186,#10128,#10129);
#8169=AXIS2_PLACEMENT_3D('',#12188,#10130,#10131);
#8170=AXIS2_PLACEMENT_3D('',#12190,#10133,#10134);
#8171=AXIS2_PLACEMENT_3D('',#12192,#10135,#10136);
#8172=AXIS2_PLACEMENT_3D('',#12194,#10138,#10139);
#8173=AXIS2_PLACEMENT_3D('',#12196,#10140,#10141);
#8174=AXIS2_PLACEMENT_3D('',#12198,#10143,#10144);
#8175=AXIS2_PLACEMENT_3D('',#12200,#10145,#10146);
#8176=AXIS2_PLACEMENT_3D('',#12202,#10148,#10149);
#8177=AXIS2_PLACEMENT_3D('',#12204,#10150,#10151);
#8178=AXIS2_PLACEMENT_3D('',#12206,#10153,#10154);
#8179=AXIS2_PLACEMENT_3D('',#12208,#10155,#10156);
#8180=AXIS2_PLACEMENT_3D('',#12210,#10158,#10159);
#8181=AXIS2_PLACEMENT_3D('',#12212,#10160,#10161);
#8182=AXIS2_PLACEMENT_3D('',#12214,#10163,#10164);
#8183=AXIS2_PLACEMENT_3D('',#12216,#10165,#10166);
#8184=AXIS2_PLACEMENT_3D('',#12218,#10168,#10169);
#8185=AXIS2_PLACEMENT_3D('',#12220,#10170,#10171);
#8186=AXIS2_PLACEMENT_3D('',#12222,#10173,#10174);
#8187=AXIS2_PLACEMENT_3D('',#12224,#10175,#10176);
#8188=AXIS2_PLACEMENT_3D('',#12226,#10178,#10179);
#8189=AXIS2_PLACEMENT_3D('',#12228,#10180,#10181);
#8190=AXIS2_PLACEMENT_3D('',#12230,#10183,#10184);
#8191=AXIS2_PLACEMENT_3D('',#12232,#10185,#10186);
#8192=AXIS2_PLACEMENT_3D('',#12234,#10188,#10189);
#8193=AXIS2_PLACEMENT_3D('',#12236,#10190,#10191);
#8194=AXIS2_PLACEMENT_3D('',#12238,#10193,#10194);
#8195=AXIS2_PLACEMENT_3D('',#12240,#10195,#10196);
#8196=AXIS2_PLACEMENT_3D('',#12242,#10198,#10199);
#8197=AXIS2_PLACEMENT_3D('',#12244,#10200,#10201);
#8198=AXIS2_PLACEMENT_3D('',#12246,#10203,#10204);
#8199=AXIS2_PLACEMENT_3D('',#12248,#10205,#10206);
#8200=AXIS2_PLACEMENT_3D('',#12250,#10208,#10209);
#8201=AXIS2_PLACEMENT_3D('',#12252,#10210,#10211);
#8202=AXIS2_PLACEMENT_3D('',#12254,#10213,#10214);
#8203=AXIS2_PLACEMENT_3D('',#12256,#10215,#10216);
#8204=AXIS2_PLACEMENT_3D('',#12258,#10218,#10219);
#8205=AXIS2_PLACEMENT_3D('',#12260,#10220,#10221);
#8206=AXIS2_PLACEMENT_3D('',#12262,#10223,#10224);
#8207=AXIS2_PLACEMENT_3D('',#12264,#10225,#10226);
#8208=AXIS2_PLACEMENT_3D('',#12266,#10228,#10229);
#8209=AXIS2_PLACEMENT_3D('',#12268,#10230,#10231);
#8210=AXIS2_PLACEMENT_3D('',#12270,#10233,#10234);
#8211=AXIS2_PLACEMENT_3D('',#12272,#10235,#10236);
#8212=AXIS2_PLACEMENT_3D('',#12274,#10238,#10239);
#8213=AXIS2_PLACEMENT_3D('',#12276,#10240,#10241);
#8214=AXIS2_PLACEMENT_3D('',#12278,#10243,#10244);
#8215=AXIS2_PLACEMENT_3D('',#12280,#10245,#10246);
#8216=AXIS2_PLACEMENT_3D('',#12282,#10248,#10249);
#8217=AXIS2_PLACEMENT_3D('',#12284,#10250,#10251);
#8218=AXIS2_PLACEMENT_3D('',#12286,#10253,#10254);
#8219=AXIS2_PLACEMENT_3D('',#12288,#10255,#10256);
#8220=AXIS2_PLACEMENT_3D('',#12290,#10258,#10259);
#8221=AXIS2_PLACEMENT_3D('',#12292,#10260,#10261);
#8222=AXIS2_PLACEMENT_3D('',#12294,#10263,#10264);
#8223=AXIS2_PLACEMENT_3D('',#12296,#10265,#10266);
#8224=AXIS2_PLACEMENT_3D('',#12298,#10268,#10269);
#8225=AXIS2_PLACEMENT_3D('',#12300,#10270,#10271);
#8226=AXIS2_PLACEMENT_3D('',#12302,#10273,#10274);
#8227=AXIS2_PLACEMENT_3D('',#12303,#10275,#10276);
#8228=AXIS2_PLACEMENT_3D('',#12305,#10277,#10278);
#8229=AXIS2_PLACEMENT_3D('',#12307,#10280,#10281);
#8230=AXIS2_PLACEMENT_3D('',#12309,#10282,#10283);
#8231=AXIS2_PLACEMENT_3D('',#12311,#10285,#10286);
#8232=AXIS2_PLACEMENT_3D('',#12313,#10287,#10288);
#8233=AXIS2_PLACEMENT_3D('',#12315,#10290,#10291);
#8234=AXIS2_PLACEMENT_3D('',#12317,#10292,#10293);
#8235=AXIS2_PLACEMENT_3D('',#12319,#10295,#10296);
#8236=AXIS2_PLACEMENT_3D('',#12321,#10297,#10298);
#8237=AXIS2_PLACEMENT_3D('',#12323,#10300,#10301);
#8238=AXIS2_PLACEMENT_3D('',#12325,#10302,#10303);
#8239=AXIS2_PLACEMENT_3D('',#12327,#10305,#10306);
#8240=AXIS2_PLACEMENT_3D('',#12329,#10307,#10308);
#8241=AXIS2_PLACEMENT_3D('',#12331,#10310,#10311);
#8242=AXIS2_PLACEMENT_3D('',#12333,#10312,#10313);
#8243=AXIS2_PLACEMENT_3D('',#12335,#10315,#10316);
#8244=AXIS2_PLACEMENT_3D('',#12337,#10317,#10318);
#8245=AXIS2_PLACEMENT_3D('',#12339,#10320,#10321);
#8246=AXIS2_PLACEMENT_3D('',#12341,#10322,#10323);
#8247=AXIS2_PLACEMENT_3D('',#12343,#10325,#10326);
#8248=AXIS2_PLACEMENT_3D('',#12345,#10327,#10328);
#8249=AXIS2_PLACEMENT_3D('',#12347,#10330,#10331);
#8250=AXIS2_PLACEMENT_3D('',#12349,#10332,#10333);
#8251=AXIS2_PLACEMENT_3D('',#12351,#10335,#10336);
#8252=AXIS2_PLACEMENT_3D('',#12353,#10337,#10338);
#8253=AXIS2_PLACEMENT_3D('',#12355,#10340,#10341);
#8254=AXIS2_PLACEMENT_3D('',#12357,#10342,#10343);
#8255=AXIS2_PLACEMENT_3D('',#12359,#10345,#10346);
#8256=AXIS2_PLACEMENT_3D('',#12361,#10347,#10348);
#8257=AXIS2_PLACEMENT_3D('',#12363,#10350,#10351);
#8258=AXIS2_PLACEMENT_3D('',#12365,#10352,#10353);
#8259=AXIS2_PLACEMENT_3D('',#12367,#10355,#10356);
#8260=AXIS2_PLACEMENT_3D('',#12369,#10357,#10358);
#8261=AXIS2_PLACEMENT_3D('',#12371,#10360,#10361);
#8262=AXIS2_PLACEMENT_3D('',#12373,#10362,#10363);
#8263=AXIS2_PLACEMENT_3D('',#12375,#10365,#10366);
#8264=AXIS2_PLACEMENT_3D('',#12377,#10367,#10368);
#8265=AXIS2_PLACEMENT_3D('',#12379,#10370,#10371);
#8266=AXIS2_PLACEMENT_3D('',#12381,#10372,#10373);
#8267=AXIS2_PLACEMENT_3D('',#12383,#10375,#10376);
#8268=AXIS2_PLACEMENT_3D('',#12385,#10377,#10378);
#8269=AXIS2_PLACEMENT_3D('',#12387,#10380,#10381);
#8270=AXIS2_PLACEMENT_3D('',#12389,#10382,#10383);
#8271=AXIS2_PLACEMENT_3D('',#12391,#10385,#10386);
#8272=AXIS2_PLACEMENT_3D('',#12393,#10387,#10388);
#8273=AXIS2_PLACEMENT_3D('',#12395,#10390,#10391);
#8274=AXIS2_PLACEMENT_3D('',#12397,#10392,#10393);
#8275=AXIS2_PLACEMENT_3D('',#12399,#10395,#10396);
#8276=AXIS2_PLACEMENT_3D('',#12401,#10397,#10398);
#8277=AXIS2_PLACEMENT_3D('',#12403,#10400,#10401);
#8278=AXIS2_PLACEMENT_3D('',#12405,#10402,#10403);
#8279=AXIS2_PLACEMENT_3D('',#12407,#10405,#10406);
#8280=AXIS2_PLACEMENT_3D('',#12409,#10407,#10408);
#8281=AXIS2_PLACEMENT_3D('',#12411,#10410,#10411);
#8282=AXIS2_PLACEMENT_3D('',#12413,#10412,#10413);
#8283=AXIS2_PLACEMENT_3D('',#12415,#10415,#10416);
#8284=AXIS2_PLACEMENT_3D('',#12417,#10417,#10418);
#8285=AXIS2_PLACEMENT_3D('',#12419,#10420,#10421);
#8286=AXIS2_PLACEMENT_3D('',#12421,#10422,#10423);
#8287=AXIS2_PLACEMENT_3D('',#12423,#10425,#10426);
#8288=AXIS2_PLACEMENT_3D('',#12425,#10427,#10428);
#8289=AXIS2_PLACEMENT_3D('',#12427,#10430,#10431);
#8290=AXIS2_PLACEMENT_3D('',#12429,#10432,#10433);
#8291=AXIS2_PLACEMENT_3D('',#12431,#10435,#10436);
#8292=AXIS2_PLACEMENT_3D('',#12433,#10437,#10438);
#8293=AXIS2_PLACEMENT_3D('',#12435,#10440,#10441);
#8294=AXIS2_PLACEMENT_3D('',#12437,#10442,#10443);
#8295=AXIS2_PLACEMENT_3D('',#12439,#10445,#10446);
#8296=AXIS2_PLACEMENT_3D('',#12441,#10447,#10448);
#8297=AXIS2_PLACEMENT_3D('',#12443,#10450,#10451);
#8298=AXIS2_PLACEMENT_3D('',#12445,#10452,#10453);
#8299=AXIS2_PLACEMENT_3D('',#12447,#10455,#10456);
#8300=AXIS2_PLACEMENT_3D('',#12449,#10457,#10458);
#8301=AXIS2_PLACEMENT_3D('',#12451,#10460,#10461);
#8302=AXIS2_PLACEMENT_3D('',#12453,#10462,#10463);
#8303=AXIS2_PLACEMENT_3D('',#12455,#10465,#10466);
#8304=AXIS2_PLACEMENT_3D('',#12457,#10467,#10468);
#8305=AXIS2_PLACEMENT_3D('',#12459,#10470,#10471);
#8306=AXIS2_PLACEMENT_3D('',#12461,#10472,#10473);
#8307=AXIS2_PLACEMENT_3D('',#12463,#10475,#10476);
#8308=AXIS2_PLACEMENT_3D('',#12465,#10477,#10478);
#8309=AXIS2_PLACEMENT_3D('',#12467,#10480,#10481);
#8310=AXIS2_PLACEMENT_3D('',#12469,#10482,#10483);
#8311=AXIS2_PLACEMENT_3D('',#12471,#10485,#10486);
#8312=AXIS2_PLACEMENT_3D('',#12473,#10487,#10488);
#8313=AXIS2_PLACEMENT_3D('',#12475,#10490,#10491);
#8314=AXIS2_PLACEMENT_3D('',#12477,#10492,#10493);
#8315=AXIS2_PLACEMENT_3D('',#12479,#10495,#10496);
#8316=AXIS2_PLACEMENT_3D('',#12481,#10497,#10498);
#8317=AXIS2_PLACEMENT_3D('',#12483,#10500,#10501);
#8318=AXIS2_PLACEMENT_3D('',#12485,#10502,#10503);
#8319=AXIS2_PLACEMENT_3D('',#12487,#10505,#10506);
#8320=AXIS2_PLACEMENT_3D('',#12489,#10507,#10508);
#8321=AXIS2_PLACEMENT_3D('',#12491,#10510,#10511);
#8322=AXIS2_PLACEMENT_3D('',#12493,#10512,#10513);
#8323=AXIS2_PLACEMENT_3D('',#12495,#10515,#10516);
#8324=AXIS2_PLACEMENT_3D('',#12497,#10517,#10518);
#8325=AXIS2_PLACEMENT_3D('',#12499,#10520,#10521);
#8326=AXIS2_PLACEMENT_3D('',#12501,#10522,#10523);
#8327=AXIS2_PLACEMENT_3D('',#12503,#10525,#10526);
#8328=AXIS2_PLACEMENT_3D('',#12505,#10527,#10528);
#8329=AXIS2_PLACEMENT_3D('',#12507,#10530,#10531);
#8330=AXIS2_PLACEMENT_3D('',#12509,#10532,#10533);
#8331=AXIS2_PLACEMENT_3D('',#12511,#10535,#10536);
#8332=AXIS2_PLACEMENT_3D('',#12513,#10537,#10538);
#8333=AXIS2_PLACEMENT_3D('',#12515,#10540,#10541);
#8334=AXIS2_PLACEMENT_3D('',#12516,#10542,#10543);
#8335=AXIS2_PLACEMENT_3D('',#12518,#10544,#10545);
#8336=AXIS2_PLACEMENT_3D('',#12520,#10547,#10548);
#8337=AXIS2_PLACEMENT_3D('',#12522,#10549,#10550);
#8338=AXIS2_PLACEMENT_3D('',#12524,#10552,#10553);
#8339=AXIS2_PLACEMENT_3D('',#12528,#10556,#10557);
#8340=AXIS2_PLACEMENT_3D('',#12530,#10559,#10560);
#8341=AXIS2_PLACEMENT_3D('',#12531,#10561,#10562);
#8342=AXIS2_PLACEMENT_3D('',#12532,#10563,#10564);
#8343=AXIS2_PLACEMENT_3D('',#12533,#10565,#10566);
#8344=AXIS2_PLACEMENT_3D('',#12534,#10567,#10568);
#8345=AXIS2_PLACEMENT_3D('',#12535,#10569,#10570);
#8346=AXIS2_PLACEMENT_3D('',#12538,#10573,#10574);
#8347=AXIS2_PLACEMENT_3D('',#12540,#10576,#10577);
#8348=AXIS2_PLACEMENT_3D('',#12542,#10579,#10580);
#8349=AXIS2_PLACEMENT_3D('',#12543,#10581,#10582);
#8350=AXIS2_PLACEMENT_3D('',#12545,#10584,#10585);
#8351=AXIS2_PLACEMENT_3D('',#12547,#10587,#10588);
#8352=AXIS2_PLACEMENT_3D('',#12549,#10590,#10591);
#8353=AXIS2_PLACEMENT_3D('',#12551,#10593,#10594);
#8354=AXIS2_PLACEMENT_3D('',#12557,#10598,#10599);
#8355=AXIS2_PLACEMENT_3D('',#12559,#10600,#10601);
#8356=AXIS2_PLACEMENT_3D('',#12561,#10603,#10604);
#8357=AXIS2_PLACEMENT_3D('',#12564,#10606,#10607);
#8358=AXIS2_PLACEMENT_3D('',#12565,#10608,#10609);
#8359=AXIS2_PLACEMENT_3D('',#12567,#10611,#10612);
#8360=DIRECTION('axis',(0.,0.,1.));
#8361=DIRECTION('refdir',(1.,0.,0.));
#8362=DIRECTION('center_axis',(1.,6.94222457298111E-15,2.53765262771464E-16));
#8363=DIRECTION('ref_axis',(4.18691322315673E-15,-0.707106781186549,-0.707106781186546));
#8364=DIRECTION('',(-1.,-6.94222457298111E-15,-2.53765262771464E-16));
#8365=DIRECTION('center_axis',(0.707106781186554,-0.707106781186541,4.18691322315677E-15));
#8366=DIRECTION('ref_axis',(-0.707106781186541,-0.707106781186554,3.82803494688621E-15));
#8367=DIRECTION('',(1.,6.94222457298111E-15,2.53765262771464E-16));
#8368=DIRECTION('center_axis',(-0.707106781186539,-0.707106781186556,0.));
#8369=DIRECTION('ref_axis',(-0.707106781186556,0.707106781186539,-3.58878276270575E-16));
#8370=DIRECTION('center_axis',(6.71129818385907E-15,-1.,1.70309434716465E-30));
#8371=DIRECTION('ref_axis',(-0.707106781186549,-4.18691322315673E-15,-0.707106781186546));
#8372=DIRECTION('',(6.71129818385907E-15,-1.,1.70309434716465E-30));
#8373=DIRECTION('',(-6.71129818385907E-15,1.,-1.70309434716465E-30));
#8374=DIRECTION('center_axis',(0.707106781186543,0.707106781186552,0.));
#8375=DIRECTION('ref_axis',(0.707106781186552,-0.707106781186543,3.58878276270578E-16));
#8376=DIRECTION('center_axis',(-6.80011602582909E-15,1.,-1.72563323017096E-30));
#8377=DIRECTION('ref_axis',(0.707106781186549,4.18691322315673E-15,-0.707106781186546));
#8378=DIRECTION('',(6.80011602582909E-15,-1.,1.72563323017096E-30));
#8379=DIRECTION('',(-6.80011602582909E-15,1.,-1.72563323017096E-30));
#8380=DIRECTION('center_axis',(0.707106781186552,-0.707106781186543,4.18691322315671E-15));
#8381=DIRECTION('ref_axis',(-0.707106781186543,-0.707106781186552,-4.18691322315672E-15));
#8382=DIRECTION('center_axis',(-1.,-7.01327884655712E-15,-2.53765262771464E-16));
#8383=DIRECTION('ref_axis',(-4.18691322315673E-15,0.707106781186549,-0.707106781186546));
#8384=DIRECTION('',(1.,7.01327884655712E-15,2.53765262771464E-16));
#8385=DIRECTION('',(-1.,-7.01327884655712E-15,-2.53765262771464E-16));
#8386=DIRECTION('center_axis',(-1.,-6.71129818385907E-15,0.));
#8387=DIRECTION('ref_axis',(6.71129818385907E-15,-1.,1.70309434716465E-30));
#8388=DIRECTION('',(0.,0.,1.));
#8389=DIRECTION('',(6.71129818385907E-15,-1.,1.70309434716465E-30));
#8390=DIRECTION('',(0.,0.,1.));
#8391=DIRECTION('center_axis',(6.94222457298111E-15,-1.,0.));
#8392=DIRECTION('ref_axis',(1.,6.94222457298111E-15,2.53765262771464E-16));
#8393=DIRECTION('',(0.,0.,1.));
#8394=DIRECTION('',(1.,6.94222457298111E-15,2.53765262771464E-16));
#8395=DIRECTION('center_axis',(-2.53765262771464E-16,0.,1.));
#8396=DIRECTION('ref_axis',(1.,0.,2.53765262771464E-16));
#8397=DIRECTION('',(-6.8889338677991E-15,1.,-8.67361737988407E-18));
#8398=DIRECTION('center_axis',(2.53765262771464E-16,0.,-1.));
#8399=DIRECTION('ref_axis',(-1.,-6.80011602582909E-15,-2.53765262771464E-16));
#8400=DIRECTION('center_axis',(2.53765262771464E-16,0.,-1.));
#8401=DIRECTION('ref_axis',(-1.,-6.80011602582909E-15,-2.53765262771464E-16));
#8402=DIRECTION('',(-6.8889338677991E-15,1.,-8.67361737988407E-18));
#8403=DIRECTION('center_axis',(-2.53765262771464E-16,0.,1.));
#8404=DIRECTION('ref_axis',(0.707106781186541,0.707106781186554,1.79439138135287E-16));
#8405=DIRECTION('',(-1.,-6.80011602582909E-15,-2.22044604925031E-16));
#8406=DIRECTION('center_axis',(-2.53765262771464E-16,0.,1.));
#8407=DIRECTION('ref_axis',(-0.707106781186552,0.707106781186543,-1.7943913813529E-16));
#8408=DIRECTION('',(6.97775170976911E-15,-1.,8.67361737988409E-18));
#8409=DIRECTION('center_axis',(-2.53765262771464E-16,0.,1.));
#8410=DIRECTION('ref_axis',(-0.707106781186542,-0.707106781186553,-1.79439138135288E-16));
#8411=DIRECTION('',(1.,6.80011602582909E-15,2.22044604925031E-16));
#8412=DIRECTION('center_axis',(-2.53765262771464E-16,0.,1.));
#8413=DIRECTION('ref_axis',(0.707106781186553,-0.707106781186542,1.7943913813529E-16));
#8414=DIRECTION('',(-6.8889338677991E-15,1.,-8.67361737988407E-18));
#8415=DIRECTION('center_axis',(2.53765262771464E-16,0.,-1.));
#8416=DIRECTION('ref_axis',(-1.,-6.80011602582909E-15,-2.53765262771464E-16));
#8417=DIRECTION('center_axis',(2.53765262771464E-16,0.,-1.));
#8418=DIRECTION('ref_axis',(-1.,-6.80011602582909E-15,-2.53765262771464E-16));
#8419=DIRECTION('',(-6.8889338677991E-15,1.,-8.67361737988407E-18));
#8420=DIRECTION('center_axis',(2.53765262771464E-16,0.,-1.));
#8421=DIRECTION('ref_axis',(-1.,-6.80011602582909E-15,-2.53765262771464E-16));
#8422=DIRECTION('center_axis',(2.53765262771464E-16,0.,-1.));
#8423=DIRECTION('ref_axis',(-1.,-6.80011602582909E-15,-2.53765262771464E-16));
#8424=DIRECTION('',(-6.8889338677991E-15,1.,-8.67361737988407E-18));
#8425=DIRECTION('center_axis',(2.53765262771464E-16,0.,-1.));
#8426=DIRECTION('ref_axis',(-1.,-6.80011602582909E-15,-2.53765262771464E-16));
#8427=DIRECTION('center_axis',(2.53765262771464E-16,0.,-1.));
#8428=DIRECTION('ref_axis',(-1.,-6.80011602582909E-15,-2.53765262771464E-16));
#8429=DIRECTION('',(-1.01585406753202E-15,-1.,8.67361737988231E-18));
#8430=DIRECTION('center_axis',(2.53765262771464E-16,0.,-1.));
#8431=DIRECTION('ref_axis',(-1.,-6.80011602582909E-15,-2.53765262771464E-16));
#8432=DIRECTION('',(-1.01585406753202E-15,-1.,8.67361737988231E-18));
#8433=DIRECTION('center_axis',(2.53765262771464E-16,0.,-1.));
#8434=DIRECTION('ref_axis',(-1.,-6.80011602582909E-15,-2.53765262771464E-16));
#8435=DIRECTION('',(-1.01585406753202E-15,-1.,8.67361737988231E-18));
#8436=DIRECTION('center_axis',(2.53765262771464E-16,0.,-1.));
#8437=DIRECTION('ref_axis',(-1.,-6.80011602582909E-15,-2.53765262771464E-16));
#8438=DIRECTION('',(-1.01585406753202E-15,-1.,8.67361737988231E-18));
#8439=DIRECTION('center_axis',(2.53765262771464E-16,0.,-1.));
#8440=DIRECTION('ref_axis',(-1.,-6.80011602582909E-15,-2.53765262771464E-16));
#8441=DIRECTION('',(-1.01585406753202E-15,-1.,8.67361737988231E-18));
#8442=DIRECTION('center_axis',(-2.53765262771464E-16,0.,1.));
#8443=DIRECTION('ref_axis',(-0.707106781186549,-0.707106781186546,-1.7943913813529E-16));
#8444=DIRECTION('',(1.,-7.49400541621978E-16,2.22044604925031E-16));
#8445=DIRECTION('center_axis',(-2.53765262771464E-16,0.,1.));
#8446=DIRECTION('ref_axis',(0.707106781186547,-0.707106781186548,1.79439138135288E-16));
#8447=DIRECTION('',(1.01585406753202E-15,1.,-8.67361737988231E-18));
#8448=DIRECTION('center_axis',(-2.53765262771464E-16,0.,1.));
#8449=DIRECTION('ref_axis',(0.707106781186549,0.707106781186546,1.7943913813529E-16));
#8450=DIRECTION('',(-1.,9.71445146547009E-16,-2.22044604925031E-16));
#8451=DIRECTION('center_axis',(-2.53765262771464E-16,0.,1.));
#8452=DIRECTION('ref_axis',(-0.707106781186546,0.707106781186549,-1.79439138135288E-16));
#8453=DIRECTION('center_axis',(2.53765262771464E-16,0.,-1.));
#8454=DIRECTION('ref_axis',(-1.,-6.80011602582909E-15,-2.53765262771464E-16));
#8455=DIRECTION('center_axis',(2.53765262771464E-16,0.,-1.));
#8456=DIRECTION('ref_axis',(-1.,-6.80011602582909E-15,-2.53765262771464E-16));
#8457=DIRECTION('center_axis',(2.53765262771464E-16,0.,-1.));
#8458=DIRECTION('ref_axis',(-1.,-6.80011602582909E-15,-2.53765262771464E-16));
#8459=DIRECTION('center_axis',(2.53765262771464E-16,0.,-1.));
#8460=DIRECTION('ref_axis',(-1.,-6.80011602582909E-15,-2.53765262771464E-16));
#8461=DIRECTION('center_axis',(2.53765262771464E-16,0.,-1.));
#8462=DIRECTION('ref_axis',(-1.,-6.80011602582909E-15,-2.53765262771464E-16));
#8463=DIRECTION('center_axis',(2.53765262771464E-16,0.,-1.));
#8464=DIRECTION('ref_axis',(-1.,-6.80011602582909E-15,-2.53765262771464E-16));
#8465=DIRECTION('center_axis',(2.53765262771464E-16,0.,-1.));
#8466=DIRECTION('ref_axis',(-1.,-6.80011602582909E-15,-2.53765262771464E-16));
#8467=DIRECTION('center_axis',(2.53765262771464E-16,0.,-1.));
#8468=DIRECTION('ref_axis',(-1.,-6.80011602582909E-15,-2.53765262771464E-16));
#8469=DIRECTION('center_axis',(2.53765262771464E-16,0.,-1.));
#8470=DIRECTION('ref_axis',(-1.,-6.80011602582909E-15,-2.53765262771464E-16));
#8471=DIRECTION('center_axis',(2.53765262771464E-16,0.,-1.));
#8472=DIRECTION('ref_axis',(-1.,-6.80011602582909E-15,-2.53765262771464E-16));
#8473=DIRECTION('center_axis',(2.53765262771464E-16,0.,-1.));
#8474=DIRECTION('ref_axis',(-1.,-6.80011602582909E-15,-2.53765262771464E-16));
#8475=DIRECTION('center_axis',(2.53765262771464E-16,0.,-1.));
#8476=DIRECTION('ref_axis',(-1.,-6.80011602582909E-15,-2.53765262771464E-16));
#8477=DIRECTION('center_axis',(2.53765262771464E-16,0.,-1.));
#8478=DIRECTION('ref_axis',(-1.,-6.80011602582909E-15,-2.53765262771464E-16));
#8479=DIRECTION('center_axis',(2.53765262771464E-16,0.,-1.));
#8480=DIRECTION('ref_axis',(-1.,-6.80011602582909E-15,-2.53765262771464E-16));
#8481=DIRECTION('center_axis',(2.53765262771464E-16,0.,-1.));
#8482=DIRECTION('ref_axis',(-1.,-6.80011602582909E-15,-2.53765262771464E-16));
#8483=DIRECTION('center_axis',(2.53765262771464E-16,0.,-1.));
#8484=DIRECTION('ref_axis',(-1.,-6.80011602582909E-15,-2.53765262771464E-16));
#8485=DIRECTION('center_axis',(2.53765262771464E-16,0.,-1.));
#8486=DIRECTION('ref_axis',(-1.,-6.80011602582909E-15,-2.53765262771464E-16));
#8487=DIRECTION('center_axis',(2.53765262771464E-16,0.,-1.));
#8488=DIRECTION('ref_axis',(-1.,-6.80011602582909E-15,-2.53765262771464E-16));
#8489=DIRECTION('center_axis',(2.53765262771464E-16,0.,-1.));
#8490=DIRECTION('ref_axis',(-1.,-6.80011602582909E-15,-2.53765262771464E-16));
#8491=DIRECTION('center_axis',(2.53765262771464E-16,0.,-1.));
#8492=DIRECTION('ref_axis',(-1.,-6.80011602582909E-15,-2.53765262771464E-16));
#8493=DIRECTION('center_axis',(2.53765262771464E-16,0.,-1.));
#8494=DIRECTION('ref_axis',(-1.,-6.80011602582909E-15,-2.53765262771464E-16));
#8495=DIRECTION('center_axis',(2.53765262771464E-16,0.,-1.));
#8496=DIRECTION('ref_axis',(-1.,-6.80011602582909E-15,-2.53765262771464E-16));
#8497=DIRECTION('center_axis',(2.53765262771464E-16,0.,-1.));
#8498=DIRECTION('ref_axis',(-1.,-6.80011602582909E-15,-2.53765262771464E-16));
#8499=DIRECTION('center_axis',(2.53765262771464E-16,0.,-1.));
#8500=DIRECTION('ref_axis',(-1.,-6.80011602582909E-15,-2.53765262771464E-16));
#8501=DIRECTION('center_axis',(2.53765262771464E-16,0.,-1.));
#8502=DIRECTION('ref_axis',(-1.,-6.80011602582909E-15,-2.53765262771464E-16));
#8503=DIRECTION('center_axis',(2.53765262771464E-16,0.,-1.));
#8504=DIRECTION('ref_axis',(-1.,-6.80011602582909E-15,-2.53765262771464E-16));
#8505=DIRECTION('center_axis',(2.53765262771464E-16,0.,-1.));
#8506=DIRECTION('ref_axis',(-1.,-6.80011602582909E-15,-2.53765262771464E-16));
#8507=DIRECTION('center_axis',(2.53765262771464E-16,0.,-1.));
#8508=DIRECTION('ref_axis',(-1.,-6.80011602582909E-15,-2.53765262771464E-16));
#8509=DIRECTION('center_axis',(2.53765262771464E-16,0.,-1.));
#8510=DIRECTION('ref_axis',(-1.,-6.80011602582909E-15,-2.53765262771464E-16));
#8511=DIRECTION('center_axis',(2.53765262771464E-16,0.,-1.));
#8512=DIRECTION('ref_axis',(-1.,-6.80011602582909E-15,-2.53765262771464E-16));
#8513=DIRECTION('center_axis',(2.53765262771464E-16,0.,-1.));
#8514=DIRECTION('ref_axis',(-1.,-6.80011602582909E-15,-2.53765262771464E-16));
#8515=DIRECTION('center_axis',(2.53765262771464E-16,0.,-1.));
#8516=DIRECTION('ref_axis',(-1.,-6.80011602582909E-15,-2.53765262771464E-16));
#8517=DIRECTION('center_axis',(2.53765262771464E-16,0.,-1.));
#8518=DIRECTION('ref_axis',(-1.,-6.80011602582909E-15,-2.53765262771464E-16));
#8519=DIRECTION('center_axis',(2.53765262771464E-16,0.,-1.));
#8520=DIRECTION('ref_axis',(-1.,-6.80011602582909E-15,-2.53765262771464E-16));
#8521=DIRECTION('center_axis',(2.53765262771464E-16,0.,-1.));
#8522=DIRECTION('ref_axis',(-1.,-6.80011602582909E-15,-2.53765262771464E-16));
#8523=DIRECTION('center_axis',(2.53765262771464E-16,0.,-1.));
#8524=DIRECTION('ref_axis',(-1.,-6.80011602582909E-15,-2.53765262771464E-16));
#8525=DIRECTION('center_axis',(2.53765262771464E-16,0.,-1.));
#8526=DIRECTION('ref_axis',(-1.,-6.80011602582909E-15,-2.53765262771464E-16));
#8527=DIRECTION('center_axis',(2.53765262771464E-16,0.,-1.));
#8528=DIRECTION('ref_axis',(-1.,-6.80011602582909E-15,-2.53765262771464E-16));
#8529=DIRECTION('center_axis',(2.53765262771464E-16,0.,-1.));
#8530=DIRECTION('ref_axis',(-1.,-6.80011602582909E-15,-2.53765262771464E-16));
#8531=DIRECTION('center_axis',(2.53765262771464E-16,0.,-1.));
#8532=DIRECTION('ref_axis',(-1.,-6.80011602582909E-15,-2.53765262771464E-16));
#8533=DIRECTION('center_axis',(2.53765262771464E-16,0.,-1.));
#8534=DIRECTION('ref_axis',(-1.,-6.80011602582909E-15,-2.53765262771464E-16));
#8535=DIRECTION('center_axis',(2.53765262771464E-16,0.,-1.));
#8536=DIRECTION('ref_axis',(-1.,-6.80011602582909E-15,-2.53765262771464E-16));
#8537=DIRECTION('center_axis',(2.53765262771464E-16,0.,-1.));
#8538=DIRECTION('ref_axis',(-1.,-6.80011602582909E-15,-2.53765262771464E-16));
#8539=DIRECTION('center_axis',(2.53765262771464E-16,0.,-1.));
#8540=DIRECTION('ref_axis',(-1.,-6.80011602582909E-15,-2.53765262771464E-16));
#8541=DIRECTION('center_axis',(2.53765262771464E-16,0.,-1.));
#8542=DIRECTION('ref_axis',(-1.,-6.80011602582909E-15,-2.53765262771464E-16));
#8543=DIRECTION('center_axis',(2.53765262771464E-16,0.,-1.));
#8544=DIRECTION('ref_axis',(-1.,-6.80011602582909E-15,-2.53765262771464E-16));
#8545=DIRECTION('center_axis',(2.53765262771464E-16,0.,-1.));
#8546=DIRECTION('ref_axis',(-1.,-6.80011602582909E-15,-2.53765262771464E-16));
#8547=DIRECTION('center_axis',(2.53765262771464E-16,0.,-1.));
#8548=DIRECTION('ref_axis',(-1.,-6.80011602582909E-15,-2.53765262771464E-16));
#8549=DIRECTION('center_axis',(2.53765262771464E-16,0.,-1.));
#8550=DIRECTION('ref_axis',(-1.,-6.80011602582909E-15,-2.53765262771464E-16));
#8551=DIRECTION('center_axis',(2.53765262771464E-16,0.,-1.));
#8552=DIRECTION('ref_axis',(-1.,-6.80011602582909E-15,-2.53765262771464E-16));
#8553=DIRECTION('center_axis',(2.53765262771464E-16,0.,-1.));
#8554=DIRECTION('ref_axis',(-1.,-6.80011602582909E-15,-2.53765262771464E-16));
#8555=DIRECTION('center_axis',(2.53765262771464E-16,0.,-1.));
#8556=DIRECTION('ref_axis',(-1.,-6.80011602582909E-15,-2.53765262771464E-16));
#8557=DIRECTION('center_axis',(2.53765262771464E-16,0.,-1.));
#8558=DIRECTION('ref_axis',(-1.,-6.80011602582909E-15,-2.53765262771464E-16));
#8559=DIRECTION('center_axis',(2.53765262771464E-16,0.,-1.));
#8560=DIRECTION('ref_axis',(-1.,-6.80011602582909E-15,-2.53765262771464E-16));
#8561=DIRECTION('center_axis',(2.53765262771464E-16,0.,-1.));
#8562=DIRECTION('ref_axis',(-1.,-6.80011602582909E-15,-2.53765262771464E-16));
#8563=DIRECTION('center_axis',(2.53765262771464E-16,0.,-1.));
#8564=DIRECTION('ref_axis',(-1.,-6.80011602582909E-15,-2.53765262771464E-16));
#8565=DIRECTION('center_axis',(2.53765262771464E-16,0.,-1.));
#8566=DIRECTION('ref_axis',(-1.,-6.80011602582909E-15,-2.53765262771464E-16));
#8567=DIRECTION('center_axis',(2.53765262771464E-16,0.,-1.));
#8568=DIRECTION('ref_axis',(-1.,-6.80011602582909E-15,-2.53765262771464E-16));
#8569=DIRECTION('center_axis',(2.53765262771464E-16,0.,-1.));
#8570=DIRECTION('ref_axis',(-1.,-6.80011602582909E-15,-2.53765262771464E-16));
#8571=DIRECTION('center_axis',(2.53765262771464E-16,0.,-1.));
#8572=DIRECTION('ref_axis',(-1.,-6.80011602582909E-15,-2.53765262771464E-16));
#8573=DIRECTION('center_axis',(2.53765262771464E-16,0.,-1.));
#8574=DIRECTION('ref_axis',(-1.,-6.80011602582909E-15,-2.53765262771464E-16));
#8575=DIRECTION('center_axis',(2.53765262771464E-16,0.,-1.));
#8576=DIRECTION('ref_axis',(-1.,-6.80011602582909E-15,-2.53765262771464E-16));
#8577=DIRECTION('center_axis',(2.53765262771464E-16,0.,-1.));
#8578=DIRECTION('ref_axis',(-1.,-6.80011602582909E-15,-2.53765262771464E-16));
#8579=DIRECTION('center_axis',(2.53765262771464E-16,0.,-1.));
#8580=DIRECTION('ref_axis',(-1.,-6.80011602582909E-15,-2.53765262771464E-16));
#8581=DIRECTION('center_axis',(2.53765262771464E-16,0.,-1.));
#8582=DIRECTION('ref_axis',(-1.,-6.80011602582909E-15,-2.53765262771464E-16));
#8583=DIRECTION('center_axis',(2.53765262771464E-16,0.,-1.));
#8584=DIRECTION('ref_axis',(-1.,-6.80011602582909E-15,-2.53765262771464E-16));
#8585=DIRECTION('center_axis',(2.53765262771464E-16,0.,-1.));
#8586=DIRECTION('ref_axis',(-1.,-6.80011602582909E-15,-2.53765262771464E-16));
#8587=DIRECTION('center_axis',(2.53765262771464E-16,0.,-1.));
#8588=DIRECTION('ref_axis',(-1.,-6.80011602582909E-15,-2.53765262771464E-16));
#8589=DIRECTION('center_axis',(2.53765262771464E-16,0.,-1.));
#8590=DIRECTION('ref_axis',(-1.,-6.80011602582909E-15,-2.53765262771464E-16));
#8591=DIRECTION('center_axis',(2.53765262771464E-16,0.,-1.));
#8592=DIRECTION('ref_axis',(-1.,-6.80011602582909E-15,-2.53765262771464E-16));
#8593=DIRECTION('center_axis',(2.53765262771464E-16,0.,-1.));
#8594=DIRECTION('ref_axis',(-1.,-6.80011602582909E-15,-2.53765262771464E-16));
#8595=DIRECTION('center_axis',(2.53765262771464E-16,0.,-1.));
#8596=DIRECTION('ref_axis',(-1.,-6.80011602582909E-15,-2.53765262771464E-16));
#8597=DIRECTION('center_axis',(2.53765262771464E-16,0.,-1.));
#8598=DIRECTION('ref_axis',(-1.,-6.80011602582909E-15,-2.53765262771464E-16));
#8599=DIRECTION('center_axis',(2.53765262771464E-16,0.,-1.));
#8600=DIRECTION('ref_axis',(-1.,-6.80011602582909E-15,-2.53765262771464E-16));
#8601=DIRECTION('center_axis',(2.53765262771464E-16,0.,-1.));
#8602=DIRECTION('ref_axis',(-1.,-6.80011602582909E-15,-2.53765262771464E-16));
#8603=DIRECTION('center_axis',(2.53765262771464E-16,0.,-1.));
#8604=DIRECTION('ref_axis',(-1.,-6.80011602582909E-15,-2.53765262771464E-16));
#8605=DIRECTION('center_axis',(2.53765262771464E-16,0.,-1.));
#8606=DIRECTION('ref_axis',(-1.,-6.80011602582909E-15,-2.53765262771464E-16));
#8607=DIRECTION('center_axis',(2.53765262771464E-16,0.,-1.));
#8608=DIRECTION('ref_axis',(-1.,-6.80011602582909E-15,-2.53765262771464E-16));
#8609=DIRECTION('center_axis',(2.53765262771464E-16,0.,-1.));
#8610=DIRECTION('ref_axis',(-1.,-6.80011602582909E-15,-2.53765262771464E-16));
#8611=DIRECTION('center_axis',(2.53765262771464E-16,0.,-1.));
#8612=DIRECTION('ref_axis',(-1.,-6.80011602582909E-15,-2.53765262771464E-16));
#8613=DIRECTION('center_axis',(2.53765262771464E-16,0.,-1.));
#8614=DIRECTION('ref_axis',(-1.,-6.80011602582909E-15,-2.53765262771464E-16));
#8615=DIRECTION('center_axis',(2.53765262771464E-16,0.,-1.));
#8616=DIRECTION('ref_axis',(-1.,-6.80011602582909E-15,-2.53765262771464E-16));
#8617=DIRECTION('center_axis',(2.53765262771464E-16,0.,-1.));
#8618=DIRECTION('ref_axis',(-1.,-6.80011602582909E-15,-2.53765262771464E-16));
#8619=DIRECTION('center_axis',(2.53765262771464E-16,0.,-1.));
#8620=DIRECTION('ref_axis',(-1.,-6.80011602582909E-15,-2.53765262771464E-16));
#8621=DIRECTION('center_axis',(2.53765262771464E-16,0.,-1.));
#8622=DIRECTION('ref_axis',(-1.,-6.80011602582909E-15,-2.53765262771464E-16));
#8623=DIRECTION('center_axis',(2.53765262771464E-16,0.,-1.));
#8624=DIRECTION('ref_axis',(-1.,-6.80011602582909E-15,-2.53765262771464E-16));
#8625=DIRECTION('center_axis',(2.53765262771464E-16,0.,-1.));
#8626=DIRECTION('ref_axis',(-1.,-6.80011602582909E-15,-2.53765262771464E-16));
#8627=DIRECTION('center_axis',(2.53765262771464E-16,0.,-1.));
#8628=DIRECTION('ref_axis',(-1.,-6.80011602582909E-15,-2.53765262771464E-16));
#8629=DIRECTION('center_axis',(2.53765262771464E-16,0.,-1.));
#8630=DIRECTION('ref_axis',(-1.,-6.80011602582909E-15,-2.53765262771464E-16));
#8631=DIRECTION('center_axis',(2.53765262771464E-16,0.,-1.));
#8632=DIRECTION('ref_axis',(-1.,-6.80011602582909E-15,-2.53765262771464E-16));
#8633=DIRECTION('center_axis',(2.53765262771464E-16,0.,-1.));
#8634=DIRECTION('ref_axis',(-1.,-6.80011602582909E-15,-2.53765262771464E-16));
#8635=DIRECTION('center_axis',(2.53765262771464E-16,0.,-1.));
#8636=DIRECTION('ref_axis',(-1.,-6.80011602582909E-15,-2.53765262771464E-16));
#8637=DIRECTION('center_axis',(2.53765262771464E-16,0.,-1.));
#8638=DIRECTION('ref_axis',(-1.,-6.80011602582909E-15,-2.53765262771464E-16));
#8639=DIRECTION('center_axis',(2.53765262771464E-16,0.,-1.));
#8640=DIRECTION('ref_axis',(-1.,-6.80011602582909E-15,-2.53765262771464E-16));
#8641=DIRECTION('center_axis',(2.53765262771464E-16,0.,-1.));
#8642=DIRECTION('ref_axis',(-1.,-6.80011602582909E-15,-2.53765262771464E-16));
#8643=DIRECTION('center_axis',(2.53765262771464E-16,0.,-1.));
#8644=DIRECTION('ref_axis',(-1.,-6.80011602582909E-15,-2.53765262771464E-16));
#8645=DIRECTION('center_axis',(2.53765262771464E-16,0.,-1.));
#8646=DIRECTION('ref_axis',(-1.,-6.80011602582909E-15,-2.53765262771464E-16));
#8647=DIRECTION('center_axis',(2.53765262771464E-16,0.,-1.));
#8648=DIRECTION('ref_axis',(-1.,-6.80011602582909E-15,-2.53765262771464E-16));
#8649=DIRECTION('center_axis',(2.53765262771464E-16,0.,-1.));
#8650=DIRECTION('ref_axis',(-1.,-6.80011602582909E-15,-2.53765262771464E-16));
#8651=DIRECTION('center_axis',(2.53765262771464E-16,0.,-1.));
#8652=DIRECTION('ref_axis',(-1.,-6.80011602582909E-15,-2.53765262771464E-16));
#8653=DIRECTION('center_axis',(2.53765262771464E-16,0.,-1.));
#8654=DIRECTION('ref_axis',(-1.,-6.80011602582909E-15,-2.53765262771464E-16));
#8655=DIRECTION('center_axis',(2.53765262771464E-16,0.,-1.));
#8656=DIRECTION('ref_axis',(-1.,-6.80011602582909E-15,-2.53765262771464E-16));
#8657=DIRECTION('center_axis',(2.53765262771464E-16,0.,-1.));
#8658=DIRECTION('ref_axis',(-1.,-6.80011602582909E-15,-2.53765262771464E-16));
#8659=DIRECTION('center_axis',(2.53765262771464E-16,0.,-1.));
#8660=DIRECTION('ref_axis',(-1.,-6.80011602582909E-15,-2.53765262771464E-16));
#8661=DIRECTION('center_axis',(2.53765262771464E-16,0.,-1.));
#8662=DIRECTION('ref_axis',(-1.,-6.80011602582909E-15,-2.53765262771464E-16));
#8663=DIRECTION('center_axis',(2.53765262771464E-16,0.,-1.));
#8664=DIRECTION('ref_axis',(-1.,-6.80011602582909E-15,-2.53765262771464E-16));
#8665=DIRECTION('center_axis',(2.53765262771464E-16,0.,-1.));
#8666=DIRECTION('ref_axis',(-1.,-6.80011602582909E-15,-2.53765262771464E-16));
#8667=DIRECTION('center_axis',(2.53765262771464E-16,0.,-1.));
#8668=DIRECTION('ref_axis',(-1.,-6.80011602582909E-15,-2.53765262771464E-16));
#8669=DIRECTION('center_axis',(2.53765262771464E-16,0.,-1.));
#8670=DIRECTION('ref_axis',(-1.,-6.80011602582909E-15,-2.53765262771464E-16));
#8671=DIRECTION('center_axis',(2.53765262771464E-16,0.,-1.));
#8672=DIRECTION('ref_axis',(-1.,-6.80011602582909E-15,-2.53765262771464E-16));
#8673=DIRECTION('center_axis',(2.53765262771464E-16,0.,-1.));
#8674=DIRECTION('ref_axis',(-1.,-6.80011602582909E-15,-2.53765262771464E-16));
#8675=DIRECTION('center_axis',(2.53765262771464E-16,0.,-1.));
#8676=DIRECTION('ref_axis',(-1.,-6.80011602582909E-15,-2.53765262771464E-16));
#8677=DIRECTION('center_axis',(2.53765262771464E-16,0.,-1.));
#8678=DIRECTION('ref_axis',(-1.,-6.80011602582909E-15,-2.53765262771464E-16));
#8679=DIRECTION('center_axis',(2.53765262771464E-16,0.,-1.));
#8680=DIRECTION('ref_axis',(-1.,-6.80011602582909E-15,-2.53765262771464E-16));
#8681=DIRECTION('center_axis',(2.53765262771464E-16,0.,-1.));
#8682=DIRECTION('ref_axis',(-1.,-6.80011602582909E-15,-2.53765262771464E-16));
#8683=DIRECTION('center_axis',(2.53765262771464E-16,0.,-1.));
#8684=DIRECTION('ref_axis',(-1.,-6.80011602582909E-15,-2.53765262771464E-16));
#8685=DIRECTION('center_axis',(2.53765262771464E-16,0.,-1.));
#8686=DIRECTION('ref_axis',(-1.,-6.80011602582909E-15,-2.53765262771464E-16));
#8687=DIRECTION('center_axis',(2.53765262771464E-16,0.,-1.));
#8688=DIRECTION('ref_axis',(-1.,-6.80011602582909E-15,-2.53765262771464E-16));
#8689=DIRECTION('center_axis',(2.53765262771464E-16,0.,-1.));
#8690=DIRECTION('ref_axis',(-1.,-6.80011602582909E-15,-2.53765262771464E-16));
#8691=DIRECTION('center_axis',(2.53765262771464E-16,0.,-1.));
#8692=DIRECTION('ref_axis',(-1.,-6.80011602582909E-15,-2.53765262771464E-16));
#8693=DIRECTION('center_axis',(2.53765262771464E-16,0.,-1.));
#8694=DIRECTION('ref_axis',(-1.,-6.80011602582909E-15,-2.53765262771464E-16));
#8695=DIRECTION('center_axis',(2.53765262771464E-16,0.,-1.));
#8696=DIRECTION('ref_axis',(-1.,-6.80011602582909E-15,-2.53765262771464E-16));
#8697=DIRECTION('center_axis',(2.53765262771464E-16,0.,-1.));
#8698=DIRECTION('ref_axis',(-1.,-6.80011602582909E-15,-2.53765262771464E-16));
#8699=DIRECTION('center_axis',(2.53765262771464E-16,0.,-1.));
#8700=DIRECTION('ref_axis',(-1.,-6.80011602582909E-15,-2.53765262771464E-16));
#8701=DIRECTION('center_axis',(2.53765262771464E-16,0.,-1.));
#8702=DIRECTION('ref_axis',(-1.,-6.80011602582909E-15,-2.53765262771464E-16));
#8703=DIRECTION('center_axis',(2.53765262771464E-16,0.,-1.));
#8704=DIRECTION('ref_axis',(-1.,-6.80011602582909E-15,-2.53765262771464E-16));
#8705=DIRECTION('center_axis',(2.53765262771464E-16,0.,-1.));
#8706=DIRECTION('ref_axis',(-1.,-6.80011602582909E-15,-2.53765262771464E-16));
#8707=DIRECTION('center_axis',(2.53765262771464E-16,0.,-1.));
#8708=DIRECTION('ref_axis',(-1.,-6.80011602582909E-15,-2.53765262771464E-16));
#8709=DIRECTION('center_axis',(2.53765262771464E-16,0.,-1.));
#8710=DIRECTION('ref_axis',(-1.,-6.80011602582909E-15,-2.53765262771464E-16));
#8711=DIRECTION('center_axis',(2.53765262771464E-16,0.,-1.));
#8712=DIRECTION('ref_axis',(-1.,-6.80011602582909E-15,-2.53765262771464E-16));
#8713=DIRECTION('center_axis',(2.53765262771464E-16,0.,-1.));
#8714=DIRECTION('ref_axis',(-1.,-6.80011602582909E-15,-2.53765262771464E-16));
#8715=DIRECTION('center_axis',(2.53765262771464E-16,0.,-1.));
#8716=DIRECTION('ref_axis',(-1.,-6.80011602582909E-15,-2.53765262771464E-16));
#8717=DIRECTION('center_axis',(2.53765262771464E-16,0.,-1.));
#8718=DIRECTION('ref_axis',(-1.,-6.80011602582909E-15,-2.53765262771464E-16));
#8719=DIRECTION('center_axis',(2.53765262771464E-16,0.,-1.));
#8720=DIRECTION('ref_axis',(-1.,-6.80011602582909E-15,-2.53765262771464E-16));
#8721=DIRECTION('center_axis',(2.53765262771464E-16,0.,-1.));
#8722=DIRECTION('ref_axis',(-1.,-6.80011602582909E-15,-2.53765262771464E-16));
#8723=DIRECTION('center_axis',(2.53765262771464E-16,0.,-1.));
#8724=DIRECTION('ref_axis',(-1.,-6.80011602582909E-15,-2.53765262771464E-16));
#8725=DIRECTION('center_axis',(2.53765262771464E-16,0.,-1.));
#8726=DIRECTION('ref_axis',(-1.,-6.80011602582909E-15,-2.53765262771464E-16));
#8727=DIRECTION('center_axis',(2.53765262771464E-16,0.,-1.));
#8728=DIRECTION('ref_axis',(-1.,-6.80011602582909E-15,-2.53765262771464E-16));
#8729=DIRECTION('center_axis',(2.53765262771464E-16,0.,-1.));
#8730=DIRECTION('ref_axis',(-1.,-6.80011602582909E-15,-2.53765262771464E-16));
#8731=DIRECTION('center_axis',(2.53765262771464E-16,0.,-1.));
#8732=DIRECTION('ref_axis',(-1.,-6.80011602582909E-15,-2.53765262771464E-16));
#8733=DIRECTION('center_axis',(2.53765262771464E-16,0.,-1.));
#8734=DIRECTION('ref_axis',(-1.,-6.80011602582909E-15,-2.53765262771464E-16));
#8735=DIRECTION('center_axis',(2.53765262771464E-16,0.,-1.));
#8736=DIRECTION('ref_axis',(-1.,-6.80011602582909E-15,-2.53765262771464E-16));
#8737=DIRECTION('center_axis',(2.53765262771464E-16,0.,-1.));
#8738=DIRECTION('ref_axis',(-1.,-6.80011602582909E-15,-2.53765262771464E-16));
#8739=DIRECTION('center_axis',(2.53765262771464E-16,0.,-1.));
#8740=DIRECTION('ref_axis',(-1.,-6.80011602582909E-15,-2.53765262771464E-16));
#8741=DIRECTION('center_axis',(2.53765262771464E-16,0.,-1.));
#8742=DIRECTION('ref_axis',(-1.,-6.80011602582909E-15,-2.53765262771464E-16));
#8743=DIRECTION('center_axis',(2.53765262771464E-16,0.,-1.));
#8744=DIRECTION('ref_axis',(-1.,-6.80011602582909E-15,-2.53765262771464E-16));
#8745=DIRECTION('center_axis',(2.53765262771464E-16,0.,-1.));
#8746=DIRECTION('ref_axis',(-1.,-6.80011602582909E-15,-2.53765262771464E-16));
#8747=DIRECTION('center_axis',(2.53765262771464E-16,0.,-1.));
#8748=DIRECTION('ref_axis',(-1.,-6.80011602582909E-15,-2.53765262771464E-16));
#8749=DIRECTION('center_axis',(2.53765262771464E-16,0.,-1.));
#8750=DIRECTION('ref_axis',(-1.,-6.80011602582909E-15,-2.53765262771464E-16));
#8751=DIRECTION('center_axis',(2.53765262771464E-16,0.,-1.));
#8752=DIRECTION('ref_axis',(-1.,-6.80011602582909E-15,-2.53765262771464E-16));
#8753=DIRECTION('center_axis',(2.53765262771464E-16,0.,-1.));
#8754=DIRECTION('ref_axis',(-1.,-6.80011602582909E-15,-2.53765262771464E-16));
#8755=DIRECTION('center_axis',(2.53765262771464E-16,0.,-1.));
#8756=DIRECTION('ref_axis',(-1.,-6.80011602582909E-15,-2.53765262771464E-16));
#8757=DIRECTION('center_axis',(2.53765262771464E-16,0.,-1.));
#8758=DIRECTION('ref_axis',(-1.,-6.80011602582909E-15,-2.53765262771464E-16));
#8759=DIRECTION('center_axis',(2.53765262771464E-16,0.,-1.));
#8760=DIRECTION('ref_axis',(-1.,-6.80011602582909E-15,-2.53765262771464E-16));
#8761=DIRECTION('center_axis',(2.53765262771464E-16,0.,-1.));
#8762=DIRECTION('ref_axis',(-1.,-6.80011602582909E-15,-2.53765262771464E-16));
#8763=DIRECTION('center_axis',(2.53765262771464E-16,0.,-1.));
#8764=DIRECTION('ref_axis',(-1.,-6.80011602582909E-15,-2.53765262771464E-16));
#8765=DIRECTION('center_axis',(2.53765262771464E-16,0.,-1.));
#8766=DIRECTION('ref_axis',(-1.,-6.80011602582909E-15,-2.53765262771464E-16));
#8767=DIRECTION('center_axis',(2.53765262771464E-16,0.,-1.));
#8768=DIRECTION('ref_axis',(-1.,-6.80011602582909E-15,-2.53765262771464E-16));
#8769=DIRECTION('center_axis',(2.53765262771464E-16,0.,-1.));
#8770=DIRECTION('ref_axis',(-1.,-6.80011602582909E-15,-2.53765262771464E-16));
#8771=DIRECTION('center_axis',(2.53765262771464E-16,0.,-1.));
#8772=DIRECTION('ref_axis',(-1.,-6.80011602582909E-15,-2.53765262771464E-16));
#8773=DIRECTION('center_axis',(2.53765262771464E-16,0.,-1.));
#8774=DIRECTION('ref_axis',(-1.,-6.80011602582909E-15,-2.53765262771464E-16));
#8775=DIRECTION('center_axis',(2.53765262771464E-16,0.,-1.));
#8776=DIRECTION('ref_axis',(-1.,-6.80011602582909E-15,-2.53765262771464E-16));
#8777=DIRECTION('center_axis',(2.53765262771464E-16,0.,-1.));
#8778=DIRECTION('ref_axis',(-1.,-6.80011602582909E-15,-2.53765262771464E-16));
#8779=DIRECTION('center_axis',(2.53765262771464E-16,0.,-1.));
#8780=DIRECTION('ref_axis',(-1.,-6.80011602582909E-15,-2.53765262771464E-16));
#8781=DIRECTION('center_axis',(2.53765262771464E-16,0.,-1.));
#8782=DIRECTION('ref_axis',(-1.,-6.80011602582909E-15,-2.53765262771464E-16));
#8783=DIRECTION('center_axis',(2.53765262771464E-16,0.,-1.));
#8784=DIRECTION('ref_axis',(-1.,-6.80011602582909E-15,-2.53765262771464E-16));
#8785=DIRECTION('center_axis',(2.53765262771464E-16,0.,-1.));
#8786=DIRECTION('ref_axis',(-1.,-6.80011602582909E-15,-2.53765262771464E-16));
#8787=DIRECTION('center_axis',(2.53765262771464E-16,0.,-1.));
#8788=DIRECTION('ref_axis',(-1.,-6.80011602582909E-15,-2.53765262771464E-16));
#8789=DIRECTION('center_axis',(2.53765262771464E-16,0.,-1.));
#8790=DIRECTION('ref_axis',(-1.,-6.80011602582909E-15,-2.53765262771464E-16));
#8791=DIRECTION('center_axis',(2.53765262771464E-16,0.,-1.));
#8792=DIRECTION('ref_axis',(-1.,-6.80011602582909E-15,-2.53765262771464E-16));
#8793=DIRECTION('center_axis',(2.53765262771464E-16,0.,-1.));
#8794=DIRECTION('ref_axis',(-1.,-6.80011602582909E-15,-2.53765262771464E-16));
#8795=DIRECTION('center_axis',(2.53765262771464E-16,0.,-1.));
#8796=DIRECTION('ref_axis',(-1.,-6.80011602582909E-15,-2.53765262771464E-16));
#8797=DIRECTION('center_axis',(2.53765262771464E-16,0.,-1.));
#8798=DIRECTION('ref_axis',(-1.,-6.80011602582909E-15,-2.53765262771464E-16));
#8799=DIRECTION('center_axis',(2.53765262771464E-16,0.,-1.));
#8800=DIRECTION('ref_axis',(-1.,-6.80011602582909E-15,-2.53765262771464E-16));
#8801=DIRECTION('center_axis',(2.53765262771464E-16,0.,-1.));
#8802=DIRECTION('ref_axis',(-1.,-6.80011602582909E-15,-2.53765262771464E-16));
#8803=DIRECTION('center_axis',(2.53765262771464E-16,0.,-1.));
#8804=DIRECTION('ref_axis',(-1.,-6.80011602582909E-15,-2.53765262771464E-16));
#8805=DIRECTION('center_axis',(2.53765262771464E-16,0.,-1.));
#8806=DIRECTION('ref_axis',(-1.,-6.80011602582909E-15,-2.53765262771464E-16));
#8807=DIRECTION('center_axis',(2.53765262771464E-16,0.,-1.));
#8808=DIRECTION('ref_axis',(-1.,-6.80011602582909E-15,-2.53765262771464E-16));
#8809=DIRECTION('center_axis',(2.53765262771464E-16,0.,-1.));
#8810=DIRECTION('ref_axis',(-1.,-6.80011602582909E-15,-2.53765262771464E-16));
#8811=DIRECTION('center_axis',(2.53765262771464E-16,0.,-1.));
#8812=DIRECTION('ref_axis',(-1.,-6.80011602582909E-15,-2.53765262771464E-16));
#8813=DIRECTION('center_axis',(2.53765262771464E-16,0.,-1.));
#8814=DIRECTION('ref_axis',(-1.,-6.80011602582909E-15,-2.53765262771464E-16));
#8815=DIRECTION('center_axis',(2.53765262771464E-16,0.,-1.));
#8816=DIRECTION('ref_axis',(-1.,-6.80011602582909E-15,-2.53765262771464E-16));
#8817=DIRECTION('center_axis',(2.53765262771464E-16,0.,-1.));
#8818=DIRECTION('ref_axis',(-1.,-6.80011602582909E-15,-2.53765262771464E-16));
#8819=DIRECTION('center_axis',(2.53765262771464E-16,0.,-1.));
#8820=DIRECTION('ref_axis',(-1.,-6.80011602582909E-15,-2.53765262771464E-16));
#8821=DIRECTION('center_axis',(2.53765262771464E-16,0.,-1.));
#8822=DIRECTION('ref_axis',(-1.,-6.80011602582909E-15,-2.53765262771464E-16));
#8823=DIRECTION('center_axis',(2.53765262771464E-16,0.,-1.));
#8824=DIRECTION('ref_axis',(-1.,-6.80011602582909E-15,-2.53765262771464E-16));
#8825=DIRECTION('center_axis',(2.53765262771464E-16,0.,-1.));
#8826=DIRECTION('ref_axis',(-1.,-6.80011602582909E-15,-2.53765262771464E-16));
#8827=DIRECTION('center_axis',(2.53765262771464E-16,0.,-1.));
#8828=DIRECTION('ref_axis',(-1.,-6.80011602582909E-15,-2.53765262771464E-16));
#8829=DIRECTION('center_axis',(2.53765262771464E-16,0.,-1.));
#8830=DIRECTION('ref_axis',(-1.,-6.80011602582909E-15,-2.53765262771464E-16));
#8831=DIRECTION('center_axis',(2.53765262771464E-16,0.,-1.));
#8832=DIRECTION('ref_axis',(-1.,-6.80011602582909E-15,-2.53765262771464E-16));
#8833=DIRECTION('center_axis',(2.53765262771464E-16,0.,-1.));
#8834=DIRECTION('ref_axis',(-1.,-6.80011602582909E-15,-2.53765262771464E-16));
#8835=DIRECTION('center_axis',(2.53765262771464E-16,0.,-1.));
#8836=DIRECTION('ref_axis',(-1.,-6.80011602582909E-15,-2.53765262771464E-16));
#8837=DIRECTION('center_axis',(2.53765262771464E-16,0.,-1.));
#8838=DIRECTION('ref_axis',(-1.,-6.80011602582909E-15,-2.53765262771464E-16));
#8839=DIRECTION('center_axis',(2.53765262771464E-16,0.,-1.));
#8840=DIRECTION('ref_axis',(-1.,-6.80011602582909E-15,-2.53765262771464E-16));
#8841=DIRECTION('center_axis',(2.53765262771464E-16,0.,-1.));
#8842=DIRECTION('ref_axis',(-1.,-6.80011602582909E-15,-2.53765262771464E-16));
#8843=DIRECTION('center_axis',(2.53765262771464E-16,0.,-1.));
#8844=DIRECTION('ref_axis',(-1.,-6.80011602582909E-15,-2.53765262771464E-16));
#8845=DIRECTION('center_axis',(2.53765262771464E-16,0.,-1.));
#8846=DIRECTION('ref_axis',(-1.,-6.80011602582909E-15,-2.53765262771464E-16));
#8847=DIRECTION('center_axis',(2.53765262771464E-16,0.,-1.));
#8848=DIRECTION('ref_axis',(-1.,-6.80011602582909E-15,-2.53765262771464E-16));
#8849=DIRECTION('center_axis',(2.53765262771464E-16,0.,-1.));
#8850=DIRECTION('ref_axis',(-1.,-6.80011602582909E-15,-2.53765262771464E-16));
#8851=DIRECTION('center_axis',(2.53765262771464E-16,0.,-1.));
#8852=DIRECTION('ref_axis',(-1.,-6.80011602582909E-15,-2.53765262771464E-16));
#8853=DIRECTION('center_axis',(2.53765262771464E-16,0.,-1.));
#8854=DIRECTION('ref_axis',(-1.,-6.80011602582909E-15,-2.53765262771464E-16));
#8855=DIRECTION('center_axis',(2.53765262771464E-16,0.,-1.));
#8856=DIRECTION('ref_axis',(-1.,-6.80011602582909E-15,-2.53765262771464E-16));
#8857=DIRECTION('center_axis',(2.53765262771464E-16,0.,-1.));
#8858=DIRECTION('ref_axis',(-1.,-6.80011602582909E-15,-2.53765262771464E-16));
#8859=DIRECTION('center_axis',(2.53765262771464E-16,0.,-1.));
#8860=DIRECTION('ref_axis',(-1.,-6.80011602582909E-15,-2.53765262771464E-16));
#8861=DIRECTION('center_axis',(2.53765262771464E-16,0.,-1.));
#8862=DIRECTION('ref_axis',(-1.,-6.80011602582909E-15,-2.53765262771464E-16));
#8863=DIRECTION('center_axis',(2.53765262771464E-16,0.,-1.));
#8864=DIRECTION('ref_axis',(-1.,-6.80011602582909E-15,-2.53765262771464E-16));
#8865=DIRECTION('center_axis',(2.53765262771464E-16,0.,-1.));
#8866=DIRECTION('ref_axis',(-1.,-6.80011602582909E-15,-2.53765262771464E-16));
#8867=DIRECTION('center_axis',(2.53765262771464E-16,0.,-1.));
#8868=DIRECTION('ref_axis',(-1.,-6.80011602582909E-15,-2.53765262771464E-16));
#8869=DIRECTION('center_axis',(2.53765262771464E-16,0.,-1.));
#8870=DIRECTION('ref_axis',(-1.,-6.80011602582909E-15,-2.53765262771464E-16));
#8871=DIRECTION('center_axis',(2.53765262771464E-16,0.,-1.));
#8872=DIRECTION('ref_axis',(-1.,-6.80011602582909E-15,-2.53765262771464E-16));
#8873=DIRECTION('center_axis',(2.53765262771464E-16,0.,-1.));
#8874=DIRECTION('ref_axis',(-1.,-6.80011602582909E-15,-2.53765262771464E-16));
#8875=DIRECTION('center_axis',(2.53765262771464E-16,0.,-1.));
#8876=DIRECTION('ref_axis',(-1.,-6.80011602582909E-15,-2.53765262771464E-16));
#8877=DIRECTION('center_axis',(2.53765262771464E-16,0.,-1.));
#8878=DIRECTION('ref_axis',(-1.,-6.80011602582909E-15,-2.53765262771464E-16));
#8879=DIRECTION('center_axis',(2.53765262771464E-16,0.,-1.));
#8880=DIRECTION('ref_axis',(-1.,-6.80011602582909E-15,-2.53765262771464E-16));
#8881=DIRECTION('center_axis',(2.53765262771464E-16,0.,-1.));
#8882=DIRECTION('ref_axis',(-1.,-6.80011602582909E-15,-2.53765262771464E-16));
#8883=DIRECTION('center_axis',(2.53765262771464E-16,0.,-1.));
#8884=DIRECTION('ref_axis',(-1.,-6.80011602582909E-15,-2.53765262771464E-16));
#8885=DIRECTION('center_axis',(2.53765262771464E-16,0.,-1.));
#8886=DIRECTION('ref_axis',(-1.,-6.80011602582909E-15,-2.53765262771464E-16));
#8887=DIRECTION('center_axis',(2.53765262771464E-16,0.,-1.));
#8888=DIRECTION('ref_axis',(-1.,-6.80011602582909E-15,-2.53765262771464E-16));
#8889=DIRECTION('center_axis',(2.53765262771464E-16,0.,-1.));
#8890=DIRECTION('ref_axis',(-1.,-6.80011602582909E-15,-2.53765262771464E-16));
#8891=DIRECTION('center_axis',(2.53765262771464E-16,0.,-1.));
#8892=DIRECTION('ref_axis',(-1.,-6.80011602582909E-15,-2.53765262771464E-16));
#8893=DIRECTION('center_axis',(2.53765262771464E-16,0.,-1.));
#8894=DIRECTION('ref_axis',(-1.,-6.80011602582909E-15,-2.53765262771464E-16));
#8895=DIRECTION('center_axis',(2.53765262771464E-16,0.,-1.));
#8896=DIRECTION('ref_axis',(-1.,-6.80011602582909E-15,-2.53765262771464E-16));
#8897=DIRECTION('center_axis',(2.53765262771464E-16,0.,-1.));
#8898=DIRECTION('ref_axis',(-1.,-6.80011602582909E-15,-2.53765262771464E-16));
#8899=DIRECTION('center_axis',(2.53765262771464E-16,0.,-1.));
#8900=DIRECTION('ref_axis',(-1.,-6.80011602582909E-15,-2.53765262771464E-16));
#8901=DIRECTION('center_axis',(2.53765262771464E-16,0.,-1.));
#8902=DIRECTION('ref_axis',(-1.,-6.80011602582909E-15,-2.53765262771464E-16));
#8903=DIRECTION('center_axis',(2.53765262771464E-16,0.,-1.));
#8904=DIRECTION('ref_axis',(-1.,-6.80011602582909E-15,-2.53765262771464E-16));
#8905=DIRECTION('center_axis',(2.53765262771464E-16,0.,-1.));
#8906=DIRECTION('ref_axis',(-1.,-6.80011602582909E-15,-2.53765262771464E-16));
#8907=DIRECTION('center_axis',(2.53765262771464E-16,0.,-1.));
#8908=DIRECTION('ref_axis',(-1.,-6.80011602582909E-15,-2.53765262771464E-16));
#8909=DIRECTION('center_axis',(2.53765262771464E-16,0.,-1.));
#8910=DIRECTION('ref_axis',(-1.,-6.80011602582909E-15,-2.53765262771464E-16));
#8911=DIRECTION('center_axis',(2.53765262771464E-16,0.,-1.));
#8912=DIRECTION('ref_axis',(-1.,-6.80011602582909E-15,-2.53765262771464E-16));
#8913=DIRECTION('center_axis',(2.53765262771464E-16,0.,-1.));
#8914=DIRECTION('ref_axis',(-1.,-6.80011602582909E-15,-2.53765262771464E-16));
#8915=DIRECTION('center_axis',(2.53765262771464E-16,0.,-1.));
#8916=DIRECTION('ref_axis',(-1.,-6.80011602582909E-15,-2.53765262771464E-16));
#8917=DIRECTION('center_axis',(2.53765262771464E-16,0.,-1.));
#8918=DIRECTION('ref_axis',(-1.,-6.80011602582909E-15,-2.53765262771464E-16));
#8919=DIRECTION('center_axis',(2.53765262771464E-16,0.,-1.));
#8920=DIRECTION('ref_axis',(-1.,-6.80011602582909E-15,-2.53765262771464E-16));
#8921=DIRECTION('center_axis',(2.53765262771464E-16,0.,-1.));
#8922=DIRECTION('ref_axis',(-1.,-6.80011602582909E-15,-2.53765262771464E-16));
#8923=DIRECTION('center_axis',(2.53765262771464E-16,0.,-1.));
#8924=DIRECTION('ref_axis',(-1.,-6.80011602582909E-15,-2.53765262771464E-16));
#8925=DIRECTION('center_axis',(2.53765262771464E-16,0.,-1.));
#8926=DIRECTION('ref_axis',(-1.,-6.80011602582909E-15,-2.53765262771464E-16));
#8927=DIRECTION('center_axis',(2.53765262771464E-16,0.,-1.));
#8928=DIRECTION('ref_axis',(-1.,-6.80011602582909E-15,-2.53765262771464E-16));
#8929=DIRECTION('center_axis',(2.53765262771464E-16,0.,-1.));
#8930=DIRECTION('ref_axis',(-1.,-6.80011602582909E-15,-2.53765262771464E-16));
#8931=DIRECTION('center_axis',(2.53765262771464E-16,0.,-1.));
#8932=DIRECTION('ref_axis',(-1.,-6.80011602582909E-15,-2.53765262771464E-16));
#8933=DIRECTION('center_axis',(2.53765262771464E-16,0.,-1.));
#8934=DIRECTION('ref_axis',(-1.,-6.80011602582909E-15,-2.53765262771464E-16));
#8935=DIRECTION('center_axis',(2.53765262771464E-16,0.,-1.));
#8936=DIRECTION('ref_axis',(-1.,-6.80011602582909E-15,-2.53765262771464E-16));
#8937=DIRECTION('center_axis',(2.53765262771464E-16,0.,-1.));
#8938=DIRECTION('ref_axis',(-1.,-6.80011602582909E-15,-2.53765262771464E-16));
#8939=DIRECTION('center_axis',(2.53765262771464E-16,0.,-1.));
#8940=DIRECTION('ref_axis',(-1.,-6.80011602582909E-15,-2.53765262771464E-16));
#8941=DIRECTION('center_axis',(2.53765262771464E-16,0.,-1.));
#8942=DIRECTION('ref_axis',(-1.,-6.80011602582909E-15,-2.53765262771464E-16));
#8943=DIRECTION('center_axis',(2.53765262771464E-16,0.,-1.));
#8944=DIRECTION('ref_axis',(-1.,-6.80011602582909E-15,-2.53765262771464E-16));
#8945=DIRECTION('center_axis',(2.53765262771464E-16,0.,-1.));
#8946=DIRECTION('ref_axis',(-1.,-6.80011602582909E-15,-2.53765262771464E-16));
#8947=DIRECTION('center_axis',(2.53765262771464E-16,0.,-1.));
#8948=DIRECTION('ref_axis',(-1.,-6.80011602582909E-15,-2.53765262771464E-16));
#8949=DIRECTION('center_axis',(2.53765262771464E-16,0.,-1.));
#8950=DIRECTION('ref_axis',(-1.,-6.80011602582909E-15,-2.53765262771464E-16));
#8951=DIRECTION('center_axis',(2.53765262771464E-16,0.,-1.));
#8952=DIRECTION('ref_axis',(-1.,-6.80011602582909E-15,-2.53765262771464E-16));
#8953=DIRECTION('center_axis',(2.53765262771464E-16,0.,-1.));
#8954=DIRECTION('ref_axis',(-1.,-6.80011602582909E-15,-2.53765262771464E-16));
#8955=DIRECTION('center_axis',(2.53765262771464E-16,0.,-1.));
#8956=DIRECTION('ref_axis',(-1.,-6.80011602582909E-15,-2.53765262771464E-16));
#8957=DIRECTION('center_axis',(2.53765262771464E-16,0.,-1.));
#8958=DIRECTION('ref_axis',(-1.,-6.80011602582909E-15,-2.53765262771464E-16));
#8959=DIRECTION('center_axis',(2.53765262771464E-16,0.,-1.));
#8960=DIRECTION('ref_axis',(-1.,-6.80011602582909E-15,-2.53765262771464E-16));
#8961=DIRECTION('center_axis',(2.53765262771464E-16,0.,-1.));
#8962=DIRECTION('ref_axis',(-1.,-6.80011602582909E-15,-2.53765262771464E-16));
#8963=DIRECTION('center_axis',(2.53765262771464E-16,0.,-1.));
#8964=DIRECTION('ref_axis',(-1.,-6.80011602582909E-15,-2.53765262771464E-16));
#8965=DIRECTION('center_axis',(2.53765262771464E-16,0.,-1.));
#8966=DIRECTION('ref_axis',(-1.,-6.80011602582909E-15,-2.53765262771464E-16));
#8967=DIRECTION('center_axis',(2.53765262771464E-16,0.,-1.));
#8968=DIRECTION('ref_axis',(-1.,-6.80011602582909E-15,-2.53765262771464E-16));
#8969=DIRECTION('center_axis',(2.53765262771464E-16,0.,-1.));
#8970=DIRECTION('ref_axis',(-1.,-6.80011602582909E-15,-2.53765262771464E-16));
#8971=DIRECTION('center_axis',(2.53765262771464E-16,0.,-1.));
#8972=DIRECTION('ref_axis',(-1.,-6.80011602582909E-15,-2.53765262771464E-16));
#8973=DIRECTION('center_axis',(2.53765262771464E-16,0.,-1.));
#8974=DIRECTION('ref_axis',(-1.,-6.80011602582909E-15,-2.53765262771464E-16));
#8975=DIRECTION('center_axis',(2.53765262771464E-16,0.,-1.));
#8976=DIRECTION('ref_axis',(-1.,-6.80011602582909E-15,-2.53765262771464E-16));
#8977=DIRECTION('center_axis',(2.53765262771464E-16,0.,-1.));
#8978=DIRECTION('ref_axis',(-1.,-6.80011602582909E-15,-2.53765262771464E-16));
#8979=DIRECTION('center_axis',(2.53765262771464E-16,0.,-1.));
#8980=DIRECTION('ref_axis',(-1.,-6.80011602582909E-15,-2.53765262771464E-16));
#8981=DIRECTION('center_axis',(2.53765262771464E-16,0.,-1.));
#8982=DIRECTION('ref_axis',(-1.,-6.80011602582909E-15,-2.53765262771464E-16));
#8983=DIRECTION('center_axis',(2.53765262771464E-16,0.,-1.));
#8984=DIRECTION('ref_axis',(-1.,-6.80011602582909E-15,-2.53765262771464E-16));
#8985=DIRECTION('center_axis',(2.53765262771464E-16,0.,-1.));
#8986=DIRECTION('ref_axis',(-1.,-6.80011602582909E-15,-2.53765262771464E-16));
#8987=DIRECTION('center_axis',(2.53765262771464E-16,0.,-1.));
#8988=DIRECTION('ref_axis',(-1.,-6.80011602582909E-15,-2.53765262771464E-16));
#8989=DIRECTION('center_axis',(2.53765262771464E-16,0.,-1.));
#8990=DIRECTION('ref_axis',(-1.,-6.80011602582909E-15,-2.53765262771464E-16));
#8991=DIRECTION('center_axis',(2.53765262771464E-16,0.,-1.));
#8992=DIRECTION('ref_axis',(-1.,-6.80011602582909E-15,-2.53765262771464E-16));
#8993=DIRECTION('center_axis',(2.53765262771464E-16,0.,-1.));
#8994=DIRECTION('ref_axis',(-1.,-6.80011602582909E-15,-2.53765262771464E-16));
#8995=DIRECTION('center_axis',(2.53765262771464E-16,0.,-1.));
#8996=DIRECTION('ref_axis',(-1.,-6.80011602582909E-15,-2.53765262771464E-16));
#8997=DIRECTION('center_axis',(2.53765262771464E-16,0.,-1.));
#8998=DIRECTION('ref_axis',(-1.,-6.80011602582909E-15,-2.53765262771464E-16));
#8999=DIRECTION('center_axis',(2.53765262771464E-16,0.,-1.));
#9000=DIRECTION('ref_axis',(-1.,-6.80011602582909E-15,-2.53765262771464E-16));
#9001=DIRECTION('center_axis',(2.53765262771464E-16,0.,-1.));
#9002=DIRECTION('ref_axis',(-1.,-6.80011602582909E-15,-2.53765262771464E-16));
#9003=DIRECTION('center_axis',(2.53765262771464E-16,0.,-1.));
#9004=DIRECTION('ref_axis',(-1.,-6.80011602582909E-15,-2.53765262771464E-16));
#9005=DIRECTION('center_axis',(2.53765262771464E-16,0.,-1.));
#9006=DIRECTION('ref_axis',(-1.,-6.80011602582909E-15,-2.53765262771464E-16));
#9007=DIRECTION('center_axis',(-2.53765262771464E-16,0.,1.));
#9008=DIRECTION('ref_axis',(0.707106781186547,-0.707106781186548,1.79439138135288E-16));
#9009=DIRECTION('center_axis',(-2.22044604925031E-16,8.67361737988254E-18,
1.));
#9010=DIRECTION('ref_axis',(0.707106781186547,-0.707106781186548,1.79439138135288E-16));
#9011=DIRECTION('',(-2.53765262771464E-16,0.,1.));
#9012=DIRECTION('',(2.53765262771464E-16,0.,-1.));
#9013=DIRECTION('center_axis',(1.,-1.01585406753202E-15,2.53765262771464E-16));
#9014=DIRECTION('ref_axis',(1.01585406753202E-15,1.,-8.67361737988231E-18));
#9015=DIRECTION('',(1.01585406753202E-15,1.,-8.67361737988231E-18));
#9016=DIRECTION('',(2.53765262771464E-16,0.,-1.));
#9017=DIRECTION('',(1.01585406753202E-15,1.,-8.67361737988231E-18));
#9018=DIRECTION('center_axis',(-1.,1.01585406753202E-15,-2.53765262771464E-16));
#9019=DIRECTION('ref_axis',(-2.55223683821874E-16,8.67361737988257E-18,
1.));
#9020=DIRECTION('',(-1.01585406753202E-15,-1.,8.67361737988231E-18));
#9021=DIRECTION('center_axis',(-1.,1.01585406753202E-15,-2.53765262771464E-16));
#9022=DIRECTION('ref_axis',(-2.55223683821874E-16,8.67361737988257E-18,
1.));
#9023=DIRECTION('center_axis',(-2.22044604925031E-16,8.67361737988254E-18,
1.));
#9024=DIRECTION('ref_axis',(1.,0.,2.22044604925031E-16));
#9025=DIRECTION('',(1.,-7.49400541621978E-16,2.22044604925031E-16));
#9026=DIRECTION('center_axis',(-2.22044604925031E-16,8.67361737988254E-18,
1.));
#9027=DIRECTION('ref_axis',(-0.707106781186549,-0.707106781186546,-1.7943913813529E-16));
#9028=DIRECTION('',(-1.01585406753202E-15,-1.,8.67361737988231E-18));
#9029=DIRECTION('center_axis',(-2.22044604925031E-16,8.67361737988254E-18,
1.));
#9030=DIRECTION('ref_axis',(-0.707106781186546,0.707106781186549,-1.79439138135288E-16));
#9031=DIRECTION('',(-1.,9.71445146547009E-16,-2.22044604925031E-16));
#9032=DIRECTION('center_axis',(-2.22044604925031E-16,8.67361737988254E-18,
1.));
#9033=DIRECTION('ref_axis',(0.707106781186549,0.707106781186546,1.7943913813529E-16));
#9034=DIRECTION('center_axis',(-2.53765262771464E-16,0.,1.));
#9035=DIRECTION('ref_axis',(0.707106781186549,0.707106781186546,1.7943913813529E-16));
#9036=DIRECTION('',(-2.53765262771464E-16,0.,1.));
#9037=DIRECTION('center_axis',(9.71445146547009E-16,1.,2.46519032881565E-31));
#9038=DIRECTION('ref_axis',(-1.,9.71445146547009E-16,-2.22044604925031E-16));
#9039=DIRECTION('',(2.53765262771464E-16,0.,-1.));
#9040=DIRECTION('center_axis',(-2.53765262771464E-16,0.,1.));
#9041=DIRECTION('ref_axis',(-0.707106781186546,0.707106781186549,-1.79439138135288E-16));
#9042=DIRECTION('',(-2.53765262771464E-16,0.,1.));
#9043=DIRECTION('center_axis',(-1.,1.01585406753202E-15,-2.53765262771464E-16));
#9044=DIRECTION('ref_axis',(-1.01585406753202E-15,-1.,8.67361737988231E-18));
#9045=DIRECTION('',(2.53765262771464E-16,0.,-1.));
#9046=DIRECTION('',(-1.01585406753202E-15,-1.,8.67361737988231E-18));
#9047=DIRECTION('',(-1.01585406753202E-15,-1.,8.67361737988231E-18));
#9048=DIRECTION('',(-1.01585406753202E-15,-1.,8.67361737988231E-18));
#9049=DIRECTION('',(-1.01585406753202E-15,-1.,8.67361737988231E-18));
#9050=DIRECTION('',(-1.01585406753202E-15,-1.,8.67361737988231E-18));
#9051=DIRECTION('center_axis',(1.,-1.01585406753202E-15,2.53765262771464E-16));
#9052=DIRECTION('ref_axis',(-2.55223683821874E-16,8.67361737988257E-18,
1.));
#9053=DIRECTION('',(1.01585406753202E-15,1.,-8.67361737988231E-18));
#9054=DIRECTION('center_axis',(1.,-1.01585406753202E-15,2.53765262771464E-16));
#9055=DIRECTION('ref_axis',(-2.55223683821874E-16,8.67361737988257E-18,
1.));
#9056=DIRECTION('center_axis',(-2.53765262771464E-16,0.,1.));
#9057=DIRECTION('ref_axis',(-0.707106781186549,-0.707106781186546,-1.7943913813529E-16));
#9058=DIRECTION('',(-2.53765262771464E-16,0.,1.));
#9059=DIRECTION('center_axis',(-7.49400541621978E-16,-1.,-1.90171825365779E-31));
#9060=DIRECTION('ref_axis',(1.,-7.49400541621978E-16,2.22044604925031E-16));
#9061=DIRECTION('center_axis',(-2.53765262771464E-16,0.,1.));
#9062=DIRECTION('ref_axis',(0.707106781186541,0.707106781186554,1.79439138135287E-16));
#9063=DIRECTION('center_axis',(-2.22044604925031E-16,8.67361737988254E-18,
1.));
#9064=DIRECTION('ref_axis',(0.707106781186541,0.707106781186554,1.79439138135287E-16));
#9065=DIRECTION('',(-2.53765262771464E-16,0.,1.));
#9066=DIRECTION('',(2.53765262771464E-16,0.,-1.));
#9067=DIRECTION('center_axis',(-6.80011602582909E-15,1.,-1.72563323017096E-30));
#9068=DIRECTION('ref_axis',(-1.,-6.80011602582909E-15,-2.22044604925031E-16));
#9069=DIRECTION('',(-1.,-6.80011602582909E-15,-2.22044604925031E-16));
#9070=DIRECTION('',(2.53765262771464E-16,0.,-1.));
#9071=DIRECTION('center_axis',(-2.22044604925031E-16,8.67361737988254E-18,
1.));
#9072=DIRECTION('ref_axis',(1.,0.,2.22044604925031E-16));
#9073=DIRECTION('',(-6.8889338677991E-15,1.,-8.67361737988407E-18));
#9074=DIRECTION('center_axis',(-2.22044604925031E-16,8.67361737988254E-18,
1.));
#9075=DIRECTION('ref_axis',(0.707106781186553,-0.707106781186542,1.7943913813529E-16));
#9076=DIRECTION('',(1.,6.80011602582909E-15,2.22044604925031E-16));
#9077=DIRECTION('center_axis',(-2.22044604925031E-16,8.67361737988254E-18,
1.));
#9078=DIRECTION('ref_axis',(-0.707106781186542,-0.707106781186553,-1.79439138135288E-16));
#9079=DIRECTION('',(6.97775170976911E-15,-1.,8.67361737988409E-18));
#9080=DIRECTION('center_axis',(-2.22044604925031E-16,8.67361737988254E-18,
1.));
#9081=DIRECTION('ref_axis',(-0.707106781186552,0.707106781186543,-1.7943913813529E-16));
#9082=DIRECTION('center_axis',(-2.53765262771464E-16,0.,1.));
#9083=DIRECTION('ref_axis',(-0.707106781186552,0.707106781186543,-1.7943913813529E-16));
#9084=DIRECTION('',(-2.53765262771464E-16,0.,1.));
#9085=DIRECTION('center_axis',(-1.,-6.97775170976911E-15,-2.53765262771464E-16));
#9086=DIRECTION('ref_axis',(6.97775170976911E-15,-1.,8.67361737988409E-18));
#9087=DIRECTION('',(2.53765262771464E-16,0.,-1.));
#9088=DIRECTION('',(6.97775170976911E-15,-1.,8.67361737988435E-18));
#9089=DIRECTION('center_axis',(1.,6.97775170976911E-15,2.53765262771464E-16));
#9090=DIRECTION('ref_axis',(-2.55223683821874E-16,8.67361737988257E-18,
1.));
#9091=DIRECTION('',(-6.97775170976911E-15,1.,-8.67361737988435E-18));
#9092=DIRECTION('center_axis',(1.,6.97775170976911E-15,2.53765262771464E-16));
#9093=DIRECTION('ref_axis',(-2.55223683821874E-16,8.67361737988257E-18,
1.));
#9094=DIRECTION('center_axis',(-2.53765262771464E-16,0.,1.));
#9095=DIRECTION('ref_axis',(-0.707106781186542,-0.707106781186553,-1.79439138135288E-16));
#9096=DIRECTION('',(-2.53765262771464E-16,0.,1.));
#9097=DIRECTION('center_axis',(6.80011602582909E-15,-1.,1.72563323017096E-30));
#9098=DIRECTION('ref_axis',(1.,6.80011602582909E-15,2.22044604925031E-16));
#9099=DIRECTION('',(2.53765262771464E-16,0.,-1.));
#9100=DIRECTION('center_axis',(-2.53765262771464E-16,0.,1.));
#9101=DIRECTION('ref_axis',(0.707106781186553,-0.707106781186542,1.7943913813529E-16));
#9102=DIRECTION('',(-2.53765262771464E-16,0.,1.));
#9103=DIRECTION('center_axis',(0.,0.,1.));
#9104=DIRECTION('ref_axis',(-1.,-6.80011602582909E-15,0.));
#9105=DIRECTION('center_axis',(2.53765262771464E-16,0.,-1.));
#9106=DIRECTION('ref_axis',(-1.,-6.80011602582909E-15,-2.53765262771464E-16));
#9107=DIRECTION('',(0.,0.,-1.));
#9108=DIRECTION('center_axis',(0.,0.,1.));
#9109=DIRECTION('ref_axis',(-1.,-6.80011602582909E-15,0.));
#9110=DIRECTION('center_axis',(2.53765262771464E-16,0.,-1.));
#9111=DIRECTION('ref_axis',(-1.,-6.80011602582909E-15,-2.53765262771464E-16));
#9112=DIRECTION('',(0.,0.,-1.));
#9113=DIRECTION('center_axis',(-2.53765262771464E-16,0.,1.));
#9114=DIRECTION('ref_axis',(-1.,-6.80011602582909E-15,0.));
#9115=DIRECTION('center_axis',(0.,0.,1.));
#9116=DIRECTION('ref_axis',(-1.,-6.80011602582909E-15,0.));
#9117=DIRECTION('center_axis',(2.53765262771464E-16,0.,-1.));
#9118=DIRECTION('ref_axis',(-1.,-6.80011602582909E-15,-2.53765262771464E-16));
#9119=DIRECTION('',(0.,0.,-1.));
#9120=DIRECTION('center_axis',(0.,0.,1.));
#9121=DIRECTION('ref_axis',(-1.,-6.80011602582909E-15,0.));
#9122=DIRECTION('center_axis',(2.53765262771464E-16,0.,-1.));
#9123=DIRECTION('ref_axis',(-1.,-6.80011602582909E-15,-2.53765262771464E-16));
#9124=DIRECTION('',(0.,0.,-1.));
#9125=DIRECTION('center_axis',(0.,0.,1.));
#9126=DIRECTION('ref_axis',(-1.,-6.80011602582909E-15,0.));
#9127=DIRECTION('center_axis',(2.53765262771464E-16,0.,-1.));
#9128=DIRECTION('ref_axis',(-1.,-6.80011602582909E-15,-2.53765262771464E-16));
#9129=DIRECTION('',(0.,0.,-1.));
#9130=DIRECTION('center_axis',(0.,0.,1.));
#9131=DIRECTION('ref_axis',(-1.,-6.80011602582909E-15,0.));
#9132=DIRECTION('center_axis',(2.53765262771464E-16,0.,-1.));
#9133=DIRECTION('ref_axis',(-1.,-6.80011602582909E-15,-2.53765262771464E-16));
#9134=DIRECTION('',(0.,0.,-1.));
#9135=DIRECTION('center_axis',(0.,0.,1.));
#9136=DIRECTION('ref_axis',(-1.,-6.80011602582909E-15,0.));
#9137=DIRECTION('center_axis',(2.53765262771464E-16,0.,-1.));
#9138=DIRECTION('ref_axis',(-1.,-6.80011602582909E-15,-2.53765262771464E-16));
#9139=DIRECTION('',(0.,0.,-1.));
#9140=DIRECTION('center_axis',(0.,0.,1.));
#9141=DIRECTION('ref_axis',(-1.,-6.80011602582909E-15,0.));
#9142=DIRECTION('center_axis',(2.53765262771464E-16,0.,-1.));
#9143=DIRECTION('ref_axis',(-1.,-6.80011602582909E-15,-2.53765262771464E-16));
#9144=DIRECTION('',(0.,0.,-1.));
#9145=DIRECTION('center_axis',(0.,0.,1.));
#9146=DIRECTION('ref_axis',(-1.,-6.80011602582909E-15,0.));
#9147=DIRECTION('center_axis',(2.53765262771464E-16,0.,-1.));
#9148=DIRECTION('ref_axis',(-1.,-6.80011602582909E-15,-2.53765262771464E-16));
#9149=DIRECTION('',(0.,0.,-1.));
#9150=DIRECTION('center_axis',(0.,0.,1.));
#9151=DIRECTION('ref_axis',(-1.,-6.80011602582909E-15,0.));
#9152=DIRECTION('center_axis',(2.53765262771464E-16,0.,-1.));
#9153=DIRECTION('ref_axis',(-1.,-6.80011602582909E-15,-2.53765262771464E-16));
#9154=DIRECTION('',(0.,0.,-1.));
#9155=DIRECTION('center_axis',(0.,0.,1.));
#9156=DIRECTION('ref_axis',(-1.,-6.80011602582909E-15,0.));
#9157=DIRECTION('center_axis',(2.53765262771464E-16,0.,-1.));
#9158=DIRECTION('ref_axis',(-1.,-6.80011602582909E-15,-2.53765262771464E-16));
#9159=DIRECTION('',(0.,0.,-1.));
#9160=DIRECTION('center_axis',(0.,0.,1.));
#9161=DIRECTION('ref_axis',(-1.,-6.80011602582909E-15,0.));
#9162=DIRECTION('center_axis',(2.53765262771464E-16,0.,-1.));
#9163=DIRECTION('ref_axis',(-1.,-6.80011602582909E-15,-2.53765262771464E-16));
#9164=DIRECTION('',(0.,0.,-1.));
#9165=DIRECTION('center_axis',(0.,0.,1.));
#9166=DIRECTION('ref_axis',(-1.,-6.80011602582909E-15,0.));
#9167=DIRECTION('center_axis',(2.53765262771464E-16,0.,-1.));
#9168=DIRECTION('ref_axis',(-1.,-6.80011602582909E-15,-2.53765262771464E-16));
#9169=DIRECTION('',(0.,0.,-1.));
#9170=DIRECTION('center_axis',(0.,0.,1.));
#9171=DIRECTION('ref_axis',(-1.,-6.80011602582909E-15,0.));
#9172=DIRECTION('center_axis',(2.53765262771464E-16,0.,-1.));
#9173=DIRECTION('ref_axis',(-1.,-6.80011602582909E-15,-2.53765262771464E-16));
#9174=DIRECTION('',(0.,0.,-1.));
#9175=DIRECTION('center_axis',(0.,0.,1.));
#9176=DIRECTION('ref_axis',(-1.,-6.80011602582909E-15,0.));
#9177=DIRECTION('center_axis',(2.53765262771464E-16,0.,-1.));
#9178=DIRECTION('ref_axis',(-1.,-6.80011602582909E-15,-2.53765262771464E-16));
#9179=DIRECTION('',(0.,0.,-1.));
#9180=DIRECTION('center_axis',(0.,0.,1.));
#9181=DIRECTION('ref_axis',(-1.,-6.80011602582909E-15,0.));
#9182=DIRECTION('center_axis',(2.53765262771464E-16,0.,-1.));
#9183=DIRECTION('ref_axis',(-1.,-6.80011602582909E-15,-2.53765262771464E-16));
#9184=DIRECTION('',(0.,0.,-1.));
#9185=DIRECTION('center_axis',(0.,0.,1.));
#9186=DIRECTION('ref_axis',(-1.,-6.80011602582909E-15,0.));
#9187=DIRECTION('center_axis',(2.53765262771464E-16,0.,-1.));
#9188=DIRECTION('ref_axis',(-1.,-6.80011602582909E-15,-2.53765262771464E-16));
#9189=DIRECTION('',(0.,0.,-1.));
#9190=DIRECTION('center_axis',(0.,0.,1.));
#9191=DIRECTION('ref_axis',(-1.,-6.80011602582909E-15,0.));
#9192=DIRECTION('center_axis',(2.53765262771464E-16,0.,-1.));
#9193=DIRECTION('ref_axis',(-1.,-6.80011602582909E-15,-2.53765262771464E-16));
#9194=DIRECTION('',(0.,0.,-1.));
#9195=DIRECTION('center_axis',(0.,0.,1.));
#9196=DIRECTION('ref_axis',(-1.,-6.80011602582909E-15,0.));
#9197=DIRECTION('center_axis',(2.53765262771464E-16,0.,-1.));
#9198=DIRECTION('ref_axis',(-1.,-6.80011602582909E-15,-2.53765262771464E-16));
#9199=DIRECTION('',(0.,0.,-1.));
#9200=DIRECTION('center_axis',(0.,0.,1.));
#9201=DIRECTION('ref_axis',(-1.,-6.80011602582909E-15,0.));
#9202=DIRECTION('center_axis',(2.53765262771464E-16,0.,-1.));
#9203=DIRECTION('ref_axis',(-1.,-6.80011602582909E-15,-2.53765262771464E-16));
#9204=DIRECTION('',(0.,0.,-1.));
#9205=DIRECTION('center_axis',(0.,0.,1.));
#9206=DIRECTION('ref_axis',(-1.,-6.80011602582909E-15,0.));
#9207=DIRECTION('center_axis',(2.53765262771464E-16,0.,-1.));
#9208=DIRECTION('ref_axis',(-1.,-6.80011602582909E-15,-2.53765262771464E-16));
#9209=DIRECTION('',(0.,0.,-1.));
#9210=DIRECTION('center_axis',(0.,0.,1.));
#9211=DIRECTION('ref_axis',(-1.,-6.80011602582909E-15,0.));
#9212=DIRECTION('center_axis',(2.53765262771464E-16,0.,-1.));
#9213=DIRECTION('ref_axis',(-1.,-6.80011602582909E-15,-2.53765262771464E-16));
#9214=DIRECTION('',(0.,0.,-1.));
#9215=DIRECTION('center_axis',(0.,0.,1.));
#9216=DIRECTION('ref_axis',(-1.,-6.80011602582909E-15,0.));
#9217=DIRECTION('center_axis',(2.53765262771464E-16,0.,-1.));
#9218=DIRECTION('ref_axis',(-1.,-6.80011602582909E-15,-2.53765262771464E-16));
#9219=DIRECTION('',(0.,0.,-1.));
#9220=DIRECTION('center_axis',(0.,0.,1.));
#9221=DIRECTION('ref_axis',(-1.,-6.80011602582909E-15,0.));
#9222=DIRECTION('center_axis',(2.53765262771464E-16,0.,-1.));
#9223=DIRECTION('ref_axis',(-1.,-6.80011602582909E-15,-2.53765262771464E-16));
#9224=DIRECTION('',(0.,0.,-1.));
#9225=DIRECTION('center_axis',(0.,0.,1.));
#9226=DIRECTION('ref_axis',(-1.,-6.80011602582909E-15,0.));
#9227=DIRECTION('center_axis',(2.53765262771464E-16,0.,-1.));
#9228=DIRECTION('ref_axis',(-1.,-6.80011602582909E-15,-2.53765262771464E-16));
#9229=DIRECTION('',(0.,0.,-1.));
#9230=DIRECTION('center_axis',(0.,0.,1.));
#9231=DIRECTION('ref_axis',(-1.,-6.80011602582909E-15,0.));
#9232=DIRECTION('center_axis',(2.53765262771464E-16,0.,-1.));
#9233=DIRECTION('ref_axis',(-1.,-6.80011602582909E-15,-2.53765262771464E-16));
#9234=DIRECTION('',(0.,0.,-1.));
#9235=DIRECTION('center_axis',(0.,0.,1.));
#9236=DIRECTION('ref_axis',(-1.,-6.80011602582909E-15,0.));
#9237=DIRECTION('center_axis',(2.53765262771464E-16,0.,-1.));
#9238=DIRECTION('ref_axis',(-1.,-6.80011602582909E-15,-2.53765262771464E-16));
#9239=DIRECTION('',(0.,0.,-1.));
#9240=DIRECTION('center_axis',(0.,0.,1.));
#9241=DIRECTION('ref_axis',(-1.,-6.80011602582909E-15,0.));
#9242=DIRECTION('center_axis',(2.53765262771464E-16,0.,-1.));
#9243=DIRECTION('ref_axis',(-1.,-6.80011602582909E-15,-2.53765262771464E-16));
#9244=DIRECTION('',(0.,0.,-1.));
#9245=DIRECTION('center_axis',(0.,0.,1.));
#9246=DIRECTION('ref_axis',(-1.,-6.80011602582909E-15,0.));
#9247=DIRECTION('center_axis',(2.53765262771464E-16,0.,-1.));
#9248=DIRECTION('ref_axis',(-1.,-6.80011602582909E-15,-2.53765262771464E-16));
#9249=DIRECTION('',(0.,0.,-1.));
#9250=DIRECTION('center_axis',(0.,0.,1.));
#9251=DIRECTION('ref_axis',(-1.,-6.80011602582909E-15,0.));
#9252=DIRECTION('center_axis',(2.53765262771464E-16,0.,-1.));
#9253=DIRECTION('ref_axis',(-1.,-6.80011602582909E-15,-2.53765262771464E-16));
#9254=DIRECTION('',(0.,0.,-1.));
#9255=DIRECTION('center_axis',(0.,0.,1.));
#9256=DIRECTION('ref_axis',(-1.,-6.80011602582909E-15,0.));
#9257=DIRECTION('center_axis',(2.53765262771464E-16,0.,-1.));
#9258=DIRECTION('ref_axis',(-1.,-6.80011602582909E-15,-2.53765262771464E-16));
#9259=DIRECTION('',(0.,0.,-1.));
#9260=DIRECTION('center_axis',(0.,0.,1.));
#9261=DIRECTION('ref_axis',(-1.,-6.80011602582909E-15,0.));
#9262=DIRECTION('center_axis',(2.53765262771464E-16,0.,-1.));
#9263=DIRECTION('ref_axis',(-1.,-6.80011602582909E-15,-2.53765262771464E-16));
#9264=DIRECTION('',(0.,0.,-1.));
#9265=DIRECTION('center_axis',(0.,0.,1.));
#9266=DIRECTION('ref_axis',(-1.,-6.80011602582909E-15,0.));
#9267=DIRECTION('center_axis',(2.53765262771464E-16,0.,-1.));
#9268=DIRECTION('ref_axis',(-1.,-6.80011602582909E-15,-2.53765262771464E-16));
#9269=DIRECTION('',(0.,0.,-1.));
#9270=DIRECTION('center_axis',(0.,0.,1.));
#9271=DIRECTION('ref_axis',(-1.,-6.80011602582909E-15,0.));
#9272=DIRECTION('center_axis',(2.53765262771464E-16,0.,-1.));
#9273=DIRECTION('ref_axis',(-1.,-6.80011602582909E-15,-2.53765262771464E-16));
#9274=DIRECTION('',(0.,0.,-1.));
#9275=DIRECTION('center_axis',(0.,0.,1.));
#9276=DIRECTION('ref_axis',(-1.,-6.80011602582909E-15,0.));
#9277=DIRECTION('center_axis',(2.53765262771464E-16,0.,-1.));
#9278=DIRECTION('ref_axis',(-1.,-6.80011602582909E-15,-2.53765262771464E-16));
#9279=DIRECTION('',(0.,0.,-1.));
#9280=DIRECTION('center_axis',(0.,0.,1.));
#9281=DIRECTION('ref_axis',(-1.,-6.80011602582909E-15,0.));
#9282=DIRECTION('center_axis',(2.53765262771464E-16,0.,-1.));
#9283=DIRECTION('ref_axis',(-1.,-6.80011602582909E-15,-2.53765262771464E-16));
#9284=DIRECTION('',(0.,0.,-1.));
#9285=DIRECTION('center_axis',(0.,0.,1.));
#9286=DIRECTION('ref_axis',(-1.,-6.80011602582909E-15,0.));
#9287=DIRECTION('center_axis',(2.53765262771464E-16,0.,-1.));
#9288=DIRECTION('ref_axis',(-1.,-6.80011602582909E-15,-2.53765262771464E-16));
#9289=DIRECTION('',(0.,0.,-1.));
#9290=DIRECTION('center_axis',(0.,0.,1.));
#9291=DIRECTION('ref_axis',(-1.,-6.80011602582909E-15,0.));
#9292=DIRECTION('center_axis',(2.53765262771464E-16,0.,-1.));
#9293=DIRECTION('ref_axis',(-1.,-6.80011602582909E-15,-2.53765262771464E-16));
#9294=DIRECTION('',(0.,0.,-1.));
#9295=DIRECTION('center_axis',(0.,0.,1.));
#9296=DIRECTION('ref_axis',(-1.,-6.80011602582909E-15,0.));
#9297=DIRECTION('center_axis',(2.53765262771464E-16,0.,-1.));
#9298=DIRECTION('ref_axis',(-1.,-6.80011602582909E-15,-2.53765262771464E-16));
#9299=DIRECTION('',(0.,0.,-1.));
#9300=DIRECTION('center_axis',(0.,0.,1.));
#9301=DIRECTION('ref_axis',(-1.,-6.80011602582909E-15,0.));
#9302=DIRECTION('center_axis',(2.53765262771464E-16,0.,-1.));
#9303=DIRECTION('ref_axis',(-1.,-6.80011602582909E-15,-2.53765262771464E-16));
#9304=DIRECTION('',(0.,0.,-1.));
#9305=DIRECTION('center_axis',(0.,0.,1.));
#9306=DIRECTION('ref_axis',(-1.,-6.80011602582909E-15,0.));
#9307=DIRECTION('center_axis',(2.53765262771464E-16,0.,-1.));
#9308=DIRECTION('ref_axis',(-1.,-6.80011602582909E-15,-2.53765262771464E-16));
#9309=DIRECTION('',(0.,0.,-1.));
#9310=DIRECTION('center_axis',(0.,0.,1.));
#9311=DIRECTION('ref_axis',(-1.,-6.80011602582909E-15,0.));
#9312=DIRECTION('center_axis',(2.53765262771464E-16,0.,-1.));
#9313=DIRECTION('ref_axis',(-1.,-6.80011602582909E-15,-2.53765262771464E-16));
#9314=DIRECTION('',(0.,0.,-1.));
#9315=DIRECTION('center_axis',(0.,0.,1.));
#9316=DIRECTION('ref_axis',(-1.,-6.80011602582909E-15,0.));
#9317=DIRECTION('center_axis',(2.53765262771464E-16,0.,-1.));
#9318=DIRECTION('ref_axis',(-1.,-6.80011602582909E-15,-2.53765262771464E-16));
#9319=DIRECTION('',(0.,0.,-1.));
#9320=DIRECTION('center_axis',(0.,0.,1.));
#9321=DIRECTION('ref_axis',(-1.,-6.80011602582909E-15,0.));
#9322=DIRECTION('center_axis',(2.53765262771464E-16,0.,-1.));
#9323=DIRECTION('ref_axis',(-1.,-6.80011602582909E-15,-2.53765262771464E-16));
#9324=DIRECTION('',(0.,0.,-1.));
#9325=DIRECTION('center_axis',(0.,0.,1.));
#9326=DIRECTION('ref_axis',(-1.,-6.80011602582909E-15,0.));
#9327=DIRECTION('center_axis',(2.53765262771464E-16,0.,-1.));
#9328=DIRECTION('ref_axis',(-1.,-6.80011602582909E-15,-2.53765262771464E-16));
#9329=DIRECTION('',(0.,0.,-1.));
#9330=DIRECTION('center_axis',(0.,0.,1.));
#9331=DIRECTION('ref_axis',(-1.,-6.80011602582909E-15,0.));
#9332=DIRECTION('center_axis',(2.53765262771464E-16,0.,-1.));
#9333=DIRECTION('ref_axis',(-1.,-6.80011602582909E-15,-2.53765262771464E-16));
#9334=DIRECTION('',(0.,0.,-1.));
#9335=DIRECTION('center_axis',(0.,0.,1.));
#9336=DIRECTION('ref_axis',(-1.,-6.80011602582909E-15,0.));
#9337=DIRECTION('center_axis',(2.53765262771464E-16,0.,-1.));
#9338=DIRECTION('ref_axis',(-1.,-6.80011602582909E-15,-2.53765262771464E-16));
#9339=DIRECTION('',(0.,0.,-1.));
#9340=DIRECTION('center_axis',(0.,0.,1.));
#9341=DIRECTION('ref_axis',(-1.,-6.80011602582909E-15,0.));
#9342=DIRECTION('center_axis',(2.53765262771464E-16,0.,-1.));
#9343=DIRECTION('ref_axis',(-1.,-6.80011602582909E-15,-2.53765262771464E-16));
#9344=DIRECTION('',(0.,0.,-1.));
#9345=DIRECTION('center_axis',(0.,0.,1.));
#9346=DIRECTION('ref_axis',(-1.,-6.80011602582909E-15,0.));
#9347=DIRECTION('center_axis',(2.53765262771464E-16,0.,-1.));
#9348=DIRECTION('ref_axis',(-1.,-6.80011602582909E-15,-2.53765262771464E-16));
#9349=DIRECTION('',(0.,0.,-1.));
#9350=DIRECTION('center_axis',(0.,0.,1.));
#9351=DIRECTION('ref_axis',(-1.,-6.80011602582909E-15,0.));
#9352=DIRECTION('center_axis',(2.53765262771464E-16,0.,-1.));
#9353=DIRECTION('ref_axis',(-1.,-6.80011602582909E-15,-2.53765262771464E-16));
#9354=DIRECTION('',(0.,0.,-1.));
#9355=DIRECTION('center_axis',(0.,0.,1.));
#9356=DIRECTION('ref_axis',(-1.,-6.80011602582909E-15,0.));
#9357=DIRECTION('center_axis',(2.53765262771464E-16,0.,-1.));
#9358=DIRECTION('ref_axis',(-1.,-6.80011602582909E-15,-2.53765262771464E-16));
#9359=DIRECTION('',(0.,0.,-1.));
#9360=DIRECTION('center_axis',(0.,0.,1.));
#9361=DIRECTION('ref_axis',(-1.,-6.80011602582909E-15,0.));
#9362=DIRECTION('center_axis',(2.53765262771464E-16,0.,-1.));
#9363=DIRECTION('ref_axis',(-1.,-6.80011602582909E-15,-2.53765262771464E-16));
#9364=DIRECTION('',(0.,0.,-1.));
#9365=DIRECTION('center_axis',(0.,0.,1.));
#9366=DIRECTION('ref_axis',(-1.,-6.80011602582909E-15,0.));
#9367=DIRECTION('center_axis',(2.53765262771464E-16,0.,-1.));
#9368=DIRECTION('ref_axis',(-1.,-6.80011602582909E-15,-2.53765262771464E-16));
#9369=DIRECTION('',(0.,0.,-1.));
#9370=DIRECTION('center_axis',(0.,0.,1.));
#9371=DIRECTION('ref_axis',(-1.,-6.80011602582909E-15,0.));
#9372=DIRECTION('center_axis',(2.53765262771464E-16,0.,-1.));
#9373=DIRECTION('ref_axis',(-1.,-6.80011602582909E-15,-2.53765262771464E-16));
#9374=DIRECTION('',(0.,0.,-1.));
#9375=DIRECTION('center_axis',(0.,0.,1.));
#9376=DIRECTION('ref_axis',(-1.,-6.80011602582909E-15,0.));
#9377=DIRECTION('center_axis',(2.53765262771464E-16,0.,-1.));
#9378=DIRECTION('ref_axis',(-1.,-6.80011602582909E-15,-2.53765262771464E-16));
#9379=DIRECTION('',(0.,0.,-1.));
#9380=DIRECTION('center_axis',(0.,0.,1.));
#9381=DIRECTION('ref_axis',(-1.,-6.80011602582909E-15,0.));
#9382=DIRECTION('center_axis',(2.53765262771464E-16,0.,-1.));
#9383=DIRECTION('ref_axis',(-1.,-6.80011602582909E-15,-2.53765262771464E-16));
#9384=DIRECTION('',(0.,0.,-1.));
#9385=DIRECTION('center_axis',(0.,0.,1.));
#9386=DIRECTION('ref_axis',(-1.,-6.80011602582909E-15,0.));
#9387=DIRECTION('center_axis',(2.53765262771464E-16,0.,-1.));
#9388=DIRECTION('ref_axis',(-1.,-6.80011602582909E-15,-2.53765262771464E-16));
#9389=DIRECTION('',(0.,0.,-1.));
#9390=DIRECTION('center_axis',(0.,0.,1.));
#9391=DIRECTION('ref_axis',(-1.,-6.80011602582909E-15,0.));
#9392=DIRECTION('center_axis',(2.53765262771464E-16,0.,-1.));
#9393=DIRECTION('ref_axis',(-1.,-6.80011602582909E-15,-2.53765262771464E-16));
#9394=DIRECTION('',(0.,0.,-1.));
#9395=DIRECTION('center_axis',(0.,0.,1.));
#9396=DIRECTION('ref_axis',(-1.,-6.80011602582909E-15,0.));
#9397=DIRECTION('center_axis',(2.53765262771464E-16,0.,-1.));
#9398=DIRECTION('ref_axis',(-1.,-6.80011602582909E-15,-2.53765262771464E-16));
#9399=DIRECTION('',(0.,0.,-1.));
#9400=DIRECTION('center_axis',(0.,0.,1.));
#9401=DIRECTION('ref_axis',(-1.,-6.80011602582909E-15,0.));
#9402=DIRECTION('center_axis',(2.53765262771464E-16,0.,-1.));
#9403=DIRECTION('ref_axis',(-1.,-6.80011602582909E-15,-2.53765262771464E-16));
#9404=DIRECTION('',(0.,0.,-1.));
#9405=DIRECTION('center_axis',(0.,0.,1.));
#9406=DIRECTION('ref_axis',(-1.,-6.80011602582909E-15,0.));
#9407=DIRECTION('center_axis',(2.53765262771464E-16,0.,-1.));
#9408=DIRECTION('ref_axis',(-1.,-6.80011602582909E-15,-2.53765262771464E-16));
#9409=DIRECTION('',(0.,0.,-1.));
#9410=DIRECTION('center_axis',(0.,0.,1.));
#9411=DIRECTION('ref_axis',(-1.,-6.80011602582909E-15,0.));
#9412=DIRECTION('center_axis',(2.53765262771464E-16,0.,-1.));
#9413=DIRECTION('ref_axis',(-1.,-6.80011602582909E-15,-2.53765262771464E-16));
#9414=DIRECTION('',(0.,0.,-1.));
#9415=DIRECTION('center_axis',(0.,0.,1.));
#9416=DIRECTION('ref_axis',(-1.,-6.80011602582909E-15,0.));
#9417=DIRECTION('center_axis',(2.53765262771464E-16,0.,-1.));
#9418=DIRECTION('ref_axis',(-1.,-6.80011602582909E-15,-2.53765262771464E-16));
#9419=DIRECTION('',(0.,0.,-1.));
#9420=DIRECTION('center_axis',(0.,0.,1.));
#9421=DIRECTION('ref_axis',(-1.,-6.80011602582909E-15,0.));
#9422=DIRECTION('center_axis',(2.53765262771464E-16,0.,-1.));
#9423=DIRECTION('ref_axis',(-1.,-6.80011602582909E-15,-2.53765262771464E-16));
#9424=DIRECTION('',(0.,0.,-1.));
#9425=DIRECTION('center_axis',(-2.53765262771464E-16,0.,1.));
#9426=DIRECTION('ref_axis',(-1.,-6.80011602582909E-15,0.));
#9427=DIRECTION('center_axis',(0.,0.,1.));
#9428=DIRECTION('ref_axis',(-1.,-6.80011602582909E-15,0.));
#9429=DIRECTION('center_axis',(2.53765262771464E-16,0.,-1.));
#9430=DIRECTION('ref_axis',(-1.,-6.80011602582909E-15,-2.53765262771464E-16));
#9431=DIRECTION('',(0.,0.,-1.));
#9432=DIRECTION('center_axis',(0.,0.,1.));
#9433=DIRECTION('ref_axis',(-1.,-6.80011602582909E-15,0.));
#9434=DIRECTION('center_axis',(2.53765262771464E-16,0.,-1.));
#9435=DIRECTION('ref_axis',(-1.,-6.80011602582909E-15,-2.53765262771464E-16));
#9436=DIRECTION('',(0.,0.,-1.));
#9437=DIRECTION('center_axis',(0.,0.,1.));
#9438=DIRECTION('ref_axis',(-1.,-6.80011602582909E-15,0.));
#9439=DIRECTION('center_axis',(2.53765262771464E-16,0.,-1.));
#9440=DIRECTION('ref_axis',(-1.,-6.80011602582909E-15,-2.53765262771464E-16));
#9441=DIRECTION('',(0.,0.,-1.));
#9442=DIRECTION('center_axis',(0.,0.,1.));
#9443=DIRECTION('ref_axis',(-1.,-6.80011602582909E-15,0.));
#9444=DIRECTION('center_axis',(2.53765262771464E-16,0.,-1.));
#9445=DIRECTION('ref_axis',(-1.,-6.80011602582909E-15,-2.53765262771464E-16));
#9446=DIRECTION('',(0.,0.,-1.));
#9447=DIRECTION('center_axis',(0.,0.,1.));
#9448=DIRECTION('ref_axis',(-1.,-6.80011602582909E-15,0.));
#9449=DIRECTION('center_axis',(2.53765262771464E-16,0.,-1.));
#9450=DIRECTION('ref_axis',(-1.,-6.80011602582909E-15,-2.53765262771464E-16));
#9451=DIRECTION('',(0.,0.,-1.));
#9452=DIRECTION('center_axis',(0.,0.,1.));
#9453=DIRECTION('ref_axis',(-1.,-6.80011602582909E-15,0.));
#9454=DIRECTION('center_axis',(2.53765262771464E-16,0.,-1.));
#9455=DIRECTION('ref_axis',(-1.,-6.80011602582909E-15,-2.53765262771464E-16));
#9456=DIRECTION('',(0.,0.,-1.));
#9457=DIRECTION('center_axis',(0.,0.,1.));
#9458=DIRECTION('ref_axis',(-1.,-6.80011602582909E-15,0.));
#9459=DIRECTION('center_axis',(2.53765262771464E-16,0.,-1.));
#9460=DIRECTION('ref_axis',(-1.,-6.80011602582909E-15,-2.53765262771464E-16));
#9461=DIRECTION('',(0.,0.,-1.));
#9462=DIRECTION('center_axis',(0.,0.,1.));
#9463=DIRECTION('ref_axis',(-1.,-6.80011602582909E-15,0.));
#9464=DIRECTION('center_axis',(2.53765262771464E-16,0.,-1.));
#9465=DIRECTION('ref_axis',(-1.,-6.80011602582909E-15,-2.53765262771464E-16));
#9466=DIRECTION('',(0.,0.,-1.));
#9467=DIRECTION('center_axis',(0.,0.,1.));
#9468=DIRECTION('ref_axis',(-1.,-6.80011602582909E-15,0.));
#9469=DIRECTION('center_axis',(2.53765262771464E-16,0.,-1.));
#9470=DIRECTION('ref_axis',(-1.,-6.80011602582909E-15,-2.53765262771464E-16));
#9471=DIRECTION('',(0.,0.,-1.));
#9472=DIRECTION('center_axis',(0.,0.,1.));
#9473=DIRECTION('ref_axis',(-1.,-6.80011602582909E-15,0.));
#9474=DIRECTION('center_axis',(2.53765262771464E-16,0.,-1.));
#9475=DIRECTION('ref_axis',(-1.,-6.80011602582909E-15,-2.53765262771464E-16));
#9476=DIRECTION('',(0.,0.,-1.));
#9477=DIRECTION('center_axis',(0.,0.,1.));
#9478=DIRECTION('ref_axis',(-1.,-6.80011602582909E-15,0.));
#9479=DIRECTION('center_axis',(2.53765262771464E-16,0.,-1.));
#9480=DIRECTION('ref_axis',(-1.,-6.80011602582909E-15,-2.53765262771464E-16));
#9481=DIRECTION('',(0.,0.,-1.));
#9482=DIRECTION('center_axis',(0.,0.,1.));
#9483=DIRECTION('ref_axis',(-1.,-6.80011602582909E-15,0.));
#9484=DIRECTION('center_axis',(2.53765262771464E-16,0.,-1.));
#9485=DIRECTION('ref_axis',(-1.,-6.80011602582909E-15,-2.53765262771464E-16));
#9486=DIRECTION('',(0.,0.,-1.));
#9487=DIRECTION('center_axis',(0.,0.,1.));
#9488=DIRECTION('ref_axis',(-1.,-6.80011602582909E-15,0.));
#9489=DIRECTION('center_axis',(2.53765262771464E-16,0.,-1.));
#9490=DIRECTION('ref_axis',(-1.,-6.80011602582909E-15,-2.53765262771464E-16));
#9491=DIRECTION('',(0.,0.,-1.));
#9492=DIRECTION('center_axis',(0.,0.,1.));
#9493=DIRECTION('ref_axis',(-1.,-6.80011602582909E-15,0.));
#9494=DIRECTION('center_axis',(2.53765262771464E-16,0.,-1.));
#9495=DIRECTION('ref_axis',(-1.,-6.80011602582909E-15,-2.53765262771464E-16));
#9496=DIRECTION('',(0.,0.,-1.));
#9497=DIRECTION('center_axis',(0.,0.,1.));
#9498=DIRECTION('ref_axis',(-1.,-6.80011602582909E-15,0.));
#9499=DIRECTION('center_axis',(2.53765262771464E-16,0.,-1.));
#9500=DIRECTION('ref_axis',(-1.,-6.80011602582909E-15,-2.53765262771464E-16));
#9501=DIRECTION('',(0.,0.,-1.));
#9502=DIRECTION('center_axis',(0.,0.,1.));
#9503=DIRECTION('ref_axis',(-1.,-6.80011602582909E-15,0.));
#9504=DIRECTION('center_axis',(2.53765262771464E-16,0.,-1.));
#9505=DIRECTION('ref_axis',(-1.,-6.80011602582909E-15,-2.53765262771464E-16));
#9506=DIRECTION('',(0.,0.,-1.));
#9507=DIRECTION('center_axis',(0.,0.,1.));
#9508=DIRECTION('ref_axis',(-1.,-6.80011602582909E-15,0.));
#9509=DIRECTION('center_axis',(2.53765262771464E-16,0.,-1.));
#9510=DIRECTION('ref_axis',(-1.,-6.80011602582909E-15,-2.53765262771464E-16));
#9511=DIRECTION('',(0.,0.,-1.));
#9512=DIRECTION('center_axis',(0.,0.,1.));
#9513=DIRECTION('ref_axis',(-1.,-6.80011602582909E-15,0.));
#9514=DIRECTION('center_axis',(2.53765262771464E-16,0.,-1.));
#9515=DIRECTION('ref_axis',(-1.,-6.80011602582909E-15,-2.53765262771464E-16));
#9516=DIRECTION('',(0.,0.,-1.));
#9517=DIRECTION('center_axis',(0.,0.,1.));
#9518=DIRECTION('ref_axis',(-1.,-6.80011602582909E-15,0.));
#9519=DIRECTION('center_axis',(2.53765262771464E-16,0.,-1.));
#9520=DIRECTION('ref_axis',(-1.,-6.80011602582909E-15,-2.53765262771464E-16));
#9521=DIRECTION('',(0.,0.,-1.));
#9522=DIRECTION('center_axis',(0.,0.,1.));
#9523=DIRECTION('ref_axis',(-1.,-6.80011602582909E-15,0.));
#9524=DIRECTION('center_axis',(2.53765262771464E-16,0.,-1.));
#9525=DIRECTION('ref_axis',(-1.,-6.80011602582909E-15,-2.53765262771464E-16));
#9526=DIRECTION('',(0.,0.,-1.));
#9527=DIRECTION('center_axis',(0.,0.,1.));
#9528=DIRECTION('ref_axis',(-1.,-6.80011602582909E-15,0.));
#9529=DIRECTION('center_axis',(2.53765262771464E-16,0.,-1.));
#9530=DIRECTION('ref_axis',(-1.,-6.80011602582909E-15,-2.53765262771464E-16));
#9531=DIRECTION('',(0.,0.,-1.));
#9532=DIRECTION('center_axis',(0.,0.,1.));
#9533=DIRECTION('ref_axis',(-1.,-6.80011602582909E-15,0.));
#9534=DIRECTION('center_axis',(2.53765262771464E-16,0.,-1.));
#9535=DIRECTION('ref_axis',(-1.,-6.80011602582909E-15,-2.53765262771464E-16));
#9536=DIRECTION('',(0.,0.,-1.));
#9537=DIRECTION('center_axis',(0.,0.,1.));
#9538=DIRECTION('ref_axis',(-1.,-6.80011602582909E-15,0.));
#9539=DIRECTION('center_axis',(2.53765262771464E-16,0.,-1.));
#9540=DIRECTION('ref_axis',(-1.,-6.80011602582909E-15,-2.53765262771464E-16));
#9541=DIRECTION('',(0.,0.,-1.));
#9542=DIRECTION('center_axis',(0.,0.,1.));
#9543=DIRECTION('ref_axis',(-1.,-6.80011602582909E-15,0.));
#9544=DIRECTION('center_axis',(2.53765262771464E-16,0.,-1.));
#9545=DIRECTION('ref_axis',(-1.,-6.80011602582909E-15,-2.53765262771464E-16));
#9546=DIRECTION('',(0.,0.,-1.));
#9547=DIRECTION('center_axis',(0.,0.,1.));
#9548=DIRECTION('ref_axis',(-1.,-6.80011602582909E-15,0.));
#9549=DIRECTION('center_axis',(2.53765262771464E-16,0.,-1.));
#9550=DIRECTION('ref_axis',(-1.,-6.80011602582909E-15,-2.53765262771464E-16));
#9551=DIRECTION('',(0.,0.,-1.));
#9552=DIRECTION('center_axis',(0.,0.,1.));
#9553=DIRECTION('ref_axis',(-1.,-6.80011602582909E-15,0.));
#9554=DIRECTION('center_axis',(2.53765262771464E-16,0.,-1.));
#9555=DIRECTION('ref_axis',(-1.,-6.80011602582909E-15,-2.53765262771464E-16));
#9556=DIRECTION('',(0.,0.,-1.));
#9557=DIRECTION('center_axis',(0.,0.,1.));
#9558=DIRECTION('ref_axis',(-1.,-6.80011602582909E-15,0.));
#9559=DIRECTION('center_axis',(2.53765262771464E-16,0.,-1.));
#9560=DIRECTION('ref_axis',(-1.,-6.80011602582909E-15,-2.53765262771464E-16));
#9561=DIRECTION('',(0.,0.,-1.));
#9562=DIRECTION('center_axis',(0.,0.,1.));
#9563=DIRECTION('ref_axis',(-1.,-6.80011602582909E-15,0.));
#9564=DIRECTION('center_axis',(2.53765262771464E-16,0.,-1.));
#9565=DIRECTION('ref_axis',(-1.,-6.80011602582909E-15,-2.53765262771464E-16));
#9566=DIRECTION('',(0.,0.,-1.));
#9567=DIRECTION('center_axis',(0.,0.,1.));
#9568=DIRECTION('ref_axis',(-1.,-6.80011602582909E-15,0.));
#9569=DIRECTION('center_axis',(2.53765262771464E-16,0.,-1.));
#9570=DIRECTION('ref_axis',(-1.,-6.80011602582909E-15,-2.53765262771464E-16));
#9571=DIRECTION('',(0.,0.,-1.));
#9572=DIRECTION('center_axis',(0.,0.,1.));
#9573=DIRECTION('ref_axis',(-1.,-6.80011602582909E-15,0.));
#9574=DIRECTION('center_axis',(2.53765262771464E-16,0.,-1.));
#9575=DIRECTION('ref_axis',(-1.,-6.80011602582909E-15,-2.53765262771464E-16));
#9576=DIRECTION('',(0.,0.,-1.));
#9577=DIRECTION('center_axis',(0.,0.,1.));
#9578=DIRECTION('ref_axis',(-1.,-6.80011602582909E-15,0.));
#9579=DIRECTION('center_axis',(2.53765262771464E-16,0.,-1.));
#9580=DIRECTION('ref_axis',(-1.,-6.80011602582909E-15,-2.53765262771464E-16));
#9581=DIRECTION('',(0.,0.,-1.));
#9582=DIRECTION('center_axis',(0.,0.,1.));
#9583=DIRECTION('ref_axis',(-1.,-6.80011602582909E-15,0.));
#9584=DIRECTION('center_axis',(2.53765262771464E-16,0.,-1.));
#9585=DIRECTION('ref_axis',(-1.,-6.80011602582909E-15,-2.53765262771464E-16));
#9586=DIRECTION('',(0.,0.,-1.));
#9587=DIRECTION('center_axis',(0.,0.,1.));
#9588=DIRECTION('ref_axis',(-1.,-6.80011602582909E-15,0.));
#9589=DIRECTION('center_axis',(2.53765262771464E-16,0.,-1.));
#9590=DIRECTION('ref_axis',(-1.,-6.80011602582909E-15,-2.53765262771464E-16));
#9591=DIRECTION('',(0.,0.,-1.));
#9592=DIRECTION('center_axis',(0.,0.,1.));
#9593=DIRECTION('ref_axis',(-1.,-6.80011602582909E-15,0.));
#9594=DIRECTION('center_axis',(2.53765262771464E-16,0.,-1.));
#9595=DIRECTION('ref_axis',(-1.,-6.80011602582909E-15,-2.53765262771464E-16));
#9596=DIRECTION('',(0.,0.,-1.));
#9597=DIRECTION('center_axis',(0.,0.,1.));
#9598=DIRECTION('ref_axis',(-1.,-6.80011602582909E-15,0.));
#9599=DIRECTION('center_axis',(2.53765262771464E-16,0.,-1.));
#9600=DIRECTION('ref_axis',(-1.,-6.80011602582909E-15,-2.53765262771464E-16));
#9601=DIRECTION('',(0.,0.,-1.));
#9602=DIRECTION('center_axis',(0.,0.,1.));
#9603=DIRECTION('ref_axis',(-1.,-6.80011602582909E-15,0.));
#9604=DIRECTION('center_axis',(2.53765262771464E-16,0.,-1.));
#9605=DIRECTION('ref_axis',(-1.,-6.80011602582909E-15,-2.53765262771464E-16));
#9606=DIRECTION('',(0.,0.,-1.));
#9607=DIRECTION('center_axis',(0.,0.,1.));
#9608=DIRECTION('ref_axis',(-1.,-6.80011602582909E-15,0.));
#9609=DIRECTION('center_axis',(2.53765262771464E-16,0.,-1.));
#9610=DIRECTION('ref_axis',(-1.,-6.80011602582909E-15,-2.53765262771464E-16));
#9611=DIRECTION('',(0.,0.,-1.));
#9612=DIRECTION('center_axis',(0.,0.,1.));
#9613=DIRECTION('ref_axis',(-1.,-6.80011602582909E-15,0.));
#9614=DIRECTION('center_axis',(2.53765262771464E-16,0.,-1.));
#9615=DIRECTION('ref_axis',(-1.,-6.80011602582909E-15,-2.53765262771464E-16));
#9616=DIRECTION('',(0.,0.,-1.));
#9617=DIRECTION('center_axis',(0.,0.,1.));
#9618=DIRECTION('ref_axis',(-1.,-6.80011602582909E-15,0.));
#9619=DIRECTION('center_axis',(2.53765262771464E-16,0.,-1.));
#9620=DIRECTION('ref_axis',(-1.,-6.80011602582909E-15,-2.53765262771464E-16));
#9621=DIRECTION('',(0.,0.,-1.));
#9622=DIRECTION('center_axis',(0.,0.,1.));
#9623=DIRECTION('ref_axis',(-1.,-6.80011602582909E-15,0.));
#9624=DIRECTION('center_axis',(2.53765262771464E-16,0.,-1.));
#9625=DIRECTION('ref_axis',(-1.,-6.80011602582909E-15,-2.53765262771464E-16));
#9626=DIRECTION('',(0.,0.,-1.));
#9627=DIRECTION('center_axis',(0.,0.,1.));
#9628=DIRECTION('ref_axis',(-1.,-6.80011602582909E-15,0.));
#9629=DIRECTION('center_axis',(2.53765262771464E-16,0.,-1.));
#9630=DIRECTION('ref_axis',(-1.,-6.80011602582909E-15,-2.53765262771464E-16));
#9631=DIRECTION('',(0.,0.,-1.));
#9632=DIRECTION('center_axis',(0.,0.,1.));
#9633=DIRECTION('ref_axis',(-1.,-6.80011602582909E-15,0.));
#9634=DIRECTION('center_axis',(2.53765262771464E-16,0.,-1.));
#9635=DIRECTION('ref_axis',(-1.,-6.80011602582909E-15,-2.53765262771464E-16));
#9636=DIRECTION('',(0.,0.,-1.));
#9637=DIRECTION('center_axis',(0.,0.,1.));
#9638=DIRECTION('ref_axis',(-1.,-6.80011602582909E-15,0.));
#9639=DIRECTION('center_axis',(2.53765262771464E-16,0.,-1.));
#9640=DIRECTION('ref_axis',(-1.,-6.80011602582909E-15,-2.53765262771464E-16));
#9641=DIRECTION('',(0.,0.,-1.));
#9642=DIRECTION('center_axis',(0.,0.,1.));
#9643=DIRECTION('ref_axis',(-1.,-6.80011602582909E-15,0.));
#9644=DIRECTION('center_axis',(2.53765262771464E-16,0.,-1.));
#9645=DIRECTION('ref_axis',(-1.,-6.80011602582909E-15,-2.53765262771464E-16));
#9646=DIRECTION('',(0.,0.,-1.));
#9647=DIRECTION('center_axis',(0.,0.,1.));
#9648=DIRECTION('ref_axis',(-1.,-6.80011602582909E-15,0.));
#9649=DIRECTION('center_axis',(2.53765262771464E-16,0.,-1.));
#9650=DIRECTION('ref_axis',(-1.,-6.80011602582909E-15,-2.53765262771464E-16));
#9651=DIRECTION('',(0.,0.,-1.));
#9652=DIRECTION('center_axis',(0.,0.,1.));
#9653=DIRECTION('ref_axis',(-1.,-6.80011602582909E-15,0.));
#9654=DIRECTION('center_axis',(2.53765262771464E-16,0.,-1.));
#9655=DIRECTION('ref_axis',(-1.,-6.80011602582909E-15,-2.53765262771464E-16));
#9656=DIRECTION('',(0.,0.,-1.));
#9657=DIRECTION('center_axis',(-2.53765262771464E-16,0.,1.));
#9658=DIRECTION('ref_axis',(-1.,-6.80011602582909E-15,0.));
#9659=DIRECTION('center_axis',(-2.53765262771464E-16,0.,1.));
#9660=DIRECTION('ref_axis',(-1.,-6.80011602582909E-15,0.));
#9661=DIRECTION('center_axis',(0.,0.,1.));
#9662=DIRECTION('ref_axis',(-1.,-6.80011602582909E-15,0.));
#9663=DIRECTION('center_axis',(2.53765262771464E-16,0.,-1.));
#9664=DIRECTION('ref_axis',(-1.,-6.80011602582909E-15,-2.53765262771464E-16));
#9665=DIRECTION('',(0.,0.,-1.));
#9666=DIRECTION('center_axis',(0.,0.,1.));
#9667=DIRECTION('ref_axis',(-1.,-6.80011602582909E-15,0.));
#9668=DIRECTION('center_axis',(2.53765262771464E-16,0.,-1.));
#9669=DIRECTION('ref_axis',(-1.,-6.80011602582909E-15,-2.53765262771464E-16));
#9670=DIRECTION('',(0.,0.,-1.));
#9671=DIRECTION('center_axis',(0.,0.,1.));
#9672=DIRECTION('ref_axis',(-1.,-6.80011602582909E-15,0.));
#9673=DIRECTION('center_axis',(2.53765262771464E-16,0.,-1.));
#9674=DIRECTION('ref_axis',(-1.,-6.80011602582909E-15,-2.53765262771464E-16));
#9675=DIRECTION('',(0.,0.,-1.));
#9676=DIRECTION('center_axis',(0.,0.,1.));
#9677=DIRECTION('ref_axis',(-1.,-6.80011602582909E-15,0.));
#9678=DIRECTION('center_axis',(2.53765262771464E-16,0.,-1.));
#9679=DIRECTION('ref_axis',(-1.,-6.80011602582909E-15,-2.53765262771464E-16));
#9680=DIRECTION('',(0.,0.,-1.));
#9681=DIRECTION('center_axis',(0.,0.,1.));
#9682=DIRECTION('ref_axis',(-1.,-6.80011602582909E-15,0.));
#9683=DIRECTION('center_axis',(2.53765262771464E-16,0.,-1.));
#9684=DIRECTION('ref_axis',(-1.,-6.80011602582909E-15,-2.53765262771464E-16));
#9685=DIRECTION('',(0.,0.,-1.));
#9686=DIRECTION('center_axis',(0.,0.,1.));
#9687=DIRECTION('ref_axis',(-1.,-6.80011602582909E-15,0.));
#9688=DIRECTION('center_axis',(2.53765262771464E-16,0.,-1.));
#9689=DIRECTION('ref_axis',(-1.,-6.80011602582909E-15,-2.53765262771464E-16));
#9690=DIRECTION('',(0.,0.,-1.));
#9691=DIRECTION('center_axis',(0.,0.,1.));
#9692=DIRECTION('ref_axis',(-1.,-6.80011602582909E-15,0.));
#9693=DIRECTION('center_axis',(2.53765262771464E-16,0.,-1.));
#9694=DIRECTION('ref_axis',(-1.,-6.80011602582909E-15,-2.53765262771464E-16));
#9695=DIRECTION('',(0.,0.,-1.));
#9696=DIRECTION('center_axis',(0.,0.,1.));
#9697=DIRECTION('ref_axis',(-1.,-6.80011602582909E-15,0.));
#9698=DIRECTION('center_axis',(2.53765262771464E-16,0.,-1.));
#9699=DIRECTION('ref_axis',(-1.,-6.80011602582909E-15,-2.53765262771464E-16));
#9700=DIRECTION('',(0.,0.,-1.));
#9701=DIRECTION('center_axis',(0.,0.,1.));
#9702=DIRECTION('ref_axis',(-1.,-6.80011602582909E-15,0.));
#9703=DIRECTION('center_axis',(2.53765262771464E-16,0.,-1.));
#9704=DIRECTION('ref_axis',(-1.,-6.80011602582909E-15,-2.53765262771464E-16));
#9705=DIRECTION('',(0.,0.,-1.));
#9706=DIRECTION('center_axis',(0.,0.,1.));
#9707=DIRECTION('ref_axis',(-1.,-6.80011602582909E-15,0.));
#9708=DIRECTION('center_axis',(2.53765262771464E-16,0.,-1.));
#9709=DIRECTION('ref_axis',(-1.,-6.80011602582909E-15,-2.53765262771464E-16));
#9710=DIRECTION('',(0.,0.,-1.));
#9711=DIRECTION('center_axis',(0.,0.,1.));
#9712=DIRECTION('ref_axis',(-1.,-6.80011602582909E-15,0.));
#9713=DIRECTION('center_axis',(2.53765262771464E-16,0.,-1.));
#9714=DIRECTION('ref_axis',(-1.,-6.80011602582909E-15,-2.53765262771464E-16));
#9715=DIRECTION('',(0.,0.,-1.));
#9716=DIRECTION('center_axis',(0.,0.,1.));
#9717=DIRECTION('ref_axis',(-1.,-6.80011602582909E-15,0.));
#9718=DIRECTION('center_axis',(2.53765262771464E-16,0.,-1.));
#9719=DIRECTION('ref_axis',(-1.,-6.80011602582909E-15,-2.53765262771464E-16));
#9720=DIRECTION('',(0.,0.,-1.));
#9721=DIRECTION('center_axis',(0.,0.,1.));
#9722=DIRECTION('ref_axis',(-1.,-6.80011602582909E-15,0.));
#9723=DIRECTION('center_axis',(2.53765262771464E-16,0.,-1.));
#9724=DIRECTION('ref_axis',(-1.,-6.80011602582909E-15,-2.53765262771464E-16));
#9725=DIRECTION('',(0.,0.,-1.));
#9726=DIRECTION('center_axis',(0.,0.,1.));
#9727=DIRECTION('ref_axis',(-1.,-6.80011602582909E-15,0.));
#9728=DIRECTION('center_axis',(2.53765262771464E-16,0.,-1.));
#9729=DIRECTION('ref_axis',(-1.,-6.80011602582909E-15,-2.53765262771464E-16));
#9730=DIRECTION('',(0.,0.,-1.));
#9731=DIRECTION('center_axis',(0.,0.,1.));
#9732=DIRECTION('ref_axis',(-1.,-6.80011602582909E-15,0.));
#9733=DIRECTION('center_axis',(2.53765262771464E-16,0.,-1.));
#9734=DIRECTION('ref_axis',(-1.,-6.80011602582909E-15,-2.53765262771464E-16));
#9735=DIRECTION('',(0.,0.,-1.));
#9736=DIRECTION('center_axis',(0.,0.,1.));
#9737=DIRECTION('ref_axis',(-1.,-6.80011602582909E-15,0.));
#9738=DIRECTION('center_axis',(2.53765262771464E-16,0.,-1.));
#9739=DIRECTION('ref_axis',(-1.,-6.80011602582909E-15,-2.53765262771464E-16));
#9740=DIRECTION('',(0.,0.,-1.));
#9741=DIRECTION('center_axis',(0.,0.,1.));
#9742=DIRECTION('ref_axis',(-1.,-6.80011602582909E-15,0.));
#9743=DIRECTION('center_axis',(2.53765262771464E-16,0.,-1.));
#9744=DIRECTION('ref_axis',(-1.,-6.80011602582909E-15,-2.53765262771464E-16));
#9745=DIRECTION('',(0.,0.,-1.));
#9746=DIRECTION('center_axis',(0.,0.,1.));
#9747=DIRECTION('ref_axis',(-1.,-6.80011602582909E-15,0.));
#9748=DIRECTION('center_axis',(2.53765262771464E-16,0.,-1.));
#9749=DIRECTION('ref_axis',(-1.,-6.80011602582909E-15,-2.53765262771464E-16));
#9750=DIRECTION('',(0.,0.,-1.));
#9751=DIRECTION('center_axis',(0.,0.,1.));
#9752=DIRECTION('ref_axis',(-1.,-6.80011602582909E-15,0.));
#9753=DIRECTION('center_axis',(2.53765262771464E-16,0.,-1.));
#9754=DIRECTION('ref_axis',(-1.,-6.80011602582909E-15,-2.53765262771464E-16));
#9755=DIRECTION('',(0.,0.,-1.));
#9756=DIRECTION('center_axis',(0.,0.,1.));
#9757=DIRECTION('ref_axis',(-1.,-6.80011602582909E-15,0.));
#9758=DIRECTION('center_axis',(2.53765262771464E-16,0.,-1.));
#9759=DIRECTION('ref_axis',(-1.,-6.80011602582909E-15,-2.53765262771464E-16));
#9760=DIRECTION('',(0.,0.,-1.));
#9761=DIRECTION('center_axis',(0.,0.,1.));
#9762=DIRECTION('ref_axis',(-1.,-6.80011602582909E-15,0.));
#9763=DIRECTION('center_axis',(2.53765262771464E-16,0.,-1.));
#9764=DIRECTION('ref_axis',(-1.,-6.80011602582909E-15,-2.53765262771464E-16));
#9765=DIRECTION('',(0.,0.,-1.));
#9766=DIRECTION('center_axis',(0.,0.,1.));
#9767=DIRECTION('ref_axis',(-1.,-6.80011602582909E-15,0.));
#9768=DIRECTION('center_axis',(2.53765262771464E-16,0.,-1.));
#9769=DIRECTION('ref_axis',(-1.,-6.80011602582909E-15,-2.53765262771464E-16));
#9770=DIRECTION('',(0.,0.,-1.));
#9771=DIRECTION('center_axis',(0.,0.,1.));
#9772=DIRECTION('ref_axis',(-1.,-6.80011602582909E-15,0.));
#9773=DIRECTION('center_axis',(2.53765262771464E-16,0.,-1.));
#9774=DIRECTION('ref_axis',(-1.,-6.80011602582909E-15,-2.53765262771464E-16));
#9775=DIRECTION('',(0.,0.,-1.));
#9776=DIRECTION('center_axis',(0.,0.,1.));
#9777=DIRECTION('ref_axis',(-1.,-6.80011602582909E-15,0.));
#9778=DIRECTION('center_axis',(2.53765262771464E-16,0.,-1.));
#9779=DIRECTION('ref_axis',(-1.,-6.80011602582909E-15,-2.53765262771464E-16));
#9780=DIRECTION('',(0.,0.,-1.));
#9781=DIRECTION('center_axis',(0.,0.,1.));
#9782=DIRECTION('ref_axis',(-1.,-6.80011602582909E-15,0.));
#9783=DIRECTION('center_axis',(2.53765262771464E-16,0.,-1.));
#9784=DIRECTION('ref_axis',(-1.,-6.80011602582909E-15,-2.53765262771464E-16));
#9785=DIRECTION('',(0.,0.,-1.));
#9786=DIRECTION('center_axis',(0.,0.,1.));
#9787=DIRECTION('ref_axis',(-1.,-6.80011602582909E-15,0.));
#9788=DIRECTION('center_axis',(2.53765262771464E-16,0.,-1.));
#9789=DIRECTION('ref_axis',(-1.,-6.80011602582909E-15,-2.53765262771464E-16));
#9790=DIRECTION('',(0.,0.,-1.));
#9791=DIRECTION('center_axis',(0.,0.,1.));
#9792=DIRECTION('ref_axis',(-1.,-6.80011602582909E-15,0.));
#9793=DIRECTION('center_axis',(2.53765262771464E-16,0.,-1.));
#9794=DIRECTION('ref_axis',(-1.,-6.80011602582909E-15,-2.53765262771464E-16));
#9795=DIRECTION('',(0.,0.,-1.));
#9796=DIRECTION('center_axis',(0.,0.,1.));
#9797=DIRECTION('ref_axis',(-1.,-6.80011602582909E-15,0.));
#9798=DIRECTION('center_axis',(2.53765262771464E-16,0.,-1.));
#9799=DIRECTION('ref_axis',(-1.,-6.80011602582909E-15,-2.53765262771464E-16));
#9800=DIRECTION('',(0.,0.,-1.));
#9801=DIRECTION('center_axis',(0.,0.,1.));
#9802=DIRECTION('ref_axis',(-1.,-6.80011602582909E-15,0.));
#9803=DIRECTION('center_axis',(2.53765262771464E-16,0.,-1.));
#9804=DIRECTION('ref_axis',(-1.,-6.80011602582909E-15,-2.53765262771464E-16));
#9805=DIRECTION('',(0.,0.,-1.));
#9806=DIRECTION('center_axis',(0.,0.,1.));
#9807=DIRECTION('ref_axis',(-1.,-6.80011602582909E-15,0.));
#9808=DIRECTION('center_axis',(2.53765262771464E-16,0.,-1.));
#9809=DIRECTION('ref_axis',(-1.,-6.80011602582909E-15,-2.53765262771464E-16));
#9810=DIRECTION('',(0.,0.,-1.));
#9811=DIRECTION('center_axis',(0.,0.,1.));
#9812=DIRECTION('ref_axis',(-1.,-6.80011602582909E-15,0.));
#9813=DIRECTION('center_axis',(2.53765262771464E-16,0.,-1.));
#9814=DIRECTION('ref_axis',(-1.,-6.80011602582909E-15,-2.53765262771464E-16));
#9815=DIRECTION('',(0.,0.,-1.));
#9816=DIRECTION('center_axis',(0.,0.,1.));
#9817=DIRECTION('ref_axis',(-1.,-6.80011602582909E-15,0.));
#9818=DIRECTION('center_axis',(2.53765262771464E-16,0.,-1.));
#9819=DIRECTION('ref_axis',(-1.,-6.80011602582909E-15,-2.53765262771464E-16));
#9820=DIRECTION('',(0.,0.,-1.));
#9821=DIRECTION('center_axis',(-2.53765262771464E-16,0.,1.));
#9822=DIRECTION('ref_axis',(-1.,-6.80011602582909E-15,0.));
#9823=DIRECTION('center_axis',(-2.53765262771464E-16,0.,1.));
#9824=DIRECTION('ref_axis',(-1.,-6.80011602582909E-15,0.));
#9825=DIRECTION('center_axis',(0.,0.,1.));
#9826=DIRECTION('ref_axis',(-1.,-6.80011602582909E-15,0.));
#9827=DIRECTION('center_axis',(2.53765262771464E-16,0.,-1.));
#9828=DIRECTION('ref_axis',(-1.,-6.80011602582909E-15,-2.53765262771464E-16));
#9829=DIRECTION('',(0.,0.,-1.));
#9830=DIRECTION('center_axis',(0.,0.,1.));
#9831=DIRECTION('ref_axis',(-1.,-6.80011602582909E-15,0.));
#9832=DIRECTION('center_axis',(2.53765262771464E-16,0.,-1.));
#9833=DIRECTION('ref_axis',(-1.,-6.80011602582909E-15,-2.53765262771464E-16));
#9834=DIRECTION('',(0.,0.,-1.));
#9835=DIRECTION('center_axis',(0.,0.,1.));
#9836=DIRECTION('ref_axis',(-1.,-6.80011602582909E-15,0.));
#9837=DIRECTION('center_axis',(2.53765262771464E-16,0.,-1.));
#9838=DIRECTION('ref_axis',(-1.,-6.80011602582909E-15,-2.53765262771464E-16));
#9839=DIRECTION('',(0.,0.,-1.));
#9840=DIRECTION('center_axis',(0.,0.,1.));
#9841=DIRECTION('ref_axis',(-1.,-6.80011602582909E-15,0.));
#9842=DIRECTION('center_axis',(2.53765262771464E-16,0.,-1.));
#9843=DIRECTION('ref_axis',(-1.,-6.80011602582909E-15,-2.53765262771464E-16));
#9844=DIRECTION('',(0.,0.,-1.));
#9845=DIRECTION('center_axis',(0.,0.,1.));
#9846=DIRECTION('ref_axis',(-1.,-6.80011602582909E-15,0.));
#9847=DIRECTION('center_axis',(2.53765262771464E-16,0.,-1.));
#9848=DIRECTION('ref_axis',(-1.,-6.80011602582909E-15,-2.53765262771464E-16));
#9849=DIRECTION('',(0.,0.,-1.));
#9850=DIRECTION('center_axis',(0.,0.,1.));
#9851=DIRECTION('ref_axis',(-1.,-6.80011602582909E-15,0.));
#9852=DIRECTION('center_axis',(2.53765262771464E-16,0.,-1.));
#9853=DIRECTION('ref_axis',(-1.,-6.80011602582909E-15,-2.53765262771464E-16));
#9854=DIRECTION('',(0.,0.,-1.));
#9855=DIRECTION('center_axis',(0.,0.,1.));
#9856=DIRECTION('ref_axis',(-1.,-6.80011602582909E-15,0.));
#9857=DIRECTION('center_axis',(2.53765262771464E-16,0.,-1.));
#9858=DIRECTION('ref_axis',(-1.,-6.80011602582909E-15,-2.53765262771464E-16));
#9859=DIRECTION('',(0.,0.,-1.));
#9860=DIRECTION('center_axis',(0.,0.,1.));
#9861=DIRECTION('ref_axis',(-1.,-6.80011602582909E-15,0.));
#9862=DIRECTION('center_axis',(2.53765262771464E-16,0.,-1.));
#9863=DIRECTION('ref_axis',(-1.,-6.80011602582909E-15,-2.53765262771464E-16));
#9864=DIRECTION('',(0.,0.,-1.));
#9865=DIRECTION('center_axis',(0.,0.,1.));
#9866=DIRECTION('ref_axis',(-1.,-6.80011602582909E-15,0.));
#9867=DIRECTION('center_axis',(2.53765262771464E-16,0.,-1.));
#9868=DIRECTION('ref_axis',(-1.,-6.80011602582909E-15,-2.53765262771464E-16));
#9869=DIRECTION('',(0.,0.,-1.));
#9870=DIRECTION('center_axis',(0.,0.,1.));
#9871=DIRECTION('ref_axis',(-1.,-6.80011602582909E-15,0.));
#9872=DIRECTION('center_axis',(2.53765262771464E-16,0.,-1.));
#9873=DIRECTION('ref_axis',(-1.,-6.80011602582909E-15,-2.53765262771464E-16));
#9874=DIRECTION('',(0.,0.,-1.));
#9875=DIRECTION('center_axis',(0.,0.,1.));
#9876=DIRECTION('ref_axis',(-1.,-6.80011602582909E-15,0.));
#9877=DIRECTION('center_axis',(2.53765262771464E-16,0.,-1.));
#9878=DIRECTION('ref_axis',(-1.,-6.80011602582909E-15,-2.53765262771464E-16));
#9879=DIRECTION('',(0.,0.,-1.));
#9880=DIRECTION('center_axis',(0.,0.,1.));
#9881=DIRECTION('ref_axis',(-1.,-6.80011602582909E-15,0.));
#9882=DIRECTION('center_axis',(2.53765262771464E-16,0.,-1.));
#9883=DIRECTION('ref_axis',(-1.,-6.80011602582909E-15,-2.53765262771464E-16));
#9884=DIRECTION('',(0.,0.,-1.));
#9885=DIRECTION('center_axis',(0.,0.,1.));
#9886=DIRECTION('ref_axis',(-1.,-6.80011602582909E-15,0.));
#9887=DIRECTION('center_axis',(2.53765262771464E-16,0.,-1.));
#9888=DIRECTION('ref_axis',(-1.,-6.80011602582909E-15,-2.53765262771464E-16));
#9889=DIRECTION('',(0.,0.,-1.));
#9890=DIRECTION('center_axis',(0.,0.,1.));
#9891=DIRECTION('ref_axis',(-1.,-6.80011602582909E-15,0.));
#9892=DIRECTION('center_axis',(2.53765262771464E-16,0.,-1.));
#9893=DIRECTION('ref_axis',(-1.,-6.80011602582909E-15,-2.53765262771464E-16));
#9894=DIRECTION('',(0.,0.,-1.));
#9895=DIRECTION('center_axis',(0.,0.,1.));
#9896=DIRECTION('ref_axis',(-1.,-6.80011602582909E-15,0.));
#9897=DIRECTION('center_axis',(2.53765262771464E-16,0.,-1.));
#9898=DIRECTION('ref_axis',(-1.,-6.80011602582909E-15,-2.53765262771464E-16));
#9899=DIRECTION('',(0.,0.,-1.));
#9900=DIRECTION('center_axis',(0.,0.,1.));
#9901=DIRECTION('ref_axis',(-1.,-6.80011602582909E-15,0.));
#9902=DIRECTION('center_axis',(2.53765262771464E-16,0.,-1.));
#9903=DIRECTION('ref_axis',(-1.,-6.80011602582909E-15,-2.53765262771464E-16));
#9904=DIRECTION('',(0.,0.,-1.));
#9905=DIRECTION('center_axis',(0.,0.,1.));
#9906=DIRECTION('ref_axis',(-1.,-6.80011602582909E-15,0.));
#9907=DIRECTION('center_axis',(2.53765262771464E-16,0.,-1.));
#9908=DIRECTION('ref_axis',(-1.,-6.80011602582909E-15,-2.53765262771464E-16));
#9909=DIRECTION('',(0.,0.,-1.));
#9910=DIRECTION('center_axis',(0.,0.,1.));
#9911=DIRECTION('ref_axis',(-1.,-6.80011602582909E-15,0.));
#9912=DIRECTION('center_axis',(2.53765262771464E-16,0.,-1.));
#9913=DIRECTION('ref_axis',(-1.,-6.80011602582909E-15,-2.53765262771464E-16));
#9914=DIRECTION('',(0.,0.,-1.));
#9915=DIRECTION('center_axis',(0.,0.,1.));
#9916=DIRECTION('ref_axis',(-1.,-6.80011602582909E-15,0.));
#9917=DIRECTION('center_axis',(2.53765262771464E-16,0.,-1.));
#9918=DIRECTION('ref_axis',(-1.,-6.80011602582909E-15,-2.53765262771464E-16));
#9919=DIRECTION('',(0.,0.,-1.));
#9920=DIRECTION('center_axis',(0.,0.,1.));
#9921=DIRECTION('ref_axis',(-1.,-6.80011602582909E-15,0.));
#9922=DIRECTION('center_axis',(2.53765262771464E-16,0.,-1.));
#9923=DIRECTION('ref_axis',(-1.,-6.80011602582909E-15,-2.53765262771464E-16));
#9924=DIRECTION('',(0.,0.,-1.));
#9925=DIRECTION('center_axis',(0.,0.,1.));
#9926=DIRECTION('ref_axis',(-1.,-6.80011602582909E-15,0.));
#9927=DIRECTION('center_axis',(2.53765262771464E-16,0.,-1.));
#9928=DIRECTION('ref_axis',(-1.,-6.80011602582909E-15,-2.53765262771464E-16));
#9929=DIRECTION('',(0.,0.,-1.));
#9930=DIRECTION('center_axis',(0.,0.,1.));
#9931=DIRECTION('ref_axis',(-1.,-6.80011602582909E-15,0.));
#9932=DIRECTION('center_axis',(2.53765262771464E-16,0.,-1.));
#9933=DIRECTION('ref_axis',(-1.,-6.80011602582909E-15,-2.53765262771464E-16));
#9934=DIRECTION('',(0.,0.,-1.));
#9935=DIRECTION('center_axis',(0.,0.,1.));
#9936=DIRECTION('ref_axis',(-1.,-6.80011602582909E-15,0.));
#9937=DIRECTION('center_axis',(2.53765262771464E-16,0.,-1.));
#9938=DIRECTION('ref_axis',(-1.,-6.80011602582909E-15,-2.53765262771464E-16));
#9939=DIRECTION('',(0.,0.,-1.));
#9940=DIRECTION('center_axis',(0.,0.,1.));
#9941=DIRECTION('ref_axis',(-1.,-6.80011602582909E-15,0.));
#9942=DIRECTION('center_axis',(2.53765262771464E-16,0.,-1.));
#9943=DIRECTION('ref_axis',(-1.,-6.80011602582909E-15,-2.53765262771464E-16));
#9944=DIRECTION('',(0.,0.,-1.));
#9945=DIRECTION('center_axis',(0.,0.,1.));
#9946=DIRECTION('ref_axis',(-1.,-6.80011602582909E-15,0.));
#9947=DIRECTION('center_axis',(2.53765262771464E-16,0.,-1.));
#9948=DIRECTION('ref_axis',(-1.,-6.80011602582909E-15,-2.53765262771464E-16));
#9949=DIRECTION('',(0.,0.,-1.));
#9950=DIRECTION('center_axis',(0.,0.,1.));
#9951=DIRECTION('ref_axis',(-1.,-6.80011602582909E-15,0.));
#9952=DIRECTION('center_axis',(2.53765262771464E-16,0.,-1.));
#9953=DIRECTION('ref_axis',(-1.,-6.80011602582909E-15,-2.53765262771464E-16));
#9954=DIRECTION('',(0.,0.,-1.));
#9955=DIRECTION('center_axis',(0.,0.,1.));
#9956=DIRECTION('ref_axis',(-1.,-6.80011602582909E-15,0.));
#9957=DIRECTION('center_axis',(2.53765262771464E-16,0.,-1.));
#9958=DIRECTION('ref_axis',(-1.,-6.80011602582909E-15,-2.53765262771464E-16));
#9959=DIRECTION('',(0.,0.,-1.));
#9960=DIRECTION('center_axis',(0.,0.,1.));
#9961=DIRECTION('ref_axis',(-1.,-6.80011602582909E-15,0.));
#9962=DIRECTION('center_axis',(2.53765262771464E-16,0.,-1.));
#9963=DIRECTION('ref_axis',(-1.,-6.80011602582909E-15,-2.53765262771464E-16));
#9964=DIRECTION('',(0.,0.,-1.));
#9965=DIRECTION('center_axis',(0.,0.,1.));
#9966=DIRECTION('ref_axis',(-1.,-6.80011602582909E-15,0.));
#9967=DIRECTION('center_axis',(2.53765262771464E-16,0.,-1.));
#9968=DIRECTION('ref_axis',(-1.,-6.80011602582909E-15,-2.53765262771464E-16));
#9969=DIRECTION('',(0.,0.,-1.));
#9970=DIRECTION('center_axis',(0.,0.,1.));
#9971=DIRECTION('ref_axis',(-1.,-6.80011602582909E-15,0.));
#9972=DIRECTION('center_axis',(2.53765262771464E-16,0.,-1.));
#9973=DIRECTION('ref_axis',(-1.,-6.80011602582909E-15,-2.53765262771464E-16));
#9974=DIRECTION('',(0.,0.,-1.));
#9975=DIRECTION('center_axis',(0.,0.,1.));
#9976=DIRECTION('ref_axis',(-1.,-6.80011602582909E-15,0.));
#9977=DIRECTION('center_axis',(2.53765262771464E-16,0.,-1.));
#9978=DIRECTION('ref_axis',(-1.,-6.80011602582909E-15,-2.53765262771464E-16));
#9979=DIRECTION('',(0.,0.,-1.));
#9980=DIRECTION('center_axis',(0.,0.,1.));
#9981=DIRECTION('ref_axis',(-1.,-6.80011602582909E-15,0.));
#9982=DIRECTION('center_axis',(2.53765262771464E-16,0.,-1.));
#9983=DIRECTION('ref_axis',(-1.,-6.80011602582909E-15,-2.53765262771464E-16));
#9984=DIRECTION('',(0.,0.,-1.));
#9985=DIRECTION('center_axis',(0.,0.,1.));
#9986=DIRECTION('ref_axis',(-1.,-6.80011602582909E-15,0.));
#9987=DIRECTION('center_axis',(2.53765262771464E-16,0.,-1.));
#9988=DIRECTION('ref_axis',(-1.,-6.80011602582909E-15,-2.53765262771464E-16));
#9989=DIRECTION('',(0.,0.,-1.));
#9990=DIRECTION('center_axis',(0.,0.,1.));
#9991=DIRECTION('ref_axis',(-1.,-6.80011602582909E-15,0.));
#9992=DIRECTION('center_axis',(2.53765262771464E-16,0.,-1.));
#9993=DIRECTION('ref_axis',(-1.,-6.80011602582909E-15,-2.53765262771464E-16));
#9994=DIRECTION('',(0.,0.,-1.));
#9995=DIRECTION('center_axis',(0.,0.,1.));
#9996=DIRECTION('ref_axis',(-1.,-6.80011602582909E-15,0.));
#9997=DIRECTION('center_axis',(2.53765262771464E-16,0.,-1.));
#9998=DIRECTION('ref_axis',(-1.,-6.80011602582909E-15,-2.53765262771464E-16));
#9999=DIRECTION('',(0.,0.,-1.));
#10000=DIRECTION('center_axis',(0.,0.,1.));
#10001=DIRECTION('ref_axis',(-1.,-6.80011602582909E-15,0.));
#10002=DIRECTION('center_axis',(2.53765262771464E-16,0.,-1.));
#10003=DIRECTION('ref_axis',(-1.,-6.80011602582909E-15,-2.53765262771464E-16));
#10004=DIRECTION('',(0.,0.,-1.));
#10005=DIRECTION('center_axis',(0.,0.,1.));
#10006=DIRECTION('ref_axis',(-1.,-6.80011602582909E-15,0.));
#10007=DIRECTION('center_axis',(2.53765262771464E-16,0.,-1.));
#10008=DIRECTION('ref_axis',(-1.,-6.80011602582909E-15,-2.53765262771464E-16));
#10009=DIRECTION('',(0.,0.,-1.));
#10010=DIRECTION('center_axis',(0.,0.,1.));
#10011=DIRECTION('ref_axis',(-1.,-6.80011602582909E-15,0.));
#10012=DIRECTION('center_axis',(2.53765262771464E-16,0.,-1.));
#10013=DIRECTION('ref_axis',(-1.,-6.80011602582909E-15,-2.53765262771464E-16));
#10014=DIRECTION('',(0.,0.,-1.));
#10015=DIRECTION('center_axis',(0.,0.,1.));
#10016=DIRECTION('ref_axis',(-1.,-6.80011602582909E-15,0.));
#10017=DIRECTION('center_axis',(2.53765262771464E-16,0.,-1.));
#10018=DIRECTION('ref_axis',(-1.,-6.80011602582909E-15,-2.53765262771464E-16));
#10019=DIRECTION('',(0.,0.,-1.));
#10020=DIRECTION('center_axis',(0.,0.,1.));
#10021=DIRECTION('ref_axis',(-1.,-6.80011602582909E-15,0.));
#10022=DIRECTION('center_axis',(2.53765262771464E-16,0.,-1.));
#10023=DIRECTION('ref_axis',(-1.,-6.80011602582909E-15,-2.53765262771464E-16));
#10024=DIRECTION('',(0.,0.,-1.));
#10025=DIRECTION('center_axis',(0.,0.,1.));
#10026=DIRECTION('ref_axis',(-1.,-6.80011602582909E-15,0.));
#10027=DIRECTION('center_axis',(2.53765262771464E-16,0.,-1.));
#10028=DIRECTION('ref_axis',(-1.,-6.80011602582909E-15,-2.53765262771464E-16));
#10029=DIRECTION('',(0.,0.,-1.));
#10030=DIRECTION('center_axis',(0.,0.,1.));
#10031=DIRECTION('ref_axis',(-1.,-6.80011602582909E-15,0.));
#10032=DIRECTION('center_axis',(2.53765262771464E-16,0.,-1.));
#10033=DIRECTION('ref_axis',(-1.,-6.80011602582909E-15,-2.53765262771464E-16));
#10034=DIRECTION('',(0.,0.,-1.));
#10035=DIRECTION('center_axis',(0.,0.,1.));
#10036=DIRECTION('ref_axis',(-1.,-6.80011602582909E-15,0.));
#10037=DIRECTION('center_axis',(2.53765262771464E-16,0.,-1.));
#10038=DIRECTION('ref_axis',(-1.,-6.80011602582909E-15,-2.53765262771464E-16));
#10039=DIRECTION('',(0.,0.,-1.));
#10040=DIRECTION('center_axis',(0.,0.,1.));
#10041=DIRECTION('ref_axis',(-1.,-6.80011602582909E-15,0.));
#10042=DIRECTION('center_axis',(2.53765262771464E-16,0.,-1.));
#10043=DIRECTION('ref_axis',(-1.,-6.80011602582909E-15,-2.53765262771464E-16));
#10044=DIRECTION('',(0.,0.,-1.));
#10045=DIRECTION('center_axis',(0.,0.,1.));
#10046=DIRECTION('ref_axis',(-1.,-6.80011602582909E-15,0.));
#10047=DIRECTION('center_axis',(2.53765262771464E-16,0.,-1.));
#10048=DIRECTION('ref_axis',(-1.,-6.80011602582909E-15,-2.53765262771464E-16));
#10049=DIRECTION('',(0.,0.,-1.));
#10050=DIRECTION('center_axis',(-2.53765262771464E-16,0.,1.));
#10051=DIRECTION('ref_axis',(-1.,-6.80011602582909E-15,0.));
#10052=DIRECTION('center_axis',(-2.53765262771464E-16,0.,1.));
#10053=DIRECTION('ref_axis',(-1.,-6.80011602582909E-15,0.));
#10054=DIRECTION('center_axis',(0.,0.,1.));
#10055=DIRECTION('ref_axis',(-1.,-6.80011602582909E-15,0.));
#10056=DIRECTION('center_axis',(2.53765262771464E-16,0.,-1.));
#10057=DIRECTION('ref_axis',(-1.,-6.80011602582909E-15,-2.53765262771464E-16));
#10058=DIRECTION('',(0.,0.,-1.));
#10059=DIRECTION('center_axis',(0.,0.,1.));
#10060=DIRECTION('ref_axis',(-1.,-6.80011602582909E-15,0.));
#10061=DIRECTION('center_axis',(2.53765262771464E-16,0.,-1.));
#10062=DIRECTION('ref_axis',(-1.,-6.80011602582909E-15,-2.53765262771464E-16));
#10063=DIRECTION('',(0.,0.,-1.));
#10064=DIRECTION('center_axis',(0.,0.,1.));
#10065=DIRECTION('ref_axis',(-1.,-6.80011602582909E-15,0.));
#10066=DIRECTION('center_axis',(2.53765262771464E-16,0.,-1.));
#10067=DIRECTION('ref_axis',(-1.,-6.80011602582909E-15,-2.53765262771464E-16));
#10068=DIRECTION('',(0.,0.,-1.));
#10069=DIRECTION('center_axis',(0.,0.,1.));
#10070=DIRECTION('ref_axis',(-1.,-6.80011602582909E-15,0.));
#10071=DIRECTION('center_axis',(2.53765262771464E-16,0.,-1.));
#10072=DIRECTION('ref_axis',(-1.,-6.80011602582909E-15,-2.53765262771464E-16));
#10073=DIRECTION('',(0.,0.,-1.));
#10074=DIRECTION('center_axis',(0.,0.,1.));
#10075=DIRECTION('ref_axis',(-1.,-6.80011602582909E-15,0.));
#10076=DIRECTION('center_axis',(2.53765262771464E-16,0.,-1.));
#10077=DIRECTION('ref_axis',(-1.,-6.80011602582909E-15,-2.53765262771464E-16));
#10078=DIRECTION('',(0.,0.,-1.));
#10079=DIRECTION('center_axis',(0.,0.,1.));
#10080=DIRECTION('ref_axis',(-1.,-6.80011602582909E-15,0.));
#10081=DIRECTION('center_axis',(2.53765262771464E-16,0.,-1.));
#10082=DIRECTION('ref_axis',(-1.,-6.80011602582909E-15,-2.53765262771464E-16));
#10083=DIRECTION('',(0.,0.,-1.));
#10084=DIRECTION('center_axis',(0.,0.,1.));
#10085=DIRECTION('ref_axis',(-1.,-6.80011602582909E-15,0.));
#10086=DIRECTION('center_axis',(2.53765262771464E-16,0.,-1.));
#10087=DIRECTION('ref_axis',(-1.,-6.80011602582909E-15,-2.53765262771464E-16));
#10088=DIRECTION('',(0.,0.,-1.));
#10089=DIRECTION('center_axis',(0.,0.,1.));
#10090=DIRECTION('ref_axis',(-1.,-6.80011602582909E-15,0.));
#10091=DIRECTION('center_axis',(2.53765262771464E-16,0.,-1.));
#10092=DIRECTION('ref_axis',(-1.,-6.80011602582909E-15,-2.53765262771464E-16));
#10093=DIRECTION('',(0.,0.,-1.));
#10094=DIRECTION('center_axis',(0.,0.,1.));
#10095=DIRECTION('ref_axis',(-1.,-6.80011602582909E-15,0.));
#10096=DIRECTION('center_axis',(2.53765262771464E-16,0.,-1.));
#10097=DIRECTION('ref_axis',(-1.,-6.80011602582909E-15,-2.53765262771464E-16));
#10098=DIRECTION('',(0.,0.,-1.));
#10099=DIRECTION('center_axis',(0.,0.,1.));
#10100=DIRECTION('ref_axis',(-1.,-6.80011602582909E-15,0.));
#10101=DIRECTION('center_axis',(2.53765262771464E-16,0.,-1.));
#10102=DIRECTION('ref_axis',(-1.,-6.80011602582909E-15,-2.53765262771464E-16));
#10103=DIRECTION('',(0.,0.,-1.));
#10104=DIRECTION('center_axis',(0.,0.,1.));
#10105=DIRECTION('ref_axis',(-1.,-6.80011602582909E-15,0.));
#10106=DIRECTION('center_axis',(2.53765262771464E-16,0.,-1.));
#10107=DIRECTION('ref_axis',(-1.,-6.80011602582909E-15,-2.53765262771464E-16));
#10108=DIRECTION('',(0.,0.,-1.));
#10109=DIRECTION('center_axis',(-2.53765262771464E-16,0.,1.));
#10110=DIRECTION('ref_axis',(-1.,-6.80011602582909E-15,0.));
#10111=DIRECTION('center_axis',(-2.53765262771464E-16,0.,1.));
#10112=DIRECTION('ref_axis',(-1.,-6.80011602582909E-15,0.));
#10113=DIRECTION('center_axis',(0.,0.,1.));
#10114=DIRECTION('ref_axis',(-1.,-6.80011602582909E-15,0.));
#10115=DIRECTION('center_axis',(2.53765262771464E-16,0.,-1.));
#10116=DIRECTION('ref_axis',(-1.,-6.80011602582909E-15,-2.53765262771464E-16));
#10117=DIRECTION('',(0.,0.,-1.));
#10118=DIRECTION('center_axis',(0.,0.,1.));
#10119=DIRECTION('ref_axis',(-1.,-6.80011602582909E-15,0.));
#10120=DIRECTION('center_axis',(2.53765262771464E-16,0.,-1.));
#10121=DIRECTION('ref_axis',(-1.,-6.80011602582909E-15,-2.53765262771464E-16));
#10122=DIRECTION('',(0.,0.,-1.));
#10123=DIRECTION('center_axis',(0.,0.,1.));
#10124=DIRECTION('ref_axis',(-1.,-6.80011602582909E-15,0.));
#10125=DIRECTION('center_axis',(2.53765262771464E-16,0.,-1.));
#10126=DIRECTION('ref_axis',(-1.,-6.80011602582909E-15,-2.53765262771464E-16));
#10127=DIRECTION('',(0.,0.,-1.));
#10128=DIRECTION('center_axis',(0.,0.,1.));
#10129=DIRECTION('ref_axis',(-1.,-6.80011602582909E-15,0.));
#10130=DIRECTION('center_axis',(2.53765262771464E-16,0.,-1.));
#10131=DIRECTION('ref_axis',(-1.,-6.80011602582909E-15,-2.53765262771464E-16));
#10132=DIRECTION('',(0.,0.,-1.));
#10133=DIRECTION('center_axis',(0.,0.,1.));
#10134=DIRECTION('ref_axis',(-1.,-6.80011602582909E-15,0.));
#10135=DIRECTION('center_axis',(2.53765262771464E-16,0.,-1.));
#10136=DIRECTION('ref_axis',(-1.,-6.80011602582909E-15,-2.53765262771464E-16));
#10137=DIRECTION('',(0.,0.,-1.));
#10138=DIRECTION('center_axis',(0.,0.,1.));
#10139=DIRECTION('ref_axis',(-1.,-6.80011602582909E-15,0.));
#10140=DIRECTION('center_axis',(2.53765262771464E-16,0.,-1.));
#10141=DIRECTION('ref_axis',(-1.,-6.80011602582909E-15,-2.53765262771464E-16));
#10142=DIRECTION('',(0.,0.,-1.));
#10143=DIRECTION('center_axis',(0.,0.,1.));
#10144=DIRECTION('ref_axis',(-1.,-6.80011602582909E-15,0.));
#10145=DIRECTION('center_axis',(2.53765262771464E-16,0.,-1.));
#10146=DIRECTION('ref_axis',(-1.,-6.80011602582909E-15,-2.53765262771464E-16));
#10147=DIRECTION('',(0.,0.,-1.));
#10148=DIRECTION('center_axis',(0.,0.,1.));
#10149=DIRECTION('ref_axis',(-1.,-6.80011602582909E-15,0.));
#10150=DIRECTION('center_axis',(2.53765262771464E-16,0.,-1.));
#10151=DIRECTION('ref_axis',(-1.,-6.80011602582909E-15,-2.53765262771464E-16));
#10152=DIRECTION('',(0.,0.,-1.));
#10153=DIRECTION('center_axis',(0.,0.,1.));
#10154=DIRECTION('ref_axis',(-1.,-6.80011602582909E-15,0.));
#10155=DIRECTION('center_axis',(2.53765262771464E-16,0.,-1.));
#10156=DIRECTION('ref_axis',(-1.,-6.80011602582909E-15,-2.53765262771464E-16));
#10157=DIRECTION('',(0.,0.,-1.));
#10158=DIRECTION('center_axis',(0.,0.,1.));
#10159=DIRECTION('ref_axis',(-1.,-6.80011602582909E-15,0.));
#10160=DIRECTION('center_axis',(2.53765262771464E-16,0.,-1.));
#10161=DIRECTION('ref_axis',(-1.,-6.80011602582909E-15,-2.53765262771464E-16));
#10162=DIRECTION('',(0.,0.,-1.));
#10163=DIRECTION('center_axis',(0.,0.,1.));
#10164=DIRECTION('ref_axis',(-1.,-6.80011602582909E-15,0.));
#10165=DIRECTION('center_axis',(2.53765262771464E-16,0.,-1.));
#10166=DIRECTION('ref_axis',(-1.,-6.80011602582909E-15,-2.53765262771464E-16));
#10167=DIRECTION('',(0.,0.,-1.));
#10168=DIRECTION('center_axis',(0.,0.,1.));
#10169=DIRECTION('ref_axis',(-1.,-6.80011602582909E-15,0.));
#10170=DIRECTION('center_axis',(2.53765262771464E-16,0.,-1.));
#10171=DIRECTION('ref_axis',(-1.,-6.80011602582909E-15,-2.53765262771464E-16));
#10172=DIRECTION('',(0.,0.,-1.));
#10173=DIRECTION('center_axis',(0.,0.,1.));
#10174=DIRECTION('ref_axis',(-1.,-6.80011602582909E-15,0.));
#10175=DIRECTION('center_axis',(2.53765262771464E-16,0.,-1.));
#10176=DIRECTION('ref_axis',(-1.,-6.80011602582909E-15,-2.53765262771464E-16));
#10177=DIRECTION('',(0.,0.,-1.));
#10178=DIRECTION('center_axis',(0.,0.,1.));
#10179=DIRECTION('ref_axis',(-1.,-6.80011602582909E-15,0.));
#10180=DIRECTION('center_axis',(2.53765262771464E-16,0.,-1.));
#10181=DIRECTION('ref_axis',(-1.,-6.80011602582909E-15,-2.53765262771464E-16));
#10182=DIRECTION('',(0.,0.,-1.));
#10183=DIRECTION('center_axis',(0.,0.,1.));
#10184=DIRECTION('ref_axis',(-1.,-6.80011602582909E-15,0.));
#10185=DIRECTION('center_axis',(2.53765262771464E-16,0.,-1.));
#10186=DIRECTION('ref_axis',(-1.,-6.80011602582909E-15,-2.53765262771464E-16));
#10187=DIRECTION('',(0.,0.,-1.));
#10188=DIRECTION('center_axis',(0.,0.,1.));
#10189=DIRECTION('ref_axis',(-1.,-6.80011602582909E-15,0.));
#10190=DIRECTION('center_axis',(2.53765262771464E-16,0.,-1.));
#10191=DIRECTION('ref_axis',(-1.,-6.80011602582909E-15,-2.53765262771464E-16));
#10192=DIRECTION('',(0.,0.,-1.));
#10193=DIRECTION('center_axis',(0.,0.,1.));
#10194=DIRECTION('ref_axis',(-1.,-6.80011602582909E-15,0.));
#10195=DIRECTION('center_axis',(2.53765262771464E-16,0.,-1.));
#10196=DIRECTION('ref_axis',(-1.,-6.80011602582909E-15,-2.53765262771464E-16));
#10197=DIRECTION('',(0.,0.,-1.));
#10198=DIRECTION('center_axis',(0.,0.,1.));
#10199=DIRECTION('ref_axis',(-1.,-6.80011602582909E-15,0.));
#10200=DIRECTION('center_axis',(2.53765262771464E-16,0.,-1.));
#10201=DIRECTION('ref_axis',(-1.,-6.80011602582909E-15,-2.53765262771464E-16));
#10202=DIRECTION('',(0.,0.,-1.));
#10203=DIRECTION('center_axis',(0.,0.,1.));
#10204=DIRECTION('ref_axis',(-1.,-6.80011602582909E-15,0.));
#10205=DIRECTION('center_axis',(2.53765262771464E-16,0.,-1.));
#10206=DIRECTION('ref_axis',(-1.,-6.80011602582909E-15,-2.53765262771464E-16));
#10207=DIRECTION('',(0.,0.,-1.));
#10208=DIRECTION('center_axis',(0.,0.,1.));
#10209=DIRECTION('ref_axis',(-1.,-6.80011602582909E-15,0.));
#10210=DIRECTION('center_axis',(2.53765262771464E-16,0.,-1.));
#10211=DIRECTION('ref_axis',(-1.,-6.80011602582909E-15,-2.53765262771464E-16));
#10212=DIRECTION('',(0.,0.,-1.));
#10213=DIRECTION('center_axis',(0.,0.,1.));
#10214=DIRECTION('ref_axis',(-1.,-6.80011602582909E-15,0.));
#10215=DIRECTION('center_axis',(2.53765262771464E-16,0.,-1.));
#10216=DIRECTION('ref_axis',(-1.,-6.80011602582909E-15,-2.53765262771464E-16));
#10217=DIRECTION('',(0.,0.,-1.));
#10218=DIRECTION('center_axis',(0.,0.,1.));
#10219=DIRECTION('ref_axis',(-1.,-6.80011602582909E-15,0.));
#10220=DIRECTION('center_axis',(2.53765262771464E-16,0.,-1.));
#10221=DIRECTION('ref_axis',(-1.,-6.80011602582909E-15,-2.53765262771464E-16));
#10222=DIRECTION('',(0.,0.,-1.));
#10223=DIRECTION('center_axis',(0.,0.,1.));
#10224=DIRECTION('ref_axis',(-1.,-6.80011602582909E-15,0.));
#10225=DIRECTION('center_axis',(2.53765262771464E-16,0.,-1.));
#10226=DIRECTION('ref_axis',(-1.,-6.80011602582909E-15,-2.53765262771464E-16));
#10227=DIRECTION('',(0.,0.,-1.));
#10228=DIRECTION('center_axis',(0.,0.,1.));
#10229=DIRECTION('ref_axis',(-1.,-6.80011602582909E-15,0.));
#10230=DIRECTION('center_axis',(2.53765262771464E-16,0.,-1.));
#10231=DIRECTION('ref_axis',(-1.,-6.80011602582909E-15,-2.53765262771464E-16));
#10232=DIRECTION('',(0.,0.,-1.));
#10233=DIRECTION('center_axis',(0.,0.,1.));
#10234=DIRECTION('ref_axis',(-1.,-6.80011602582909E-15,0.));
#10235=DIRECTION('center_axis',(2.53765262771464E-16,0.,-1.));
#10236=DIRECTION('ref_axis',(-1.,-6.80011602582909E-15,-2.53765262771464E-16));
#10237=DIRECTION('',(0.,0.,-1.));
#10238=DIRECTION('center_axis',(0.,0.,1.));
#10239=DIRECTION('ref_axis',(-1.,-6.80011602582909E-15,0.));
#10240=DIRECTION('center_axis',(2.53765262771464E-16,0.,-1.));
#10241=DIRECTION('ref_axis',(-1.,-6.80011602582909E-15,-2.53765262771464E-16));
#10242=DIRECTION('',(0.,0.,-1.));
#10243=DIRECTION('center_axis',(0.,0.,1.));
#10244=DIRECTION('ref_axis',(-1.,-6.80011602582909E-15,0.));
#10245=DIRECTION('center_axis',(2.53765262771464E-16,0.,-1.));
#10246=DIRECTION('ref_axis',(-1.,-6.80011602582909E-15,-2.53765262771464E-16));
#10247=DIRECTION('',(0.,0.,-1.));
#10248=DIRECTION('center_axis',(0.,0.,1.));
#10249=DIRECTION('ref_axis',(-1.,-6.80011602582909E-15,0.));
#10250=DIRECTION('center_axis',(2.53765262771464E-16,0.,-1.));
#10251=DIRECTION('ref_axis',(-1.,-6.80011602582909E-15,-2.53765262771464E-16));
#10252=DIRECTION('',(0.,0.,-1.));
#10253=DIRECTION('center_axis',(0.,0.,1.));
#10254=DIRECTION('ref_axis',(-1.,-6.80011602582909E-15,0.));
#10255=DIRECTION('center_axis',(2.53765262771464E-16,0.,-1.));
#10256=DIRECTION('ref_axis',(-1.,-6.80011602582909E-15,-2.53765262771464E-16));
#10257=DIRECTION('',(0.,0.,-1.));
#10258=DIRECTION('center_axis',(0.,0.,1.));
#10259=DIRECTION('ref_axis',(-1.,-6.80011602582909E-15,0.));
#10260=DIRECTION('center_axis',(2.53765262771464E-16,0.,-1.));
#10261=DIRECTION('ref_axis',(-1.,-6.80011602582909E-15,-2.53765262771464E-16));
#10262=DIRECTION('',(0.,0.,-1.));
#10263=DIRECTION('center_axis',(0.,0.,1.));
#10264=DIRECTION('ref_axis',(-1.,-6.80011602582909E-15,0.));
#10265=DIRECTION('center_axis',(2.53765262771464E-16,0.,-1.));
#10266=DIRECTION('ref_axis',(-1.,-6.80011602582909E-15,-2.53765262771464E-16));
#10267=DIRECTION('',(0.,0.,-1.));
#10268=DIRECTION('center_axis',(0.,0.,1.));
#10269=DIRECTION('ref_axis',(-1.,-6.80011602582909E-15,0.));
#10270=DIRECTION('center_axis',(2.53765262771464E-16,0.,-1.));
#10271=DIRECTION('ref_axis',(-1.,-6.80011602582909E-15,-2.53765262771464E-16));
#10272=DIRECTION('',(0.,0.,-1.));
#10273=DIRECTION('center_axis',(-2.53765262771464E-16,0.,1.));
#10274=DIRECTION('ref_axis',(-1.,-6.80011602582909E-15,0.));
#10275=DIRECTION('center_axis',(0.,0.,1.));
#10276=DIRECTION('ref_axis',(-1.,-6.80011602582909E-15,0.));
#10277=DIRECTION('center_axis',(2.53765262771464E-16,0.,-1.));
#10278=DIRECTION('ref_axis',(-1.,-6.80011602582909E-15,-2.53765262771464E-16));
#10279=DIRECTION('',(0.,0.,-1.));
#10280=DIRECTION('center_axis',(0.,0.,1.));
#10281=DIRECTION('ref_axis',(-1.,-6.80011602582909E-15,0.));
#10282=DIRECTION('center_axis',(2.53765262771464E-16,0.,-1.));
#10283=DIRECTION('ref_axis',(-1.,-6.80011602582909E-15,-2.53765262771464E-16));
#10284=DIRECTION('',(0.,0.,-1.));
#10285=DIRECTION('center_axis',(0.,0.,1.));
#10286=DIRECTION('ref_axis',(-1.,-6.80011602582909E-15,0.));
#10287=DIRECTION('center_axis',(2.53765262771464E-16,0.,-1.));
#10288=DIRECTION('ref_axis',(-1.,-6.80011602582909E-15,-2.53765262771464E-16));
#10289=DIRECTION('',(0.,0.,-1.));
#10290=DIRECTION('center_axis',(0.,0.,1.));
#10291=DIRECTION('ref_axis',(-1.,-6.80011602582909E-15,0.));
#10292=DIRECTION('center_axis',(2.53765262771464E-16,0.,-1.));
#10293=DIRECTION('ref_axis',(-1.,-6.80011602582909E-15,-2.53765262771464E-16));
#10294=DIRECTION('',(0.,0.,-1.));
#10295=DIRECTION('center_axis',(0.,0.,1.));
#10296=DIRECTION('ref_axis',(-1.,-6.80011602582909E-15,0.));
#10297=DIRECTION('center_axis',(2.53765262771464E-16,0.,-1.));
#10298=DIRECTION('ref_axis',(-1.,-6.80011602582909E-15,-2.53765262771464E-16));
#10299=DIRECTION('',(0.,0.,-1.));
#10300=DIRECTION('center_axis',(0.,0.,1.));
#10301=DIRECTION('ref_axis',(-1.,-6.80011602582909E-15,0.));
#10302=DIRECTION('center_axis',(2.53765262771464E-16,0.,-1.));
#10303=DIRECTION('ref_axis',(-1.,-6.80011602582909E-15,-2.53765262771464E-16));
#10304=DIRECTION('',(0.,0.,-1.));
#10305=DIRECTION('center_axis',(0.,0.,1.));
#10306=DIRECTION('ref_axis',(-1.,-6.80011602582909E-15,0.));
#10307=DIRECTION('center_axis',(2.53765262771464E-16,0.,-1.));
#10308=DIRECTION('ref_axis',(-1.,-6.80011602582909E-15,-2.53765262771464E-16));
#10309=DIRECTION('',(0.,0.,-1.));
#10310=DIRECTION('center_axis',(0.,0.,1.));
#10311=DIRECTION('ref_axis',(-1.,-6.80011602582909E-15,0.));
#10312=DIRECTION('center_axis',(2.53765262771464E-16,0.,-1.));
#10313=DIRECTION('ref_axis',(-1.,-6.80011602582909E-15,-2.53765262771464E-16));
#10314=DIRECTION('',(0.,0.,-1.));
#10315=DIRECTION('center_axis',(0.,0.,1.));
#10316=DIRECTION('ref_axis',(-1.,-6.80011602582909E-15,0.));
#10317=DIRECTION('center_axis',(2.53765262771464E-16,0.,-1.));
#10318=DIRECTION('ref_axis',(-1.,-6.80011602582909E-15,-2.53765262771464E-16));
#10319=DIRECTION('',(0.,0.,-1.));
#10320=DIRECTION('center_axis',(0.,0.,1.));
#10321=DIRECTION('ref_axis',(-1.,-6.80011602582909E-15,0.));
#10322=DIRECTION('center_axis',(2.53765262771464E-16,0.,-1.));
#10323=DIRECTION('ref_axis',(-1.,-6.80011602582909E-15,-2.53765262771464E-16));
#10324=DIRECTION('',(0.,0.,-1.));
#10325=DIRECTION('center_axis',(0.,0.,1.));
#10326=DIRECTION('ref_axis',(-1.,-6.80011602582909E-15,0.));
#10327=DIRECTION('center_axis',(2.53765262771464E-16,0.,-1.));
#10328=DIRECTION('ref_axis',(-1.,-6.80011602582909E-15,-2.53765262771464E-16));
#10329=DIRECTION('',(0.,0.,-1.));
#10330=DIRECTION('center_axis',(0.,0.,1.));
#10331=DIRECTION('ref_axis',(-1.,-6.80011602582909E-15,0.));
#10332=DIRECTION('center_axis',(2.53765262771464E-16,0.,-1.));
#10333=DIRECTION('ref_axis',(-1.,-6.80011602582909E-15,-2.53765262771464E-16));
#10334=DIRECTION('',(0.,0.,-1.));
#10335=DIRECTION('center_axis',(0.,0.,1.));
#10336=DIRECTION('ref_axis',(-1.,-6.80011602582909E-15,0.));
#10337=DIRECTION('center_axis',(2.53765262771464E-16,0.,-1.));
#10338=DIRECTION('ref_axis',(-1.,-6.80011602582909E-15,-2.53765262771464E-16));
#10339=DIRECTION('',(0.,0.,-1.));
#10340=DIRECTION('center_axis',(0.,0.,1.));
#10341=DIRECTION('ref_axis',(-1.,-6.80011602582909E-15,0.));
#10342=DIRECTION('center_axis',(2.53765262771464E-16,0.,-1.));
#10343=DIRECTION('ref_axis',(-1.,-6.80011602582909E-15,-2.53765262771464E-16));
#10344=DIRECTION('',(0.,0.,-1.));
#10345=DIRECTION('center_axis',(0.,0.,1.));
#10346=DIRECTION('ref_axis',(-1.,-6.80011602582909E-15,0.));
#10347=DIRECTION('center_axis',(2.53765262771464E-16,0.,-1.));
#10348=DIRECTION('ref_axis',(-1.,-6.80011602582909E-15,-2.53765262771464E-16));
#10349=DIRECTION('',(0.,0.,-1.));
#10350=DIRECTION('center_axis',(0.,0.,1.));
#10351=DIRECTION('ref_axis',(-1.,-6.80011602582909E-15,0.));
#10352=DIRECTION('center_axis',(2.53765262771464E-16,0.,-1.));
#10353=DIRECTION('ref_axis',(-1.,-6.80011602582909E-15,-2.53765262771464E-16));
#10354=DIRECTION('',(0.,0.,-1.));
#10355=DIRECTION('center_axis',(0.,0.,1.));
#10356=DIRECTION('ref_axis',(-1.,-6.80011602582909E-15,0.));
#10357=DIRECTION('center_axis',(2.53765262771464E-16,0.,-1.));
#10358=DIRECTION('ref_axis',(-1.,-6.80011602582909E-15,-2.53765262771464E-16));
#10359=DIRECTION('',(0.,0.,-1.));
#10360=DIRECTION('center_axis',(0.,0.,1.));
#10361=DIRECTION('ref_axis',(-1.,-6.80011602582909E-15,0.));
#10362=DIRECTION('center_axis',(2.53765262771464E-16,0.,-1.));
#10363=DIRECTION('ref_axis',(-1.,-6.80011602582909E-15,-2.53765262771464E-16));
#10364=DIRECTION('',(0.,0.,-1.));
#10365=DIRECTION('center_axis',(0.,0.,1.));
#10366=DIRECTION('ref_axis',(-1.,-6.80011602582909E-15,0.));
#10367=DIRECTION('center_axis',(2.53765262771464E-16,0.,-1.));
#10368=DIRECTION('ref_axis',(-1.,-6.80011602582909E-15,-2.53765262771464E-16));
#10369=DIRECTION('',(0.,0.,-1.));
#10370=DIRECTION('center_axis',(0.,0.,1.));
#10371=DIRECTION('ref_axis',(-1.,-6.80011602582909E-15,0.));
#10372=DIRECTION('center_axis',(2.53765262771464E-16,0.,-1.));
#10373=DIRECTION('ref_axis',(-1.,-6.80011602582909E-15,-2.53765262771464E-16));
#10374=DIRECTION('',(0.,0.,-1.));
#10375=DIRECTION('center_axis',(0.,0.,1.));
#10376=DIRECTION('ref_axis',(-1.,-6.80011602582909E-15,0.));
#10377=DIRECTION('center_axis',(2.53765262771464E-16,0.,-1.));
#10378=DIRECTION('ref_axis',(-1.,-6.80011602582909E-15,-2.53765262771464E-16));
#10379=DIRECTION('',(0.,0.,-1.));
#10380=DIRECTION('center_axis',(0.,0.,1.));
#10381=DIRECTION('ref_axis',(-1.,-6.80011602582909E-15,0.));
#10382=DIRECTION('center_axis',(2.53765262771464E-16,0.,-1.));
#10383=DIRECTION('ref_axis',(-1.,-6.80011602582909E-15,-2.53765262771464E-16));
#10384=DIRECTION('',(0.,0.,-1.));
#10385=DIRECTION('center_axis',(0.,0.,1.));
#10386=DIRECTION('ref_axis',(-1.,-6.80011602582909E-15,0.));
#10387=DIRECTION('center_axis',(2.53765262771464E-16,0.,-1.));
#10388=DIRECTION('ref_axis',(-1.,-6.80011602582909E-15,-2.53765262771464E-16));
#10389=DIRECTION('',(0.,0.,-1.));
#10390=DIRECTION('center_axis',(0.,0.,1.));
#10391=DIRECTION('ref_axis',(-1.,-6.80011602582909E-15,0.));
#10392=DIRECTION('center_axis',(2.53765262771464E-16,0.,-1.));
#10393=DIRECTION('ref_axis',(-1.,-6.80011602582909E-15,-2.53765262771464E-16));
#10394=DIRECTION('',(0.,0.,-1.));
#10395=DIRECTION('center_axis',(0.,0.,1.));
#10396=DIRECTION('ref_axis',(-1.,-6.80011602582909E-15,0.));
#10397=DIRECTION('center_axis',(2.53765262771464E-16,0.,-1.));
#10398=DIRECTION('ref_axis',(-1.,-6.80011602582909E-15,-2.53765262771464E-16));
#10399=DIRECTION('',(0.,0.,-1.));
#10400=DIRECTION('center_axis',(0.,0.,1.));
#10401=DIRECTION('ref_axis',(-1.,-6.80011602582909E-15,0.));
#10402=DIRECTION('center_axis',(2.53765262771464E-16,0.,-1.));
#10403=DIRECTION('ref_axis',(-1.,-6.80011602582909E-15,-2.53765262771464E-16));
#10404=DIRECTION('',(0.,0.,-1.));
#10405=DIRECTION('center_axis',(0.,0.,1.));
#10406=DIRECTION('ref_axis',(-1.,-6.80011602582909E-15,0.));
#10407=DIRECTION('center_axis',(2.53765262771464E-16,0.,-1.));
#10408=DIRECTION('ref_axis',(-1.,-6.80011602582909E-15,-2.53765262771464E-16));
#10409=DIRECTION('',(0.,0.,-1.));
#10410=DIRECTION('center_axis',(0.,0.,1.));
#10411=DIRECTION('ref_axis',(-1.,-6.80011602582909E-15,0.));
#10412=DIRECTION('center_axis',(2.53765262771464E-16,0.,-1.));
#10413=DIRECTION('ref_axis',(-1.,-6.80011602582909E-15,-2.53765262771464E-16));
#10414=DIRECTION('',(0.,0.,-1.));
#10415=DIRECTION('center_axis',(0.,0.,1.));
#10416=DIRECTION('ref_axis',(-1.,-6.80011602582909E-15,0.));
#10417=DIRECTION('center_axis',(2.53765262771464E-16,0.,-1.));
#10418=DIRECTION('ref_axis',(-1.,-6.80011602582909E-15,-2.53765262771464E-16));
#10419=DIRECTION('',(0.,0.,-1.));
#10420=DIRECTION('center_axis',(0.,0.,1.));
#10421=DIRECTION('ref_axis',(-1.,-6.80011602582909E-15,0.));
#10422=DIRECTION('center_axis',(2.53765262771464E-16,0.,-1.));
#10423=DIRECTION('ref_axis',(-1.,-6.80011602582909E-15,-2.53765262771464E-16));
#10424=DIRECTION('',(0.,0.,-1.));
#10425=DIRECTION('center_axis',(0.,0.,1.));
#10426=DIRECTION('ref_axis',(-1.,-6.80011602582909E-15,0.));
#10427=DIRECTION('center_axis',(2.53765262771464E-16,0.,-1.));
#10428=DIRECTION('ref_axis',(-1.,-6.80011602582909E-15,-2.53765262771464E-16));
#10429=DIRECTION('',(0.,0.,-1.));
#10430=DIRECTION('center_axis',(0.,0.,1.));
#10431=DIRECTION('ref_axis',(-1.,-6.80011602582909E-15,0.));
#10432=DIRECTION('center_axis',(2.53765262771464E-16,0.,-1.));
#10433=DIRECTION('ref_axis',(-1.,-6.80011602582909E-15,-2.53765262771464E-16));
#10434=DIRECTION('',(0.,0.,-1.));
#10435=DIRECTION('center_axis',(0.,0.,1.));
#10436=DIRECTION('ref_axis',(-1.,-6.80011602582909E-15,0.));
#10437=DIRECTION('center_axis',(2.53765262771464E-16,0.,-1.));
#10438=DIRECTION('ref_axis',(-1.,-6.80011602582909E-15,-2.53765262771464E-16));
#10439=DIRECTION('',(0.,0.,-1.));
#10440=DIRECTION('center_axis',(0.,0.,1.));
#10441=DIRECTION('ref_axis',(-1.,-6.80011602582909E-15,0.));
#10442=DIRECTION('center_axis',(2.53765262771464E-16,0.,-1.));
#10443=DIRECTION('ref_axis',(-1.,-6.80011602582909E-15,-2.53765262771464E-16));
#10444=DIRECTION('',(0.,0.,-1.));
#10445=DIRECTION('center_axis',(0.,0.,1.));
#10446=DIRECTION('ref_axis',(-1.,-6.80011602582909E-15,0.));
#10447=DIRECTION('center_axis',(2.53765262771464E-16,0.,-1.));
#10448=DIRECTION('ref_axis',(-1.,-6.80011602582909E-15,-2.53765262771464E-16));
#10449=DIRECTION('',(0.,0.,-1.));
#10450=DIRECTION('center_axis',(0.,0.,1.));
#10451=DIRECTION('ref_axis',(-1.,-6.80011602582909E-15,0.));
#10452=DIRECTION('center_axis',(2.53765262771464E-16,0.,-1.));
#10453=DIRECTION('ref_axis',(-1.,-6.80011602582909E-15,-2.53765262771464E-16));
#10454=DIRECTION('',(0.,0.,-1.));
#10455=DIRECTION('center_axis',(0.,0.,1.));
#10456=DIRECTION('ref_axis',(-1.,-6.80011602582909E-15,0.));
#10457=DIRECTION('center_axis',(2.53765262771464E-16,0.,-1.));
#10458=DIRECTION('ref_axis',(-1.,-6.80011602582909E-15,-2.53765262771464E-16));
#10459=DIRECTION('',(0.,0.,-1.));
#10460=DIRECTION('center_axis',(0.,0.,1.));
#10461=DIRECTION('ref_axis',(-1.,-6.80011602582909E-15,0.));
#10462=DIRECTION('center_axis',(2.53765262771464E-16,0.,-1.));
#10463=DIRECTION('ref_axis',(-1.,-6.80011602582909E-15,-2.53765262771464E-16));
#10464=DIRECTION('',(0.,0.,-1.));
#10465=DIRECTION('center_axis',(0.,0.,1.));
#10466=DIRECTION('ref_axis',(-1.,-6.80011602582909E-15,0.));
#10467=DIRECTION('center_axis',(2.53765262771464E-16,0.,-1.));
#10468=DIRECTION('ref_axis',(-1.,-6.80011602582909E-15,-2.53765262771464E-16));
#10469=DIRECTION('',(0.,0.,-1.));
#10470=DIRECTION('center_axis',(0.,0.,1.));
#10471=DIRECTION('ref_axis',(-1.,-6.80011602582909E-15,0.));
#10472=DIRECTION('center_axis',(2.53765262771464E-16,0.,-1.));
#10473=DIRECTION('ref_axis',(-1.,-6.80011602582909E-15,-2.53765262771464E-16));
#10474=DIRECTION('',(0.,0.,-1.));
#10475=DIRECTION('center_axis',(0.,0.,1.));
#10476=DIRECTION('ref_axis',(-1.,-6.80011602582909E-15,0.));
#10477=DIRECTION('center_axis',(2.53765262771464E-16,0.,-1.));
#10478=DIRECTION('ref_axis',(-1.,-6.80011602582909E-15,-2.53765262771464E-16));
#10479=DIRECTION('',(0.,0.,-1.));
#10480=DIRECTION('center_axis',(0.,0.,1.));
#10481=DIRECTION('ref_axis',(-1.,-6.80011602582909E-15,0.));
#10482=DIRECTION('center_axis',(2.53765262771464E-16,0.,-1.));
#10483=DIRECTION('ref_axis',(-1.,-6.80011602582909E-15,-2.53765262771464E-16));
#10484=DIRECTION('',(0.,0.,-1.));
#10485=DIRECTION('center_axis',(0.,0.,1.));
#10486=DIRECTION('ref_axis',(-1.,-6.80011602582909E-15,0.));
#10487=DIRECTION('center_axis',(2.53765262771464E-16,0.,-1.));
#10488=DIRECTION('ref_axis',(-1.,-6.80011602582909E-15,-2.53765262771464E-16));
#10489=DIRECTION('',(0.,0.,-1.));
#10490=DIRECTION('center_axis',(0.,0.,1.));
#10491=DIRECTION('ref_axis',(-1.,-6.80011602582909E-15,0.));
#10492=DIRECTION('center_axis',(2.53765262771464E-16,0.,-1.));
#10493=DIRECTION('ref_axis',(-1.,-6.80011602582909E-15,-2.53765262771464E-16));
#10494=DIRECTION('',(0.,0.,-1.));
#10495=DIRECTION('center_axis',(0.,0.,1.));
#10496=DIRECTION('ref_axis',(-1.,-6.80011602582909E-15,0.));
#10497=DIRECTION('center_axis',(2.53765262771464E-16,0.,-1.));
#10498=DIRECTION('ref_axis',(-1.,-6.80011602582909E-15,-2.53765262771464E-16));
#10499=DIRECTION('',(0.,0.,-1.));
#10500=DIRECTION('center_axis',(0.,0.,1.));
#10501=DIRECTION('ref_axis',(-1.,-6.80011602582909E-15,0.));
#10502=DIRECTION('center_axis',(2.53765262771464E-16,0.,-1.));
#10503=DIRECTION('ref_axis',(-1.,-6.80011602582909E-15,-2.53765262771464E-16));
#10504=DIRECTION('',(0.,0.,-1.));
#10505=DIRECTION('center_axis',(0.,0.,1.));
#10506=DIRECTION('ref_axis',(-1.,-6.80011602582909E-15,0.));
#10507=DIRECTION('center_axis',(2.53765262771464E-16,0.,-1.));
#10508=DIRECTION('ref_axis',(-1.,-6.80011602582909E-15,-2.53765262771464E-16));
#10509=DIRECTION('',(0.,0.,-1.));
#10510=DIRECTION('center_axis',(0.,0.,1.));
#10511=DIRECTION('ref_axis',(-1.,-6.80011602582909E-15,0.));
#10512=DIRECTION('center_axis',(2.53765262771464E-16,0.,-1.));
#10513=DIRECTION('ref_axis',(-1.,-6.80011602582909E-15,-2.53765262771464E-16));
#10514=DIRECTION('',(0.,0.,-1.));
#10515=DIRECTION('center_axis',(0.,0.,1.));
#10516=DIRECTION('ref_axis',(-1.,-6.80011602582909E-15,0.));
#10517=DIRECTION('center_axis',(2.53765262771464E-16,0.,-1.));
#10518=DIRECTION('ref_axis',(-1.,-6.80011602582909E-15,-2.53765262771464E-16));
#10519=DIRECTION('',(0.,0.,-1.));
#10520=DIRECTION('center_axis',(0.,0.,1.));
#10521=DIRECTION('ref_axis',(-1.,-6.80011602582909E-15,0.));
#10522=DIRECTION('center_axis',(2.53765262771464E-16,0.,-1.));
#10523=DIRECTION('ref_axis',(-1.,-6.80011602582909E-15,-2.53765262771464E-16));
#10524=DIRECTION('',(0.,0.,-1.));
#10525=DIRECTION('center_axis',(0.,0.,1.));
#10526=DIRECTION('ref_axis',(-1.,-6.80011602582909E-15,0.));
#10527=DIRECTION('center_axis',(2.53765262771464E-16,0.,-1.));
#10528=DIRECTION('ref_axis',(-1.,-6.80011602582909E-15,-2.53765262771464E-16));
#10529=DIRECTION('',(0.,0.,-1.));
#10530=DIRECTION('center_axis',(0.,0.,1.));
#10531=DIRECTION('ref_axis',(-1.,-6.80011602582909E-15,0.));
#10532=DIRECTION('center_axis',(2.53765262771464E-16,0.,-1.));
#10533=DIRECTION('ref_axis',(-1.,-6.80011602582909E-15,-2.53765262771464E-16));
#10534=DIRECTION('',(0.,0.,-1.));
#10535=DIRECTION('center_axis',(0.,0.,1.));
#10536=DIRECTION('ref_axis',(-1.,-6.80011602582909E-15,0.));
#10537=DIRECTION('center_axis',(2.53765262771464E-16,0.,-1.));
#10538=DIRECTION('ref_axis',(-1.,-6.80011602582909E-15,-2.53765262771464E-16));
#10539=DIRECTION('',(0.,0.,-1.));
#10540=DIRECTION('center_axis',(-2.53765262771464E-16,0.,1.));
#10541=DIRECTION('ref_axis',(-1.,-6.80011602582909E-15,0.));
#10542=DIRECTION('center_axis',(0.,0.,1.));
#10543=DIRECTION('ref_axis',(-1.,-6.80011602582909E-15,0.));
#10544=DIRECTION('center_axis',(2.53765262771464E-16,0.,-1.));
#10545=DIRECTION('ref_axis',(-1.,-6.80011602582909E-15,-2.53765262771464E-16));
#10546=DIRECTION('',(0.,0.,-1.));
#10547=DIRECTION('center_axis',(0.,0.,1.));
#10548=DIRECTION('ref_axis',(-1.,-6.80011602582909E-15,0.));
#10549=DIRECTION('center_axis',(2.53765262771464E-16,0.,-1.));
#10550=DIRECTION('ref_axis',(-1.,-6.80011602582909E-15,-2.53765262771464E-16));
#10551=DIRECTION('',(0.,0.,-1.));
#10552=DIRECTION('center_axis',(-7.01327884655712E-15,1.,0.));
#10553=DIRECTION('ref_axis',(-1.,-7.01327884655712E-15,-2.53765262771464E-16));
#10554=DIRECTION('',(-1.,-7.01327884655712E-15,-2.53765262771464E-16));
#10555=DIRECTION('',(0.,0.,1.));
#10556=DIRECTION('center_axis',(1.,6.80011602582909E-15,0.));
#10557=DIRECTION('ref_axis',(-6.80011602582909E-15,1.,-1.72563323017096E-30));
#10558=DIRECTION('',(-6.80011602582909E-15,1.,-1.72563323017096E-30));
#10559=DIRECTION('center_axis',(-2.53765262771464E-16,0.,1.));
#10560=DIRECTION('ref_axis',(1.,0.,2.53765262771464E-16));
#10561=DIRECTION('center_axis',(-2.53765262771464E-16,0.,1.));
#10562=DIRECTION('ref_axis',(1.,0.,2.53765262771464E-16));
#10563=DIRECTION('center_axis',(-2.53765262771464E-16,0.,1.));
#10564=DIRECTION('ref_axis',(1.,0.,2.53765262771464E-16));
#10565=DIRECTION('center_axis',(-2.53765262771464E-16,0.,1.));
#10566=DIRECTION('ref_axis',(1.,0.,2.53765262771464E-16));
#10567=DIRECTION('center_axis',(-2.53765262771464E-16,0.,1.));
#10568=DIRECTION('ref_axis',(1.,0.,2.53765262771464E-16));
#10569=DIRECTION('center_axis',(-1.,1.0208947352875E-15,-2.55223683821874E-16));
#10570=DIRECTION('ref_axis',(-2.55223683821874E-16,8.67361737988257E-18,
1.));
#10571=DIRECTION('',(1.,-1.0208947352875E-15,2.55223683821874E-16));
#10572=DIRECTION('',(-1.,1.0208947352875E-15,-2.55223683821874E-16));
#10573=DIRECTION('center_axis',(-2.55223683821874E-16,8.67361737988257E-18,
1.));
#10574=DIRECTION('ref_axis',(1.01585406753202E-15,1.,-8.67361737988231E-18));
#10575=DIRECTION('',(-1.,1.0208947352875E-15,-2.55223683821874E-16));
#10576=DIRECTION('center_axis',(-1.,1.0208947352875E-15,-2.55223683821874E-16));
#10577=DIRECTION('ref_axis',(-2.55223683821874E-16,8.67361737988257E-18,
1.));
#10578=DIRECTION('',(-1.,1.0208947352875E-15,-2.55223683821874E-16));
#10579=DIRECTION('center_axis',(2.55223683821874E-16,-8.67361737988257E-18,
-1.));
#10580=DIRECTION('ref_axis',(-1.01585406753202E-15,-1.,8.67361737988231E-18));
#10581=DIRECTION('center_axis',(-2.53765262771464E-16,0.,1.));
#10582=DIRECTION('ref_axis',(1.,0.,2.53765262771464E-16));
#10583=DIRECTION('',(-6.8889338677991E-15,1.,-8.67361737988407E-18));
#10584=DIRECTION('center_axis',(-2.53765262771464E-16,0.,1.));
#10585=DIRECTION('ref_axis',(1.,0.,2.53765262771464E-16));
#10586=DIRECTION('',(-6.8889338677991E-15,1.,-8.67361737988407E-18));
#10587=DIRECTION('center_axis',(-2.53765262771464E-16,0.,1.));
#10588=DIRECTION('ref_axis',(1.,0.,2.53765262771464E-16));
#10589=DIRECTION('',(-6.8889338677991E-15,1.,-8.67361737988407E-18));
#10590=DIRECTION('center_axis',(-2.53765262771464E-16,0.,1.));
#10591=DIRECTION('ref_axis',(1.,0.,2.53765262771464E-16));
#10592=DIRECTION('',(-6.8889338677991E-15,1.,-8.67361737988407E-18));
#10593=DIRECTION('center_axis',(2.55223683821874E-16,-8.67361737988257E-18,
-1.));
#10594=DIRECTION('ref_axis',(-1.01585406753202E-15,-1.,8.67361737988231E-18));
#10595=DIRECTION('',(-1.,1.0208947352875E-15,-2.55223683821874E-16));
#10596=DIRECTION('',(6.8889338677991E-15,-1.,8.67361737988433E-18));
#10597=DIRECTION('',(-1.,1.0208947352875E-15,-2.55223683821874E-16));
#10598=DIRECTION('center_axis',(-1.,1.0208947352875E-15,-2.55223683821874E-16));
#10599=DIRECTION('ref_axis',(-2.55223683821874E-16,8.67361737988257E-18,
1.));
#10600=DIRECTION('center_axis',(-1.,-6.8889338677991E-15,-2.53765262771464E-16));
#10601=DIRECTION('ref_axis',(-2.55223683821874E-16,8.67361737988257E-18,
1.));
#10602=DIRECTION('',(1.,-1.0208947352875E-15,2.55223683821874E-16));
#10603=DIRECTION('center_axis',(-1.,1.0208947352875E-15,-2.55223683821874E-16));
#10604=DIRECTION('ref_axis',(-2.55223683821874E-16,8.67361737988257E-18,
1.));
#10605=DIRECTION('',(-1.,1.0208947352875E-15,-2.55223683821874E-16));
#10606=DIRECTION('center_axis',(-1.,-6.8889338677991E-15,-2.53765262771464E-16));
#10607=DIRECTION('ref_axis',(-2.55223683821874E-16,8.67361737988257E-18,
1.));
#10608=DIRECTION('center_axis',(-2.55223683821874E-16,8.67361737988257E-18,
1.));
#10609=DIRECTION('ref_axis',(1.01585406753202E-15,1.,-8.67361737988231E-18));
#10610=DIRECTION('',(-6.8889338677991E-15,1.,-8.67361737988433E-18));
#10611=DIRECTION('center_axis',(1.,6.8889338677991E-15,2.53765262771464E-16));
#10612=DIRECTION('ref_axis',(-6.8889338677991E-15,1.,-8.67361737988407E-18));
#10613=CARTESIAN_POINT('',(0.,0.,0.));
#10614=CARTESIAN_POINT('Origin',(-62.4999999999994,-97.0000000000004,38.));
#10615=CARTESIAN_POINT('',(125.000000000001,-99.9999999999991,38.));
#10616=CARTESIAN_POINT('',(-124.999999999999,-100.000000000001,38.));
#10617=CARTESIAN_POINT('',(-62.4999999999993,-100.,38.));
#10618=CARTESIAN_POINT('',(-121.999999999999,-97.0000000000008,35.));
#10619=CARTESIAN_POINT('Origin',(-121.999999999999,-97.0000000000008,38.));
#10620=CARTESIAN_POINT('',(122.000000000001,-96.9999999999991,35.));
#10621=CARTESIAN_POINT('',(-62.4999999999994,-97.0000000000004,35.));
#10622=CARTESIAN_POINT('Origin',(122.000000000001,-96.9999999999991,38.));
#10623=CARTESIAN_POINT('Origin',(-122.,49.9999999999992,38.));
#10624=CARTESIAN_POINT('',(-122.000000000001,96.9999999999992,35.));
#10625=CARTESIAN_POINT('',(-122.,49.9999999999992,35.));
#10626=CARTESIAN_POINT('',(-125.000000000001,99.9999999999991,38.));
#10627=CARTESIAN_POINT('',(-125.,49.9999999999992,38.));
#10628=CARTESIAN_POINT('Origin',(-122.000000000001,96.9999999999992,38.));
#10629=CARTESIAN_POINT('Origin',(122.,-49.9999999999991,38.));
#10630=CARTESIAN_POINT('',(124.999999999999,100.000000000001,38.));
#10631=CARTESIAN_POINT('',(125.,-49.9999999999991,38.));
#10632=CARTESIAN_POINT('',(121.999999999999,97.0000000000009,35.));
#10633=CARTESIAN_POINT('',(122.,-49.9999999999991,35.));
#10634=CARTESIAN_POINT('Origin',(121.999999999999,97.0000000000009,38.));
#10635=CARTESIAN_POINT('Origin',(62.4999999999993,97.0000000000005,38.));
#10636=CARTESIAN_POINT('',(62.4999999999993,100.,38.));
#10637=CARTESIAN_POINT('',(62.4999999999993,97.0000000000005,35.));
#10638=CARTESIAN_POINT('Origin',(-125.000000000001,99.9999999999991,35.));
#10639=CARTESIAN_POINT('',(-124.999999999999,-100.000000000001,40.));
#10640=CARTESIAN_POINT('',(-124.999999999999,-100.000000000001,35.));
#10641=CARTESIAN_POINT('',(-125.000000000001,99.9999999999991,40.));
#10642=CARTESIAN_POINT('',(-125.000000000001,99.9999999999991,40.));
#10643=CARTESIAN_POINT('',(-125.000000000001,99.9999999999991,35.));
#10644=CARTESIAN_POINT('Origin',(-124.999999999999,-100.000000000001,35.));
#10645=CARTESIAN_POINT('',(125.000000000001,-99.9999999999991,40.));
#10646=CARTESIAN_POINT('',(125.000000000001,-99.9999999999991,35.));
#10647=CARTESIAN_POINT('',(-124.999999999999,-100.000000000001,40.));
#10648=CARTESIAN_POINT('Origin',(-1.77635683940025E-14,2.66453525910038E-14,
35.));
#10649=CARTESIAN_POINT('',(-24.0000000000001,13.7489995996785,35.));
#10650=CARTESIAN_POINT('',(-24.0000000000002,23.7510004003199,35.));
#10651=CARTESIAN_POINT('',(-23.9999999999999,-20.,35.));
#10652=CARTESIAN_POINT('',(-23.4000000000006,24.9999999999992,35.));
#10653=CARTESIAN_POINT('Origin',(-25.0000000000006,24.9999999999992,35.));
#10654=CARTESIAN_POINT('',(-24.0000000000002,26.2489995996786,35.));
#10655=CARTESIAN_POINT('Origin',(-25.0000000000006,24.9999999999992,35.));
#10656=CARTESIAN_POINT('',(-24.0000000000002,27.,35.));
#10657=CARTESIAN_POINT('',(-23.9999999999999,-20.,35.));
#10658=CARTESIAN_POINT('',(-27.0000000000002,30.,35.));
#10659=CARTESIAN_POINT('Origin',(-27.0000000000002,27.,35.));
#10660=CARTESIAN_POINT('',(-31.0000000000002,30.,35.));
#10661=CARTESIAN_POINT('',(-24.0000000000002,30.,35.));
#10662=CARTESIAN_POINT('',(-34.0000000000002,27.,35.));
#10663=CARTESIAN_POINT('Origin',(-31.0000000000002,27.,35.));
#10664=CARTESIAN_POINT('',(-33.9999999999999,-17.,35.));
#10665=CARTESIAN_POINT('',(-34.0000000000002,30.,35.));
#10666=CARTESIAN_POINT('',(-30.9999999999999,-20.,35.));
#10667=CARTESIAN_POINT('Origin',(-30.9999999999999,-17.,35.));
#10668=CARTESIAN_POINT('',(-26.9999999999999,-20.,35.));
#10669=CARTESIAN_POINT('',(-33.9999999999999,-20.,35.));
#10670=CARTESIAN_POINT('',(-23.9999999999999,-17.,35.));
#10671=CARTESIAN_POINT('Origin',(-26.9999999999999,-17.,35.));
#10672=CARTESIAN_POINT('',(-23.9999999999999,-13.7489995996799,35.));
#10673=CARTESIAN_POINT('',(-23.9999999999999,-20.,35.));
#10674=CARTESIAN_POINT('',(-23.4000000000006,-12.5000000000008,35.));
#10675=CARTESIAN_POINT('Origin',(-25.0000000000006,-12.5000000000008,35.));
#10676=CARTESIAN_POINT('',(-23.9999999999999,-11.2510004003216,35.));
#10677=CARTESIAN_POINT('Origin',(-25.0000000000006,-12.5000000000008,35.));
#10678=CARTESIAN_POINT('',(-24.,-1.24899959968,35.));
#10679=CARTESIAN_POINT('',(-23.9999999999999,-20.,35.));
#10680=CARTESIAN_POINT('',(-23.4000000000006,-7.79402664403921E-13,35.));
#10681=CARTESIAN_POINT('Origin',(-25.0000000000006,-7.90478793533111E-13,
35.));
#10682=CARTESIAN_POINT('',(-24.,1.24899959967843,35.));
#10683=CARTESIAN_POINT('Origin',(-25.0000000000006,-7.90478793533111E-13,
35.));
#10684=CARTESIAN_POINT('',(-24.0000000000001,11.2510004003199,35.));
#10685=CARTESIAN_POINT('',(-23.9999999999999,-20.,35.));
#10686=CARTESIAN_POINT('',(-23.4000000000006,12.4999999999992,35.));
#10687=CARTESIAN_POINT('Origin',(-25.0000000000006,12.4999999999992,35.));
#10688=CARTESIAN_POINT('Origin',(-25.0000000000006,12.4999999999992,35.));
#10689=CARTESIAN_POINT('',(24.,27.0000000000002,35.));
#10690=CARTESIAN_POINT('',(24.,26.2489995996794,35.));
#10691=CARTESIAN_POINT('',(24.,30.0000000000002,35.));
#10692=CARTESIAN_POINT('',(24.,23.751000400319,35.));
#10693=CARTESIAN_POINT('Origin',(24.9999999999994,24.9999999999992,35.));
#10694=CARTESIAN_POINT('',(24.,13.7489995996794,35.));
#10695=CARTESIAN_POINT('',(24.,30.0000000000002,35.));
#10696=CARTESIAN_POINT('',(24.,11.251000400319,35.));
#10697=CARTESIAN_POINT('Origin',(24.9999999999994,12.4999999999992,35.));
#10698=CARTESIAN_POINT('',(24.,1.24899959967936,35.));
#10699=CARTESIAN_POINT('',(24.,30.0000000000002,35.));
#10700=CARTESIAN_POINT('',(24.,-1.24899959968097,35.));
#10701=CARTESIAN_POINT('Origin',(24.9999999999994,-8.06021915877864E-13,
35.));
#10702=CARTESIAN_POINT('',(23.9999999999999,-11.2510004003207,35.));
#10703=CARTESIAN_POINT('',(24.,30.0000000000002,35.));
#10704=CARTESIAN_POINT('',(23.9999999999999,-13.748999599681,35.));
#10705=CARTESIAN_POINT('Origin',(24.9999999999994,-12.5000000000008,35.));
#10706=CARTESIAN_POINT('',(23.9999999999999,-16.9999999999998,35.));
#10707=CARTESIAN_POINT('',(24.,30.0000000000002,35.));
#10708=CARTESIAN_POINT('',(26.9999999999999,-19.9999999999998,35.));
#10709=CARTESIAN_POINT('Origin',(26.9999999999999,-16.9999999999998,35.));
#10710=CARTESIAN_POINT('',(30.9999999999999,-19.9999999999998,35.));
#10711=CARTESIAN_POINT('',(23.9999999999999,-19.9999999999998,35.));
#10712=CARTESIAN_POINT('',(33.9999999999999,-16.9999999999998,35.));
#10713=CARTESIAN_POINT('Origin',(30.9999999999999,-16.9999999999998,35.));
#10714=CARTESIAN_POINT('',(34.,27.0000000000002,35.));
#10715=CARTESIAN_POINT('',(33.9999999999999,-19.9999999999998,35.));
#10716=CARTESIAN_POINT('',(31.,30.0000000000002,35.));
#10717=CARTESIAN_POINT('Origin',(31.,27.0000000000002,35.));
#10718=CARTESIAN_POINT('',(27.,30.0000000000002,35.));
#10719=CARTESIAN_POINT('',(34.,30.0000000000002,35.));
#10720=CARTESIAN_POINT('Origin',(27.,27.0000000000002,35.));
#10721=CARTESIAN_POINT('',(1.5999999999994,-7.88284448600922E-13,35.));
#10722=CARTESIAN_POINT('Origin',(-6.03961325396085E-13,-7.99360577730113E-13,
35.));
#10723=CARTESIAN_POINT('',(-10.9000000000006,-7.83843556502422E-13,35.));
#10724=CARTESIAN_POINT('Origin',(-12.5000000000006,-7.94919685631612E-13,
35.));
#10725=CARTESIAN_POINT('',(-35.9000000000006,-7.77182218354671E-13,35.));
#10726=CARTESIAN_POINT('Origin',(-37.5000000000006,-7.88258347483861E-13,
35.));
#10727=CARTESIAN_POINT('',(-48.4000000000006,-7.7274132625617E-13,35.));
#10728=CARTESIAN_POINT('Origin',(-50.0000000000006,-7.83817455385361E-13,
35.));
#10729=CARTESIAN_POINT('',(-60.9000000000006,-7.6830043415767E-13,35.));
#10730=CARTESIAN_POINT('Origin',(-62.5000000000006,-7.7937656328686E-13,
35.));
#10731=CARTESIAN_POINT('',(-73.4000000000006,-7.63859542059169E-13,35.));
#10732=CARTESIAN_POINT('Origin',(-75.0000000000006,-7.74935671188359E-13,
35.));
#10733=CARTESIAN_POINT('',(-85.9000000000006,-7.61639096009919E-13,35.));
#10734=CARTESIAN_POINT('Origin',(-87.5000000000006,-7.72715225139109E-13,
35.));
#10735=CARTESIAN_POINT('',(-98.4000000000006,-7.57198203911418E-13,35.));
#10736=CARTESIAN_POINT('Origin',(-100.000000000001,-7.68274333040608E-13,
35.));
#10737=CARTESIAN_POINT('',(-110.900000000001,-7.52757311812917E-13,35.));
#10738=CARTESIAN_POINT('Origin',(-112.500000000001,-7.63833440942108E-13,
35.));
#10739=CARTESIAN_POINT('',(14.0999999999994,-7.90504894650173E-13,35.));
#10740=CARTESIAN_POINT('Origin',(12.4999999999994,-8.01581023779363E-13,
35.));
#10741=CARTESIAN_POINT('',(14.0999999999994,87.4999999999992,35.));
#10742=CARTESIAN_POINT('Origin',(12.4999999999994,87.4999999999992,35.));
#10743=CARTESIAN_POINT('',(14.0999999999994,74.9999999999992,35.));
#10744=CARTESIAN_POINT('Origin',(12.4999999999994,74.9999999999992,35.));
#10745=CARTESIAN_POINT('',(14.0999999999994,62.4999999999992,35.));
#10746=CARTESIAN_POINT('Origin',(12.4999999999994,62.4999999999992,35.));
#10747=CARTESIAN_POINT('',(14.0999999999994,49.9999999999992,35.));
#10748=CARTESIAN_POINT('Origin',(12.4999999999994,49.9999999999992,35.));
#10749=CARTESIAN_POINT('',(14.0999999999994,37.4999999999992,35.));
#10750=CARTESIAN_POINT('Origin',(12.4999999999994,37.4999999999992,35.));
#10751=CARTESIAN_POINT('',(14.0999999999994,24.9999999999992,35.));
#10752=CARTESIAN_POINT('Origin',(12.4999999999994,24.9999999999992,35.));
#10753=CARTESIAN_POINT('',(-10.9000000000006,-87.5000000000008,35.));
#10754=CARTESIAN_POINT('Origin',(-12.5000000000006,-87.5000000000008,35.));
#10755=CARTESIAN_POINT('',(-35.9000000000006,-87.5000000000008,35.));
#10756=CARTESIAN_POINT('Origin',(-37.5000000000006,-87.5000000000008,35.));
#10757=CARTESIAN_POINT('',(-60.9000000000006,-87.5000000000008,35.));
#10758=CARTESIAN_POINT('Origin',(-62.5000000000006,-87.5000000000008,35.));
#10759=CARTESIAN_POINT('',(-85.9000000000007,-87.5000000000008,35.));
#10760=CARTESIAN_POINT('Origin',(-87.5000000000007,-87.5000000000008,35.));
#10761=CARTESIAN_POINT('',(-110.900000000001,-87.5000000000008,35.));
#10762=CARTESIAN_POINT('Origin',(-112.500000000001,-87.5000000000008,35.));
#10763=CARTESIAN_POINT('',(1.5999999999994,-75.0000000000008,35.));
#10764=CARTESIAN_POINT('Origin',(-5.99520433297585E-13,-75.0000000000008,
35.));
#10765=CARTESIAN_POINT('',(-23.4000000000006,-75.0000000000008,35.));
#10766=CARTESIAN_POINT('Origin',(-25.0000000000006,-75.0000000000008,35.));
#10767=CARTESIAN_POINT('',(-48.4000000000006,-75.0000000000008,35.));
#10768=CARTESIAN_POINT('Origin',(-50.0000000000006,-75.0000000000008,35.));
#10769=CARTESIAN_POINT('',(-73.4000000000007,-75.0000000000008,35.));
#10770=CARTESIAN_POINT('Origin',(-75.0000000000007,-75.0000000000008,35.));
#10771=CARTESIAN_POINT('',(-98.4000000000007,-75.0000000000007,35.));
#10772=CARTESIAN_POINT('Origin',(-100.000000000001,-75.0000000000008,35.));
#10773=CARTESIAN_POINT('',(-10.9000000000006,-62.5000000000008,35.));
#10774=CARTESIAN_POINT('Origin',(-12.5000000000006,-62.5000000000008,35.));
#10775=CARTESIAN_POINT('',(-35.9000000000006,-62.5000000000008,35.));
#10776=CARTESIAN_POINT('Origin',(-37.5000000000006,-62.5000000000008,35.));
#10777=CARTESIAN_POINT('',(-60.9000000000006,-62.5000000000008,35.));
#10778=CARTESIAN_POINT('Origin',(-62.5000000000006,-62.5000000000008,35.));
#10779=CARTESIAN_POINT('',(-85.9000000000007,-62.5000000000008,35.));
#10780=CARTESIAN_POINT('Origin',(-87.5000000000007,-62.5000000000008,35.));
#10781=CARTESIAN_POINT('',(-110.900000000001,-62.5000000000008,35.));
#10782=CARTESIAN_POINT('Origin',(-112.500000000001,-62.5000000000008,35.));
#10783=CARTESIAN_POINT('',(1.5999999999994,-50.0000000000008,35.));
#10784=CARTESIAN_POINT('Origin',(-5.99520433297585E-13,-50.0000000000008,
35.));
#10785=CARTESIAN_POINT('',(-23.4000000000006,-50.0000000000008,35.));
#10786=CARTESIAN_POINT('Origin',(-25.0000000000006,-50.0000000000008,35.));
#10787=CARTESIAN_POINT('',(-48.4000000000006,-50.0000000000008,35.));
#10788=CARTESIAN_POINT('Origin',(-50.0000000000006,-50.0000000000008,35.));
#10789=CARTESIAN_POINT('',(-73.4000000000006,-50.0000000000008,35.));
#10790=CARTESIAN_POINT('Origin',(-75.0000000000007,-50.0000000000008,35.));
#10791=CARTESIAN_POINT('',(-98.4000000000006,-50.0000000000008,35.));
#10792=CARTESIAN_POINT('Origin',(-100.000000000001,-50.0000000000008,35.));
#10793=CARTESIAN_POINT('',(-10.9000000000006,-37.5000000000008,35.));
#10794=CARTESIAN_POINT('Origin',(-12.5000000000006,-37.5000000000008,35.));
#10795=CARTESIAN_POINT('',(-35.9000000000006,-37.5000000000008,35.));
#10796=CARTESIAN_POINT('Origin',(-37.5000000000006,-37.5000000000008,35.));
#10797=CARTESIAN_POINT('',(-60.9000000000006,-37.5000000000008,35.));
#10798=CARTESIAN_POINT('Origin',(-62.5000000000006,-37.5000000000008,35.));
#10799=CARTESIAN_POINT('',(-85.9000000000006,-37.5000000000008,35.));
#10800=CARTESIAN_POINT('Origin',(-87.5000000000006,-37.5000000000008,35.));
#10801=CARTESIAN_POINT('',(-110.900000000001,-37.5000000000008,35.));
#10802=CARTESIAN_POINT('Origin',(-112.500000000001,-37.5000000000008,35.));
#10803=CARTESIAN_POINT('',(1.5999999999994,-25.0000000000008,35.));
#10804=CARTESIAN_POINT('Origin',(-6.03961325396085E-13,-25.0000000000008,
35.));
#10805=CARTESIAN_POINT('',(-23.4000000000006,-25.0000000000008,35.));
#10806=CARTESIAN_POINT('Origin',(-25.0000000000006,-25.0000000000008,35.));
#10807=CARTESIAN_POINT('',(-48.4000000000006,-25.0000000000008,35.));
#10808=CARTESIAN_POINT('Origin',(-50.0000000000006,-25.0000000000008,35.));
#10809=CARTESIAN_POINT('',(-73.4000000000006,-25.0000000000008,35.));
#10810=CARTESIAN_POINT('Origin',(-75.0000000000006,-25.0000000000008,35.));
#10811=CARTESIAN_POINT('',(-98.4000000000006,-25.0000000000008,35.));
#10812=CARTESIAN_POINT('Origin',(-100.000000000001,-25.0000000000008,35.));
#10813=CARTESIAN_POINT('',(-10.9000000000006,-12.5000000000008,35.));
#10814=CARTESIAN_POINT('Origin',(-12.5000000000006,-12.5000000000008,35.));
#10815=CARTESIAN_POINT('',(-110.900000000001,-12.5000000000008,35.));
#10816=CARTESIAN_POINT('Origin',(-112.500000000001,-12.5000000000008,35.));
#10817=CARTESIAN_POINT('',(-98.4000000000006,-12.5000000000008,35.));
#10818=CARTESIAN_POINT('Origin',(-100.000000000001,-12.5000000000008,35.));
#10819=CARTESIAN_POINT('',(-85.9000000000006,-12.5000000000008,35.));
#10820=CARTESIAN_POINT('Origin',(-87.5000000000006,-12.5000000000008,35.));
#10821=CARTESIAN_POINT('',(-73.4000000000006,-12.5000000000008,35.));
#10822=CARTESIAN_POINT('Origin',(-75.0000000000006,-12.5000000000008,35.));
#10823=CARTESIAN_POINT('',(-60.9000000000006,-12.5000000000008,35.));
#10824=CARTESIAN_POINT('Origin',(-62.5000000000006,-12.5000000000008,35.));
#10825=CARTESIAN_POINT('',(-48.4000000000006,-12.5000000000008,35.));
#10826=CARTESIAN_POINT('Origin',(-50.0000000000006,-12.5000000000008,35.));
#10827=CARTESIAN_POINT('',(-35.9000000000006,-12.5000000000008,35.));
#10828=CARTESIAN_POINT('Origin',(-37.5000000000006,-12.5000000000008,35.));
#10829=CARTESIAN_POINT('',(1.5999999999994,-12.5000000000008,35.));
#10830=CARTESIAN_POINT('Origin',(-6.03961325396085E-13,-12.5000000000008,
35.));
#10831=CARTESIAN_POINT('',(-110.900000000001,-25.0000000000008,35.));
#10832=CARTESIAN_POINT('Origin',(-112.500000000001,-25.0000000000008,35.));
#10833=CARTESIAN_POINT('',(-85.9000000000006,-25.0000000000008,35.));
#10834=CARTESIAN_POINT('Origin',(-87.5000000000006,-25.0000000000008,35.));
#10835=CARTESIAN_POINT('',(-60.9000000000006,-25.0000000000008,35.));
#10836=CARTESIAN_POINT('Origin',(-62.5000000000006,-25.0000000000008,35.));
#10837=CARTESIAN_POINT('',(-35.9000000000006,-25.0000000000008,35.));
#10838=CARTESIAN_POINT('Origin',(-37.5000000000006,-25.0000000000008,35.));
#10839=CARTESIAN_POINT('',(-10.9000000000006,-25.0000000000008,35.));
#10840=CARTESIAN_POINT('Origin',(-12.5000000000006,-25.0000000000008,35.));
#10841=CARTESIAN_POINT('',(-98.4000000000006,-37.5000000000008,35.));
#10842=CARTESIAN_POINT('Origin',(-100.000000000001,-37.5000000000008,35.));
#10843=CARTESIAN_POINT('',(-73.4000000000006,-37.5000000000008,35.));
#10844=CARTESIAN_POINT('Origin',(-75.0000000000007,-37.5000000000008,35.));
#10845=CARTESIAN_POINT('',(-48.4000000000006,-37.5000000000008,35.));
#10846=CARTESIAN_POINT('Origin',(-50.0000000000006,-37.5000000000008,35.));
#10847=CARTESIAN_POINT('',(-23.4000000000006,-37.5000000000008,35.));
#10848=CARTESIAN_POINT('Origin',(-25.0000000000006,-37.5000000000008,35.));
#10849=CARTESIAN_POINT('',(1.5999999999994,-37.5000000000008,35.));
#10850=CARTESIAN_POINT('Origin',(-6.03961325396085E-13,-37.5000000000008,
35.));
#10851=CARTESIAN_POINT('',(-110.900000000001,-50.0000000000008,35.));
#10852=CARTESIAN_POINT('Origin',(-112.500000000001,-50.0000000000008,35.));
#10853=CARTESIAN_POINT('',(-85.9000000000006,-50.0000000000008,35.));
#10854=CARTESIAN_POINT('Origin',(-87.5000000000006,-50.0000000000008,35.));
#10855=CARTESIAN_POINT('',(-60.9000000000006,-50.0000000000008,35.));
#10856=CARTESIAN_POINT('Origin',(-62.5000000000006,-50.0000000000008,35.));
#10857=CARTESIAN_POINT('',(-35.9000000000006,-50.0000000000008,35.));
#10858=CARTESIAN_POINT('Origin',(-37.5000000000006,-50.0000000000008,35.));
#10859=CARTESIAN_POINT('',(-10.9000000000006,-50.0000000000008,35.));
#10860=CARTESIAN_POINT('Origin',(-12.5000000000006,-50.0000000000008,35.));
#10861=CARTESIAN_POINT('',(-98.4000000000007,-62.5000000000008,35.));
#10862=CARTESIAN_POINT('Origin',(-100.000000000001,-62.5000000000008,35.));
#10863=CARTESIAN_POINT('',(-73.4000000000007,-62.5000000000008,35.));
#10864=CARTESIAN_POINT('Origin',(-75.0000000000007,-62.5000000000008,35.));
#10865=CARTESIAN_POINT('',(-48.4000000000006,-62.5000000000008,35.));
#10866=CARTESIAN_POINT('Origin',(-50.0000000000006,-62.5000000000008,35.));
#10867=CARTESIAN_POINT('',(-23.4000000000006,-62.5000000000008,35.));
#10868=CARTESIAN_POINT('Origin',(-25.0000000000006,-62.5000000000008,35.));
#10869=CARTESIAN_POINT('',(1.5999999999994,-62.5000000000008,35.));
#10870=CARTESIAN_POINT('Origin',(-5.99520433297585E-13,-62.5000000000008,
35.));
#10871=CARTESIAN_POINT('',(-110.900000000001,-75.0000000000008,35.));
#10872=CARTESIAN_POINT('Origin',(-112.500000000001,-75.0000000000008,35.));
#10873=CARTESIAN_POINT('',(-85.9000000000007,-75.0000000000008,35.));
#10874=CARTESIAN_POINT('Origin',(-87.5000000000007,-75.0000000000008,35.));
#10875=CARTESIAN_POINT('',(-60.9000000000006,-75.0000000000008,35.));
#10876=CARTESIAN_POINT('Origin',(-62.5000000000006,-75.0000000000008,35.));
#10877=CARTESIAN_POINT('',(-35.9000000000006,-75.0000000000008,35.));
#10878=CARTESIAN_POINT('Origin',(-37.5000000000006,-75.0000000000008,35.));
#10879=CARTESIAN_POINT('',(-10.9000000000006,-75.0000000000008,35.));
#10880=CARTESIAN_POINT('Origin',(-12.5000000000006,-75.0000000000008,35.));
#10881=CARTESIAN_POINT('',(-98.4000000000007,-87.5000000000007,35.));
#10882=CARTESIAN_POINT('Origin',(-100.000000000001,-87.5000000000007,35.));
#10883=CARTESIAN_POINT('',(-73.4000000000007,-87.5000000000008,35.));
#10884=CARTESIAN_POINT('Origin',(-75.0000000000007,-87.5000000000008,35.));
#10885=CARTESIAN_POINT('',(-48.4000000000006,-87.5000000000008,35.));
#10886=CARTESIAN_POINT('Origin',(-50.0000000000006,-87.5000000000008,35.));
#10887=CARTESIAN_POINT('',(-23.4000000000006,-87.5000000000008,35.));
#10888=CARTESIAN_POINT('Origin',(-25.0000000000006,-87.5000000000008,35.));
#10889=CARTESIAN_POINT('',(1.5999999999994,-87.5000000000008,35.));
#10890=CARTESIAN_POINT('Origin',(-5.99520433297585E-13,-87.5000000000008,
35.));
#10891=CARTESIAN_POINT('',(39.0999999999994,-7.99386678847174E-13,35.));
#10892=CARTESIAN_POINT('Origin',(37.4999999999994,-8.10462807976364E-13,
35.));
#10893=CARTESIAN_POINT('',(51.5999999999994,-8.03827570945675E-13,35.));
#10894=CARTESIAN_POINT('Origin',(49.9999999999994,-8.14903700074865E-13,
35.));
#10895=CARTESIAN_POINT('',(64.0999999999994,-8.06048016994925E-13,35.));
#10896=CARTESIAN_POINT('Origin',(62.4999999999994,-8.17124146124115E-13,
35.));
#10897=CARTESIAN_POINT('',(76.5999999999994,-8.10488909093426E-13,35.));
#10898=CARTESIAN_POINT('Origin',(74.9999999999994,-8.21565038222616E-13,
35.));
#10899=CARTESIAN_POINT('',(89.0999999999994,-8.14929801191926E-13,35.));
#10900=CARTESIAN_POINT('Origin',(87.4999999999994,-8.26005930321116E-13,
35.));
#10901=CARTESIAN_POINT('',(101.599999999999,-8.17150247241177E-13,35.));
#10902=CARTESIAN_POINT('Origin',(99.9999999999994,-8.28226376370367E-13,
35.));
#10903=CARTESIAN_POINT('',(114.099999999999,-8.21591139339677E-13,35.));
#10904=CARTESIAN_POINT('Origin',(112.499999999999,-8.32667268468867E-13,
35.));
#10905=CARTESIAN_POINT('',(101.599999999999,12.4999999999992,35.));
#10906=CARTESIAN_POINT('Origin',(99.9999999999994,12.4999999999992,35.));
#10907=CARTESIAN_POINT('',(76.5999999999994,12.4999999999992,35.));
#10908=CARTESIAN_POINT('Origin',(74.9999999999994,12.4999999999992,35.));
#10909=CARTESIAN_POINT('',(51.5999999999994,12.4999999999992,35.));
#10910=CARTESIAN_POINT('Origin',(49.9999999999994,12.4999999999992,35.));
#10911=CARTESIAN_POINT('',(114.099999999999,24.9999999999992,35.));
#10912=CARTESIAN_POINT('Origin',(112.499999999999,24.9999999999992,35.));
#10913=CARTESIAN_POINT('',(89.0999999999994,24.9999999999992,35.));
#10914=CARTESIAN_POINT('Origin',(87.4999999999994,24.9999999999992,35.));
#10915=CARTESIAN_POINT('',(64.0999999999994,24.9999999999992,35.));
#10916=CARTESIAN_POINT('Origin',(62.4999999999994,24.9999999999992,35.));
#10917=CARTESIAN_POINT('',(39.0999999999994,24.9999999999992,35.));
#10918=CARTESIAN_POINT('Origin',(37.4999999999994,24.9999999999992,35.));
#10919=CARTESIAN_POINT('',(101.599999999999,37.4999999999992,35.));
#10920=CARTESIAN_POINT('Origin',(99.9999999999994,37.4999999999992,35.));
#10921=CARTESIAN_POINT('',(76.5999999999994,37.4999999999992,35.));
#10922=CARTESIAN_POINT('Origin',(74.9999999999994,37.4999999999992,35.));
#10923=CARTESIAN_POINT('',(51.5999999999994,37.4999999999992,35.));
#10924=CARTESIAN_POINT('Origin',(49.9999999999994,37.4999999999992,35.));
#10925=CARTESIAN_POINT('',(26.5999999999994,37.4999999999992,35.));
#10926=CARTESIAN_POINT('Origin',(24.9999999999994,37.4999999999992,35.));
#10927=CARTESIAN_POINT('',(114.099999999999,49.9999999999992,35.));
#10928=CARTESIAN_POINT('Origin',(112.499999999999,49.9999999999992,35.));
#10929=CARTESIAN_POINT('',(89.0999999999994,49.9999999999992,35.));
#10930=CARTESIAN_POINT('Origin',(87.4999999999994,49.9999999999992,35.));
#10931=CARTESIAN_POINT('',(64.0999999999994,49.9999999999992,35.));
#10932=CARTESIAN_POINT('Origin',(62.4999999999994,49.9999999999992,35.));
#10933=CARTESIAN_POINT('',(39.0999999999994,49.9999999999992,35.));
#10934=CARTESIAN_POINT('Origin',(37.4999999999994,49.9999999999992,35.));
#10935=CARTESIAN_POINT('',(101.599999999999,62.4999999999992,35.));
#10936=CARTESIAN_POINT('Origin',(99.9999999999994,62.4999999999992,35.));
#10937=CARTESIAN_POINT('',(76.5999999999994,62.4999999999992,35.));
#10938=CARTESIAN_POINT('Origin',(74.9999999999994,62.4999999999992,35.));
#10939=CARTESIAN_POINT('',(51.5999999999994,62.4999999999992,35.));
#10940=CARTESIAN_POINT('Origin',(49.9999999999994,62.4999999999992,35.));
#10941=CARTESIAN_POINT('',(26.5999999999994,62.4999999999992,35.));
#10942=CARTESIAN_POINT('Origin',(24.9999999999994,62.4999999999992,35.));
#10943=CARTESIAN_POINT('',(114.099999999999,74.9999999999992,35.));
#10944=CARTESIAN_POINT('Origin',(112.499999999999,74.9999999999992,35.));
#10945=CARTESIAN_POINT('',(89.0999999999994,74.9999999999992,35.));
#10946=CARTESIAN_POINT('Origin',(87.4999999999994,74.9999999999992,35.));
#10947=CARTESIAN_POINT('',(64.0999999999994,74.9999999999992,35.));
#10948=CARTESIAN_POINT('Origin',(62.4999999999994,74.9999999999992,35.));
#10949=CARTESIAN_POINT('',(39.0999999999994,74.9999999999992,35.));
#10950=CARTESIAN_POINT('Origin',(37.4999999999994,74.9999999999992,35.));
#10951=CARTESIAN_POINT('',(26.5999999999994,87.4999999999992,35.));
#10952=CARTESIAN_POINT('Origin',(24.9999999999994,87.4999999999992,35.));
#10953=CARTESIAN_POINT('',(39.0999999999994,87.4999999999992,35.));
#10954=CARTESIAN_POINT('Origin',(37.4999999999994,87.4999999999992,35.));
#10955=CARTESIAN_POINT('',(51.5999999999994,87.4999999999992,35.));
#10956=CARTESIAN_POINT('Origin',(49.9999999999994,87.4999999999992,35.));
#10957=CARTESIAN_POINT('',(64.0999999999994,87.4999999999992,35.));
#10958=CARTESIAN_POINT('Origin',(62.4999999999994,87.4999999999992,35.));
#10959=CARTESIAN_POINT('',(76.5999999999994,87.4999999999992,35.));
#10960=CARTESIAN_POINT('Origin',(74.9999999999994,87.4999999999992,35.));
#10961=CARTESIAN_POINT('',(89.0999999999994,87.4999999999992,35.));
#10962=CARTESIAN_POINT('Origin',(87.4999999999994,87.4999999999992,35.));
#10963=CARTESIAN_POINT('',(101.599999999999,87.4999999999992,35.));
#10964=CARTESIAN_POINT('Origin',(99.9999999999994,87.4999999999992,35.));
#10965=CARTESIAN_POINT('',(114.099999999999,87.4999999999992,35.));
#10966=CARTESIAN_POINT('Origin',(112.499999999999,87.4999999999992,35.));
#10967=CARTESIAN_POINT('',(26.5999999999994,74.9999999999992,35.));
#10968=CARTESIAN_POINT('Origin',(24.9999999999994,74.9999999999992,35.));
#10969=CARTESIAN_POINT('',(51.5999999999994,74.9999999999992,35.));
#10970=CARTESIAN_POINT('Origin',(49.9999999999994,74.9999999999992,35.));
#10971=CARTESIAN_POINT('',(76.5999999999994,74.9999999999992,35.));
#10972=CARTESIAN_POINT('Origin',(74.9999999999994,74.9999999999992,35.));
#10973=CARTESIAN_POINT('',(101.599999999999,74.9999999999992,35.));
#10974=CARTESIAN_POINT('Origin',(99.9999999999994,74.9999999999992,35.));
#10975=CARTESIAN_POINT('',(39.0999999999994,62.4999999999992,35.));
#10976=CARTESIAN_POINT('Origin',(37.4999999999994,62.4999999999992,35.));
#10977=CARTESIAN_POINT('',(64.0999999999994,62.4999999999992,35.));
#10978=CARTESIAN_POINT('Origin',(62.4999999999994,62.4999999999992,35.));
#10979=CARTESIAN_POINT('',(89.0999999999994,62.4999999999992,35.));
#10980=CARTESIAN_POINT('Origin',(87.4999999999994,62.4999999999992,35.));
#10981=CARTESIAN_POINT('',(114.099999999999,62.4999999999992,35.));
#10982=CARTESIAN_POINT('Origin',(112.499999999999,62.4999999999992,35.));
#10983=CARTESIAN_POINT('',(26.5999999999994,49.9999999999992,35.));
#10984=CARTESIAN_POINT('Origin',(24.9999999999994,49.9999999999992,35.));
#10985=CARTESIAN_POINT('',(51.5999999999994,49.9999999999992,35.));
#10986=CARTESIAN_POINT('Origin',(49.9999999999994,49.9999999999992,35.));
#10987=CARTESIAN_POINT('',(76.5999999999994,49.9999999999992,35.));
#10988=CARTESIAN_POINT('Origin',(74.9999999999994,49.9999999999992,35.));
#10989=CARTESIAN_POINT('',(101.599999999999,49.9999999999992,35.));
#10990=CARTESIAN_POINT('Origin',(99.9999999999994,49.9999999999992,35.));
#10991=CARTESIAN_POINT('',(39.0999999999994,37.4999999999992,35.));
#10992=CARTESIAN_POINT('Origin',(37.4999999999994,37.4999999999992,35.));
#10993=CARTESIAN_POINT('',(64.0999999999994,37.4999999999992,35.));
#10994=CARTESIAN_POINT('Origin',(62.4999999999994,37.4999999999992,35.));
#10995=CARTESIAN_POINT('',(89.0999999999994,37.4999999999992,35.));
#10996=CARTESIAN_POINT('Origin',(87.4999999999994,37.4999999999992,35.));
#10997=CARTESIAN_POINT('',(114.099999999999,37.4999999999992,35.));
#10998=CARTESIAN_POINT('Origin',(112.499999999999,37.4999999999992,35.));
#10999=CARTESIAN_POINT('',(51.5999999999994,24.9999999999992,35.));
#11000=CARTESIAN_POINT('Origin',(49.9999999999994,24.9999999999992,35.));
#11001=CARTESIAN_POINT('',(76.5999999999994,24.9999999999992,35.));
#11002=CARTESIAN_POINT('Origin',(74.9999999999994,24.9999999999992,35.));
#11003=CARTESIAN_POINT('',(101.599999999999,24.9999999999992,35.));
#11004=CARTESIAN_POINT('Origin',(99.9999999999994,24.9999999999992,35.));
#11005=CARTESIAN_POINT('',(39.0999999999994,12.4999999999992,35.));
#11006=CARTESIAN_POINT('Origin',(37.4999999999994,12.4999999999992,35.));
#11007=CARTESIAN_POINT('',(64.0999999999994,12.4999999999992,35.));
#11008=CARTESIAN_POINT('Origin',(62.4999999999994,12.4999999999992,35.));
#11009=CARTESIAN_POINT('',(89.0999999999994,12.4999999999992,35.));
#11010=CARTESIAN_POINT('Origin',(87.4999999999994,12.4999999999992,35.));
#11011=CARTESIAN_POINT('',(114.099999999999,12.4999999999992,35.));
#11012=CARTESIAN_POINT('Origin',(112.499999999999,12.4999999999992,35.));
#11013=CARTESIAN_POINT('',(101.599999999999,-87.5000000000008,35.));
#11014=CARTESIAN_POINT('Origin',(99.9999999999993,-87.5000000000008,35.));
#11015=CARTESIAN_POINT('',(76.5999999999993,-87.5000000000008,35.));
#11016=CARTESIAN_POINT('Origin',(74.9999999999993,-87.5000000000008,35.));
#11017=CARTESIAN_POINT('',(51.5999999999993,-87.5000000000008,35.));
#11018=CARTESIAN_POINT('Origin',(49.9999999999993,-87.5000000000008,35.));
#11019=CARTESIAN_POINT('',(26.5999999999993,-87.5000000000008,35.));
#11020=CARTESIAN_POINT('Origin',(24.9999999999993,-87.5000000000008,35.));
#11021=CARTESIAN_POINT('',(114.099999999999,-75.0000000000008,35.));
#11022=CARTESIAN_POINT('Origin',(112.499999999999,-75.0000000000008,35.));
#11023=CARTESIAN_POINT('',(89.0999999999993,-75.0000000000008,35.));
#11024=CARTESIAN_POINT('Origin',(87.4999999999993,-75.0000000000008,35.));
#11025=CARTESIAN_POINT('',(64.0999999999993,-75.0000000000008,35.));
#11026=CARTESIAN_POINT('Origin',(62.4999999999993,-75.0000000000008,35.));
#11027=CARTESIAN_POINT('',(39.0999999999993,-75.0000000000008,35.));
#11028=CARTESIAN_POINT('Origin',(37.4999999999993,-75.0000000000008,35.));
#11029=CARTESIAN_POINT('',(101.599999999999,-62.5000000000008,35.));
#11030=CARTESIAN_POINT('Origin',(99.9999999999994,-62.5000000000008,35.));
#11031=CARTESIAN_POINT('',(76.5999999999994,-62.5000000000008,35.));
#11032=CARTESIAN_POINT('Origin',(74.9999999999993,-62.5000000000008,35.));
#11033=CARTESIAN_POINT('',(51.5999999999994,-62.5000000000008,35.));
#11034=CARTESIAN_POINT('Origin',(49.9999999999994,-62.5000000000008,35.));
#11035=CARTESIAN_POINT('',(26.5999999999993,-62.5000000000008,35.));
#11036=CARTESIAN_POINT('Origin',(24.9999999999993,-62.5000000000008,35.));
#11037=CARTESIAN_POINT('',(114.099999999999,-50.0000000000008,35.));
#11038=CARTESIAN_POINT('Origin',(112.499999999999,-50.0000000000008,35.));
#11039=CARTESIAN_POINT('',(89.0999999999994,-50.0000000000008,35.));
#11040=CARTESIAN_POINT('Origin',(87.4999999999994,-50.0000000000008,35.));
#11041=CARTESIAN_POINT('',(64.0999999999994,-50.0000000000008,35.));
#11042=CARTESIAN_POINT('Origin',(62.4999999999994,-50.0000000000008,35.));
#11043=CARTESIAN_POINT('',(39.0999999999994,-50.0000000000008,35.));
#11044=CARTESIAN_POINT('Origin',(37.4999999999994,-50.0000000000008,35.));
#11045=CARTESIAN_POINT('',(101.599999999999,-37.5000000000008,35.));
#11046=CARTESIAN_POINT('Origin',(99.9999999999994,-37.5000000000008,35.));
#11047=CARTESIAN_POINT('',(76.5999999999994,-37.5000000000008,35.));
#11048=CARTESIAN_POINT('Origin',(74.9999999999993,-37.5000000000008,35.));
#11049=CARTESIAN_POINT('',(51.5999999999994,-37.5000000000008,35.));
#11050=CARTESIAN_POINT('Origin',(49.9999999999994,-37.5000000000008,35.));
#11051=CARTESIAN_POINT('',(26.5999999999994,-37.5000000000008,35.));
#11052=CARTESIAN_POINT('Origin',(24.9999999999994,-37.5000000000008,35.));
#11053=CARTESIAN_POINT('',(114.099999999999,-25.0000000000008,35.));
#11054=CARTESIAN_POINT('Origin',(112.499999999999,-25.0000000000008,35.));
#11055=CARTESIAN_POINT('',(89.0999999999994,-25.0000000000008,35.));
#11056=CARTESIAN_POINT('Origin',(87.4999999999994,-25.0000000000008,35.));
#11057=CARTESIAN_POINT('',(64.0999999999994,-25.0000000000008,35.));
#11058=CARTESIAN_POINT('Origin',(62.4999999999994,-25.0000000000008,35.));
#11059=CARTESIAN_POINT('',(39.0999999999994,-25.0000000000008,35.));
#11060=CARTESIAN_POINT('Origin',(37.4999999999994,-25.0000000000008,35.));
#11061=CARTESIAN_POINT('',(39.0999999999994,-12.5000000000008,35.));
#11062=CARTESIAN_POINT('Origin',(37.4999999999994,-12.5000000000008,35.));
#11063=CARTESIAN_POINT('',(51.5999999999994,-12.5000000000008,35.));
#11064=CARTESIAN_POINT('Origin',(49.9999999999994,-12.5000000000008,35.));
#11065=CARTESIAN_POINT('',(64.0999999999994,-12.5000000000008,35.));
#11066=CARTESIAN_POINT('Origin',(62.4999999999994,-12.5000000000008,35.));
#11067=CARTESIAN_POINT('',(76.5999999999994,-12.5000000000008,35.));
#11068=CARTESIAN_POINT('Origin',(74.9999999999994,-12.5000000000008,35.));
#11069=CARTESIAN_POINT('',(89.0999999999994,-12.5000000000008,35.));
#11070=CARTESIAN_POINT('Origin',(87.4999999999994,-12.5000000000008,35.));
#11071=CARTESIAN_POINT('',(101.599999999999,-12.5000000000008,35.));
#11072=CARTESIAN_POINT('Origin',(99.9999999999994,-12.5000000000008,35.));
#11073=CARTESIAN_POINT('',(114.099999999999,-12.5000000000008,35.));
#11074=CARTESIAN_POINT('Origin',(112.499999999999,-12.5000000000008,35.));
#11075=CARTESIAN_POINT('',(26.5999999999994,-25.0000000000008,35.));
#11076=CARTESIAN_POINT('Origin',(24.9999999999994,-25.0000000000008,35.));
#11077=CARTESIAN_POINT('',(51.5999999999994,-25.0000000000008,35.));
#11078=CARTESIAN_POINT('Origin',(49.9999999999994,-25.0000000000008,35.));
#11079=CARTESIAN_POINT('',(76.5999999999994,-25.0000000000008,35.));
#11080=CARTESIAN_POINT('Origin',(74.9999999999993,-25.0000000000008,35.));
#11081=CARTESIAN_POINT('',(101.599999999999,-25.0000000000008,35.));
#11082=CARTESIAN_POINT('Origin',(99.9999999999994,-25.0000000000008,35.));
#11083=CARTESIAN_POINT('',(39.0999999999994,-37.5000000000008,35.));
#11084=CARTESIAN_POINT('Origin',(37.4999999999994,-37.5000000000008,35.));
#11085=CARTESIAN_POINT('',(64.0999999999994,-37.5000000000008,35.));
#11086=CARTESIAN_POINT('Origin',(62.4999999999994,-37.5000000000008,35.));
#11087=CARTESIAN_POINT('',(89.0999999999994,-37.5000000000008,35.));
#11088=CARTESIAN_POINT('Origin',(87.4999999999994,-37.5000000000008,35.));
#11089=CARTESIAN_POINT('',(114.099999999999,-37.5000000000008,35.));
#11090=CARTESIAN_POINT('Origin',(112.499999999999,-37.5000000000008,35.));
#11091=CARTESIAN_POINT('',(26.5999999999994,-50.0000000000008,35.));
#11092=CARTESIAN_POINT('Origin',(24.9999999999994,-50.0000000000008,35.));
#11093=CARTESIAN_POINT('',(51.5999999999994,-50.0000000000008,35.));
#11094=CARTESIAN_POINT('Origin',(49.9999999999994,-50.0000000000008,35.));
#11095=CARTESIAN_POINT('',(76.5999999999994,-50.0000000000008,35.));
#11096=CARTESIAN_POINT('Origin',(74.9999999999993,-50.0000000000008,35.));
#11097=CARTESIAN_POINT('',(101.599999999999,-50.0000000000008,35.));
#11098=CARTESIAN_POINT('Origin',(99.9999999999994,-50.0000000000008,35.));
#11099=CARTESIAN_POINT('',(39.0999999999993,-62.5000000000008,35.));
#11100=CARTESIAN_POINT('Origin',(37.4999999999993,-62.5000000000008,35.));
#11101=CARTESIAN_POINT('',(64.0999999999994,-62.5000000000008,35.));
#11102=CARTESIAN_POINT('Origin',(62.4999999999994,-62.5000000000008,35.));
#11103=CARTESIAN_POINT('',(89.0999999999994,-62.5000000000008,35.));
#11104=CARTESIAN_POINT('Origin',(87.4999999999994,-62.5000000000008,35.));
#11105=CARTESIAN_POINT('',(114.099999999999,-62.5000000000008,35.));
#11106=CARTESIAN_POINT('Origin',(112.499999999999,-62.5000000000008,35.));
#11107=CARTESIAN_POINT('',(26.5999999999993,-75.0000000000008,35.));
#11108=CARTESIAN_POINT('Origin',(24.9999999999993,-75.0000000000008,35.));
#11109=CARTESIAN_POINT('',(51.5999999999993,-75.0000000000008,35.));
#11110=CARTESIAN_POINT('Origin',(49.9999999999993,-75.0000000000008,35.));
#11111=CARTESIAN_POINT('',(76.5999999999993,-75.0000000000008,35.));
#11112=CARTESIAN_POINT('Origin',(74.9999999999993,-75.0000000000008,35.));
#11113=CARTESIAN_POINT('',(101.599999999999,-75.0000000000008,35.));
#11114=CARTESIAN_POINT('Origin',(99.9999999999993,-75.0000000000008,35.));
#11115=CARTESIAN_POINT('',(39.0999999999993,-87.5000000000008,35.));
#11116=CARTESIAN_POINT('Origin',(37.4999999999993,-87.5000000000008,35.));
#11117=CARTESIAN_POINT('',(64.0999999999993,-87.5000000000008,35.));
#11118=CARTESIAN_POINT('Origin',(62.4999999999993,-87.5000000000008,35.));
#11119=CARTESIAN_POINT('',(89.0999999999993,-87.5000000000008,35.));
#11120=CARTESIAN_POINT('Origin',(87.4999999999993,-87.5000000000008,35.));
#11121=CARTESIAN_POINT('',(114.099999999999,-87.5000000000008,35.));
#11122=CARTESIAN_POINT('Origin',(112.499999999999,-87.5000000000009,35.));
#11123=CARTESIAN_POINT('',(14.0999999999994,-12.5000000000008,35.));
#11124=CARTESIAN_POINT('Origin',(12.4999999999994,-12.5000000000008,35.));
#11125=CARTESIAN_POINT('',(14.0999999999994,-25.0000000000008,35.));
#11126=CARTESIAN_POINT('Origin',(12.4999999999994,-25.0000000000008,35.));
#11127=CARTESIAN_POINT('',(14.0999999999994,-37.5000000000008,35.));
#11128=CARTESIAN_POINT('Origin',(12.4999999999994,-37.5000000000008,35.));
#11129=CARTESIAN_POINT('',(14.0999999999994,-50.0000000000008,35.));
#11130=CARTESIAN_POINT('Origin',(12.4999999999994,-50.0000000000008,35.));
#11131=CARTESIAN_POINT('',(14.0999999999993,-62.5000000000008,35.));
#11132=CARTESIAN_POINT('Origin',(12.4999999999993,-62.5000000000008,35.));
#11133=CARTESIAN_POINT('',(14.0999999999993,-75.0000000000008,35.));
#11134=CARTESIAN_POINT('Origin',(12.4999999999993,-75.0000000000008,35.));
#11135=CARTESIAN_POINT('',(14.0999999999993,-87.5000000000008,35.));
#11136=CARTESIAN_POINT('Origin',(12.4999999999993,-87.5000000000008,35.));
#11137=CARTESIAN_POINT('',(14.0999999999994,12.4999999999992,35.));
#11138=CARTESIAN_POINT('Origin',(12.4999999999994,12.4999999999992,35.));
#11139=CARTESIAN_POINT('',(-10.9000000000006,12.4999999999992,35.));
#11140=CARTESIAN_POINT('Origin',(-12.5000000000006,12.4999999999992,35.));
#11141=CARTESIAN_POINT('',(-35.9000000000006,12.4999999999992,35.));
#11142=CARTESIAN_POINT('Origin',(-37.5000000000006,12.4999999999992,35.));
#11143=CARTESIAN_POINT('',(-60.9000000000006,12.4999999999992,35.));
#11144=CARTESIAN_POINT('Origin',(-62.5000000000006,12.4999999999992,35.));
#11145=CARTESIAN_POINT('',(-85.9000000000006,12.4999999999992,35.));
#11146=CARTESIAN_POINT('Origin',(-87.5000000000006,12.4999999999992,35.));
#11147=CARTESIAN_POINT('',(-110.900000000001,12.4999999999992,35.));
#11148=CARTESIAN_POINT('Origin',(-112.500000000001,12.4999999999992,35.));
#11149=CARTESIAN_POINT('',(1.5999999999994,24.9999999999992,35.));
#11150=CARTESIAN_POINT('Origin',(-6.03961325396085E-13,24.9999999999992,
35.));
#11151=CARTESIAN_POINT('',(-48.4000000000006,24.9999999999992,35.));
#11152=CARTESIAN_POINT('Origin',(-50.0000000000006,24.9999999999992,35.));
#11153=CARTESIAN_POINT('',(-73.4000000000006,24.9999999999992,35.));
#11154=CARTESIAN_POINT('Origin',(-75.0000000000006,24.9999999999992,35.));
#11155=CARTESIAN_POINT('',(-98.4000000000006,24.9999999999992,35.));
#11156=CARTESIAN_POINT('Origin',(-100.000000000001,24.9999999999992,35.));
#11157=CARTESIAN_POINT('',(-10.9000000000006,37.4999999999992,35.));
#11158=CARTESIAN_POINT('Origin',(-12.5000000000006,37.4999999999992,35.));
#11159=CARTESIAN_POINT('',(-35.9000000000006,37.4999999999992,35.));
#11160=CARTESIAN_POINT('Origin',(-37.5000000000006,37.4999999999992,35.));
#11161=CARTESIAN_POINT('',(-60.9000000000006,37.4999999999992,35.));
#11162=CARTESIAN_POINT('Origin',(-62.5000000000006,37.4999999999992,35.));
#11163=CARTESIAN_POINT('',(-85.9000000000006,37.4999999999992,35.));
#11164=CARTESIAN_POINT('Origin',(-87.5000000000006,37.4999999999992,35.));
#11165=CARTESIAN_POINT('',(-110.900000000001,37.4999999999992,35.));
#11166=CARTESIAN_POINT('Origin',(-112.500000000001,37.4999999999992,35.));
#11167=CARTESIAN_POINT('',(1.5999999999994,49.9999999999992,35.));
#11168=CARTESIAN_POINT('Origin',(-6.08402217494586E-13,49.9999999999992,
35.));
#11169=CARTESIAN_POINT('',(-23.4000000000006,49.9999999999992,35.));
#11170=CARTESIAN_POINT('Origin',(-25.0000000000006,49.9999999999992,35.));
#11171=CARTESIAN_POINT('',(-48.4000000000006,49.9999999999992,35.));
#11172=CARTESIAN_POINT('Origin',(-50.0000000000006,49.9999999999992,35.));
#11173=CARTESIAN_POINT('',(-73.4000000000006,49.9999999999992,35.));
#11174=CARTESIAN_POINT('Origin',(-75.0000000000006,49.9999999999992,35.));
#11175=CARTESIAN_POINT('',(-98.4000000000006,49.9999999999992,35.));
#11176=CARTESIAN_POINT('Origin',(-100.000000000001,49.9999999999992,35.));
#11177=CARTESIAN_POINT('',(-10.9000000000006,62.4999999999992,35.));
#11178=CARTESIAN_POINT('Origin',(-12.5000000000006,62.4999999999992,35.));
#11179=CARTESIAN_POINT('',(-35.9000000000006,62.4999999999992,35.));
#11180=CARTESIAN_POINT('Origin',(-37.5000000000006,62.4999999999992,35.));
#11181=CARTESIAN_POINT('',(-60.9000000000006,62.4999999999992,35.));
#11182=CARTESIAN_POINT('Origin',(-62.5000000000006,62.4999999999992,35.));
#11183=CARTESIAN_POINT('',(-85.9000000000006,62.4999999999992,35.));
#11184=CARTESIAN_POINT('Origin',(-87.5000000000006,62.4999999999992,35.));
#11185=CARTESIAN_POINT('',(-110.900000000001,62.4999999999992,35.));
#11186=CARTESIAN_POINT('Origin',(-112.500000000001,62.4999999999992,35.));
#11187=CARTESIAN_POINT('',(1.5999999999994,74.9999999999992,35.));
#11188=CARTESIAN_POINT('Origin',(-6.08402217494586E-13,74.9999999999992,
35.));
#11189=CARTESIAN_POINT('',(-23.4000000000006,74.9999999999992,35.));
#11190=CARTESIAN_POINT('Origin',(-25.0000000000006,74.9999999999992,35.));
#11191=CARTESIAN_POINT('',(-48.4000000000006,74.9999999999992,35.));
#11192=CARTESIAN_POINT('Origin',(-50.0000000000006,74.9999999999992,35.));
#11193=CARTESIAN_POINT('',(-73.4000000000006,74.9999999999992,35.));
#11194=CARTESIAN_POINT('Origin',(-75.0000000000006,74.9999999999992,35.));
#11195=CARTESIAN_POINT('',(-98.4000000000006,74.9999999999992,35.));
#11196=CARTESIAN_POINT('Origin',(-100.000000000001,74.9999999999992,35.));
#11197=CARTESIAN_POINT('',(-10.9000000000006,87.4999999999992,35.));
#11198=CARTESIAN_POINT('Origin',(-12.5000000000006,87.4999999999992,35.));
#11199=CARTESIAN_POINT('',(-110.900000000001,87.4999999999993,35.));
#11200=CARTESIAN_POINT('Origin',(-112.500000000001,87.4999999999992,35.));
#11201=CARTESIAN_POINT('',(-98.4000000000006,87.4999999999993,35.));
#11202=CARTESIAN_POINT('Origin',(-100.000000000001,87.4999999999992,35.));
#11203=CARTESIAN_POINT('',(-85.9000000000006,87.4999999999992,35.));
#11204=CARTESIAN_POINT('Origin',(-87.5000000000006,87.4999999999992,35.));
#11205=CARTESIAN_POINT('',(-73.4000000000006,87.4999999999992,35.));
#11206=CARTESIAN_POINT('Origin',(-75.0000000000006,87.4999999999992,35.));
#11207=CARTESIAN_POINT('',(-60.9000000000006,87.4999999999992,35.));
#11208=CARTESIAN_POINT('Origin',(-62.5000000000006,87.4999999999992,35.));
#11209=CARTESIAN_POINT('',(-48.4000000000006,87.4999999999992,35.));
#11210=CARTESIAN_POINT('Origin',(-50.0000000000006,87.4999999999992,35.));
#11211=CARTESIAN_POINT('',(-35.9000000000006,87.4999999999992,35.));
#11212=CARTESIAN_POINT('Origin',(-37.5000000000006,87.4999999999992,35.));
#11213=CARTESIAN_POINT('',(-23.4000000000006,87.4999999999992,35.));
#11214=CARTESIAN_POINT('Origin',(-25.0000000000006,87.4999999999992,35.));
#11215=CARTESIAN_POINT('',(1.5999999999994,87.4999999999992,35.));
#11216=CARTESIAN_POINT('Origin',(-6.08402217494586E-13,87.4999999999992,
35.));
#11217=CARTESIAN_POINT('',(-110.900000000001,74.9999999999992,35.));
#11218=CARTESIAN_POINT('Origin',(-112.500000000001,74.9999999999992,35.));
#11219=CARTESIAN_POINT('',(-85.9000000000006,74.9999999999992,35.));
#11220=CARTESIAN_POINT('Origin',(-87.5000000000006,74.9999999999992,35.));
#11221=CARTESIAN_POINT('',(-60.9000000000006,74.9999999999992,35.));
#11222=CARTESIAN_POINT('Origin',(-62.5000000000006,74.9999999999992,35.));
#11223=CARTESIAN_POINT('',(-35.9000000000006,74.9999999999992,35.));
#11224=CARTESIAN_POINT('Origin',(-37.5000000000006,74.9999999999992,35.));
#11225=CARTESIAN_POINT('',(-10.9000000000006,74.9999999999992,35.));
#11226=CARTESIAN_POINT('Origin',(-12.5000000000006,74.9999999999992,35.));
#11227=CARTESIAN_POINT('',(-98.4000000000006,62.4999999999992,35.));
#11228=CARTESIAN_POINT('Origin',(-100.000000000001,62.4999999999992,35.));
#11229=CARTESIAN_POINT('',(-73.4000000000006,62.4999999999992,35.));
#11230=CARTESIAN_POINT('Origin',(-75.0000000000006,62.4999999999992,35.));
#11231=CARTESIAN_POINT('',(-48.4000000000006,62.4999999999992,35.));
#11232=CARTESIAN_POINT('Origin',(-50.0000000000006,62.4999999999992,35.));
#11233=CARTESIAN_POINT('',(-23.4000000000006,62.4999999999992,35.));
#11234=CARTESIAN_POINT('Origin',(-25.0000000000006,62.4999999999992,35.));
#11235=CARTESIAN_POINT('',(1.5999999999994,62.4999999999992,35.));
#11236=CARTESIAN_POINT('Origin',(-6.08402217494586E-13,62.4999999999992,
35.));
#11237=CARTESIAN_POINT('',(-110.900000000001,49.9999999999992,35.));
#11238=CARTESIAN_POINT('Origin',(-112.500000000001,49.9999999999992,35.));
#11239=CARTESIAN_POINT('',(-85.9000000000006,49.9999999999992,35.));
#11240=CARTESIAN_POINT('Origin',(-87.5000000000006,49.9999999999992,35.));
#11241=CARTESIAN_POINT('',(-60.9000000000006,49.9999999999992,35.));
#11242=CARTESIAN_POINT('Origin',(-62.5000000000006,49.9999999999992,35.));
#11243=CARTESIAN_POINT('',(-35.9000000000006,49.9999999999992,35.));
#11244=CARTESIAN_POINT('Origin',(-37.5000000000006,49.9999999999992,35.));
#11245=CARTESIAN_POINT('',(-10.9000000000006,49.9999999999992,35.));
#11246=CARTESIAN_POINT('Origin',(-12.5000000000006,49.9999999999992,35.));
#11247=CARTESIAN_POINT('',(-98.4000000000006,37.4999999999992,35.));
#11248=CARTESIAN_POINT('Origin',(-100.000000000001,37.4999999999992,35.));
#11249=CARTESIAN_POINT('',(-73.4000000000006,37.4999999999992,35.));
#11250=CARTESIAN_POINT('Origin',(-75.0000000000006,37.4999999999992,35.));
#11251=CARTESIAN_POINT('',(-48.4000000000006,37.4999999999992,35.));
#11252=CARTESIAN_POINT('Origin',(-50.0000000000006,37.4999999999992,35.));
#11253=CARTESIAN_POINT('',(-23.4000000000006,37.4999999999992,35.));
#11254=CARTESIAN_POINT('Origin',(-25.0000000000006,37.4999999999992,35.));
#11255=CARTESIAN_POINT('',(1.5999999999994,37.4999999999992,35.));
#11256=CARTESIAN_POINT('Origin',(-6.03961325396085E-13,37.4999999999992,
35.));
#11257=CARTESIAN_POINT('',(-110.900000000001,24.9999999999992,35.));
#11258=CARTESIAN_POINT('Origin',(-112.500000000001,24.9999999999992,35.));
#11259=CARTESIAN_POINT('',(-85.9000000000006,24.9999999999992,35.));
#11260=CARTESIAN_POINT('Origin',(-87.5000000000006,24.9999999999992,35.));
#11261=CARTESIAN_POINT('',(-60.9000000000006,24.9999999999992,35.));
#11262=CARTESIAN_POINT('Origin',(-62.5000000000006,24.9999999999992,35.));
#11263=CARTESIAN_POINT('',(-35.9000000000006,24.9999999999992,35.));
#11264=CARTESIAN_POINT('Origin',(-37.5000000000006,24.9999999999992,35.));
#11265=CARTESIAN_POINT('',(-10.9000000000006,24.9999999999992,35.));
#11266=CARTESIAN_POINT('Origin',(-12.5000000000006,24.9999999999992,35.));
#11267=CARTESIAN_POINT('',(-98.4000000000006,12.4999999999992,35.));
#11268=CARTESIAN_POINT('Origin',(-100.000000000001,12.4999999999992,35.));
#11269=CARTESIAN_POINT('',(-73.4000000000006,12.4999999999992,35.));
#11270=CARTESIAN_POINT('Origin',(-75.0000000000006,12.4999999999992,35.));
#11271=CARTESIAN_POINT('',(-48.4000000000006,12.4999999999992,35.));
#11272=CARTESIAN_POINT('Origin',(-50.0000000000006,12.4999999999992,35.));
#11273=CARTESIAN_POINT('',(1.5999999999994,12.4999999999992,35.));
#11274=CARTESIAN_POINT('Origin',(-6.03961325396085E-13,12.4999999999992,
35.));
#11275=CARTESIAN_POINT('Origin',(30.9999999999999,-16.9999999999998,1.4229726243372E-14));
#11276=CARTESIAN_POINT('',(30.9999999999999,-19.9999999999998,1.41662849276791E-14));
#11277=CARTESIAN_POINT('',(33.9999999999999,-16.9999999999998,1.48063978903146E-14));
#11278=CARTESIAN_POINT('Origin',(30.9999999999999,-16.9999999999998,1.40128858088749E-14));
#11279=CARTESIAN_POINT('',(33.9999999999999,-16.9999999999998,1.49910220316864E-14));
#11280=CARTESIAN_POINT('',(30.9999999999999,-19.9999999999998,1.4229726243372E-14));
#11281=CARTESIAN_POINT('Origin',(33.9999999999999,-19.9999999999998,1.48324187424542E-14));
#11282=CARTESIAN_POINT('',(34.,27.0000000000002,1.44247587255998E-14));
#11283=CARTESIAN_POINT('',(33.9999999999999,-19.9999999999998,1.48324187424542E-14));
#11284=CARTESIAN_POINT('',(34.,27.0000000000002,1.46155783079572E-14));
#11285=CARTESIAN_POINT('',(34.,5.00000000000016,8.60000000000015));
#11286=CARTESIAN_POINT('',(34.,21.0000000000002,8.60000000000015));
#11287=CARTESIAN_POINT('',(34.,-7.49999999999984,8.60000000000015));
#11288=CARTESIAN_POINT('',(34.,21.0000000000002,5.40000000000015));
#11289=CARTESIAN_POINT('Origin',(34.,21.0000000000002,7.00000000000015));
#11290=CARTESIAN_POINT('',(34.,5.00000000000017,5.40000000000015));
#11291=CARTESIAN_POINT('',(34.,0.500000000000166,5.40000000000015));
#11292=CARTESIAN_POINT('Origin',(34.,5.00000000000017,7.00000000000015));
#11293=CARTESIAN_POINT('Origin',(29.,5.00000000000017,1.3505355283332E-14));
#11294=CARTESIAN_POINT('',(26.9999999999999,-19.9999999999998,1.3278106507979E-14));
#11295=CARTESIAN_POINT('',(23.9999999999999,-19.9999999999998,1.26119726932039E-14));
#11296=CARTESIAN_POINT('',(23.9999999999999,-16.9999999999998,1.25859518410643E-14));
#11297=CARTESIAN_POINT('Origin',(27.,-16.9999999999998,1.29978247577891E-14));
#11298=CARTESIAN_POINT('',(24.,27.0000000000002,1.22043126763495E-14));
#11299=CARTESIAN_POINT('',(24.,30.0000000000002,1.21782918242098E-14));
#11300=CARTESIAN_POINT('',(27.,30.0000000000002,1.28444256389849E-14));
#11301=CARTESIAN_POINT('Origin',(27.,27.0000000000002,1.29978247577891E-14));
#11302=CARTESIAN_POINT('',(31.,30.0000000000002,1.3732604058685E-14));
#11303=CARTESIAN_POINT('',(34.,30.0000000000002,1.43987378734601E-14));
#11304=CARTESIAN_POINT('Origin',(31.,27.0000000000002,1.4012885808875E-14));
#11305=CARTESIAN_POINT('Origin',(31.,27.0000000000002,1.38542825196428E-14));
#11306=CARTESIAN_POINT('',(31.,30.0000000000002,1.38542825196428E-14));
#11307=CARTESIAN_POINT('Origin',(34.,30.0000000000002,1.43987378734601E-14));
#11308=CARTESIAN_POINT('',(27.,30.0000000000002,1.2780984323292E-14));
#11309=CARTESIAN_POINT('Origin',(27.,27.0000000000002,1.2780984323292E-14));
#11310=CARTESIAN_POINT('',(24.,27.0000000000002,1.20196885349776E-14));
#11311=CARTESIAN_POINT('Origin',(24.,30.0000000000002,1.21782918242098E-14));
#11312=CARTESIAN_POINT('',(23.9999999999999,-16.9999999999998,1.23951322587069E-14));
#11313=CARTESIAN_POINT('',(24.,30.0000000000002,35.));
#11314=CARTESIAN_POINT('',(24.,30.0000000000002,35.));
#11315=CARTESIAN_POINT('',(24.,30.0000000000002,35.));
#11316=CARTESIAN_POINT('',(24.,30.0000000000002,35.));
#11317=CARTESIAN_POINT('',(24.,21.0000000000002,8.60000000000015));
#11318=CARTESIAN_POINT('',(24.,5.00000000000017,8.60000000000015));
#11319=CARTESIAN_POINT('',(24.,17.5000000000002,8.60000000000015));
#11320=CARTESIAN_POINT('',(24.,5.00000000000018,5.40000000000015));
#11321=CARTESIAN_POINT('Origin',(24.,5.00000000000018,7.00000000000015));
#11322=CARTESIAN_POINT('',(24.,21.0000000000002,5.40000000000015));
#11323=CARTESIAN_POINT('',(24.,25.5000000000002,5.40000000000015));
#11324=CARTESIAN_POINT('Origin',(24.,21.0000000000002,7.00000000000015));
#11325=CARTESIAN_POINT('Origin',(27.,-16.9999999999998,1.31564280470213E-14));
#11326=CARTESIAN_POINT('',(26.9999999999999,-19.9999999999998,1.31564280470213E-14));
#11327=CARTESIAN_POINT('Origin',(23.9999999999999,-19.9999999999998,1.26119726932039E-14));
#11328=CARTESIAN_POINT('Origin',(-27.0000000000002,27.,9.75695433990921E-16));
#11329=CARTESIAN_POINT('',(-24.0000000000002,27.,1.5461716399479E-15));
#11330=CARTESIAN_POINT('',(-27.0000000000002,30.,8.54016973033158E-16));
#11331=CARTESIAN_POINT('Origin',(-27.0000000000002,27.,1.13429872322309E-15));
#11332=CARTESIAN_POINT('',(-27.0000000000002,30.,9.75695433990916E-16));
#11333=CARTESIAN_POINT('',(-24.0000000000002,27.,1.73699122230531E-15));
#11334=CARTESIAN_POINT('Origin',(-24.0000000000002,30.,1.52015078780825E-15));
#11335=CARTESIAN_POINT('',(-31.0000000000002,30.,-3.41614466669699E-17));
#11336=CARTESIAN_POINT('',(-24.0000000000002,30.,1.52015078780825E-15));
#11337=CARTESIAN_POINT('',(-31.0000000000002,30.,-9.76027623598353E-17));
#11338=CARTESIAN_POINT('Origin',(-29.,5.,6.26768197680196E-16));
#11339=CARTESIAN_POINT('',(-23.9999999999999,-17.,1.9278108046628E-15));
#11340=CARTESIAN_POINT('',(-23.9999999999999,-20.,1.95383165680245E-15));
#11341=CARTESIAN_POINT('',(-26.9999999999999,-20.,1.28769784202736E-15));
#11342=CARTESIAN_POINT('Origin',(-26.9999999999999,-17.,1.13429872322316E-15));
#11343=CARTESIAN_POINT('',(-30.9999999999999,-20.,3.99519422327235E-16));
#11344=CARTESIAN_POINT('',(-33.9999999999999,-20.,-2.66614392447859E-16));
#11345=CARTESIAN_POINT('',(-33.9999999999999,-17.,-2.92635244587512E-16));
#11346=CARTESIAN_POINT('Origin',(-30.9999999999999,-17.,1.19237672137305E-16));
#11347=CARTESIAN_POINT('',(-34.0000000000002,27.,-6.74274409302411E-16));
#11348=CARTESIAN_POINT('',(-34.0000000000002,30.,-7.00295261442064E-16));
#11349=CARTESIAN_POINT('Origin',(-31.0000000000002,27.,1.19237672137228E-16));
#11350=CARTESIAN_POINT('Origin',(-31.0000000000002,27.,-9.76027623598301E-17));
#11351=CARTESIAN_POINT('',(-34.0000000000002,27.,-8.58898550674223E-16));
#11352=CARTESIAN_POINT('Origin',(-34.0000000000002,30.,-7.00295261442064E-16));
#11353=CARTESIAN_POINT('',(-33.9999999999999,-17.,-4.83454826944922E-16));
#11354=CARTESIAN_POINT('',(-34.0000000000002,21.0000000000002,8.60000000000013));
#11355=CARTESIAN_POINT('',(-34.,5.00000000000023,8.60000000000013));
#11356=CARTESIAN_POINT('',(-34.0000000000001,17.4999999999999,8.60000000000013));
#11357=CARTESIAN_POINT('',(-34.,5.00000000000024,5.40000000000013));
#11358=CARTESIAN_POINT('Origin',(-34.0000000000002,5.00000000000024,7.00000000000013));
#11359=CARTESIAN_POINT('',(-34.0000000000002,21.0000000000002,5.40000000000013));
#11360=CARTESIAN_POINT('',(-34.0000000000002,25.4999999999999,5.40000000000013));
#11361=CARTESIAN_POINT('Origin',(-34.0000000000002,21.0000000000002,7.00000000000013));
#11362=CARTESIAN_POINT('Origin',(-30.9999999999999,-17.,2.77840961369471E-16));
#11363=CARTESIAN_POINT('',(-30.9999999999999,-20.,2.77840961369476E-16));
#11364=CARTESIAN_POINT('Origin',(-33.9999999999999,-20.,-2.66614392447858E-16));
#11365=CARTESIAN_POINT('',(-26.9999999999999,-20.,1.35113915772023E-15));
#11366=CARTESIAN_POINT('Origin',(-26.9999999999999,-17.,1.35113915772022E-15));
#11367=CARTESIAN_POINT('',(-23.9999999999999,-17.,2.11243494603462E-15));
#11368=CARTESIAN_POINT('Origin',(-6.03961325396085E-13,12.4999999999992,
35.));
#11369=CARTESIAN_POINT('',(1.5999999999994,12.4999999999992,40.));
#11370=CARTESIAN_POINT('Origin',(-6.03961325396085E-13,12.4999999999992,
40.));
#11371=CARTESIAN_POINT('',(1.5999999999994,12.4999999999992,35.));
#11372=CARTESIAN_POINT('Origin',(-25.0000000000006,12.4999999999992,35.));
#11373=CARTESIAN_POINT('',(-23.4000000000006,12.4999999999992,40.));
#11374=CARTESIAN_POINT('Origin',(-25.0000000000006,12.4999999999992,40.));
#11375=CARTESIAN_POINT('',(-23.4000000000006,12.4999999999992,35.));
#11376=CARTESIAN_POINT('Origin',(-25.0000000000006,12.4999999999992,35.));
#11377=CARTESIAN_POINT('Origin',(-50.0000000000006,12.4999999999992,35.));
#11378=CARTESIAN_POINT('',(-48.4000000000006,12.4999999999992,40.));
#11379=CARTESIAN_POINT('Origin',(-50.0000000000006,12.4999999999992,40.));
#11380=CARTESIAN_POINT('',(-48.4000000000006,12.4999999999992,35.));
#11381=CARTESIAN_POINT('Origin',(-75.0000000000006,12.4999999999992,35.));
#11382=CARTESIAN_POINT('',(-73.4000000000006,12.4999999999992,40.));
#11383=CARTESIAN_POINT('Origin',(-75.0000000000006,12.4999999999992,40.));
#11384=CARTESIAN_POINT('',(-73.4000000000006,12.4999999999992,35.));
#11385=CARTESIAN_POINT('Origin',(-100.000000000001,12.4999999999992,35.));
#11386=CARTESIAN_POINT('',(-98.4000000000006,12.4999999999992,40.));
#11387=CARTESIAN_POINT('Origin',(-100.000000000001,12.4999999999992,40.));
#11388=CARTESIAN_POINT('',(-98.4000000000006,12.4999999999992,35.));
#11389=CARTESIAN_POINT('Origin',(-12.5000000000006,24.9999999999992,35.));
#11390=CARTESIAN_POINT('',(-10.9000000000006,24.9999999999992,40.));
#11391=CARTESIAN_POINT('Origin',(-12.5000000000006,24.9999999999992,40.));
#11392=CARTESIAN_POINT('',(-10.9000000000006,24.9999999999992,35.));
#11393=CARTESIAN_POINT('Origin',(-37.5000000000006,24.9999999999992,35.));
#11394=CARTESIAN_POINT('',(-35.9000000000006,24.9999999999992,40.));
#11395=CARTESIAN_POINT('Origin',(-37.5000000000006,24.9999999999992,40.));
#11396=CARTESIAN_POINT('',(-35.9000000000006,24.9999999999992,35.));
#11397=CARTESIAN_POINT('Origin',(-62.5000000000006,24.9999999999992,35.));
#11398=CARTESIAN_POINT('',(-60.9000000000006,24.9999999999992,40.));
#11399=CARTESIAN_POINT('Origin',(-62.5000000000006,24.9999999999992,40.));
#11400=CARTESIAN_POINT('',(-60.9000000000006,24.9999999999992,35.));
#11401=CARTESIAN_POINT('Origin',(-87.5000000000006,24.9999999999992,35.));
#11402=CARTESIAN_POINT('',(-85.9000000000006,24.9999999999992,40.));
#11403=CARTESIAN_POINT('Origin',(-87.5000000000006,24.9999999999992,40.));
#11404=CARTESIAN_POINT('',(-85.9000000000006,24.9999999999992,35.));
#11405=CARTESIAN_POINT('Origin',(-112.500000000001,24.9999999999992,35.));
#11406=CARTESIAN_POINT('',(-110.900000000001,24.9999999999993,40.));
#11407=CARTESIAN_POINT('Origin',(-112.500000000001,24.9999999999992,40.));
#11408=CARTESIAN_POINT('',(-110.900000000001,24.9999999999992,35.));
#11409=CARTESIAN_POINT('Origin',(-6.03961325396085E-13,37.4999999999992,
35.));
#11410=CARTESIAN_POINT('',(1.5999999999994,37.4999999999992,40.));
#11411=CARTESIAN_POINT('Origin',(-6.03961325396085E-13,37.4999999999992,
40.));
#11412=CARTESIAN_POINT('',(1.5999999999994,37.4999999999992,35.));
#11413=CARTESIAN_POINT('Origin',(-25.0000000000006,37.4999999999992,35.));
#11414=CARTESIAN_POINT('',(-23.4000000000006,37.4999999999992,40.));
#11415=CARTESIAN_POINT('Origin',(-25.0000000000006,37.4999999999992,40.));
#11416=CARTESIAN_POINT('',(-23.4000000000006,37.4999999999992,35.));
#11417=CARTESIAN_POINT('Origin',(-50.0000000000006,37.4999999999992,35.));
#11418=CARTESIAN_POINT('',(-48.4000000000006,37.4999999999992,40.));
#11419=CARTESIAN_POINT('Origin',(-50.0000000000006,37.4999999999992,40.));
#11420=CARTESIAN_POINT('',(-48.4000000000006,37.4999999999992,35.));
#11421=CARTESIAN_POINT('Origin',(-75.0000000000006,37.4999999999992,35.));
#11422=CARTESIAN_POINT('',(-73.4000000000006,37.4999999999992,40.));
#11423=CARTESIAN_POINT('Origin',(-75.0000000000006,37.4999999999992,40.));
#11424=CARTESIAN_POINT('',(-73.4000000000006,37.4999999999992,35.));
#11425=CARTESIAN_POINT('Origin',(-100.000000000001,37.4999999999992,35.));
#11426=CARTESIAN_POINT('',(-98.4000000000006,37.4999999999992,40.));
#11427=CARTESIAN_POINT('Origin',(-100.000000000001,37.4999999999992,40.));
#11428=CARTESIAN_POINT('',(-98.4000000000006,37.4999999999992,35.));
#11429=CARTESIAN_POINT('Origin',(-12.5000000000006,49.9999999999992,35.));
#11430=CARTESIAN_POINT('',(-10.9000000000006,49.9999999999992,40.));
#11431=CARTESIAN_POINT('Origin',(-12.5000000000006,49.9999999999992,40.));
#11432=CARTESIAN_POINT('',(-10.9000000000006,49.9999999999992,35.));
#11433=CARTESIAN_POINT('Origin',(-37.5000000000006,49.9999999999992,35.));
#11434=CARTESIAN_POINT('',(-35.9000000000006,49.9999999999992,40.));
#11435=CARTESIAN_POINT('Origin',(-37.5000000000006,49.9999999999992,40.));
#11436=CARTESIAN_POINT('',(-35.9000000000006,49.9999999999992,35.));
#11437=CARTESIAN_POINT('Origin',(-62.5000000000006,49.9999999999992,35.));
#11438=CARTESIAN_POINT('',(-60.9000000000006,49.9999999999992,40.));
#11439=CARTESIAN_POINT('Origin',(-62.5000000000006,49.9999999999992,40.));
#11440=CARTESIAN_POINT('',(-60.9000000000006,49.9999999999992,35.));
#11441=CARTESIAN_POINT('Origin',(-87.5000000000006,49.9999999999992,35.));
#11442=CARTESIAN_POINT('',(-85.9000000000006,49.9999999999992,40.));
#11443=CARTESIAN_POINT('Origin',(-87.5000000000006,49.9999999999992,40.));
#11444=CARTESIAN_POINT('',(-85.9000000000006,49.9999999999992,35.));
#11445=CARTESIAN_POINT('Origin',(-112.500000000001,49.9999999999992,35.));
#11446=CARTESIAN_POINT('',(-110.900000000001,49.9999999999993,40.));
#11447=CARTESIAN_POINT('Origin',(-112.500000000001,49.9999999999992,40.));
#11448=CARTESIAN_POINT('',(-110.900000000001,49.9999999999992,35.));
#11449=CARTESIAN_POINT('Origin',(-6.08402217494586E-13,62.4999999999992,
35.));
#11450=CARTESIAN_POINT('',(1.5999999999994,62.4999999999992,40.));
#11451=CARTESIAN_POINT('Origin',(-6.08402217494586E-13,62.4999999999992,
40.));
#11452=CARTESIAN_POINT('',(1.5999999999994,62.4999999999992,35.));
#11453=CARTESIAN_POINT('Origin',(-25.0000000000006,62.4999999999992,35.));
#11454=CARTESIAN_POINT('',(-23.4000000000006,62.4999999999992,40.));
#11455=CARTESIAN_POINT('Origin',(-25.0000000000006,62.4999999999992,40.));
#11456=CARTESIAN_POINT('',(-23.4000000000006,62.4999999999992,35.));
#11457=CARTESIAN_POINT('Origin',(-50.0000000000006,62.4999999999992,35.));
#11458=CARTESIAN_POINT('',(-48.4000000000006,62.4999999999992,40.));
#11459=CARTESIAN_POINT('Origin',(-50.0000000000006,62.4999999999992,40.));
#11460=CARTESIAN_POINT('',(-48.4000000000006,62.4999999999992,35.));
#11461=CARTESIAN_POINT('Origin',(-75.0000000000006,62.4999999999992,35.));
#11462=CARTESIAN_POINT('',(-73.4000000000006,62.4999999999992,40.));
#11463=CARTESIAN_POINT('Origin',(-75.0000000000006,62.4999999999992,40.));
#11464=CARTESIAN_POINT('',(-73.4000000000006,62.4999999999992,35.));
#11465=CARTESIAN_POINT('Origin',(-100.000000000001,62.4999999999992,35.));
#11466=CARTESIAN_POINT('',(-98.4000000000006,62.4999999999993,40.));
#11467=CARTESIAN_POINT('Origin',(-100.000000000001,62.4999999999992,40.));
#11468=CARTESIAN_POINT('',(-98.4000000000006,62.4999999999992,35.));
#11469=CARTESIAN_POINT('Origin',(-12.5000000000006,74.9999999999992,35.));
#11470=CARTESIAN_POINT('',(-10.9000000000006,74.9999999999992,40.));
#11471=CARTESIAN_POINT('Origin',(-12.5000000000006,74.9999999999992,40.));
#11472=CARTESIAN_POINT('',(-10.9000000000006,74.9999999999992,35.));
#11473=CARTESIAN_POINT('Origin',(-37.5000000000006,74.9999999999992,35.));
#11474=CARTESIAN_POINT('',(-35.9000000000006,74.9999999999992,40.));
#11475=CARTESIAN_POINT('Origin',(-37.5000000000006,74.9999999999992,40.));
#11476=CARTESIAN_POINT('',(-35.9000000000006,74.9999999999992,35.));
#11477=CARTESIAN_POINT('Origin',(-62.5000000000006,74.9999999999992,35.));
#11478=CARTESIAN_POINT('',(-60.9000000000006,74.9999999999992,40.));
#11479=CARTESIAN_POINT('Origin',(-62.5000000000006,74.9999999999992,40.));
#11480=CARTESIAN_POINT('',(-60.9000000000006,74.9999999999992,35.));
#11481=CARTESIAN_POINT('Origin',(-87.5000000000006,74.9999999999992,35.));
#11482=CARTESIAN_POINT('',(-85.9000000000006,74.9999999999992,40.));
#11483=CARTESIAN_POINT('Origin',(-87.5000000000006,74.9999999999992,40.));
#11484=CARTESIAN_POINT('',(-85.9000000000006,74.9999999999992,35.));
#11485=CARTESIAN_POINT('Origin',(-112.500000000001,74.9999999999992,35.));
#11486=CARTESIAN_POINT('',(-110.900000000001,74.9999999999993,40.));
#11487=CARTESIAN_POINT('Origin',(-112.500000000001,74.9999999999992,40.));
#11488=CARTESIAN_POINT('',(-110.900000000001,74.9999999999992,35.));
#11489=CARTESIAN_POINT('Origin',(-6.08402217494586E-13,87.4999999999992,
35.));
#11490=CARTESIAN_POINT('',(1.5999999999994,87.4999999999992,40.));
#11491=CARTESIAN_POINT('Origin',(-6.08402217494586E-13,87.4999999999992,
40.));
#11492=CARTESIAN_POINT('',(1.5999999999994,87.4999999999992,35.));
#11493=CARTESIAN_POINT('Origin',(-25.0000000000006,87.4999999999992,35.));
#11494=CARTESIAN_POINT('',(-23.4000000000006,87.4999999999992,40.));
#11495=CARTESIAN_POINT('Origin',(-25.0000000000006,87.4999999999992,40.));
#11496=CARTESIAN_POINT('',(-23.4000000000006,87.4999999999992,35.));
#11497=CARTESIAN_POINT('Origin',(-37.5000000000006,87.4999999999992,35.));
#11498=CARTESIAN_POINT('',(-35.9000000000006,87.4999999999992,40.));
#11499=CARTESIAN_POINT('Origin',(-37.5000000000006,87.4999999999992,40.));
#11500=CARTESIAN_POINT('',(-35.9000000000006,87.4999999999992,35.));
#11501=CARTESIAN_POINT('Origin',(-50.0000000000006,87.4999999999992,35.));
#11502=CARTESIAN_POINT('',(-48.4000000000006,87.4999999999992,40.));
#11503=CARTESIAN_POINT('Origin',(-50.0000000000006,87.4999999999992,40.));
#11504=CARTESIAN_POINT('',(-48.4000000000006,87.4999999999992,35.));
#11505=CARTESIAN_POINT('Origin',(-62.5000000000006,87.4999999999992,35.));
#11506=CARTESIAN_POINT('',(-60.9000000000006,87.4999999999992,40.));
#11507=CARTESIAN_POINT('Origin',(-62.5000000000006,87.4999999999992,40.));
#11508=CARTESIAN_POINT('',(-60.9000000000006,87.4999999999992,35.));
#11509=CARTESIAN_POINT('Origin',(-75.0000000000006,87.4999999999992,35.));
#11510=CARTESIAN_POINT('',(-73.4000000000006,87.4999999999992,40.));
#11511=CARTESIAN_POINT('Origin',(-75.0000000000006,87.4999999999992,40.));
#11512=CARTESIAN_POINT('',(-73.4000000000006,87.4999999999992,35.));
#11513=CARTESIAN_POINT('Origin',(-87.5000000000006,87.4999999999992,35.));
#11514=CARTESIAN_POINT('',(-85.9000000000006,87.4999999999992,40.));
#11515=CARTESIAN_POINT('Origin',(-87.5000000000006,87.4999999999992,40.));
#11516=CARTESIAN_POINT('',(-85.9000000000006,87.4999999999992,35.));
#11517=CARTESIAN_POINT('Origin',(-100.000000000001,87.4999999999992,35.));
#11518=CARTESIAN_POINT('',(-98.4000000000006,87.4999999999993,40.));
#11519=CARTESIAN_POINT('Origin',(-100.000000000001,87.4999999999992,40.));
#11520=CARTESIAN_POINT('',(-98.4000000000006,87.4999999999993,35.));
#11521=CARTESIAN_POINT('Origin',(-112.500000000001,87.4999999999992,35.));
#11522=CARTESIAN_POINT('',(-110.900000000001,87.4999999999993,40.));
#11523=CARTESIAN_POINT('Origin',(-112.500000000001,87.4999999999992,40.));
#11524=CARTESIAN_POINT('',(-110.900000000001,87.4999999999993,35.));
#11525=CARTESIAN_POINT('Origin',(-12.5000000000006,87.4999999999992,35.));
#11526=CARTESIAN_POINT('',(-10.9000000000006,87.4999999999992,40.));
#11527=CARTESIAN_POINT('Origin',(-12.5000000000006,87.4999999999992,40.));
#11528=CARTESIAN_POINT('',(-10.9000000000006,87.4999999999992,35.));
#11529=CARTESIAN_POINT('Origin',(-100.000000000001,74.9999999999992,35.));
#11530=CARTESIAN_POINT('',(-98.4000000000006,74.9999999999993,40.));
#11531=CARTESIAN_POINT('Origin',(-100.000000000001,74.9999999999992,40.));
#11532=CARTESIAN_POINT('',(-98.4000000000006,74.9999999999992,35.));
#11533=CARTESIAN_POINT('Origin',(-75.0000000000006,74.9999999999992,35.));
#11534=CARTESIAN_POINT('',(-73.4000000000006,74.9999999999992,40.));
#11535=CARTESIAN_POINT('Origin',(-75.0000000000006,74.9999999999992,40.));
#11536=CARTESIAN_POINT('',(-73.4000000000006,74.9999999999992,35.));
#11537=CARTESIAN_POINT('Origin',(-50.0000000000006,74.9999999999992,35.));
#11538=CARTESIAN_POINT('',(-48.4000000000006,74.9999999999992,40.));
#11539=CARTESIAN_POINT('Origin',(-50.0000000000006,74.9999999999992,40.));
#11540=CARTESIAN_POINT('',(-48.4000000000006,74.9999999999992,35.));
#11541=CARTESIAN_POINT('Origin',(-25.0000000000006,74.9999999999992,35.));
#11542=CARTESIAN_POINT('',(-23.4000000000006,74.9999999999992,40.));
#11543=CARTESIAN_POINT('Origin',(-25.0000000000006,74.9999999999992,40.));
#11544=CARTESIAN_POINT('',(-23.4000000000006,74.9999999999992,35.));
#11545=CARTESIAN_POINT('Origin',(-6.08402217494586E-13,74.9999999999992,
35.));
#11546=CARTESIAN_POINT('',(1.5999999999994,74.9999999999992,40.));
#11547=CARTESIAN_POINT('Origin',(-6.08402217494586E-13,74.9999999999992,
40.));
#11548=CARTESIAN_POINT('',(1.5999999999994,74.9999999999992,35.));
#11549=CARTESIAN_POINT('Origin',(-112.500000000001,62.4999999999992,35.));
#11550=CARTESIAN_POINT('',(-110.900000000001,62.4999999999993,40.));
#11551=CARTESIAN_POINT('Origin',(-112.500000000001,62.4999999999992,40.));
#11552=CARTESIAN_POINT('',(-110.900000000001,62.4999999999992,35.));
#11553=CARTESIAN_POINT('Origin',(-87.5000000000006,62.4999999999992,35.));
#11554=CARTESIAN_POINT('',(-85.9000000000006,62.4999999999992,40.));
#11555=CARTESIAN_POINT('Origin',(-87.5000000000006,62.4999999999992,40.));
#11556=CARTESIAN_POINT('',(-85.9000000000006,62.4999999999992,35.));
#11557=CARTESIAN_POINT('Origin',(-62.5000000000006,62.4999999999992,35.));
#11558=CARTESIAN_POINT('',(-60.9000000000006,62.4999999999992,40.));
#11559=CARTESIAN_POINT('Origin',(-62.5000000000006,62.4999999999992,40.));
#11560=CARTESIAN_POINT('',(-60.9000000000006,62.4999999999992,35.));
#11561=CARTESIAN_POINT('Origin',(-37.5000000000006,62.4999999999992,35.));
#11562=CARTESIAN_POINT('',(-35.9000000000006,62.4999999999992,40.));
#11563=CARTESIAN_POINT('Origin',(-37.5000000000006,62.4999999999992,40.));
#11564=CARTESIAN_POINT('',(-35.9000000000006,62.4999999999992,35.));
#11565=CARTESIAN_POINT('Origin',(-12.5000000000006,62.4999999999992,35.));
#11566=CARTESIAN_POINT('',(-10.9000000000006,62.4999999999992,40.));
#11567=CARTESIAN_POINT('Origin',(-12.5000000000006,62.4999999999992,40.));
#11568=CARTESIAN_POINT('',(-10.9000000000006,62.4999999999992,35.));
#11569=CARTESIAN_POINT('Origin',(-100.000000000001,49.9999999999992,35.));
#11570=CARTESIAN_POINT('',(-98.4000000000006,49.9999999999993,40.));
#11571=CARTESIAN_POINT('Origin',(-100.000000000001,49.9999999999992,40.));
#11572=CARTESIAN_POINT('',(-98.4000000000006,49.9999999999992,35.));
#11573=CARTESIAN_POINT('Origin',(-75.0000000000006,49.9999999999992,35.));
#11574=CARTESIAN_POINT('',(-73.4000000000006,49.9999999999992,40.));
#11575=CARTESIAN_POINT('Origin',(-75.0000000000006,49.9999999999992,40.));
#11576=CARTESIAN_POINT('',(-73.4000000000006,49.9999999999992,35.));
#11577=CARTESIAN_POINT('Origin',(-50.0000000000006,49.9999999999992,35.));
#11578=CARTESIAN_POINT('',(-48.4000000000006,49.9999999999992,40.));
#11579=CARTESIAN_POINT('Origin',(-50.0000000000006,49.9999999999992,40.));
#11580=CARTESIAN_POINT('',(-48.4000000000006,49.9999999999992,35.));
#11581=CARTESIAN_POINT('Origin',(-25.0000000000006,49.9999999999992,35.));
#11582=CARTESIAN_POINT('',(-23.4000000000006,49.9999999999992,40.));
#11583=CARTESIAN_POINT('Origin',(-25.0000000000006,49.9999999999992,40.));
#11584=CARTESIAN_POINT('',(-23.4000000000006,49.9999999999992,35.));
#11585=CARTESIAN_POINT('Origin',(-6.08402217494586E-13,49.9999999999992,
35.));
#11586=CARTESIAN_POINT('',(1.5999999999994,49.9999999999992,40.));
#11587=CARTESIAN_POINT('Origin',(-6.08402217494586E-13,49.9999999999992,
40.));
#11588=CARTESIAN_POINT('',(1.5999999999994,49.9999999999992,35.));
#11589=CARTESIAN_POINT('Origin',(-112.500000000001,37.4999999999992,35.));
#11590=CARTESIAN_POINT('',(-110.900000000001,37.4999999999993,40.));
#11591=CARTESIAN_POINT('Origin',(-112.500000000001,37.4999999999992,40.));
#11592=CARTESIAN_POINT('',(-110.900000000001,37.4999999999992,35.));
#11593=CARTESIAN_POINT('Origin',(-87.5000000000006,37.4999999999992,35.));
#11594=CARTESIAN_POINT('',(-85.9000000000006,37.4999999999992,40.));
#11595=CARTESIAN_POINT('Origin',(-87.5000000000006,37.4999999999992,40.));
#11596=CARTESIAN_POINT('',(-85.9000000000006,37.4999999999992,35.));
#11597=CARTESIAN_POINT('Origin',(-62.5000000000006,37.4999999999992,35.));
#11598=CARTESIAN_POINT('',(-60.9000000000006,37.4999999999992,40.));
#11599=CARTESIAN_POINT('Origin',(-62.5000000000006,37.4999999999992,40.));
#11600=CARTESIAN_POINT('',(-60.9000000000006,37.4999999999992,35.));
#11601=CARTESIAN_POINT('Origin',(-37.5000000000006,37.4999999999992,35.));
#11602=CARTESIAN_POINT('',(-35.9000000000006,37.4999999999992,40.));
#11603=CARTESIAN_POINT('Origin',(-37.5000000000006,37.4999999999992,40.));
#11604=CARTESIAN_POINT('',(-35.9000000000006,37.4999999999992,35.));
#11605=CARTESIAN_POINT('Origin',(-12.5000000000006,37.4999999999992,35.));
#11606=CARTESIAN_POINT('',(-10.9000000000006,37.4999999999992,40.));
#11607=CARTESIAN_POINT('Origin',(-12.5000000000006,37.4999999999992,40.));
#11608=CARTESIAN_POINT('',(-10.9000000000006,37.4999999999992,35.));
#11609=CARTESIAN_POINT('Origin',(-100.000000000001,24.9999999999992,35.));
#11610=CARTESIAN_POINT('',(-98.4000000000006,24.9999999999992,40.));
#11611=CARTESIAN_POINT('Origin',(-100.000000000001,24.9999999999992,40.));
#11612=CARTESIAN_POINT('',(-98.4000000000006,24.9999999999992,35.));
#11613=CARTESIAN_POINT('Origin',(-75.0000000000006,24.9999999999992,35.));
#11614=CARTESIAN_POINT('',(-73.4000000000006,24.9999999999992,40.));
#11615=CARTESIAN_POINT('Origin',(-75.0000000000006,24.9999999999992,40.));
#11616=CARTESIAN_POINT('',(-73.4000000000006,24.9999999999992,35.));
#11617=CARTESIAN_POINT('Origin',(-50.0000000000006,24.9999999999992,35.));
#11618=CARTESIAN_POINT('',(-48.4000000000006,24.9999999999992,40.));
#11619=CARTESIAN_POINT('Origin',(-50.0000000000006,24.9999999999992,40.));
#11620=CARTESIAN_POINT('',(-48.4000000000006,24.9999999999992,35.));
#11621=CARTESIAN_POINT('Origin',(-25.0000000000006,24.9999999999992,35.));
#11622=CARTESIAN_POINT('',(-23.4000000000006,24.9999999999992,40.));
#11623=CARTESIAN_POINT('Origin',(-25.0000000000006,24.9999999999992,40.));
#11624=CARTESIAN_POINT('',(-23.4000000000006,24.9999999999992,35.));
#11625=CARTESIAN_POINT('Origin',(-25.0000000000006,24.9999999999992,35.));
#11626=CARTESIAN_POINT('Origin',(-6.03961325396085E-13,24.9999999999992,
35.));
#11627=CARTESIAN_POINT('',(1.5999999999994,24.9999999999992,40.));
#11628=CARTESIAN_POINT('Origin',(-6.03961325396085E-13,24.9999999999992,
40.));
#11629=CARTESIAN_POINT('',(1.5999999999994,24.9999999999992,35.));
#11630=CARTESIAN_POINT('Origin',(-112.500000000001,12.4999999999992,35.));
#11631=CARTESIAN_POINT('',(-110.900000000001,12.4999999999993,40.));
#11632=CARTESIAN_POINT('Origin',(-112.500000000001,12.4999999999992,40.));
#11633=CARTESIAN_POINT('',(-110.900000000001,12.4999999999992,35.));
#11634=CARTESIAN_POINT('Origin',(-87.5000000000006,12.4999999999992,35.));
#11635=CARTESIAN_POINT('',(-85.9000000000006,12.4999999999992,40.));
#11636=CARTESIAN_POINT('Origin',(-87.5000000000006,12.4999999999992,40.));
#11637=CARTESIAN_POINT('',(-85.9000000000006,12.4999999999992,35.));
#11638=CARTESIAN_POINT('Origin',(-62.5000000000006,12.4999999999992,35.));
#11639=CARTESIAN_POINT('',(-60.9000000000006,12.4999999999992,40.));
#11640=CARTESIAN_POINT('Origin',(-62.5000000000006,12.4999999999992,40.));
#11641=CARTESIAN_POINT('',(-60.9000000000006,12.4999999999992,35.));
#11642=CARTESIAN_POINT('Origin',(-37.5000000000006,12.4999999999992,35.));
#11643=CARTESIAN_POINT('',(-35.9000000000006,12.4999999999992,40.));
#11644=CARTESIAN_POINT('Origin',(-37.5000000000006,12.4999999999992,40.));
#11645=CARTESIAN_POINT('',(-35.9000000000006,12.4999999999992,35.));
#11646=CARTESIAN_POINT('Origin',(-12.5000000000006,12.4999999999992,35.));
#11647=CARTESIAN_POINT('',(-10.9000000000006,12.4999999999992,40.));
#11648=CARTESIAN_POINT('Origin',(-12.5000000000006,12.4999999999992,40.));
#11649=CARTESIAN_POINT('',(-10.9000000000006,12.4999999999992,35.));
#11650=CARTESIAN_POINT('Origin',(12.4999999999994,12.4999999999992,35.));
#11651=CARTESIAN_POINT('',(14.0999999999994,12.4999999999992,40.));
#11652=CARTESIAN_POINT('Origin',(12.4999999999994,12.4999999999992,40.));
#11653=CARTESIAN_POINT('',(14.0999999999994,12.4999999999992,35.));
#11654=CARTESIAN_POINT('Origin',(12.4999999999993,-87.5000000000008,35.));
#11655=CARTESIAN_POINT('',(14.0999999999993,-87.5000000000008,40.));
#11656=CARTESIAN_POINT('Origin',(12.4999999999993,-87.5000000000008,40.));
#11657=CARTESIAN_POINT('',(14.0999999999993,-87.5000000000008,35.));
#11658=CARTESIAN_POINT('Origin',(12.4999999999993,-75.0000000000008,35.));
#11659=CARTESIAN_POINT('',(14.0999999999993,-75.0000000000008,40.));
#11660=CARTESIAN_POINT('Origin',(12.4999999999993,-75.0000000000008,40.));
#11661=CARTESIAN_POINT('',(14.0999999999993,-75.0000000000008,35.));
#11662=CARTESIAN_POINT('Origin',(12.4999999999993,-62.5000000000008,35.));
#11663=CARTESIAN_POINT('',(14.0999999999993,-62.5000000000008,40.));
#11664=CARTESIAN_POINT('Origin',(12.4999999999993,-62.5000000000008,40.));
#11665=CARTESIAN_POINT('',(14.0999999999993,-62.5000000000008,35.));
#11666=CARTESIAN_POINT('Origin',(12.4999999999994,-50.0000000000008,35.));
#11667=CARTESIAN_POINT('',(14.0999999999994,-50.0000000000008,40.));
#11668=CARTESIAN_POINT('Origin',(12.4999999999994,-50.0000000000008,40.));
#11669=CARTESIAN_POINT('',(14.0999999999994,-50.0000000000008,35.));
#11670=CARTESIAN_POINT('Origin',(12.4999999999994,-37.5000000000008,35.));
#11671=CARTESIAN_POINT('',(14.0999999999994,-37.5000000000008,40.));
#11672=CARTESIAN_POINT('Origin',(12.4999999999994,-37.5000000000008,40.));
#11673=CARTESIAN_POINT('',(14.0999999999994,-37.5000000000008,35.));
#11674=CARTESIAN_POINT('Origin',(12.4999999999994,-25.0000000000008,35.));
#11675=CARTESIAN_POINT('',(14.0999999999994,-25.0000000000008,40.));
#11676=CARTESIAN_POINT('Origin',(12.4999999999994,-25.0000000000008,40.));
#11677=CARTESIAN_POINT('',(14.0999999999994,-25.0000000000008,35.));
#11678=CARTESIAN_POINT('Origin',(12.4999999999994,-12.5000000000008,35.));
#11679=CARTESIAN_POINT('',(14.0999999999994,-12.5000000000008,40.));
#11680=CARTESIAN_POINT('Origin',(12.4999999999994,-12.5000000000008,40.));
#11681=CARTESIAN_POINT('',(14.0999999999994,-12.5000000000008,35.));
#11682=CARTESIAN_POINT('Origin',(112.499999999999,-87.5000000000009,35.));
#11683=CARTESIAN_POINT('',(114.099999999999,-87.5000000000008,40.));
#11684=CARTESIAN_POINT('Origin',(112.499999999999,-87.5000000000009,40.));
#11685=CARTESIAN_POINT('',(114.099999999999,-87.5000000000008,35.));
#11686=CARTESIAN_POINT('Origin',(87.4999999999993,-87.5000000000008,35.));
#11687=CARTESIAN_POINT('',(89.0999999999993,-87.5000000000008,40.));
#11688=CARTESIAN_POINT('Origin',(87.4999999999993,-87.5000000000008,40.));
#11689=CARTESIAN_POINT('',(89.0999999999993,-87.5000000000008,35.));
#11690=CARTESIAN_POINT('Origin',(62.4999999999993,-87.5000000000008,35.));
#11691=CARTESIAN_POINT('',(64.0999999999993,-87.5000000000008,40.));
#11692=CARTESIAN_POINT('Origin',(62.4999999999993,-87.5000000000008,40.));
#11693=CARTESIAN_POINT('',(64.0999999999993,-87.5000000000008,35.));
#11694=CARTESIAN_POINT('Origin',(37.4999999999993,-87.5000000000008,35.));
#11695=CARTESIAN_POINT('',(39.0999999999993,-87.5000000000008,40.));
#11696=CARTESIAN_POINT('Origin',(37.4999999999993,-87.5000000000008,40.));
#11697=CARTESIAN_POINT('',(39.0999999999993,-87.5000000000008,35.));
#11698=CARTESIAN_POINT('Origin',(99.9999999999993,-75.0000000000008,35.));
#11699=CARTESIAN_POINT('',(101.599999999999,-75.0000000000008,40.));
#11700=CARTESIAN_POINT('Origin',(99.9999999999993,-75.0000000000008,40.));
#11701=CARTESIAN_POINT('',(101.599999999999,-75.0000000000008,35.));
#11702=CARTESIAN_POINT('Origin',(74.9999999999993,-75.0000000000008,35.));
#11703=CARTESIAN_POINT('',(76.5999999999993,-75.0000000000008,40.));
#11704=CARTESIAN_POINT('Origin',(74.9999999999993,-75.0000000000008,40.));
#11705=CARTESIAN_POINT('',(76.5999999999993,-75.0000000000008,35.));
#11706=CARTESIAN_POINT('Origin',(49.9999999999993,-75.0000000000008,35.));
#11707=CARTESIAN_POINT('',(51.5999999999993,-75.0000000000008,40.));
#11708=CARTESIAN_POINT('Origin',(49.9999999999993,-75.0000000000008,40.));
#11709=CARTESIAN_POINT('',(51.5999999999993,-75.0000000000008,35.));
#11710=CARTESIAN_POINT('Origin',(24.9999999999993,-75.0000000000008,35.));
#11711=CARTESIAN_POINT('',(26.5999999999993,-75.0000000000008,40.));
#11712=CARTESIAN_POINT('Origin',(24.9999999999993,-75.0000000000008,40.));
#11713=CARTESIAN_POINT('',(26.5999999999993,-75.0000000000008,35.));
#11714=CARTESIAN_POINT('Origin',(112.499999999999,-62.5000000000008,35.));
#11715=CARTESIAN_POINT('',(114.099999999999,-62.5000000000008,40.));
#11716=CARTESIAN_POINT('Origin',(112.499999999999,-62.5000000000008,40.));
#11717=CARTESIAN_POINT('',(114.099999999999,-62.5000000000008,35.));
#11718=CARTESIAN_POINT('Origin',(87.4999999999994,-62.5000000000008,35.));
#11719=CARTESIAN_POINT('',(89.0999999999994,-62.5000000000008,40.));
#11720=CARTESIAN_POINT('Origin',(87.4999999999994,-62.5000000000008,40.));
#11721=CARTESIAN_POINT('',(89.0999999999994,-62.5000000000008,35.));
#11722=CARTESIAN_POINT('Origin',(62.4999999999994,-62.5000000000008,35.));
#11723=CARTESIAN_POINT('',(64.0999999999994,-62.5000000000008,40.));
#11724=CARTESIAN_POINT('Origin',(62.4999999999994,-62.5000000000008,40.));
#11725=CARTESIAN_POINT('',(64.0999999999994,-62.5000000000008,35.));
#11726=CARTESIAN_POINT('Origin',(37.4999999999993,-62.5000000000008,35.));
#11727=CARTESIAN_POINT('',(39.0999999999993,-62.5000000000008,40.));
#11728=CARTESIAN_POINT('Origin',(37.4999999999993,-62.5000000000008,40.));
#11729=CARTESIAN_POINT('',(39.0999999999993,-62.5000000000008,35.));
#11730=CARTESIAN_POINT('Origin',(99.9999999999994,-50.0000000000008,35.));
#11731=CARTESIAN_POINT('',(101.599999999999,-50.0000000000008,40.));
#11732=CARTESIAN_POINT('Origin',(99.9999999999994,-50.0000000000008,40.));
#11733=CARTESIAN_POINT('',(101.599999999999,-50.0000000000008,35.));
#11734=CARTESIAN_POINT('Origin',(74.9999999999993,-50.0000000000008,35.));
#11735=CARTESIAN_POINT('',(76.5999999999994,-50.0000000000008,40.));
#11736=CARTESIAN_POINT('Origin',(74.9999999999993,-50.0000000000008,40.));
#11737=CARTESIAN_POINT('',(76.5999999999994,-50.0000000000008,35.));
#11738=CARTESIAN_POINT('Origin',(49.9999999999994,-50.0000000000008,35.));
#11739=CARTESIAN_POINT('',(51.5999999999994,-50.0000000000008,40.));
#11740=CARTESIAN_POINT('Origin',(49.9999999999994,-50.0000000000008,40.));
#11741=CARTESIAN_POINT('',(51.5999999999994,-50.0000000000008,35.));
#11742=CARTESIAN_POINT('Origin',(24.9999999999994,-50.0000000000008,35.));
#11743=CARTESIAN_POINT('',(26.5999999999994,-50.0000000000008,40.));
#11744=CARTESIAN_POINT('Origin',(24.9999999999994,-50.0000000000008,40.));
#11745=CARTESIAN_POINT('',(26.5999999999994,-50.0000000000008,35.));
#11746=CARTESIAN_POINT('Origin',(112.499999999999,-37.5000000000008,35.));
#11747=CARTESIAN_POINT('',(114.099999999999,-37.5000000000008,40.));
#11748=CARTESIAN_POINT('Origin',(112.499999999999,-37.5000000000008,40.));
#11749=CARTESIAN_POINT('',(114.099999999999,-37.5000000000008,35.));
#11750=CARTESIAN_POINT('Origin',(87.4999999999994,-37.5000000000008,35.));
#11751=CARTESIAN_POINT('',(89.0999999999994,-37.5000000000008,40.));
#11752=CARTESIAN_POINT('Origin',(87.4999999999994,-37.5000000000008,40.));
#11753=CARTESIAN_POINT('',(89.0999999999994,-37.5000000000008,35.));
#11754=CARTESIAN_POINT('Origin',(62.4999999999994,-37.5000000000008,35.));
#11755=CARTESIAN_POINT('',(64.0999999999994,-37.5000000000008,40.));
#11756=CARTESIAN_POINT('Origin',(62.4999999999994,-37.5000000000008,40.));
#11757=CARTESIAN_POINT('',(64.0999999999994,-37.5000000000008,35.));
#11758=CARTESIAN_POINT('Origin',(37.4999999999994,-37.5000000000008,35.));
#11759=CARTESIAN_POINT('',(39.0999999999994,-37.5000000000008,40.));
#11760=CARTESIAN_POINT('Origin',(37.4999999999994,-37.5000000000008,40.));
#11761=CARTESIAN_POINT('',(39.0999999999994,-37.5000000000008,35.));
#11762=CARTESIAN_POINT('Origin',(99.9999999999994,-25.0000000000008,35.));
#11763=CARTESIAN_POINT('',(101.599999999999,-25.0000000000008,40.));
#11764=CARTESIAN_POINT('Origin',(99.9999999999994,-25.0000000000008,40.));
#11765=CARTESIAN_POINT('',(101.599999999999,-25.0000000000008,35.));
#11766=CARTESIAN_POINT('Origin',(74.9999999999993,-25.0000000000008,35.));
#11767=CARTESIAN_POINT('',(76.5999999999994,-25.0000000000008,40.));
#11768=CARTESIAN_POINT('Origin',(74.9999999999993,-25.0000000000008,40.));
#11769=CARTESIAN_POINT('',(76.5999999999994,-25.0000000000008,35.));
#11770=CARTESIAN_POINT('Origin',(49.9999999999994,-25.0000000000008,35.));
#11771=CARTESIAN_POINT('',(51.5999999999994,-25.0000000000008,40.));
#11772=CARTESIAN_POINT('Origin',(49.9999999999994,-25.0000000000008,40.));
#11773=CARTESIAN_POINT('',(51.5999999999994,-25.0000000000008,35.));
#11774=CARTESIAN_POINT('Origin',(24.9999999999994,-25.0000000000008,35.));
#11775=CARTESIAN_POINT('',(26.5999999999994,-25.0000000000008,40.));
#11776=CARTESIAN_POINT('Origin',(24.9999999999994,-25.0000000000008,40.));
#11777=CARTESIAN_POINT('',(26.5999999999994,-25.0000000000008,35.));
#11778=CARTESIAN_POINT('Origin',(112.499999999999,-12.5000000000008,35.));
#11779=CARTESIAN_POINT('',(114.099999999999,-12.5000000000008,40.));
#11780=CARTESIAN_POINT('Origin',(112.499999999999,-12.5000000000008,40.));
#11781=CARTESIAN_POINT('',(114.099999999999,-12.5000000000008,35.));
#11782=CARTESIAN_POINT('Origin',(99.9999999999994,-12.5000000000008,35.));
#11783=CARTESIAN_POINT('',(101.599999999999,-12.5000000000008,40.));
#11784=CARTESIAN_POINT('Origin',(99.9999999999994,-12.5000000000008,40.));
#11785=CARTESIAN_POINT('',(101.599999999999,-12.5000000000008,35.));
#11786=CARTESIAN_POINT('Origin',(87.4999999999994,-12.5000000000008,35.));
#11787=CARTESIAN_POINT('',(89.0999999999994,-12.5000000000008,40.));
#11788=CARTESIAN_POINT('Origin',(87.4999999999994,-12.5000000000008,40.));
#11789=CARTESIAN_POINT('',(89.0999999999994,-12.5000000000008,35.));
#11790=CARTESIAN_POINT('Origin',(74.9999999999994,-12.5000000000008,35.));
#11791=CARTESIAN_POINT('',(76.5999999999994,-12.5000000000008,40.));
#11792=CARTESIAN_POINT('Origin',(74.9999999999994,-12.5000000000008,40.));
#11793=CARTESIAN_POINT('',(76.5999999999994,-12.5000000000008,35.));
#11794=CARTESIAN_POINT('Origin',(62.4999999999994,-12.5000000000008,35.));
#11795=CARTESIAN_POINT('',(64.0999999999994,-12.5000000000008,40.));
#11796=CARTESIAN_POINT('Origin',(62.4999999999994,-12.5000000000008,40.));
#11797=CARTESIAN_POINT('',(64.0999999999994,-12.5000000000008,35.));
#11798=CARTESIAN_POINT('Origin',(49.9999999999994,-12.5000000000008,35.));
#11799=CARTESIAN_POINT('',(51.5999999999994,-12.5000000000008,40.));
#11800=CARTESIAN_POINT('Origin',(49.9999999999994,-12.5000000000008,40.));
#11801=CARTESIAN_POINT('',(51.5999999999994,-12.5000000000008,35.));
#11802=CARTESIAN_POINT('Origin',(37.4999999999994,-12.5000000000008,35.));
#11803=CARTESIAN_POINT('',(39.0999999999994,-12.5000000000008,40.));
#11804=CARTESIAN_POINT('Origin',(37.4999999999994,-12.5000000000008,40.));
#11805=CARTESIAN_POINT('',(39.0999999999994,-12.5000000000008,35.));
#11806=CARTESIAN_POINT('Origin',(24.9999999999994,-12.5000000000008,35.));
#11807=CARTESIAN_POINT('',(26.5999999999994,-12.5000000000008,40.));
#11808=CARTESIAN_POINT('Origin',(24.9999999999994,-12.5000000000008,40.));
#11809=CARTESIAN_POINT('',(26.5999999999994,-12.5000000000008,35.));
#11810=CARTESIAN_POINT('',(26.5999999999994,-12.5000000000008,35.));
#11811=CARTESIAN_POINT('Origin',(24.9999999999994,-12.5000000000008,35.));
#11812=CARTESIAN_POINT('Origin',(24.9999999999994,-12.5000000000008,35.));
#11813=CARTESIAN_POINT('Origin',(37.4999999999994,-25.0000000000008,35.));
#11814=CARTESIAN_POINT('',(39.0999999999994,-25.0000000000008,40.));
#11815=CARTESIAN_POINT('Origin',(37.4999999999994,-25.0000000000008,40.));
#11816=CARTESIAN_POINT('',(39.0999999999994,-25.0000000000008,35.));
#11817=CARTESIAN_POINT('Origin',(62.4999999999994,-25.0000000000008,35.));
#11818=CARTESIAN_POINT('',(64.0999999999994,-25.0000000000008,40.));
#11819=CARTESIAN_POINT('Origin',(62.4999999999994,-25.0000000000008,40.));
#11820=CARTESIAN_POINT('',(64.0999999999994,-25.0000000000008,35.));
#11821=CARTESIAN_POINT('Origin',(87.4999999999994,-25.0000000000008,35.));
#11822=CARTESIAN_POINT('',(89.0999999999994,-25.0000000000008,40.));
#11823=CARTESIAN_POINT('Origin',(87.4999999999994,-25.0000000000008,40.));
#11824=CARTESIAN_POINT('',(89.0999999999994,-25.0000000000008,35.));
#11825=CARTESIAN_POINT('Origin',(112.499999999999,-25.0000000000008,35.));
#11826=CARTESIAN_POINT('',(114.099999999999,-25.0000000000008,40.));
#11827=CARTESIAN_POINT('Origin',(112.499999999999,-25.0000000000008,40.));
#11828=CARTESIAN_POINT('',(114.099999999999,-25.0000000000008,35.));
#11829=CARTESIAN_POINT('Origin',(24.9999999999994,-37.5000000000008,35.));
#11830=CARTESIAN_POINT('',(26.5999999999994,-37.5000000000008,40.));
#11831=CARTESIAN_POINT('Origin',(24.9999999999994,-37.5000000000008,40.));
#11832=CARTESIAN_POINT('',(26.5999999999994,-37.5000000000008,35.));
#11833=CARTESIAN_POINT('Origin',(49.9999999999994,-37.5000000000008,35.));
#11834=CARTESIAN_POINT('',(51.5999999999994,-37.5000000000008,40.));
#11835=CARTESIAN_POINT('Origin',(49.9999999999994,-37.5000000000008,40.));
#11836=CARTESIAN_POINT('',(51.5999999999994,-37.5000000000008,35.));
#11837=CARTESIAN_POINT('Origin',(74.9999999999993,-37.5000000000008,35.));
#11838=CARTESIAN_POINT('',(76.5999999999994,-37.5000000000008,40.));
#11839=CARTESIAN_POINT('Origin',(74.9999999999993,-37.5000000000008,40.));
#11840=CARTESIAN_POINT('',(76.5999999999994,-37.5000000000008,35.));
#11841=CARTESIAN_POINT('Origin',(99.9999999999994,-37.5000000000008,35.));
#11842=CARTESIAN_POINT('',(101.599999999999,-37.5000000000008,40.));
#11843=CARTESIAN_POINT('Origin',(99.9999999999994,-37.5000000000008,40.));
#11844=CARTESIAN_POINT('',(101.599999999999,-37.5000000000008,35.));
#11845=CARTESIAN_POINT('Origin',(37.4999999999994,-50.0000000000008,35.));
#11846=CARTESIAN_POINT('',(39.0999999999994,-50.0000000000008,40.));
#11847=CARTESIAN_POINT('Origin',(37.4999999999994,-50.0000000000008,40.));
#11848=CARTESIAN_POINT('',(39.0999999999994,-50.0000000000008,35.));
#11849=CARTESIAN_POINT('Origin',(62.4999999999994,-50.0000000000008,35.));
#11850=CARTESIAN_POINT('',(64.0999999999994,-50.0000000000008,40.));
#11851=CARTESIAN_POINT('Origin',(62.4999999999994,-50.0000000000008,40.));
#11852=CARTESIAN_POINT('',(64.0999999999994,-50.0000000000008,35.));
#11853=CARTESIAN_POINT('Origin',(87.4999999999994,-50.0000000000008,35.));
#11854=CARTESIAN_POINT('',(89.0999999999994,-50.0000000000008,40.));
#11855=CARTESIAN_POINT('Origin',(87.4999999999994,-50.0000000000008,40.));
#11856=CARTESIAN_POINT('',(89.0999999999994,-50.0000000000008,35.));
#11857=CARTESIAN_POINT('Origin',(112.499999999999,-50.0000000000008,35.));
#11858=CARTESIAN_POINT('',(114.099999999999,-50.0000000000008,40.));
#11859=CARTESIAN_POINT('Origin',(112.499999999999,-50.0000000000008,40.));
#11860=CARTESIAN_POINT('',(114.099999999999,-50.0000000000008,35.));
#11861=CARTESIAN_POINT('Origin',(24.9999999999993,-62.5000000000008,35.));
#11862=CARTESIAN_POINT('',(26.5999999999993,-62.5000000000008,40.));
#11863=CARTESIAN_POINT('Origin',(24.9999999999993,-62.5000000000008,40.));
#11864=CARTESIAN_POINT('',(26.5999999999993,-62.5000000000008,35.));
#11865=CARTESIAN_POINT('Origin',(49.9999999999994,-62.5000000000008,35.));
#11866=CARTESIAN_POINT('',(51.5999999999994,-62.5000000000008,40.));
#11867=CARTESIAN_POINT('Origin',(49.9999999999994,-62.5000000000008,40.));
#11868=CARTESIAN_POINT('',(51.5999999999994,-62.5000000000008,35.));
#11869=CARTESIAN_POINT('Origin',(74.9999999999993,-62.5000000000008,35.));
#11870=CARTESIAN_POINT('',(76.5999999999994,-62.5000000000008,40.));
#11871=CARTESIAN_POINT('Origin',(74.9999999999993,-62.5000000000008,40.));
#11872=CARTESIAN_POINT('',(76.5999999999994,-62.5000000000008,35.));
#11873=CARTESIAN_POINT('Origin',(99.9999999999994,-62.5000000000008,35.));
#11874=CARTESIAN_POINT('',(101.599999999999,-62.5000000000008,40.));
#11875=CARTESIAN_POINT('Origin',(99.9999999999994,-62.5000000000008,40.));
#11876=CARTESIAN_POINT('',(101.599999999999,-62.5000000000008,35.));
#11877=CARTESIAN_POINT('Origin',(37.4999999999993,-75.0000000000008,35.));
#11878=CARTESIAN_POINT('',(39.0999999999993,-75.0000000000008,40.));
#11879=CARTESIAN_POINT('Origin',(37.4999999999993,-75.0000000000008,40.));
#11880=CARTESIAN_POINT('',(39.0999999999993,-75.0000000000008,35.));
#11881=CARTESIAN_POINT('Origin',(62.4999999999993,-75.0000000000008,35.));
#11882=CARTESIAN_POINT('',(64.0999999999993,-75.0000000000008,40.));
#11883=CARTESIAN_POINT('Origin',(62.4999999999993,-75.0000000000008,40.));
#11884=CARTESIAN_POINT('',(64.0999999999993,-75.0000000000008,35.));
#11885=CARTESIAN_POINT('Origin',(87.4999999999993,-75.0000000000008,35.));
#11886=CARTESIAN_POINT('',(89.0999999999993,-75.0000000000008,40.));
#11887=CARTESIAN_POINT('Origin',(87.4999999999993,-75.0000000000008,40.));
#11888=CARTESIAN_POINT('',(89.0999999999993,-75.0000000000008,35.));
#11889=CARTESIAN_POINT('Origin',(112.499999999999,-75.0000000000008,35.));
#11890=CARTESIAN_POINT('',(114.099999999999,-75.0000000000008,40.));
#11891=CARTESIAN_POINT('Origin',(112.499999999999,-75.0000000000008,40.));
#11892=CARTESIAN_POINT('',(114.099999999999,-75.0000000000008,35.));
#11893=CARTESIAN_POINT('Origin',(24.9999999999993,-87.5000000000008,35.));
#11894=CARTESIAN_POINT('',(26.5999999999993,-87.5000000000008,40.));
#11895=CARTESIAN_POINT('Origin',(24.9999999999993,-87.5000000000008,40.));
#11896=CARTESIAN_POINT('',(26.5999999999993,-87.5000000000008,35.));
#11897=CARTESIAN_POINT('Origin',(49.9999999999993,-87.5000000000008,35.));
#11898=CARTESIAN_POINT('',(51.5999999999993,-87.5000000000008,40.));
#11899=CARTESIAN_POINT('Origin',(49.9999999999993,-87.5000000000008,40.));
#11900=CARTESIAN_POINT('',(51.5999999999993,-87.5000000000008,35.));
#11901=CARTESIAN_POINT('Origin',(74.9999999999993,-87.5000000000008,35.));
#11902=CARTESIAN_POINT('',(76.5999999999993,-87.5000000000008,40.));
#11903=CARTESIAN_POINT('Origin',(74.9999999999993,-87.5000000000008,40.));
#11904=CARTESIAN_POINT('',(76.5999999999993,-87.5000000000008,35.));
#11905=CARTESIAN_POINT('Origin',(99.9999999999993,-87.5000000000008,35.));
#11906=CARTESIAN_POINT('',(101.599999999999,-87.5000000000008,40.));
#11907=CARTESIAN_POINT('Origin',(99.9999999999993,-87.5000000000008,40.));
#11908=CARTESIAN_POINT('',(101.599999999999,-87.5000000000008,35.));
#11909=CARTESIAN_POINT('Origin',(112.499999999999,12.4999999999992,35.));
#11910=CARTESIAN_POINT('',(114.099999999999,12.4999999999992,40.));
#11911=CARTESIAN_POINT('Origin',(112.499999999999,12.4999999999992,40.));
#11912=CARTESIAN_POINT('',(114.099999999999,12.4999999999992,35.));
#11913=CARTESIAN_POINT('Origin',(87.4999999999994,12.4999999999992,35.));
#11914=CARTESIAN_POINT('',(89.0999999999994,12.4999999999992,40.));
#11915=CARTESIAN_POINT('Origin',(87.4999999999994,12.4999999999992,40.));
#11916=CARTESIAN_POINT('',(89.0999999999994,12.4999999999992,35.));
#11917=CARTESIAN_POINT('Origin',(62.4999999999994,12.4999999999992,35.));
#11918=CARTESIAN_POINT('',(64.0999999999994,12.4999999999992,40.));
#11919=CARTESIAN_POINT('Origin',(62.4999999999994,12.4999999999992,40.));
#11920=CARTESIAN_POINT('',(64.0999999999994,12.4999999999992,35.));
#11921=CARTESIAN_POINT('Origin',(37.4999999999994,12.4999999999992,35.));
#11922=CARTESIAN_POINT('',(39.0999999999994,12.4999999999992,40.));
#11923=CARTESIAN_POINT('Origin',(37.4999999999994,12.4999999999992,40.));
#11924=CARTESIAN_POINT('',(39.0999999999994,12.4999999999992,35.));
#11925=CARTESIAN_POINT('Origin',(99.9999999999994,24.9999999999992,35.));
#11926=CARTESIAN_POINT('',(101.599999999999,24.9999999999992,40.));
#11927=CARTESIAN_POINT('Origin',(99.9999999999994,24.9999999999992,40.));
#11928=CARTESIAN_POINT('',(101.599999999999,24.9999999999992,35.));
#11929=CARTESIAN_POINT('Origin',(74.9999999999994,24.9999999999992,35.));
#11930=CARTESIAN_POINT('',(76.5999999999994,24.9999999999992,40.));
#11931=CARTESIAN_POINT('Origin',(74.9999999999994,24.9999999999992,40.));
#11932=CARTESIAN_POINT('',(76.5999999999994,24.9999999999992,35.));
#11933=CARTESIAN_POINT('Origin',(49.9999999999994,24.9999999999992,35.));
#11934=CARTESIAN_POINT('',(51.5999999999994,24.9999999999992,40.));
#11935=CARTESIAN_POINT('Origin',(49.9999999999994,24.9999999999992,40.));
#11936=CARTESIAN_POINT('',(51.5999999999994,24.9999999999992,35.));
#11937=CARTESIAN_POINT('Origin',(24.9999999999994,24.9999999999992,35.));
#11938=CARTESIAN_POINT('',(26.5999999999994,24.9999999999992,40.));
#11939=CARTESIAN_POINT('Origin',(24.9999999999994,24.9999999999992,40.));
#11940=CARTESIAN_POINT('',(26.5999999999994,24.9999999999992,35.));
#11941=CARTESIAN_POINT('',(26.5999999999994,24.9999999999992,35.));
#11942=CARTESIAN_POINT('Origin',(24.9999999999994,24.9999999999992,35.));
#11943=CARTESIAN_POINT('Origin',(24.9999999999994,24.9999999999992,35.));
#11944=CARTESIAN_POINT('Origin',(112.499999999999,37.4999999999992,35.));
#11945=CARTESIAN_POINT('',(114.099999999999,37.4999999999992,40.));
#11946=CARTESIAN_POINT('Origin',(112.499999999999,37.4999999999992,40.));
#11947=CARTESIAN_POINT('',(114.099999999999,37.4999999999992,35.));
#11948=CARTESIAN_POINT('Origin',(87.4999999999994,37.4999999999992,35.));
#11949=CARTESIAN_POINT('',(89.0999999999994,37.4999999999992,40.));
#11950=CARTESIAN_POINT('Origin',(87.4999999999994,37.4999999999992,40.));
#11951=CARTESIAN_POINT('',(89.0999999999994,37.4999999999992,35.));
#11952=CARTESIAN_POINT('Origin',(62.4999999999994,37.4999999999992,35.));
#11953=CARTESIAN_POINT('',(64.0999999999994,37.4999999999992,40.));
#11954=CARTESIAN_POINT('Origin',(62.4999999999994,37.4999999999992,40.));
#11955=CARTESIAN_POINT('',(64.0999999999994,37.4999999999992,35.));
#11956=CARTESIAN_POINT('Origin',(37.4999999999994,37.4999999999992,35.));
#11957=CARTESIAN_POINT('',(39.0999999999994,37.4999999999992,40.));
#11958=CARTESIAN_POINT('Origin',(37.4999999999994,37.4999999999992,40.));
#11959=CARTESIAN_POINT('',(39.0999999999994,37.4999999999992,35.));
#11960=CARTESIAN_POINT('Origin',(99.9999999999994,49.9999999999992,35.));
#11961=CARTESIAN_POINT('',(101.599999999999,49.9999999999992,40.));
#11962=CARTESIAN_POINT('Origin',(99.9999999999994,49.9999999999992,40.));
#11963=CARTESIAN_POINT('',(101.599999999999,49.9999999999992,35.));
#11964=CARTESIAN_POINT('Origin',(74.9999999999994,49.9999999999992,35.));
#11965=CARTESIAN_POINT('',(76.5999999999994,49.9999999999992,40.));
#11966=CARTESIAN_POINT('Origin',(74.9999999999994,49.9999999999992,40.));
#11967=CARTESIAN_POINT('',(76.5999999999994,49.9999999999992,35.));
#11968=CARTESIAN_POINT('Origin',(49.9999999999994,49.9999999999992,35.));
#11969=CARTESIAN_POINT('',(51.5999999999994,49.9999999999992,40.));
#11970=CARTESIAN_POINT('Origin',(49.9999999999994,49.9999999999992,40.));
#11971=CARTESIAN_POINT('',(51.5999999999994,49.9999999999992,35.));
#11972=CARTESIAN_POINT('Origin',(24.9999999999994,49.9999999999992,35.));
#11973=CARTESIAN_POINT('',(26.5999999999994,49.9999999999992,40.));
#11974=CARTESIAN_POINT('Origin',(24.9999999999994,49.9999999999992,40.));
#11975=CARTESIAN_POINT('',(26.5999999999994,49.9999999999992,35.));
#11976=CARTESIAN_POINT('Origin',(112.499999999999,62.4999999999992,35.));
#11977=CARTESIAN_POINT('',(114.099999999999,62.4999999999992,40.));
#11978=CARTESIAN_POINT('Origin',(112.499999999999,62.4999999999992,40.));
#11979=CARTESIAN_POINT('',(114.099999999999,62.4999999999992,35.));
#11980=CARTESIAN_POINT('Origin',(87.4999999999994,62.4999999999992,35.));
#11981=CARTESIAN_POINT('',(89.0999999999994,62.4999999999992,40.));
#11982=CARTESIAN_POINT('Origin',(87.4999999999994,62.4999999999992,40.));
#11983=CARTESIAN_POINT('',(89.0999999999994,62.4999999999992,35.));
#11984=CARTESIAN_POINT('Origin',(62.4999999999994,62.4999999999992,35.));
#11985=CARTESIAN_POINT('',(64.0999999999994,62.4999999999992,40.));
#11986=CARTESIAN_POINT('Origin',(62.4999999999994,62.4999999999992,40.));
#11987=CARTESIAN_POINT('',(64.0999999999994,62.4999999999992,35.));
#11988=CARTESIAN_POINT('Origin',(37.4999999999994,62.4999999999992,35.));
#11989=CARTESIAN_POINT('',(39.0999999999994,62.4999999999992,40.));
#11990=CARTESIAN_POINT('Origin',(37.4999999999994,62.4999999999992,40.));
#11991=CARTESIAN_POINT('',(39.0999999999994,62.4999999999992,35.));
#11992=CARTESIAN_POINT('Origin',(99.9999999999994,74.9999999999992,35.));
#11993=CARTESIAN_POINT('',(101.599999999999,74.9999999999992,40.));
#11994=CARTESIAN_POINT('Origin',(99.9999999999994,74.9999999999992,40.));
#11995=CARTESIAN_POINT('',(101.599999999999,74.9999999999992,35.));
#11996=CARTESIAN_POINT('Origin',(74.9999999999994,74.9999999999992,35.));
#11997=CARTESIAN_POINT('',(76.5999999999994,74.9999999999992,40.));
#11998=CARTESIAN_POINT('Origin',(74.9999999999994,74.9999999999992,40.));
#11999=CARTESIAN_POINT('',(76.5999999999994,74.9999999999992,35.));
#12000=CARTESIAN_POINT('Origin',(49.9999999999994,74.9999999999992,35.));
#12001=CARTESIAN_POINT('',(51.5999999999994,74.9999999999992,40.));
#12002=CARTESIAN_POINT('Origin',(49.9999999999994,74.9999999999992,40.));
#12003=CARTESIAN_POINT('',(51.5999999999994,74.9999999999992,35.));
#12004=CARTESIAN_POINT('Origin',(24.9999999999994,74.9999999999992,35.));
#12005=CARTESIAN_POINT('',(26.5999999999994,74.9999999999992,40.));
#12006=CARTESIAN_POINT('Origin',(24.9999999999994,74.9999999999992,40.));
#12007=CARTESIAN_POINT('',(26.5999999999994,74.9999999999992,35.));
#12008=CARTESIAN_POINT('Origin',(112.499999999999,87.4999999999992,35.));
#12009=CARTESIAN_POINT('',(114.099999999999,87.4999999999992,40.));
#12010=CARTESIAN_POINT('Origin',(112.499999999999,87.4999999999992,40.));
#12011=CARTESIAN_POINT('',(114.099999999999,87.4999999999992,35.));
#12012=CARTESIAN_POINT('Origin',(99.9999999999994,87.4999999999992,35.));
#12013=CARTESIAN_POINT('',(101.599999999999,87.4999999999992,40.));
#12014=CARTESIAN_POINT('Origin',(99.9999999999994,87.4999999999992,40.));
#12015=CARTESIAN_POINT('',(101.599999999999,87.4999999999992,35.));
#12016=CARTESIAN_POINT('Origin',(87.4999999999994,87.4999999999992,35.));
#12017=CARTESIAN_POINT('',(89.0999999999994,87.4999999999992,40.));
#12018=CARTESIAN_POINT('Origin',(87.4999999999994,87.4999999999992,40.));
#12019=CARTESIAN_POINT('',(89.0999999999994,87.4999999999992,35.));
#12020=CARTESIAN_POINT('Origin',(74.9999999999994,87.4999999999992,35.));
#12021=CARTESIAN_POINT('',(76.5999999999994,87.4999999999992,40.));
#12022=CARTESIAN_POINT('Origin',(74.9999999999994,87.4999999999992,40.));
#12023=CARTESIAN_POINT('',(76.5999999999994,87.4999999999992,35.));
#12024=CARTESIAN_POINT('Origin',(62.4999999999994,87.4999999999992,35.));
#12025=CARTESIAN_POINT('',(64.0999999999994,87.4999999999992,40.));
#12026=CARTESIAN_POINT('Origin',(62.4999999999994,87.4999999999992,40.));
#12027=CARTESIAN_POINT('',(64.0999999999994,87.4999999999992,35.));
#12028=CARTESIAN_POINT('Origin',(49.9999999999994,87.4999999999992,35.));
#12029=CARTESIAN_POINT('',(51.5999999999994,87.4999999999992,40.));
#12030=CARTESIAN_POINT('Origin',(49.9999999999994,87.4999999999992,40.));
#12031=CARTESIAN_POINT('',(51.5999999999994,87.4999999999992,35.));
#12032=CARTESIAN_POINT('Origin',(37.4999999999994,87.4999999999992,35.));
#12033=CARTESIAN_POINT('',(39.0999999999994,87.4999999999992,40.));
#12034=CARTESIAN_POINT('Origin',(37.4999999999994,87.4999999999992,40.));
#12035=CARTESIAN_POINT('',(39.0999999999994,87.4999999999992,35.));
#12036=CARTESIAN_POINT('Origin',(24.9999999999994,87.4999999999992,35.));
#12037=CARTESIAN_POINT('',(26.5999999999994,87.4999999999992,40.));
#12038=CARTESIAN_POINT('Origin',(24.9999999999994,87.4999999999992,40.));
#12039=CARTESIAN_POINT('',(26.5999999999994,87.4999999999992,35.));
#12040=CARTESIAN_POINT('Origin',(37.4999999999994,74.9999999999992,35.));
#12041=CARTESIAN_POINT('',(39.0999999999994,74.9999999999992,40.));
#12042=CARTESIAN_POINT('Origin',(37.4999999999994,74.9999999999992,40.));
#12043=CARTESIAN_POINT('',(39.0999999999994,74.9999999999992,35.));
#12044=CARTESIAN_POINT('Origin',(62.4999999999994,74.9999999999992,35.));
#12045=CARTESIAN_POINT('',(64.0999999999994,74.9999999999992,40.));
#12046=CARTESIAN_POINT('Origin',(62.4999999999994,74.9999999999992,40.));
#12047=CARTESIAN_POINT('',(64.0999999999994,74.9999999999992,35.));
#12048=CARTESIAN_POINT('Origin',(87.4999999999994,74.9999999999992,35.));
#12049=CARTESIAN_POINT('',(89.0999999999994,74.9999999999992,40.));
#12050=CARTESIAN_POINT('Origin',(87.4999999999994,74.9999999999992,40.));
#12051=CARTESIAN_POINT('',(89.0999999999994,74.9999999999992,35.));
#12052=CARTESIAN_POINT('Origin',(112.499999999999,74.9999999999992,35.));
#12053=CARTESIAN_POINT('',(114.099999999999,74.9999999999992,40.));
#12054=CARTESIAN_POINT('Origin',(112.499999999999,74.9999999999992,40.));
#12055=CARTESIAN_POINT('',(114.099999999999,74.9999999999992,35.));
#12056=CARTESIAN_POINT('Origin',(24.9999999999994,62.4999999999992,35.));
#12057=CARTESIAN_POINT('',(26.5999999999994,62.4999999999992,40.));
#12058=CARTESIAN_POINT('Origin',(24.9999999999994,62.4999999999992,40.));
#12059=CARTESIAN_POINT('',(26.5999999999994,62.4999999999992,35.));
#12060=CARTESIAN_POINT('Origin',(49.9999999999994,62.4999999999992,35.));
#12061=CARTESIAN_POINT('',(51.5999999999994,62.4999999999992,40.));
#12062=CARTESIAN_POINT('Origin',(49.9999999999994,62.4999999999992,40.));
#12063=CARTESIAN_POINT('',(51.5999999999994,62.4999999999992,35.));
#12064=CARTESIAN_POINT('Origin',(74.9999999999994,62.4999999999992,35.));
#12065=CARTESIAN_POINT('',(76.5999999999994,62.4999999999992,40.));
#12066=CARTESIAN_POINT('Origin',(74.9999999999994,62.4999999999992,40.));
#12067=CARTESIAN_POINT('',(76.5999999999994,62.4999999999992,35.));
#12068=CARTESIAN_POINT('Origin',(99.9999999999994,62.4999999999992,35.));
#12069=CARTESIAN_POINT('',(101.599999999999,62.4999999999992,40.));
#12070=CARTESIAN_POINT('Origin',(99.9999999999994,62.4999999999992,40.));
#12071=CARTESIAN_POINT('',(101.599999999999,62.4999999999992,35.));
#12072=CARTESIAN_POINT('Origin',(37.4999999999994,49.9999999999992,35.));
#12073=CARTESIAN_POINT('',(39.0999999999994,49.9999999999992,40.));
#12074=CARTESIAN_POINT('Origin',(37.4999999999994,49.9999999999992,40.));
#12075=CARTESIAN_POINT('',(39.0999999999994,49.9999999999992,35.));
#12076=CARTESIAN_POINT('Origin',(62.4999999999994,49.9999999999992,35.));
#12077=CARTESIAN_POINT('',(64.0999999999994,49.9999999999992,40.));
#12078=CARTESIAN_POINT('Origin',(62.4999999999994,49.9999999999992,40.));
#12079=CARTESIAN_POINT('',(64.0999999999994,49.9999999999992,35.));
#12080=CARTESIAN_POINT('Origin',(87.4999999999994,49.9999999999992,35.));
#12081=CARTESIAN_POINT('',(89.0999999999994,49.9999999999992,40.));
#12082=CARTESIAN_POINT('Origin',(87.4999999999994,49.9999999999992,40.));
#12083=CARTESIAN_POINT('',(89.0999999999994,49.9999999999992,35.));
#12084=CARTESIAN_POINT('Origin',(112.499999999999,49.9999999999992,35.));
#12085=CARTESIAN_POINT('',(114.099999999999,49.9999999999992,40.));
#12086=CARTESIAN_POINT('Origin',(112.499999999999,49.9999999999992,40.));
#12087=CARTESIAN_POINT('',(114.099999999999,49.9999999999992,35.));
#12088=CARTESIAN_POINT('Origin',(24.9999999999994,37.4999999999992,35.));
#12089=CARTESIAN_POINT('',(26.5999999999994,37.4999999999992,40.));
#12090=CARTESIAN_POINT('Origin',(24.9999999999994,37.4999999999992,40.));
#12091=CARTESIAN_POINT('',(26.5999999999994,37.4999999999992,35.));
#12092=CARTESIAN_POINT('Origin',(49.9999999999994,37.4999999999992,35.));
#12093=CARTESIAN_POINT('',(51.5999999999994,37.4999999999992,40.));
#12094=CARTESIAN_POINT('Origin',(49.9999999999994,37.4999999999992,40.));
#12095=CARTESIAN_POINT('',(51.5999999999994,37.4999999999992,35.));
#12096=CARTESIAN_POINT('Origin',(74.9999999999994,37.4999999999992,35.));
#12097=CARTESIAN_POINT('',(76.5999999999994,37.4999999999992,40.));
#12098=CARTESIAN_POINT('Origin',(74.9999999999994,37.4999999999992,40.));
#12099=CARTESIAN_POINT('',(76.5999999999994,37.4999999999992,35.));
#12100=CARTESIAN_POINT('Origin',(99.9999999999994,37.4999999999992,35.));
#12101=CARTESIAN_POINT('',(101.599999999999,37.4999999999992,40.));
#12102=CARTESIAN_POINT('Origin',(99.9999999999994,37.4999999999992,40.));
#12103=CARTESIAN_POINT('',(101.599999999999,37.4999999999992,35.));
#12104=CARTESIAN_POINT('Origin',(37.4999999999994,24.9999999999992,35.));
#12105=CARTESIAN_POINT('',(39.0999999999994,24.9999999999992,40.));
#12106=CARTESIAN_POINT('Origin',(37.4999999999994,24.9999999999992,40.));
#12107=CARTESIAN_POINT('',(39.0999999999994,24.9999999999992,35.));
#12108=CARTESIAN_POINT('Origin',(62.4999999999994,24.9999999999992,35.));
#12109=CARTESIAN_POINT('',(64.0999999999994,24.9999999999992,40.));
#12110=CARTESIAN_POINT('Origin',(62.4999999999994,24.9999999999992,40.));
#12111=CARTESIAN_POINT('',(64.0999999999994,24.9999999999992,35.));
#12112=CARTESIAN_POINT('Origin',(87.4999999999994,24.9999999999992,35.));
#12113=CARTESIAN_POINT('',(89.0999999999994,24.9999999999992,40.));
#12114=CARTESIAN_POINT('Origin',(87.4999999999994,24.9999999999992,40.));
#12115=CARTESIAN_POINT('',(89.0999999999994,24.9999999999992,35.));
#12116=CARTESIAN_POINT('Origin',(112.499999999999,24.9999999999992,35.));
#12117=CARTESIAN_POINT('',(114.099999999999,24.9999999999992,40.));
#12118=CARTESIAN_POINT('Origin',(112.499999999999,24.9999999999992,40.));
#12119=CARTESIAN_POINT('',(114.099999999999,24.9999999999992,35.));
#12120=CARTESIAN_POINT('Origin',(24.9999999999994,12.4999999999992,35.));
#12121=CARTESIAN_POINT('',(26.5999999999994,12.4999999999992,40.));
#12122=CARTESIAN_POINT('Origin',(24.9999999999994,12.4999999999992,40.));
#12123=CARTESIAN_POINT('',(26.5999999999994,12.4999999999992,35.));
#12124=CARTESIAN_POINT('',(26.5999999999994,12.4999999999992,35.));
#12125=CARTESIAN_POINT('Origin',(24.9999999999994,12.4999999999992,35.));
#12126=CARTESIAN_POINT('Origin',(24.9999999999994,12.4999999999992,35.));
#12127=CARTESIAN_POINT('Origin',(49.9999999999994,12.4999999999992,35.));
#12128=CARTESIAN_POINT('',(51.5999999999994,12.4999999999992,40.));
#12129=CARTESIAN_POINT('Origin',(49.9999999999994,12.4999999999992,40.));
#12130=CARTESIAN_POINT('',(51.5999999999994,12.4999999999992,35.));
#12131=CARTESIAN_POINT('Origin',(74.9999999999994,12.4999999999992,35.));
#12132=CARTESIAN_POINT('',(76.5999999999994,12.4999999999992,40.));
#12133=CARTESIAN_POINT('Origin',(74.9999999999994,12.4999999999992,40.));
#12134=CARTESIAN_POINT('',(76.5999999999994,12.4999999999992,35.));
#12135=CARTESIAN_POINT('Origin',(99.9999999999994,12.4999999999992,35.));
#12136=CARTESIAN_POINT('',(101.599999999999,12.4999999999992,40.));
#12137=CARTESIAN_POINT('Origin',(99.9999999999994,12.4999999999992,40.));
#12138=CARTESIAN_POINT('',(101.599999999999,12.4999999999992,35.));
#12139=CARTESIAN_POINT('Origin',(112.499999999999,-8.32667268468867E-13,
35.));
#12140=CARTESIAN_POINT('',(114.099999999999,-8.17124146124115E-13,40.));
#12141=CARTESIAN_POINT('Origin',(112.499999999999,-8.32667268468867E-13,
40.));
#12142=CARTESIAN_POINT('',(114.099999999999,-8.21591139339677E-13,35.));
#12143=CARTESIAN_POINT('Origin',(99.9999999999994,-8.28226376370367E-13,
35.));
#12144=CARTESIAN_POINT('',(101.599999999999,-8.17124146124115E-13,40.));
#12145=CARTESIAN_POINT('Origin',(99.9999999999994,-8.28226376370367E-13,
40.));
#12146=CARTESIAN_POINT('',(101.599999999999,-8.17150247241177E-13,35.));
#12147=CARTESIAN_POINT('Origin',(87.4999999999994,-8.26005930321116E-13,
35.));
#12148=CARTESIAN_POINT('',(89.0999999999994,-8.17124146124115E-13,40.));
#12149=CARTESIAN_POINT('Origin',(87.4999999999994,-8.26005930321116E-13,
40.));
#12150=CARTESIAN_POINT('',(89.0999999999994,-8.14929801191926E-13,35.));
#12151=CARTESIAN_POINT('Origin',(74.9999999999994,-8.21565038222616E-13,
35.));
#12152=CARTESIAN_POINT('',(76.5999999999994,-8.17124146124115E-13,40.));
#12153=CARTESIAN_POINT('Origin',(74.9999999999994,-8.21565038222616E-13,
40.));
#12154=CARTESIAN_POINT('',(76.5999999999994,-8.10488909093426E-13,35.));
#12155=CARTESIAN_POINT('Origin',(62.4999999999994,-8.17124146124115E-13,
35.));
#12156=CARTESIAN_POINT('',(64.0999999999994,-7.99360577730113E-13,40.));
#12157=CARTESIAN_POINT('Origin',(62.4999999999994,-8.17124146124115E-13,
40.));
#12158=CARTESIAN_POINT('',(64.0999999999994,-8.06048016994925E-13,35.));
#12159=CARTESIAN_POINT('Origin',(49.9999999999994,-8.14903700074865E-13,
35.));
#12160=CARTESIAN_POINT('',(51.5999999999994,-7.99360577730113E-13,40.));
#12161=CARTESIAN_POINT('Origin',(49.9999999999994,-8.14903700074865E-13,
40.));
#12162=CARTESIAN_POINT('',(51.5999999999994,-8.03827570945675E-13,35.));
#12163=CARTESIAN_POINT('Origin',(37.4999999999994,-8.10462807976364E-13,
35.));
#12164=CARTESIAN_POINT('',(39.0999999999994,-7.99360577730113E-13,40.));
#12165=CARTESIAN_POINT('Origin',(37.4999999999994,-8.10462807976364E-13,
40.));
#12166=CARTESIAN_POINT('',(39.0999999999994,-7.99386678847174E-13,35.));
#12167=CARTESIAN_POINT('Origin',(24.9999999999994,-8.06021915877864E-13,
35.));
#12168=CARTESIAN_POINT('',(26.5999999999994,-7.99360577730113E-13,40.));
#12169=CARTESIAN_POINT('Origin',(24.9999999999994,-8.06021915877864E-13,
40.));
#12170=CARTESIAN_POINT('',(26.5999999999994,-7.94945786748674E-13,35.));
#12171=CARTESIAN_POINT('',(26.5999999999994,-7.94945786748674E-13,35.));
#12172=CARTESIAN_POINT('Origin',(24.9999999999994,-8.06021915877864E-13,
35.));
#12173=CARTESIAN_POINT('Origin',(24.9999999999994,-8.06021915877864E-13,
35.));
#12174=CARTESIAN_POINT('Origin',(-5.99520433297585E-13,-87.5000000000008,
35.));
#12175=CARTESIAN_POINT('',(1.5999999999994,-87.5000000000008,40.));
#12176=CARTESIAN_POINT('Origin',(-5.99520433297585E-13,-87.5000000000008,
40.));
#12177=CARTESIAN_POINT('',(1.5999999999994,-87.5000000000008,35.));
#12178=CARTESIAN_POINT('Origin',(-25.0000000000006,-87.5000000000008,35.));
#12179=CARTESIAN_POINT('',(-23.4000000000006,-87.5000000000008,40.));
#12180=CARTESIAN_POINT('Origin',(-25.0000000000006,-87.5000000000008,40.));
#12181=CARTESIAN_POINT('',(-23.4000000000006,-87.5000000000008,35.));
#12182=CARTESIAN_POINT('Origin',(-50.0000000000006,-87.5000000000008,35.));
#12183=CARTESIAN_POINT('',(-48.4000000000006,-87.5000000000008,40.));
#12184=CARTESIAN_POINT('Origin',(-50.0000000000006,-87.5000000000008,40.));
#12185=CARTESIAN_POINT('',(-48.4000000000006,-87.5000000000008,35.));
#12186=CARTESIAN_POINT('Origin',(-75.0000000000007,-87.5000000000008,35.));
#12187=CARTESIAN_POINT('',(-73.4000000000007,-87.5000000000008,40.));
#12188=CARTESIAN_POINT('Origin',(-75.0000000000007,-87.5000000000008,40.));
#12189=CARTESIAN_POINT('',(-73.4000000000007,-87.5000000000008,35.));
#12190=CARTESIAN_POINT('Origin',(-100.000000000001,-87.5000000000007,35.));
#12191=CARTESIAN_POINT('',(-98.4000000000007,-87.5000000000007,40.));
#12192=CARTESIAN_POINT('Origin',(-100.000000000001,-87.5000000000007,40.));
#12193=CARTESIAN_POINT('',(-98.4000000000007,-87.5000000000007,35.));
#12194=CARTESIAN_POINT('Origin',(-12.5000000000006,-75.0000000000008,35.));
#12195=CARTESIAN_POINT('',(-10.9000000000006,-75.0000000000008,40.));
#12196=CARTESIAN_POINT('Origin',(-12.5000000000006,-75.0000000000008,40.));
#12197=CARTESIAN_POINT('',(-10.9000000000006,-75.0000000000008,35.));
#12198=CARTESIAN_POINT('Origin',(-37.5000000000006,-75.0000000000008,35.));
#12199=CARTESIAN_POINT('',(-35.9000000000006,-75.0000000000008,40.));
#12200=CARTESIAN_POINT('Origin',(-37.5000000000006,-75.0000000000008,40.));
#12201=CARTESIAN_POINT('',(-35.9000000000006,-75.0000000000008,35.));
#12202=CARTESIAN_POINT('Origin',(-62.5000000000006,-75.0000000000008,35.));
#12203=CARTESIAN_POINT('',(-60.9000000000006,-75.0000000000008,40.));
#12204=CARTESIAN_POINT('Origin',(-62.5000000000006,-75.0000000000008,40.));
#12205=CARTESIAN_POINT('',(-60.9000000000006,-75.0000000000008,35.));
#12206=CARTESIAN_POINT('Origin',(-87.5000000000007,-75.0000000000008,35.));
#12207=CARTESIAN_POINT('',(-85.9000000000007,-75.0000000000008,40.));
#12208=CARTESIAN_POINT('Origin',(-87.5000000000007,-75.0000000000008,40.));
#12209=CARTESIAN_POINT('',(-85.9000000000007,-75.0000000000008,35.));
#12210=CARTESIAN_POINT('Origin',(-112.500000000001,-75.0000000000008,35.));
#12211=CARTESIAN_POINT('',(-110.900000000001,-75.0000000000008,40.));
#12212=CARTESIAN_POINT('Origin',(-112.500000000001,-75.0000000000008,40.));
#12213=CARTESIAN_POINT('',(-110.900000000001,-75.0000000000008,35.));
#12214=CARTESIAN_POINT('Origin',(-5.99520433297585E-13,-62.5000000000008,
35.));
#12215=CARTESIAN_POINT('',(1.5999999999994,-62.5000000000008,40.));
#12216=CARTESIAN_POINT('Origin',(-5.99520433297585E-13,-62.5000000000008,
40.));
#12217=CARTESIAN_POINT('',(1.5999999999994,-62.5000000000008,35.));
#12218=CARTESIAN_POINT('Origin',(-25.0000000000006,-62.5000000000008,35.));
#12219=CARTESIAN_POINT('',(-23.4000000000006,-62.5000000000008,40.));
#12220=CARTESIAN_POINT('Origin',(-25.0000000000006,-62.5000000000008,40.));
#12221=CARTESIAN_POINT('',(-23.4000000000006,-62.5000000000008,35.));
#12222=CARTESIAN_POINT('Origin',(-50.0000000000006,-62.5000000000008,35.));
#12223=CARTESIAN_POINT('',(-48.4000000000006,-62.5000000000008,40.));
#12224=CARTESIAN_POINT('Origin',(-50.0000000000006,-62.5000000000008,40.));
#12225=CARTESIAN_POINT('',(-48.4000000000006,-62.5000000000008,35.));
#12226=CARTESIAN_POINT('Origin',(-75.0000000000007,-62.5000000000008,35.));
#12227=CARTESIAN_POINT('',(-73.4000000000007,-62.5000000000008,40.));
#12228=CARTESIAN_POINT('Origin',(-75.0000000000007,-62.5000000000008,40.));
#12229=CARTESIAN_POINT('',(-73.4000000000007,-62.5000000000008,35.));
#12230=CARTESIAN_POINT('Origin',(-100.000000000001,-62.5000000000008,35.));
#12231=CARTESIAN_POINT('',(-98.4000000000007,-62.5000000000008,40.));
#12232=CARTESIAN_POINT('Origin',(-100.000000000001,-62.5000000000008,40.));
#12233=CARTESIAN_POINT('',(-98.4000000000007,-62.5000000000008,35.));
#12234=CARTESIAN_POINT('Origin',(-12.5000000000006,-50.0000000000008,35.));
#12235=CARTESIAN_POINT('',(-10.9000000000006,-50.0000000000008,40.));
#12236=CARTESIAN_POINT('Origin',(-12.5000000000006,-50.0000000000008,40.));
#12237=CARTESIAN_POINT('',(-10.9000000000006,-50.0000000000008,35.));
#12238=CARTESIAN_POINT('Origin',(-37.5000000000006,-50.0000000000008,35.));
#12239=CARTESIAN_POINT('',(-35.9000000000006,-50.0000000000008,40.));
#12240=CARTESIAN_POINT('Origin',(-37.5000000000006,-50.0000000000008,40.));
#12241=CARTESIAN_POINT('',(-35.9000000000006,-50.0000000000008,35.));
#12242=CARTESIAN_POINT('Origin',(-62.5000000000006,-50.0000000000008,35.));
#12243=CARTESIAN_POINT('',(-60.9000000000006,-50.0000000000008,40.));
#12244=CARTESIAN_POINT('Origin',(-62.5000000000006,-50.0000000000008,40.));
#12245=CARTESIAN_POINT('',(-60.9000000000006,-50.0000000000008,35.));
#12246=CARTESIAN_POINT('Origin',(-87.5000000000006,-50.0000000000008,35.));
#12247=CARTESIAN_POINT('',(-85.9000000000006,-50.0000000000008,40.));
#12248=CARTESIAN_POINT('Origin',(-87.5000000000006,-50.0000000000008,40.));
#12249=CARTESIAN_POINT('',(-85.9000000000006,-50.0000000000008,35.));
#12250=CARTESIAN_POINT('Origin',(-112.500000000001,-50.0000000000008,35.));
#12251=CARTESIAN_POINT('',(-110.900000000001,-50.0000000000008,40.));
#12252=CARTESIAN_POINT('Origin',(-112.500000000001,-50.0000000000008,40.));
#12253=CARTESIAN_POINT('',(-110.900000000001,-50.0000000000008,35.));
#12254=CARTESIAN_POINT('Origin',(-6.03961325396085E-13,-37.5000000000008,
35.));
#12255=CARTESIAN_POINT('',(1.5999999999994,-37.5000000000008,40.));
#12256=CARTESIAN_POINT('Origin',(-6.03961325396085E-13,-37.5000000000008,
40.));
#12257=CARTESIAN_POINT('',(1.5999999999994,-37.5000000000008,35.));
#12258=CARTESIAN_POINT('Origin',(-25.0000000000006,-37.5000000000008,35.));
#12259=CARTESIAN_POINT('',(-23.4000000000006,-37.5000000000008,40.));
#12260=CARTESIAN_POINT('Origin',(-25.0000000000006,-37.5000000000008,40.));
#12261=CARTESIAN_POINT('',(-23.4000000000006,-37.5000000000008,35.));
#12262=CARTESIAN_POINT('Origin',(-50.0000000000006,-37.5000000000008,35.));
#12263=CARTESIAN_POINT('',(-48.4000000000006,-37.5000000000008,40.));
#12264=CARTESIAN_POINT('Origin',(-50.0000000000006,-37.5000000000008,40.));
#12265=CARTESIAN_POINT('',(-48.4000000000006,-37.5000000000008,35.));
#12266=CARTESIAN_POINT('Origin',(-75.0000000000007,-37.5000000000008,35.));
#12267=CARTESIAN_POINT('',(-73.4000000000006,-37.5000000000008,40.));
#12268=CARTESIAN_POINT('Origin',(-75.0000000000007,-37.5000000000008,40.));
#12269=CARTESIAN_POINT('',(-73.4000000000006,-37.5000000000008,35.));
#12270=CARTESIAN_POINT('Origin',(-100.000000000001,-37.5000000000008,35.));
#12271=CARTESIAN_POINT('',(-98.4000000000006,-37.5000000000008,40.));
#12272=CARTESIAN_POINT('Origin',(-100.000000000001,-37.5000000000008,40.));
#12273=CARTESIAN_POINT('',(-98.4000000000006,-37.5000000000008,35.));
#12274=CARTESIAN_POINT('Origin',(-12.5000000000006,-25.0000000000008,35.));
#12275=CARTESIAN_POINT('',(-10.9000000000006,-25.0000000000008,40.));
#12276=CARTESIAN_POINT('Origin',(-12.5000000000006,-25.0000000000008,40.));
#12277=CARTESIAN_POINT('',(-10.9000000000006,-25.0000000000008,35.));
#12278=CARTESIAN_POINT('Origin',(-37.5000000000006,-25.0000000000008,35.));
#12279=CARTESIAN_POINT('',(-35.9000000000006,-25.0000000000008,40.));
#12280=CARTESIAN_POINT('Origin',(-37.5000000000006,-25.0000000000008,40.));
#12281=CARTESIAN_POINT('',(-35.9000000000006,-25.0000000000008,35.));
#12282=CARTESIAN_POINT('Origin',(-62.5000000000006,-25.0000000000008,35.));
#12283=CARTESIAN_POINT('',(-60.9000000000006,-25.0000000000008,40.));
#12284=CARTESIAN_POINT('Origin',(-62.5000000000006,-25.0000000000008,40.));
#12285=CARTESIAN_POINT('',(-60.9000000000006,-25.0000000000008,35.));
#12286=CARTESIAN_POINT('Origin',(-87.5000000000006,-25.0000000000008,35.));
#12287=CARTESIAN_POINT('',(-85.9000000000006,-25.0000000000008,40.));
#12288=CARTESIAN_POINT('Origin',(-87.5000000000006,-25.0000000000008,40.));
#12289=CARTESIAN_POINT('',(-85.9000000000006,-25.0000000000008,35.));
#12290=CARTESIAN_POINT('Origin',(-112.500000000001,-25.0000000000008,35.));
#12291=CARTESIAN_POINT('',(-110.900000000001,-25.0000000000008,40.));
#12292=CARTESIAN_POINT('Origin',(-112.500000000001,-25.0000000000008,40.));
#12293=CARTESIAN_POINT('',(-110.900000000001,-25.0000000000008,35.));
#12294=CARTESIAN_POINT('Origin',(-6.03961325396085E-13,-12.5000000000008,
35.));
#12295=CARTESIAN_POINT('',(1.5999999999994,-12.5000000000008,40.));
#12296=CARTESIAN_POINT('Origin',(-6.03961325396085E-13,-12.5000000000008,
40.));
#12297=CARTESIAN_POINT('',(1.5999999999994,-12.5000000000008,35.));
#12298=CARTESIAN_POINT('Origin',(-25.0000000000006,-12.5000000000008,35.));
#12299=CARTESIAN_POINT('',(-23.4000000000006,-12.5000000000008,40.));
#12300=CARTESIAN_POINT('Origin',(-25.0000000000006,-12.5000000000008,40.));
#12301=CARTESIAN_POINT('',(-23.4000000000006,-12.5000000000008,35.));
#12302=CARTESIAN_POINT('Origin',(-25.0000000000006,-12.5000000000008,35.));
#12303=CARTESIAN_POINT('Origin',(-37.5000000000006,-12.5000000000008,35.));
#12304=CARTESIAN_POINT('',(-35.9000000000006,-12.5000000000008,40.));
#12305=CARTESIAN_POINT('Origin',(-37.5000000000006,-12.5000000000008,40.));
#12306=CARTESIAN_POINT('',(-35.9000000000006,-12.5000000000008,35.));
#12307=CARTESIAN_POINT('Origin',(-50.0000000000006,-12.5000000000008,35.));
#12308=CARTESIAN_POINT('',(-48.4000000000006,-12.5000000000008,40.));
#12309=CARTESIAN_POINT('Origin',(-50.0000000000006,-12.5000000000008,40.));
#12310=CARTESIAN_POINT('',(-48.4000000000006,-12.5000000000008,35.));
#12311=CARTESIAN_POINT('Origin',(-62.5000000000006,-12.5000000000008,35.));
#12312=CARTESIAN_POINT('',(-60.9000000000006,-12.5000000000008,40.));
#12313=CARTESIAN_POINT('Origin',(-62.5000000000006,-12.5000000000008,40.));
#12314=CARTESIAN_POINT('',(-60.9000000000006,-12.5000000000008,35.));
#12315=CARTESIAN_POINT('Origin',(-75.0000000000006,-12.5000000000008,35.));
#12316=CARTESIAN_POINT('',(-73.4000000000006,-12.5000000000008,40.));
#12317=CARTESIAN_POINT('Origin',(-75.0000000000006,-12.5000000000008,40.));
#12318=CARTESIAN_POINT('',(-73.4000000000006,-12.5000000000008,35.));
#12319=CARTESIAN_POINT('Origin',(-87.5000000000006,-12.5000000000008,35.));
#12320=CARTESIAN_POINT('',(-85.9000000000006,-12.5000000000008,40.));
#12321=CARTESIAN_POINT('Origin',(-87.5000000000006,-12.5000000000008,40.));
#12322=CARTESIAN_POINT('',(-85.9000000000006,-12.5000000000008,35.));
#12323=CARTESIAN_POINT('Origin',(-100.000000000001,-12.5000000000008,35.));
#12324=CARTESIAN_POINT('',(-98.4000000000006,-12.5000000000008,40.));
#12325=CARTESIAN_POINT('Origin',(-100.000000000001,-12.5000000000008,40.));
#12326=CARTESIAN_POINT('',(-98.4000000000006,-12.5000000000008,35.));
#12327=CARTESIAN_POINT('Origin',(-112.500000000001,-12.5000000000008,35.));
#12328=CARTESIAN_POINT('',(-110.900000000001,-12.5000000000007,40.));
#12329=CARTESIAN_POINT('Origin',(-112.500000000001,-12.5000000000008,40.));
#12330=CARTESIAN_POINT('',(-110.900000000001,-12.5000000000008,35.));
#12331=CARTESIAN_POINT('Origin',(-12.5000000000006,-12.5000000000008,35.));
#12332=CARTESIAN_POINT('',(-10.9000000000006,-12.5000000000008,40.));
#12333=CARTESIAN_POINT('Origin',(-12.5000000000006,-12.5000000000008,40.));
#12334=CARTESIAN_POINT('',(-10.9000000000006,-12.5000000000008,35.));
#12335=CARTESIAN_POINT('Origin',(-100.000000000001,-25.0000000000008,35.));
#12336=CARTESIAN_POINT('',(-98.4000000000006,-25.0000000000008,40.));
#12337=CARTESIAN_POINT('Origin',(-100.000000000001,-25.0000000000008,40.));
#12338=CARTESIAN_POINT('',(-98.4000000000006,-25.0000000000008,35.));
#12339=CARTESIAN_POINT('Origin',(-75.0000000000006,-25.0000000000008,35.));
#12340=CARTESIAN_POINT('',(-73.4000000000006,-25.0000000000008,40.));
#12341=CARTESIAN_POINT('Origin',(-75.0000000000006,-25.0000000000008,40.));
#12342=CARTESIAN_POINT('',(-73.4000000000006,-25.0000000000008,35.));
#12343=CARTESIAN_POINT('Origin',(-50.0000000000006,-25.0000000000008,35.));
#12344=CARTESIAN_POINT('',(-48.4000000000006,-25.0000000000008,40.));
#12345=CARTESIAN_POINT('Origin',(-50.0000000000006,-25.0000000000008,40.));
#12346=CARTESIAN_POINT('',(-48.4000000000006,-25.0000000000008,35.));
#12347=CARTESIAN_POINT('Origin',(-25.0000000000006,-25.0000000000008,35.));
#12348=CARTESIAN_POINT('',(-23.4000000000006,-25.0000000000008,40.));
#12349=CARTESIAN_POINT('Origin',(-25.0000000000006,-25.0000000000008,40.));
#12350=CARTESIAN_POINT('',(-23.4000000000006,-25.0000000000008,35.));
#12351=CARTESIAN_POINT('Origin',(-6.03961325396085E-13,-25.0000000000008,
35.));
#12352=CARTESIAN_POINT('',(1.5999999999994,-25.0000000000008,40.));
#12353=CARTESIAN_POINT('Origin',(-6.03961325396085E-13,-25.0000000000008,
40.));
#12354=CARTESIAN_POINT('',(1.5999999999994,-25.0000000000008,35.));
#12355=CARTESIAN_POINT('Origin',(-112.500000000001,-37.5000000000008,35.));
#12356=CARTESIAN_POINT('',(-110.900000000001,-37.5000000000008,40.));
#12357=CARTESIAN_POINT('Origin',(-112.500000000001,-37.5000000000008,40.));
#12358=CARTESIAN_POINT('',(-110.900000000001,-37.5000000000008,35.));
#12359=CARTESIAN_POINT('Origin',(-87.5000000000006,-37.5000000000008,35.));
#12360=CARTESIAN_POINT('',(-85.9000000000006,-37.5000000000008,40.));
#12361=CARTESIAN_POINT('Origin',(-87.5000000000006,-37.5000000000008,40.));
#12362=CARTESIAN_POINT('',(-85.9000000000006,-37.5000000000008,35.));
#12363=CARTESIAN_POINT('Origin',(-62.5000000000006,-37.5000000000008,35.));
#12364=CARTESIAN_POINT('',(-60.9000000000006,-37.5000000000008,40.));
#12365=CARTESIAN_POINT('Origin',(-62.5000000000006,-37.5000000000008,40.));
#12366=CARTESIAN_POINT('',(-60.9000000000006,-37.5000000000008,35.));
#12367=CARTESIAN_POINT('Origin',(-37.5000000000006,-37.5000000000008,35.));
#12368=CARTESIAN_POINT('',(-35.9000000000006,-37.5000000000008,40.));
#12369=CARTESIAN_POINT('Origin',(-37.5000000000006,-37.5000000000008,40.));
#12370=CARTESIAN_POINT('',(-35.9000000000006,-37.5000000000008,35.));
#12371=CARTESIAN_POINT('Origin',(-12.5000000000006,-37.5000000000008,35.));
#12372=CARTESIAN_POINT('',(-10.9000000000006,-37.5000000000008,40.));
#12373=CARTESIAN_POINT('Origin',(-12.5000000000006,-37.5000000000008,40.));
#12374=CARTESIAN_POINT('',(-10.9000000000006,-37.5000000000008,35.));
#12375=CARTESIAN_POINT('Origin',(-100.000000000001,-50.0000000000008,35.));
#12376=CARTESIAN_POINT('',(-98.4000000000006,-50.0000000000008,40.));
#12377=CARTESIAN_POINT('Origin',(-100.000000000001,-50.0000000000008,40.));
#12378=CARTESIAN_POINT('',(-98.4000000000006,-50.0000000000008,35.));
#12379=CARTESIAN_POINT('Origin',(-75.0000000000007,-50.0000000000008,35.));
#12380=CARTESIAN_POINT('',(-73.4000000000006,-50.0000000000008,40.));
#12381=CARTESIAN_POINT('Origin',(-75.0000000000007,-50.0000000000008,40.));
#12382=CARTESIAN_POINT('',(-73.4000000000006,-50.0000000000008,35.));
#12383=CARTESIAN_POINT('Origin',(-50.0000000000006,-50.0000000000008,35.));
#12384=CARTESIAN_POINT('',(-48.4000000000006,-50.0000000000008,40.));
#12385=CARTESIAN_POINT('Origin',(-50.0000000000006,-50.0000000000008,40.));
#12386=CARTESIAN_POINT('',(-48.4000000000006,-50.0000000000008,35.));
#12387=CARTESIAN_POINT('Origin',(-25.0000000000006,-50.0000000000008,35.));
#12388=CARTESIAN_POINT('',(-23.4000000000006,-50.0000000000008,40.));
#12389=CARTESIAN_POINT('Origin',(-25.0000000000006,-50.0000000000008,40.));
#12390=CARTESIAN_POINT('',(-23.4000000000006,-50.0000000000008,35.));
#12391=CARTESIAN_POINT('Origin',(-5.99520433297585E-13,-50.0000000000008,
35.));
#12392=CARTESIAN_POINT('',(1.5999999999994,-50.0000000000008,40.));
#12393=CARTESIAN_POINT('Origin',(-5.99520433297585E-13,-50.0000000000008,
40.));
#12394=CARTESIAN_POINT('',(1.5999999999994,-50.0000000000008,35.));
#12395=CARTESIAN_POINT('Origin',(-112.500000000001,-62.5000000000008,35.));
#12396=CARTESIAN_POINT('',(-110.900000000001,-62.5000000000008,40.));
#12397=CARTESIAN_POINT('Origin',(-112.500000000001,-62.5000000000008,40.));
#12398=CARTESIAN_POINT('',(-110.900000000001,-62.5000000000008,35.));
#12399=CARTESIAN_POINT('Origin',(-87.5000000000007,-62.5000000000008,35.));
#12400=CARTESIAN_POINT('',(-85.9000000000007,-62.5000000000008,40.));
#12401=CARTESIAN_POINT('Origin',(-87.5000000000007,-62.5000000000008,40.));
#12402=CARTESIAN_POINT('',(-85.9000000000007,-62.5000000000008,35.));
#12403=CARTESIAN_POINT('Origin',(-62.5000000000006,-62.5000000000008,35.));
#12404=CARTESIAN_POINT('',(-60.9000000000006,-62.5000000000008,40.));
#12405=CARTESIAN_POINT('Origin',(-62.5000000000006,-62.5000000000008,40.));
#12406=CARTESIAN_POINT('',(-60.9000000000006,-62.5000000000008,35.));
#12407=CARTESIAN_POINT('Origin',(-37.5000000000006,-62.5000000000008,35.));
#12408=CARTESIAN_POINT('',(-35.9000000000006,-62.5000000000008,40.));
#12409=CARTESIAN_POINT('Origin',(-37.5000000000006,-62.5000000000008,40.));
#12410=CARTESIAN_POINT('',(-35.9000000000006,-62.5000000000008,35.));
#12411=CARTESIAN_POINT('Origin',(-12.5000000000006,-62.5000000000008,35.));
#12412=CARTESIAN_POINT('',(-10.9000000000006,-62.5000000000008,40.));
#12413=CARTESIAN_POINT('Origin',(-12.5000000000006,-62.5000000000008,40.));
#12414=CARTESIAN_POINT('',(-10.9000000000006,-62.5000000000008,35.));
#12415=CARTESIAN_POINT('Origin',(-100.000000000001,-75.0000000000008,35.));
#12416=CARTESIAN_POINT('',(-98.4000000000007,-75.0000000000007,40.));
#12417=CARTESIAN_POINT('Origin',(-100.000000000001,-75.0000000000008,40.));
#12418=CARTESIAN_POINT('',(-98.4000000000007,-75.0000000000007,35.));
#12419=CARTESIAN_POINT('Origin',(-75.0000000000007,-75.0000000000008,35.));
#12420=CARTESIAN_POINT('',(-73.4000000000007,-75.0000000000008,40.));
#12421=CARTESIAN_POINT('Origin',(-75.0000000000007,-75.0000000000008,40.));
#12422=CARTESIAN_POINT('',(-73.4000000000007,-75.0000000000008,35.));
#12423=CARTESIAN_POINT('Origin',(-50.0000000000006,-75.0000000000008,35.));
#12424=CARTESIAN_POINT('',(-48.4000000000006,-75.0000000000008,40.));
#12425=CARTESIAN_POINT('Origin',(-50.0000000000006,-75.0000000000008,40.));
#12426=CARTESIAN_POINT('',(-48.4000000000006,-75.0000000000008,35.));
#12427=CARTESIAN_POINT('Origin',(-25.0000000000006,-75.0000000000008,35.));
#12428=CARTESIAN_POINT('',(-23.4000000000006,-75.0000000000008,40.));
#12429=CARTESIAN_POINT('Origin',(-25.0000000000006,-75.0000000000008,40.));
#12430=CARTESIAN_POINT('',(-23.4000000000006,-75.0000000000008,35.));
#12431=CARTESIAN_POINT('Origin',(-5.99520433297585E-13,-75.0000000000008,
35.));
#12432=CARTESIAN_POINT('',(1.5999999999994,-75.0000000000008,40.));
#12433=CARTESIAN_POINT('Origin',(-5.99520433297585E-13,-75.0000000000008,
40.));
#12434=CARTESIAN_POINT('',(1.5999999999994,-75.0000000000008,35.));
#12435=CARTESIAN_POINT('Origin',(-112.500000000001,-87.5000000000008,35.));
#12436=CARTESIAN_POINT('',(-110.900000000001,-87.5000000000008,40.));
#12437=CARTESIAN_POINT('Origin',(-112.500000000001,-87.5000000000008,40.));
#12438=CARTESIAN_POINT('',(-110.900000000001,-87.5000000000008,35.));
#12439=CARTESIAN_POINT('Origin',(-87.5000000000007,-87.5000000000008,35.));
#12440=CARTESIAN_POINT('',(-85.9000000000007,-87.5000000000008,40.));
#12441=CARTESIAN_POINT('Origin',(-87.5000000000007,-87.5000000000008,40.));
#12442=CARTESIAN_POINT('',(-85.9000000000007,-87.5000000000008,35.));
#12443=CARTESIAN_POINT('Origin',(-62.5000000000006,-87.5000000000008,35.));
#12444=CARTESIAN_POINT('',(-60.9000000000006,-87.5000000000008,40.));
#12445=CARTESIAN_POINT('Origin',(-62.5000000000006,-87.5000000000008,40.));
#12446=CARTESIAN_POINT('',(-60.9000000000006,-87.5000000000008,35.));
#12447=CARTESIAN_POINT('Origin',(-37.5000000000006,-87.5000000000008,35.));
#12448=CARTESIAN_POINT('',(-35.9000000000006,-87.5000000000008,40.));
#12449=CARTESIAN_POINT('Origin',(-37.5000000000006,-87.5000000000008,40.));
#12450=CARTESIAN_POINT('',(-35.9000000000006,-87.5000000000008,35.));
#12451=CARTESIAN_POINT('Origin',(-12.5000000000006,-87.5000000000008,35.));
#12452=CARTESIAN_POINT('',(-10.9000000000006,-87.5000000000008,40.));
#12453=CARTESIAN_POINT('Origin',(-12.5000000000006,-87.5000000000008,40.));
#12454=CARTESIAN_POINT('',(-10.9000000000006,-87.5000000000008,35.));
#12455=CARTESIAN_POINT('Origin',(12.4999999999994,24.9999999999992,35.));
#12456=CARTESIAN_POINT('',(14.0999999999994,24.9999999999992,40.));
#12457=CARTESIAN_POINT('Origin',(12.4999999999994,24.9999999999992,40.));
#12458=CARTESIAN_POINT('',(14.0999999999994,24.9999999999992,35.));
#12459=CARTESIAN_POINT('Origin',(12.4999999999994,37.4999999999992,35.));
#12460=CARTESIAN_POINT('',(14.0999999999994,37.4999999999992,40.));
#12461=CARTESIAN_POINT('Origin',(12.4999999999994,37.4999999999992,40.));
#12462=CARTESIAN_POINT('',(14.0999999999994,37.4999999999992,35.));
#12463=CARTESIAN_POINT('Origin',(12.4999999999994,49.9999999999992,35.));
#12464=CARTESIAN_POINT('',(14.0999999999994,49.9999999999992,40.));
#12465=CARTESIAN_POINT('Origin',(12.4999999999994,49.9999999999992,40.));
#12466=CARTESIAN_POINT('',(14.0999999999994,49.9999999999992,35.));
#12467=CARTESIAN_POINT('Origin',(12.4999999999994,62.4999999999992,35.));
#12468=CARTESIAN_POINT('',(14.0999999999994,62.4999999999992,40.));
#12469=CARTESIAN_POINT('Origin',(12.4999999999994,62.4999999999992,40.));
#12470=CARTESIAN_POINT('',(14.0999999999994,62.4999999999992,35.));
#12471=CARTESIAN_POINT('Origin',(12.4999999999994,74.9999999999992,35.));
#12472=CARTESIAN_POINT('',(14.0999999999994,74.9999999999992,40.));
#12473=CARTESIAN_POINT('Origin',(12.4999999999994,74.9999999999992,40.));
#12474=CARTESIAN_POINT('',(14.0999999999994,74.9999999999992,35.));
#12475=CARTESIAN_POINT('Origin',(12.4999999999994,87.4999999999992,35.));
#12476=CARTESIAN_POINT('',(14.0999999999994,87.4999999999992,40.));
#12477=CARTESIAN_POINT('Origin',(12.4999999999994,87.4999999999992,40.));
#12478=CARTESIAN_POINT('',(14.0999999999994,87.4999999999992,35.));
#12479=CARTESIAN_POINT('Origin',(12.4999999999994,-8.01581023779363E-13,
35.));
#12480=CARTESIAN_POINT('',(14.0999999999994,-7.99360577730113E-13,40.));
#12481=CARTESIAN_POINT('Origin',(12.4999999999994,-8.01581023779363E-13,
40.));
#12482=CARTESIAN_POINT('',(14.0999999999994,-7.90504894650173E-13,35.));
#12483=CARTESIAN_POINT('Origin',(-112.500000000001,-7.63833440942108E-13,
35.));
#12484=CARTESIAN_POINT('',(-110.900000000001,-7.46069872548105E-13,40.));
#12485=CARTESIAN_POINT('Origin',(-112.500000000001,-7.63833440942108E-13,
40.));
#12486=CARTESIAN_POINT('',(-110.900000000001,-7.52757311812918E-13,35.));
#12487=CARTESIAN_POINT('Origin',(-100.000000000001,-7.68274333040608E-13,
35.));
#12488=CARTESIAN_POINT('',(-98.4000000000006,-7.63833440942108E-13,40.));
#12489=CARTESIAN_POINT('Origin',(-100.000000000001,-7.68274333040608E-13,
40.));
#12490=CARTESIAN_POINT('',(-98.4000000000006,-7.57198203911418E-13,35.));
#12491=CARTESIAN_POINT('Origin',(-87.5000000000006,-7.72715225139109E-13,
35.));
#12492=CARTESIAN_POINT('',(-85.9000000000006,-7.63833440942108E-13,40.));
#12493=CARTESIAN_POINT('Origin',(-87.5000000000006,-7.72715225139109E-13,
40.));
#12494=CARTESIAN_POINT('',(-85.9000000000006,-7.61639096009919E-13,35.));
#12495=CARTESIAN_POINT('Origin',(-75.0000000000006,-7.74935671188359E-13,
35.));
#12496=CARTESIAN_POINT('',(-73.4000000000006,-7.63833440942108E-13,40.));
#12497=CARTESIAN_POINT('Origin',(-75.0000000000006,-7.74935671188359E-13,
40.));
#12498=CARTESIAN_POINT('',(-73.4000000000006,-7.63859542059169E-13,35.));
#12499=CARTESIAN_POINT('Origin',(-62.5000000000006,-7.7937656328686E-13,
35.));
#12500=CARTESIAN_POINT('',(-60.9000000000006,-7.63833440942108E-13,40.));
#12501=CARTESIAN_POINT('Origin',(-62.5000000000006,-7.7937656328686E-13,
40.));
#12502=CARTESIAN_POINT('',(-60.9000000000006,-7.6830043415767E-13,35.));
#12503=CARTESIAN_POINT('Origin',(-50.0000000000006,-7.83817455385361E-13,
35.));
#12504=CARTESIAN_POINT('',(-48.4000000000006,-7.8159700933611E-13,40.));
#12505=CARTESIAN_POINT('Origin',(-50.0000000000006,-7.83817455385361E-13,
40.));
#12506=CARTESIAN_POINT('',(-48.4000000000006,-7.7274132625617E-13,35.));
#12507=CARTESIAN_POINT('Origin',(-37.5000000000006,-7.88258347483861E-13,
35.));
#12508=CARTESIAN_POINT('',(-35.9000000000006,-7.8159700933611E-13,40.));
#12509=CARTESIAN_POINT('Origin',(-37.5000000000006,-7.88258347483861E-13,
40.));
#12510=CARTESIAN_POINT('',(-35.9000000000006,-7.77182218354671E-13,35.));
#12511=CARTESIAN_POINT('Origin',(-25.0000000000006,-7.90478793533111E-13,
35.));
#12512=CARTESIAN_POINT('',(-23.4000000000006,-7.8159700933611E-13,40.));
#12513=CARTESIAN_POINT('Origin',(-25.0000000000006,-7.90478793533111E-13,
40.));
#12514=CARTESIAN_POINT('',(-23.4000000000006,-7.79402664403921E-13,35.));
#12515=CARTESIAN_POINT('Origin',(-25.0000000000006,-7.90478793533111E-13,
35.));
#12516=CARTESIAN_POINT('Origin',(-12.5000000000006,-7.94919685631612E-13,
35.));
#12517=CARTESIAN_POINT('',(-10.9000000000006,-7.8159700933611E-13,40.));
#12518=CARTESIAN_POINT('Origin',(-12.5000000000006,-7.94919685631612E-13,
40.));
#12519=CARTESIAN_POINT('',(-10.9000000000006,-7.83843556502422E-13,35.));
#12520=CARTESIAN_POINT('Origin',(-6.03961325396085E-13,-7.99360577730113E-13,
35.));
#12521=CARTESIAN_POINT('',(1.5999999999994,-7.8159700933611E-13,40.));
#12522=CARTESIAN_POINT('Origin',(-6.03961325396085E-13,-7.99360577730113E-13,
40.));
#12523=CARTESIAN_POINT('',(1.5999999999994,-7.88284448600923E-13,35.));
#12524=CARTESIAN_POINT('Origin',(124.999999999999,100.000000000001,35.));
#12525=CARTESIAN_POINT('',(124.999999999999,100.000000000001,40.));
#12526=CARTESIAN_POINT('',(124.999999999999,100.000000000001,40.));
#12527=CARTESIAN_POINT('',(124.999999999999,100.000000000001,35.));
#12528=CARTESIAN_POINT('Origin',(125.000000000001,-99.9999999999991,35.));
#12529=CARTESIAN_POINT('',(125.000000000001,-99.9999999999991,40.));
#12530=CARTESIAN_POINT('Origin',(-1.77635683940025E-14,2.66453525910038E-14,
40.));
#12531=CARTESIAN_POINT('Origin',(29.,5.00000000000017,35.));
#12532=CARTESIAN_POINT('Origin',(29.,5.00000000000017,35.));
#12533=CARTESIAN_POINT('Origin',(29.,5.00000000000017,35.));
#12534=CARTESIAN_POINT('Origin',(29.,5.00000000000017,35.));
#12535=CARTESIAN_POINT('Origin',(24.,21.0000000000002,7.00000000000015));
#12536=CARTESIAN_POINT('',(24.,21.0000000000002,8.60000000000015));
#12537=CARTESIAN_POINT('',(24.,21.0000000000002,5.40000000000015));
#12538=CARTESIAN_POINT('Origin',(24.,5.00000000000017,8.60000000000015));
#12539=CARTESIAN_POINT('',(24.,5.00000000000017,8.60000000000015));
#12540=CARTESIAN_POINT('Origin',(24.,5.00000000000018,7.00000000000015));
#12541=CARTESIAN_POINT('',(24.,5.00000000000018,5.40000000000015));
#12542=CARTESIAN_POINT('Origin',(24.,21.0000000000002,5.40000000000015));
#12543=CARTESIAN_POINT('Origin',(-29.0000000000001,5.,35.));
#12544=CARTESIAN_POINT('',(-23.9999999999999,-20.,35.));
#12545=CARTESIAN_POINT('Origin',(-29.0000000000001,5.,35.));
#12546=CARTESIAN_POINT('',(-23.9999999999999,-20.,35.));
#12547=CARTESIAN_POINT('Origin',(-29.0000000000001,5.,35.));
#12548=CARTESIAN_POINT('',(-23.9999999999999,-20.,35.));
#12549=CARTESIAN_POINT('Origin',(-29.0000000000001,5.,35.));
#12550=CARTESIAN_POINT('',(-23.9999999999999,-20.,35.));
#12551=CARTESIAN_POINT('Origin',(24.,21.0000000000002,5.40000000000015));
#12552=CARTESIAN_POINT('',(-24.,5.00000000000023,5.40000000000013));
#12553=CARTESIAN_POINT('',(24.,5.00000000000018,5.40000000000015));
#12554=CARTESIAN_POINT('',(-24.0000000000002,21.0000000000002,5.40000000000013));
#12555=CARTESIAN_POINT('',(-24.,0.499999999999939,5.40000000000013));
#12556=CARTESIAN_POINT('',(24.,21.0000000000002,5.40000000000015));
#12557=CARTESIAN_POINT('Origin',(24.,21.0000000000002,7.00000000000015));
#12558=CARTESIAN_POINT('',(-24.0000000000002,21.0000000000002,8.60000000000013));
#12559=CARTESIAN_POINT('Origin',(-23.9999999999998,21.0000000000002,7.00000000000014));
#12560=CARTESIAN_POINT('',(24.,21.0000000000002,8.60000000000015));
#12561=CARTESIAN_POINT('Origin',(24.,5.00000000000018,7.00000000000015));
#12562=CARTESIAN_POINT('',(-24.,5.00000000000022,8.60000000000013));
#12563=CARTESIAN_POINT('',(24.,5.00000000000017,8.60000000000015));
#12564=CARTESIAN_POINT('Origin',(-23.9999999999998,5.00000000000023,7.00000000000014));
#12565=CARTESIAN_POINT('Origin',(24.,5.00000000000017,8.60000000000015));
#12566=CARTESIAN_POINT('',(-24.,-7.50000000000006,8.60000000000013));
#12567=CARTESIAN_POINT('Origin',(-23.9999999999999,-20.,1.95383165680245E-15));
#12568=UNCERTAINTY_MEASURE_WITH_UNIT(LENGTH_MEASURE(0.01),#12572,
'DISTANCE_ACCURACY_VALUE',
'Maximum model space distance between geometric entities at asserted c
onnectivities');
#12569=UNCERTAINTY_MEASURE_WITH_UNIT(LENGTH_MEASURE(0.01),#12572,
'DISTANCE_ACCURACY_VALUE',
'Maximum model space distance between geometric entities at asserted c
onnectivities');
#12570=(
GEOMETRIC_REPRESENTATION_CONTEXT(3)
GLOBAL_UNCERTAINTY_ASSIGNED_CONTEXT((#12568))
GLOBAL_UNIT_ASSIGNED_CONTEXT((#12572,#12574,#12575))
REPRESENTATION_CONTEXT('','3D')
);
#12571=(
GEOMETRIC_REPRESENTATION_CONTEXT(3)
GLOBAL_UNCERTAINTY_ASSIGNED_CONTEXT((#12569))
GLOBAL_UNIT_ASSIGNED_CONTEXT((#12572,#12574,#12575))
REPRESENTATION_CONTEXT('','3D')
);
#12572=(
LENGTH_UNIT()
NAMED_UNIT(*)
SI_UNIT(.MILLI.,.METRE.)
);
#12573=(
LENGTH_UNIT()
NAMED_UNIT(*)
SI_UNIT(.CENTI.,.METRE.)
);
#12574=(
NAMED_UNIT(*)
PLANE_ANGLE_UNIT()
SI_UNIT($,.RADIAN.)
);
#12575=(
NAMED_UNIT(*)
SI_UNIT($,.STERADIAN.)
SOLID_ANGLE_UNIT()
);
#12576=SHAPE_DEFINITION_REPRESENTATION(#12577,#12578);
#12577=PRODUCT_DEFINITION_SHAPE('',$,#12580);
#12578=SHAPE_REPRESENTATION('',(#7416),#12570);
#12579=PRODUCT_DEFINITION_CONTEXT('part definition',#12584,'design');
#12580=PRODUCT_DEFINITION('attachments_hub','attachments_hub',#12581,#12579);
#12581=PRODUCT_DEFINITION_FORMATION('',$,#12586);
#12582=PRODUCT_RELATED_PRODUCT_CATEGORY('attachments_hub',
'attachments_hub',(#12586));
#12583=APPLICATION_PROTOCOL_DEFINITION('international standard',
'automotive_design',2009,#12584);
#12584=APPLICATION_CONTEXT(
'Core Data for Automotive Mechanical Design Process');
#12585=PRODUCT_CONTEXT('part definition',#12584,'mechanical');
#12586=PRODUCT('attachments_hub','attachments_hub',$,(#12585));
#12587=PRESENTATION_STYLE_ASSIGNMENT((#12588));
#12588=SURFACE_STYLE_USAGE(.BOTH.,#12591);
#12589=SURFACE_STYLE_RENDERING_WITH_PROPERTIES($,#12595,(#12590));
#12590=SURFACE_STYLE_TRANSPARENT(0.);
#12591=SURFACE_SIDE_STYLE('',(#12592,#12589));
#12592=SURFACE_STYLE_FILL_AREA(#12593);
#12593=FILL_AREA_STYLE('',(#12594));
#12594=FILL_AREA_STYLE_COLOUR('',#12595);
#12595=COLOUR_RGB('',0.749019607843137,0.749019607843137,0.749019607843137);
ENDSEC;
END-ISO-10303-21;
